unfold0 file,unfold0 result,unfold0 duration,cvc5 filename,cvc5 result,cvc5 duration,unfold5 file,unfold5 result,unfold5 duration,no_interp file,no_interp result,no_interp duration,sqlsolver filename,sqlsolver result,sqlsolver duration,modified_sqlsolver file,modified_sqlsolver result,modified_sqlsolver duration
bapa/arith/fol_0000001.smt2,sat,0.5035300254821777,arith/cvc5_bapa/fol_0000001.smt2,sat,0.002743959426879883,bapa/arith/fol_0000001.smt2,sat,0.9418039321899414,bapa/arith/fol_0000001.smt2,sat,0.11803317070007324,arith/cvc5_bapa/fol_0000001.smt2,sat,0.345,arith/cvc5_bapa/fol_0000001.smt2,sat,0.245
bapa/arith/fol_0000002.smt2,sat,0.11384010314941406,arith/cvc5_bapa/fol_0000002.smt2,sat,0.0027780532836914062,bapa/arith/fol_0000002.smt2,sat,0.349437952041626,bapa/arith/fol_0000002.smt2,sat,0.09157705307006836,arith/cvc5_bapa/fol_0000002.smt2,sat,0.015,arith/cvc5_bapa/fol_0000002.smt2,sat,0.011
bapa/arith/fol_0000003.smt2,sat,0.5965480804443359,arith/cvc5_bapa/fol_0000003.smt2,sat,0.013840913772583008,bapa/arith/fol_0000003.smt2,sat,0.15157604217529297,bapa/arith/fol_0000003.smt2,sat,0.3671269416809082,arith/cvc5_bapa/fol_0000003.smt2,sat,0.014,arith/cvc5_bapa/fol_0000003.smt2,sat,0.011
bapa/arith/fol_0000004.smt2,sat,0.11583805084228516,arith/cvc5_bapa/fol_0000004.smt2,sat,0.038973093032836914,bapa/arith/fol_0000004.smt2,sat,0.21794819831848145,bapa/arith/fol_0000004.smt2,sat,0.09131336212158203,arith/cvc5_bapa/fol_0000004.smt2,sat,0.01,arith/cvc5_bapa/fol_0000004.smt2,sat,0.011
bapa/arith/fol_0000005.smt2,sat,0.159592866897583,arith/cvc5_bapa/fol_0000005.smt2,sat,0.029063940048217773,bapa/arith/fol_0000005.smt2,sat,0.41023731231689453,bapa/arith/fol_0000005.smt2,sat,0.11664581298828125,arith/cvc5_bapa/fol_0000005.smt2,sat,0.013,arith/cvc5_bapa/fol_0000005.smt2,sat,0.011
bapa/arith/fol_0000006.smt2,sat,0.11463570594787598,arith/cvc5_bapa/fol_0000006.smt2,sat,0.028779029846191406,bapa/arith/fol_0000006.smt2,sat,0.1586301326751709,bapa/arith/fol_0000006.smt2,sat,0.27705883979797363,arith/cvc5_bapa/fol_0000006.smt2,sat,0.014,arith/cvc5_bapa/fol_0000006.smt2,sat,0.01
bapa/arith/fol_0000007.smt2,sat,0.19719576835632324,arith/cvc5_bapa/fol_0000007.smt2,sat,0.02905130386352539,bapa/arith/fol_0000007.smt2,sat,0.15416288375854492,bapa/arith/fol_0000007.smt2,sat,0.11904692649841309,arith/cvc5_bapa/fol_0000007.smt2,sat,0.186,arith/cvc5_bapa/fol_0000007.smt2,unknown,0.172
bapa/arith/fol_0000008.smt2,sat,0.15351605415344238,arith/cvc5_bapa/fol_0000008.smt2,sat,0.029814958572387695,bapa/arith/fol_0000008.smt2,sat,0.7145841121673584,bapa/arith/fol_0000008.smt2,sat,0.11974596977233887,arith/cvc5_bapa/fol_0000008.smt2,sat,0.014,arith/cvc5_bapa/fol_0000008.smt2,sat,0.013
bapa/arith/fol_0000009.smt2,sat,0.569159984588623,arith/cvc5_bapa/fol_0000009.smt2,sat,0.02936387062072754,bapa/arith/fol_0000009.smt2,sat,0.5182039737701416,bapa/arith/fol_0000009.smt2,sat,0.11963486671447754,arith/cvc5_bapa/fol_0000009.smt2,sat,0.097,arith/cvc5_bapa/fol_0000009.smt2,unknown,0.098
bapa/arith/fol_0000010.smt2,sat,0.11301803588867188,arith/cvc5_bapa/fol_0000010.smt2,sat,0.028136014938354492,bapa/arith/fol_0000010.smt2,sat,0.272385835647583,bapa/arith/fol_0000010.smt2,sat,0.11747002601623535,arith/cvc5_bapa/fol_0000010.smt2,sat,0.099,arith/cvc5_bapa/fol_0000010.smt2,unknown,0.099
bapa/arith/fol_0000011.smt2,sat,0.11597490310668945,arith/cvc5_bapa/fol_0000011.smt2,sat,0.028002023696899414,bapa/arith/fol_0000011.smt2,sat,0.21352291107177734,bapa/arith/fol_0000011.smt2,sat,0.09133410453796387,arith/cvc5_bapa/fol_0000011.smt2,sat,0.094,arith/cvc5_bapa/fol_0000011.smt2,unknown,0.096
bapa/arith/fol_0000012.smt2,sat,0.11536574363708496,arith/cvc5_bapa/fol_0000012.smt2,sat,0.028261184692382812,bapa/arith/fol_0000012.smt2,sat,0.6035761833190918,bapa/arith/fol_0000012.smt2,sat,0.0907280445098877,arith/cvc5_bapa/fol_0000012.smt2,sat,0.095,arith/cvc5_bapa/fol_0000012.smt2,unknown,0.096
bapa/arith/fol_0000013.smt2,sat,0.1600797176361084,arith/cvc5_bapa/fol_0000013.smt2,sat,0.027974843978881836,bapa/arith/fol_0000013.smt2,sat,0.20624065399169922,bapa/arith/fol_0000013.smt2,sat,0.09139823913574219,arith/cvc5_bapa/fol_0000013.smt2,sat,0.013,arith/cvc5_bapa/fol_0000013.smt2,sat,0.013
bapa/arith/fol_0000014.smt2,sat,0.1156008243560791,arith/cvc5_bapa/fol_0000014.smt2,sat,0.029125213623046875,bapa/arith/fol_0000014.smt2,sat,0.3453028202056885,bapa/arith/fol_0000014.smt2,sat,0.09256291389465332,arith/cvc5_bapa/fol_0000014.smt2,sat,0.013,arith/cvc5_bapa/fol_0000014.smt2,sat,0.013
bapa/arith/fol_0000015.smt2,sat,0.1133279800415039,arith/cvc5_bapa/fol_0000015.smt2,sat,0.028914213180541992,bapa/arith/fol_0000015.smt2,sat,0.155595064163208,bapa/arith/fol_0000015.smt2,sat,0.09209680557250977,arith/cvc5_bapa/fol_0000015.smt2,sat,0.012,arith/cvc5_bapa/fol_0000015.smt2,sat,0.013
bapa/arith/fol_0000016.smt2,sat,0.1535329818725586,arith/cvc5_bapa/fol_0000016.smt2,sat,0.02915477752685547,bapa/arith/fol_0000016.smt2,sat,0.1580820083618164,bapa/arith/fol_0000016.smt2,sat,0.09032511711120605,arith/cvc5_bapa/fol_0000016.smt2,sat,0.013,arith/cvc5_bapa/fol_0000016.smt2,sat,0.013
bapa/arith/fol_0000017.smt2,sat,0.11620926856994629,arith/cvc5_bapa/fol_0000017.smt2,sat,0.0288698673248291,bapa/arith/fol_0000017.smt2,sat,0.3542909622192383,bapa/arith/fol_0000017.smt2,sat,0.12117290496826172,arith/cvc5_bapa/fol_0000017.smt2,sat,0.008,arith/cvc5_bapa/fol_0000017.smt2,sat,0.013
bapa/arith/fol_0000018.smt2,sat,0.15019488334655762,arith/cvc5_bapa/fol_0000018.smt2,sat,0.030073165893554688,bapa/arith/fol_0000018.smt2,sat,0.5418899059295654,bapa/arith/fol_0000018.smt2,sat,0.0912618637084961,arith/cvc5_bapa/fol_0000018.smt2,sat,0.012,arith/cvc5_bapa/fol_0000018.smt2,sat,0.012
bapa/arith/fol_0000019.smt2,sat,0.5145277976989746,arith/cvc5_bapa/fol_0000019.smt2,sat,0.029386043548583984,bapa/arith/fol_0000019.smt2,sat,0.17689132690429688,bapa/arith/fol_0000019.smt2,sat,0.12025976181030273,arith/cvc5_bapa/fol_0000019.smt2,sat,0.097,arith/cvc5_bapa/fol_0000019.smt2,unknown,0.097
bapa/arith/fol_0000020.smt2,sat,0.15642499923706055,arith/cvc5_bapa/fol_0000020.smt2,sat,0.027850866317749023,bapa/arith/fol_0000020.smt2,sat,0.6458439826965332,bapa/arith/fol_0000020.smt2,sat,0.12300968170166016,arith/cvc5_bapa/fol_0000020.smt2,sat,0.096,arith/cvc5_bapa/fol_0000020.smt2,unknown,0.095
bapa/arith/fol_0000021.smt2,unsat,0.07578420639038086,arith/cvc5_bapa/fol_0000021.smt2,unsat,0.009797096252441406,bapa/arith/fol_0000021.smt2,unsat,0.0929560661315918,bapa/arith/fol_0000021.smt2,unsat,0.6456093788146973,arith/cvc5_bapa/fol_0000021.smt2,unsat,0.017,arith/cvc5_bapa/fol_0000021.smt2,unsat,0.017
bapa/arith/fol_0000022.smt2,sat,0.2647979259490967,arith/cvc5_bapa/fol_0000022.smt2,sat,0.02871417999267578,bapa/arith/fol_0000022.smt2,sat,0.16578269004821777,bapa/arith/fol_0000022.smt2,sat,0.09729194641113281,arith/cvc5_bapa/fol_0000022.smt2,sat,0.093,arith/cvc5_bapa/fol_0000022.smt2,unknown,0.095
bapa/arith/fol_0000023.smt2,unsat,0.07619214057922363,arith/cvc5_bapa/fol_0000023.smt2,unsat,0.010123968124389648,bapa/arith/fol_0000023.smt2,unsat,0.09494400024414062,bapa/arith/fol_0000023.smt2,unsat,0.6794490814208984,arith/cvc5_bapa/fol_0000023.smt2,unsat,0.016,arith/cvc5_bapa/fol_0000023.smt2,unsat,0.016
bapa/arith/fol_0000024.smt2,sat,0.38419318199157715,arith/cvc5_bapa/fol_0000024.smt2,sat,0.028825044631958008,bapa/arith/fol_0000024.smt2,sat,0.17800188064575195,bapa/arith/fol_0000024.smt2,sat,0.10028696060180664,arith/cvc5_bapa/fol_0000024.smt2,sat,0.096,arith/cvc5_bapa/fol_0000024.smt2,unknown,0.104
bapa/arith/fol_0000025.smt2,sat,0.11513113975524902,arith/cvc5_bapa/fol_0000025.smt2,sat,0.009991884231567383,bapa/arith/fol_0000025.smt2,sat,0.26807308197021484,bapa/arith/fol_0000025.smt2,sat,0.09023404121398926,arith/cvc5_bapa/fol_0000025.smt2,sat,0.013,arith/cvc5_bapa/fol_0000025.smt2,sat,0.008
bapa/arith/fol_0000026.smt2,sat,0.1564490795135498,arith/cvc5_bapa/fol_0000026.smt2,sat,0.01005101203918457,bapa/arith/fol_0000026.smt2,sat,0.34308815002441406,bapa/arith/fol_0000026.smt2,sat,0.09365487098693848,arith/cvc5_bapa/fol_0000026.smt2,sat,0.012,arith/cvc5_bapa/fol_0000026.smt2,sat,0.008
bapa/arith/fol_0000027.smt2,sat,0.11688113212585449,arith/cvc5_bapa/fol_0000027.smt2,sat,0.009523153305053711,bapa/arith/fol_0000027.smt2,sat,0.29488396644592285,bapa/arith/fol_0000027.smt2,sat,0.09279322624206543,arith/cvc5_bapa/fol_0000027.smt2,sat,0.011,arith/cvc5_bapa/fol_0000027.smt2,sat,0.007
bapa/arith/fol_0000028.smt2,unsat,0.14150118827819824,arith/cvc5_bapa/fol_0000028.smt2,unsat,0.05214285850524902,bapa/arith/fol_0000028.smt2,unsat,0.12392759323120117,bapa/arith/fol_0000028.smt2,unsat,1.7644078731536865,arith/cvc5_bapa/fol_0000028.smt2,unsat,0.113,arith/cvc5_bapa/fol_0000028.smt2,unsat,0.104
bapa/arith/fol_0000029.smt2,sat,0.45432496070861816,arith/cvc5_bapa/fol_0000029.smt2,sat,0.05492091178894043,bapa/arith/fol_0000029.smt2,sat,0.47084903717041016,bapa/arith/fol_0000029.smt2,sat,0.6128180027008057,arith/cvc5_bapa/fol_0000029.smt2,sat,0.111,arith/cvc5_bapa/fol_0000029.smt2,unknown,0.11
bapa/arith/fol_0000030.smt2,unsat,0.07337498664855957,arith/cvc5_bapa/fol_0000030.smt2,unsat,0.012036800384521484,bapa/arith/fol_0000030.smt2,unsat,0.0906219482421875,bapa/arith/fol_0000030.smt2,unsat,0.6289448738098145,arith/cvc5_bapa/fol_0000030.smt2,unsat,0.016,arith/cvc5_bapa/fol_0000030.smt2,unsat,0.016
bapa/arith/fol_0000031.smt2,sat,0.11801385879516602,arith/cvc5_bapa/fol_0000031.smt2,sat,0.028791189193725586,bapa/arith/fol_0000031.smt2,sat,0.22189688682556152,bapa/arith/fol_0000031.smt2,sat,0.2990148067474365,arith/cvc5_bapa/fol_0000031.smt2,sat,0.013,arith/cvc5_bapa/fol_0000031.smt2,sat,0.013
bapa/arith/fol_0000032.smt2,unsat,0.07771492004394531,arith/cvc5_bapa/fol_0000032.smt2,unsat,0.009728193283081055,bapa/arith/fol_0000032.smt2,unsat,0.0924379825592041,bapa/arith/fol_0000032.smt2,unsat,0.4724409580230713,arith/cvc5_bapa/fol_0000032.smt2,unsat,0.017,arith/cvc5_bapa/fol_0000032.smt2,unsat,0.015
bapa/arith/fol_0000033.smt2,sat,0.1649458408355713,arith/cvc5_bapa/fol_0000033.smt2,sat,0.028874874114990234,bapa/arith/fol_0000033.smt2,sat,0.17010188102722168,bapa/arith/fol_0000033.smt2,sat,0.09847187995910645,arith/cvc5_bapa/fol_0000033.smt2,sat,0.013,arith/cvc5_bapa/fol_0000033.smt2,sat,0.013
bapa/arith/fol_0000034.smt2,unsat,0.07591390609741211,arith/cvc5_bapa/fol_0000034.smt2,unsat,0.00975799560546875,bapa/arith/fol_0000034.smt2,unsat,0.09202098846435547,bapa/arith/fol_0000034.smt2,unsat,0.5433900356292725,arith/cvc5_bapa/fol_0000034.smt2,unsat,0.016,arith/cvc5_bapa/fol_0000034.smt2,unsat,0.013
bapa/arith/fol_0000035.smt2,sat,0.12246012687683105,arith/cvc5_bapa/fol_0000035.smt2,sat,0.028811931610107422,bapa/arith/fol_0000035.smt2,sat,0.7683248519897461,bapa/arith/fol_0000035.smt2,sat,0.11900687217712402,arith/cvc5_bapa/fol_0000035.smt2,sat,0.013,arith/cvc5_bapa/fol_0000035.smt2,sat,0.012
bapa/arith/fol_0000036.smt2,sat,0.11440277099609375,arith/cvc5_bapa/fol_0000036.smt2,sat,0.010087966918945312,bapa/arith/fol_0000036.smt2,sat,0.1500990390777588,bapa/arith/fol_0000036.smt2,sat,0.2903308868408203,arith/cvc5_bapa/fol_0000036.smt2,sat,0.012,arith/cvc5_bapa/fol_0000036.smt2,sat,0.012
bapa/arith/fol_0000037.smt2,sat,0.12097382545471191,arith/cvc5_bapa/fol_0000037.smt2,sat,0.029103755950927734,bapa/arith/fol_0000037.smt2,sat,0.3458089828491211,bapa/arith/fol_0000037.smt2,sat,0.09351921081542969,arith/cvc5_bapa/fol_0000037.smt2,sat,0.095,arith/cvc5_bapa/fol_0000037.smt2,unknown,0.094
bapa/arith/fol_0000038.smt2,unsat,0.07466697692871094,arith/cvc5_bapa/fol_0000038.smt2,unsat,0.010067939758300781,bapa/arith/fol_0000038.smt2,unsat,0.09085917472839355,bapa/arith/fol_0000038.smt2,unsat,0.639477014541626,arith/cvc5_bapa/fol_0000038.smt2,unsat,0.016,arith/cvc5_bapa/fol_0000038.smt2,unsat,0.016
bapa/arith/fol_0000039.smt2,sat,0.5719959735870361,arith/cvc5_bapa/fol_0000039.smt2,sat,0.029081106185913086,bapa/arith/fol_0000039.smt2,sat,0.3547179698944092,bapa/arith/fol_0000039.smt2,sat,0.1865379810333252,arith/cvc5_bapa/fol_0000039.smt2,sat,0.093,arith/cvc5_bapa/fol_0000039.smt2,unknown,0.093
bapa/arith/fol_0000040.smt2,unsat,0.07743692398071289,arith/cvc5_bapa/fol_0000040.smt2,unsat,0.009974002838134766,bapa/arith/fol_0000040.smt2,unsat,0.09298586845397949,bapa/arith/fol_0000040.smt2,unsat,0.7369749546051025,arith/cvc5_bapa/fol_0000040.smt2,unsat,0.017,arith/cvc5_bapa/fol_0000040.smt2,unsat,0.016
bapa/arith/fol_0000041.smt2,sat,0.11952686309814453,arith/cvc5_bapa/fol_0000041.smt2,sat,0.029161930084228516,bapa/arith/fol_0000041.smt2,sat,0.16490793228149414,bapa/arith/fol_0000041.smt2,sat,0.09437012672424316,arith/cvc5_bapa/fol_0000041.smt2,sat,0.094,arith/cvc5_bapa/fol_0000041.smt2,unknown,0.092
bapa/arith/fol_0000042.smt2,sat,0.24593400955200195,arith/cvc5_bapa/fol_0000042.smt2,sat,0.010038137435913086,bapa/arith/fol_0000042.smt2,sat,0.26477909088134766,bapa/arith/fol_0000042.smt2,sat,0.08905482292175293,arith/cvc5_bapa/fol_0000042.smt2,sat,0.013,arith/cvc5_bapa/fol_0000042.smt2,sat,0.013
bapa/arith/fol_0000043.smt2,sat,0.9763078689575195,arith/cvc5_bapa/fol_0000043.smt2,sat,0.05136585235595703,bapa/arith/fol_0000043.smt2,sat,0.24451780319213867,bapa/arith/fol_0000043.smt2,sat,0.2533533573150635,arith/cvc5_bapa/fol_0000043.smt2,sat,0.11,arith/cvc5_bapa/fol_0000043.smt2,unknown,0.108
bapa/arith/fol_0000044.smt2,sat,0.11810898780822754,arith/cvc5_bapa/fol_0000044.smt2,sat,0.03171706199645996,bapa/arith/fol_0000044.smt2,sat,0.16219305992126465,bapa/arith/fol_0000044.smt2,sat,0.09329819679260254,arith/cvc5_bapa/fol_0000044.smt2,sat,0.014,arith/cvc5_bapa/fol_0000044.smt2,sat,0.013
bapa/arith/fol_0000045.smt2,unsat,0.2639586925506592,arith/cvc5_bapa/fol_0000045.smt2,unsat,0.050827980041503906,bapa/arith/fol_0000045.smt2,unsat,0.16658306121826172,bapa/arith/fol_0000045.smt2,unsat,1.608827829360962,arith/cvc5_bapa/fol_0000045.smt2,unsat,0.112,arith/cvc5_bapa/fol_0000045.smt2,unsat,0.111
bapa/arith/fol_0000046.smt2,sat,0.13411402702331543,arith/cvc5_bapa/fol_0000046.smt2,sat,0.053472042083740234,bapa/arith/fol_0000046.smt2,sat,0.4482991695404053,bapa/arith/fol_0000046.smt2,sat,0.34548091888427734,arith/cvc5_bapa/fol_0000046.smt2,sat,0.112,arith/cvc5_bapa/fol_0000046.smt2,unknown,0.112
bapa/arith/fol_0000047.smt2,unsat,0.21411585807800293,arith/cvc5_bapa/fol_0000047.smt2,unsat,0.05333685874938965,bapa/arith/fol_0000047.smt2,unsat,0.13663196563720703,bapa/arith/fol_0000047.smt2,unsat,1.528681993484497,arith/cvc5_bapa/fol_0000047.smt2,unsat,0.114,arith/cvc5_bapa/fol_0000047.smt2,unsat,0.111
bapa/arith/fol_0000048.smt2,sat,0.14028501510620117,arith/cvc5_bapa/fol_0000048.smt2,sat,0.05888009071350098,bapa/arith/fol_0000048.smt2,sat,0.13349390029907227,bapa/arith/fol_0000048.smt2,sat,0.11294794082641602,arith/cvc5_bapa/fol_0000048.smt2,sat,0.113,arith/cvc5_bapa/fol_0000048.smt2,unknown,0.112
bapa/arith/fol_0000049.smt2,sat,0.3358800411224365,arith/cvc5_bapa/fol_0000049.smt2,sat,0.062116146087646484,bapa/arith/fol_0000049.smt2,sat,0.13626718521118164,bapa/arith/fol_0000049.smt2,sat,0.19010400772094727,arith/cvc5_bapa/fol_0000049.smt2,sat,0.109,arith/cvc5_bapa/fol_0000049.smt2,unknown,0.111
bapa/arith/fol_0000050.smt2,sat,0.752302885055542,arith/cvc5_bapa/fol_0000050.smt2,sat,0.014102935791015625,bapa/arith/fol_0000050.smt2,sat,0.19543695449829102,bapa/arith/fol_0000050.smt2,sat,0.13789701461791992,arith/cvc5_bapa/fol_0000050.smt2,sat,0.017,arith/cvc5_bapa/fol_0000050.smt2,sat,0.015
bapa/arith/fol_0000051.smt2,sat,0.1388552188873291,arith/cvc5_bapa/fol_0000051.smt2,sat,0.053275108337402344,bapa/arith/fol_0000051.smt2,sat,0.19302797317504883,bapa/arith/fol_0000051.smt2,sat,0.14264798164367676,arith/cvc5_bapa/fol_0000051.smt2,sat,0.112,arith/cvc5_bapa/fol_0000051.smt2,unknown,0.112
bapa/arith/fol_0000052.smt2,sat,0.1848282814025879,arith/cvc5_bapa/fol_0000052.smt2,sat,0.05776190757751465,bapa/arith/fol_0000052.smt2,sat,0.13919377326965332,bapa/arith/fol_0000052.smt2,sat,0.1119840145111084,arith/cvc5_bapa/fol_0000052.smt2,sat,0.111,arith/cvc5_bapa/fol_0000052.smt2,unknown,0.112
bapa/arith/fol_0000053.smt2,sat,0.14178109169006348,arith/cvc5_bapa/fol_0000053.smt2,sat,0.056223154067993164,bapa/arith/fol_0000053.smt2,sat,0.20978999137878418,bapa/arith/fol_0000053.smt2,sat,0.23532605171203613,arith/cvc5_bapa/fol_0000053.smt2,sat,0.112,arith/cvc5_bapa/fol_0000053.smt2,unknown,0.111
bapa/arith/fol_0000054.smt2,sat,0.1023402214050293,arith/cvc5_bapa/fol_0000054.smt2,sat,0.05688309669494629,bapa/arith/fol_0000054.smt2,sat,0.3606526851654053,bapa/arith/fol_0000054.smt2,sat,0.10960793495178223,arith/cvc5_bapa/fol_0000054.smt2,sat,0.113,arith/cvc5_bapa/fol_0000054.smt2,unknown,0.112
bapa/arith/fol_0000055.smt2,unsat,0.0821998119354248,arith/cvc5_bapa/fol_0000055.smt2,unsat,0.013307809829711914,bapa/arith/fol_0000055.smt2,unsat,0.09766197204589844,bapa/arith/fol_0000055.smt2,unsat,0.6360290050506592,arith/cvc5_bapa/fol_0000055.smt2,unsat,0.017,arith/cvc5_bapa/fol_0000055.smt2,unsat,0.017
bapa/arith/fol_0000056.smt2,sat,0.6320779323577881,arith/cvc5_bapa/fol_0000056.smt2,sat,0.030624866485595703,bapa/arith/fol_0000056.smt2,sat,0.30184078216552734,bapa/arith/fol_0000056.smt2,sat,0.23814702033996582,arith/cvc5_bapa/fol_0000056.smt2,sat,0.095,arith/cvc5_bapa/fol_0000056.smt2,unknown,0.092
bapa/arith/fol_0000057.smt2,sat,0.9218287467956543,arith/cvc5_bapa/fol_0000057.smt2,sat,0.052011966705322266,bapa/arith/fol_0000057.smt2,sat,0.948106050491333,bapa/arith/fol_0000057.smt2,sat,0.1959071159362793,arith/cvc5_bapa/fol_0000057.smt2,sat,0.111,arith/cvc5_bapa/fol_0000057.smt2,unknown,0.111
bapa/arith/fol_0000058.smt2,unsat,0.13470911979675293,arith/cvc5_bapa/fol_0000058.smt2,unsat,0.04846310615539551,bapa/arith/fol_0000058.smt2,unsat,0.11794209480285645,bapa/arith/fol_0000058.smt2,unsat,1.7508909702301025,arith/cvc5_bapa/fol_0000058.smt2,unsat,0.101,arith/cvc5_bapa/fol_0000058.smt2,unsat,0.101
bapa/arith/fol_0000059.smt2,unsat,0.07363104820251465,arith/cvc5_bapa/fol_0000059.smt2,unsat,0.009859085083007812,bapa/arith/fol_0000059.smt2,unsat,0.08936500549316406,bapa/arith/fol_0000059.smt2,unsat,0.5121879577636719,arith/cvc5_bapa/fol_0000059.smt2,unsat,0.015,arith/cvc5_bapa/fol_0000059.smt2,unsat,0.015
bapa/arith/fol_0000060.smt2,unsat,0.33880615234375,arith/cvc5_bapa/fol_0000060.smt2,unsat,0.051306962966918945,bapa/arith/fol_0000060.smt2,unsat,0.16910481452941895,bapa/arith/fol_0000060.smt2,unsat,1.2233450412750244,arith/cvc5_bapa/fol_0000060.smt2,unsat,0.108,arith/cvc5_bapa/fol_0000060.smt2,unsat,0.108
bapa/arith/fol_0000061.smt2,unsat,0.4210660457611084,arith/cvc5_bapa/fol_0000061.smt2,unsat,0.05500912666320801,bapa/arith/fol_0000061.smt2,unsat,0.5100641250610352,bapa/arith/fol_0000061.smt2,unsat,2.084270715713501,arith/cvc5_bapa/fol_0000061.smt2,unsat,0.11,arith/cvc5_bapa/fol_0000061.smt2,unsat,0.11
bapa/arith/fol_0000062.smt2,sat,0.6413078308105469,arith/cvc5_bapa/fol_0000062.smt2,sat,0.056001901626586914,bapa/arith/fol_0000062.smt2,sat,0.27967095375061035,bapa/arith/fol_0000062.smt2,sat,0.23373699188232422,arith/cvc5_bapa/fol_0000062.smt2,sat,0.109,arith/cvc5_bapa/fol_0000062.smt2,unknown,0.11
bapa/arith/fol_0000063.smt2,unsat,0.2846527099609375,arith/cvc5_bapa/fol_0000063.smt2,unsat,0.05324387550354004,bapa/arith/fol_0000063.smt2,unsat,0.1551070213317871,bapa/arith/fol_0000063.smt2,unsat,1.1750810146331787,arith/cvc5_bapa/fol_0000063.smt2,unsat,0.109,arith/cvc5_bapa/fol_0000063.smt2,unsat,0.109
bapa/arith/fol_0000064.smt2,unsat,0.08079385757446289,arith/cvc5_bapa/fol_0000064.smt2,unsat,0.012632131576538086,bapa/arith/fol_0000064.smt2,unsat,0.09177708625793457,bapa/arith/fol_0000064.smt2,unsat,0.6204390525817871,arith/cvc5_bapa/fol_0000064.smt2,unsat,0.017,arith/cvc5_bapa/fol_0000064.smt2,unsat,0.015
bapa/arith/fol_0000065.smt2,unsat,0.2075960636138916,arith/cvc5_bapa/fol_0000065.smt2,unsat,0.05224299430847168,bapa/arith/fol_0000065.smt2,unsat,0.3094959259033203,bapa/arith/fol_0000065.smt2,unsat,1.4669098854064941,arith/cvc5_bapa/fol_0000065.smt2,unsat,0.11,arith/cvc5_bapa/fol_0000065.smt2,unsat,0.11
bapa/arith/fol_0000066.smt2,unsat,0.3000829219818115,arith/cvc5_bapa/fol_0000066.smt2,unsat,0.05431199073791504,bapa/arith/fol_0000066.smt2,unsat,0.14920496940612793,bapa/arith/fol_0000066.smt2,unsat,1.256464958190918,arith/cvc5_bapa/fol_0000066.smt2,unsat,0.11,arith/cvc5_bapa/fol_0000066.smt2,unsat,0.11
bapa/arith/fol_0000067.smt2,unsat,0.14928293228149414,arith/cvc5_bapa/fol_0000067.smt2,unsat,0.05404305458068848,bapa/arith/fol_0000067.smt2,unsat,0.3774909973144531,bapa/arith/fol_0000067.smt2,unsat,1.3956010341644287,arith/cvc5_bapa/fol_0000067.smt2,unsat,0.11,arith/cvc5_bapa/fol_0000067.smt2,unsat,0.11
bapa/arith/fol_0000068.smt2,unsat,0.2586972713470459,arith/cvc5_bapa/fol_0000068.smt2,unsat,0.055065155029296875,bapa/arith/fol_0000068.smt2,unsat,0.36475229263305664,bapa/arith/fol_0000068.smt2,unsat,2.643254041671753,arith/cvc5_bapa/fol_0000068.smt2,unsat,0.11,arith/cvc5_bapa/fol_0000068.smt2,unsat,0.111
bapa/arith/fol_0000069.smt2,sat,0.6931939125061035,arith/cvc5_bapa/fol_0000069.smt2,sat,0.05540585517883301,bapa/arith/fol_0000069.smt2,sat,0.8285448551177979,bapa/arith/fol_0000069.smt2,sat,0.9284980297088623,arith/cvc5_bapa/fol_0000069.smt2,sat,0.109,arith/cvc5_bapa/fol_0000069.smt2,unknown,0.11
bapa/arith/fol_0000070.smt2,unsat,0.16393232345581055,arith/cvc5_bapa/fol_0000070.smt2,unsat,0.05376791954040527,bapa/arith/fol_0000070.smt2,unsat,0.16628503799438477,bapa/arith/fol_0000070.smt2,unsat,1.4633638858795166,arith/cvc5_bapa/fol_0000070.smt2,unsat,0.109,arith/cvc5_bapa/fol_0000070.smt2,unsat,0.111
bapa/arith/fol_0000071.smt2,sat,0.19002795219421387,arith/cvc5_bapa/fol_0000071.smt2,sat,0.05474996566772461,bapa/arith/fol_0000071.smt2,sat,0.3556790351867676,bapa/arith/fol_0000071.smt2,sat,0.14346599578857422,arith/cvc5_bapa/fol_0000071.smt2,sat,0.109,arith/cvc5_bapa/fol_0000071.smt2,unknown,0.109
bapa/arith/fol_0000072.smt2,sat,0.2795426845550537,arith/cvc5_bapa/fol_0000072.smt2,sat,0.05572199821472168,bapa/arith/fol_0000072.smt2,sat,0.7000370025634766,bapa/arith/fol_0000072.smt2,sat,0.14365220069885254,arith/cvc5_bapa/fol_0000072.smt2,sat,0.108,arith/cvc5_bapa/fol_0000072.smt2,unknown,0.111
bapa/arith/fol_0000073.smt2,sat,0.355165958404541,arith/cvc5_bapa/fol_0000073.smt2,sat,0.014074087142944336,bapa/arith/fol_0000073.smt2,sat,0.19664478302001953,bapa/arith/fol_0000073.smt2,sat,0.30082201957702637,arith/cvc5_bapa/fol_0000073.smt2,sat,0.015,arith/cvc5_bapa/fol_0000073.smt2,sat,0.015
bapa/arith/fol_0000074.smt2,sat,0.140671968460083,arith/cvc5_bapa/fol_0000074.smt2,sat,0.05278301239013672,bapa/arith/fol_0000074.smt2,sat,0.279742956161499,bapa/arith/fol_0000074.smt2,sat,0.14386820793151855,arith/cvc5_bapa/fol_0000074.smt2,sat,0.112,arith/cvc5_bapa/fol_0000074.smt2,unknown,0.111
bapa/arith/fol_0000075.smt2,sat,0.24450206756591797,arith/cvc5_bapa/fol_0000075.smt2,sat,0.05649995803833008,bapa/arith/fol_0000075.smt2,sat,0.36471986770629883,bapa/arith/fol_0000075.smt2,sat,0.17386603355407715,arith/cvc5_bapa/fol_0000075.smt2,sat,0.109,arith/cvc5_bapa/fol_0000075.smt2,unknown,0.109
bapa/arith/fol_0000076.smt2,sat,0.14795303344726562,arith/cvc5_bapa/fol_0000076.smt2,sat,0.05561208724975586,bapa/arith/fol_0000076.smt2,sat,0.2114408016204834,bapa/arith/fol_0000076.smt2,sat,0.11277985572814941,arith/cvc5_bapa/fol_0000076.smt2,sat,0.109,arith/cvc5_bapa/fol_0000076.smt2,unknown,0.111
bapa/arith/fol_0000077.smt2,sat,0.14162206649780273,arith/cvc5_bapa/fol_0000077.smt2,sat,0.056951045989990234,bapa/arith/fol_0000077.smt2,sat,0.2796013355255127,bapa/arith/fol_0000077.smt2,sat,0.1109471321105957,arith/cvc5_bapa/fol_0000077.smt2,sat,0.111,arith/cvc5_bapa/fol_0000077.smt2,unknown,0.111
bapa/arith/fol_0000078.smt2,unsat,0.08374905586242676,arith/cvc5_bapa/fol_0000078.smt2,unsat,0.013278961181640625,bapa/arith/fol_0000078.smt2,unsat,0.09993124008178711,bapa/arith/fol_0000078.smt2,unsat,0.7881522178649902,arith/cvc5_bapa/fol_0000078.smt2,unsat,0.017,arith/cvc5_bapa/fol_0000078.smt2,unsat,0.017
bapa/arith/fol_0000079.smt2,sat,0.2841298580169678,arith/cvc5_bapa/fol_0000079.smt2,sat,0.031233787536621094,bapa/arith/fol_0000079.smt2,sat,0.23772907257080078,bapa/arith/fol_0000079.smt2,sat,0.20169782638549805,arith/cvc5_bapa/fol_0000079.smt2,sat,0.095,arith/cvc5_bapa/fol_0000079.smt2,unknown,0.096
bapa/arith/fol_0000080.smt2,sat,0.16126298904418945,arith/cvc5_bapa/fol_0000080.smt2,sat,0.02969813346862793,bapa/arith/fol_0000080.smt2,sat,0.1790621280670166,bapa/arith/fol_0000080.smt2,sat,0.10093021392822266,arith/cvc5_bapa/fol_0000080.smt2,sat,0.092,arith/cvc5_bapa/fol_0000080.smt2,unknown,0.092
bapa/arith/fol_0000081.smt2,unsat,0.07672977447509766,arith/cvc5_bapa/fol_0000081.smt2,unsat,0.01021575927734375,bapa/arith/fol_0000081.smt2,unsat,0.0907292366027832,bapa/arith/fol_0000081.smt2,unsat,0.6938838958740234,arith/cvc5_bapa/fol_0000081.smt2,unsat,0.015,arith/cvc5_bapa/fol_0000081.smt2,unsat,0.014
bapa/arith/fol_0000082.smt2,sat,0.1246793270111084,arith/cvc5_bapa/fol_0000082.smt2,sat,0.029217243194580078,bapa/arith/fol_0000082.smt2,sat,0.6792020797729492,bapa/arith/fol_0000082.smt2,sat,0.2346489429473877,arith/cvc5_bapa/fol_0000082.smt2,sat,0.092,arith/cvc5_bapa/fol_0000082.smt2,unknown,0.093
bapa/arith/fol_0000083.smt2,unsat,0.07531595230102539,arith/cvc5_bapa/fol_0000083.smt2,unsat,0.009154081344604492,bapa/arith/fol_0000083.smt2,unsat,0.09206199645996094,bapa/arith/fol_0000083.smt2,unsat,0.579413890838623,arith/cvc5_bapa/fol_0000083.smt2,unsat,0.016,arith/cvc5_bapa/fol_0000083.smt2,unsat,0.016
bapa/arith/fol_0000084.smt2,sat,0.8136320114135742,arith/cvc5_bapa/fol_0000084.smt2,sat,0.0520169734954834,bapa/arith/fol_0000084.smt2,sat,1.0358326435089111,bapa/arith/fol_0000084.smt2,sat,0.5479228496551514,arith/cvc5_bapa/fol_0000084.smt2,sat,0.11,arith/cvc5_bapa/fol_0000084.smt2,unknown,0.109
bapa/arith/fol_0000085.smt2,unsat,0.5150332450866699,arith/cvc5_bapa/fol_0000085.smt2,unsat,0.05532193183898926,bapa/arith/fol_0000085.smt2,unsat,1.1232028007507324,bapa/arith/fol_0000085.smt2,unsat,1.6116087436676025,arith/cvc5_bapa/fol_0000085.smt2,unsat,0.108,arith/cvc5_bapa/fol_0000085.smt2,unsat,0.108
bapa/arith/fol_0000086.smt2,unsat,0.37970614433288574,arith/cvc5_bapa/fol_0000086.smt2,unsat,0.05237317085266113,bapa/arith/fol_0000086.smt2,unsat,0.3114781379699707,bapa/arith/fol_0000086.smt2,unsat,1.4005420207977295,arith/cvc5_bapa/fol_0000086.smt2,unsat,0.109,arith/cvc5_bapa/fol_0000086.smt2,unsat,0.111
bapa/arith/fol_0000087.smt2,unsat,0.07842206954956055,arith/cvc5_bapa/fol_0000087.smt2,unsat,0.012947320938110352,bapa/arith/fol_0000087.smt2,unsat,0.09601616859436035,bapa/arith/fol_0000087.smt2,unsat,0.5583760738372803,arith/cvc5_bapa/fol_0000087.smt2,unsat,0.016,arith/cvc5_bapa/fol_0000087.smt2,unsat,0.016
bapa/arith/fol_0000088.smt2,unsat,0.19094395637512207,arith/cvc5_bapa/fol_0000088.smt2,unsat,0.05185723304748535,bapa/arith/fol_0000088.smt2,unsat,0.3368539810180664,bapa/arith/fol_0000088.smt2,unsat,2.5995161533355713,arith/cvc5_bapa/fol_0000088.smt2,unsat,0.108,arith/cvc5_bapa/fol_0000088.smt2,unsat,0.109
bapa/arith/fol_0000089.smt2,unsat,0.3433220386505127,arith/cvc5_bapa/fol_0000089.smt2,unsat,0.054576873779296875,bapa/arith/fol_0000089.smt2,unsat,0.3160278797149658,bapa/arith/fol_0000089.smt2,unsat,1.0452821254730225,arith/cvc5_bapa/fol_0000089.smt2,unsat,0.109,arith/cvc5_bapa/fol_0000089.smt2,unsat,0.109
bapa/arith/fol_0000090.smt2,sat,0.26964378356933594,arith/cvc5_bapa/fol_0000090.smt2,sat,0.031094074249267578,bapa/arith/fol_0000090.smt2,sat,0.175184965133667,bapa/arith/fol_0000090.smt2,sat,0.1241903305053711,arith/cvc5_bapa/fol_0000090.smt2,sat,0.091,arith/cvc5_bapa/fol_0000090.smt2,unknown,0.092
bapa/arith/fol_0000091.smt2,unsat,0.0770881175994873,arith/cvc5_bapa/fol_0000091.smt2,unsat,0.00987386703491211,bapa/arith/fol_0000091.smt2,unsat,0.09115386009216309,bapa/arith/fol_0000091.smt2,unsat,0.7413339614868164,arith/cvc5_bapa/fol_0000091.smt2,unsat,0.016,arith/cvc5_bapa/fol_0000091.smt2,unsat,0.013
bapa/arith/fol_0000092.smt2,unsat,0.07800602912902832,arith/cvc5_bapa/fol_0000092.smt2,unsat,0.009330034255981445,bapa/arith/fol_0000092.smt2,unsat,0.09529972076416016,bapa/arith/fol_0000092.smt2,unsat,0.6500217914581299,arith/cvc5_bapa/fol_0000092.smt2,unsat,0.015,arith/cvc5_bapa/fol_0000092.smt2,unsat,0.015
bapa/arith/fol_0000093.smt2,unsat,0.07992696762084961,arith/cvc5_bapa/fol_0000093.smt2,unsat,0.010386943817138672,bapa/arith/fol_0000093.smt2,unsat,0.09747099876403809,bapa/arith/fol_0000093.smt2,unsat,0.6415753364562988,arith/cvc5_bapa/fol_0000093.smt2,unsat,0.014,arith/cvc5_bapa/fol_0000093.smt2,unsat,0.016
bapa/arith/fol_0000094.smt2,unsat,0.25991225242614746,arith/cvc5_bapa/fol_0000094.smt2,unsat,0.05130290985107422,bapa/arith/fol_0000094.smt2,unsat,0.41856908798217773,bapa/arith/fol_0000094.smt2,unsat,1.1059167385101318,arith/cvc5_bapa/fol_0000094.smt2,unsat,0.106,arith/cvc5_bapa/fol_0000094.smt2,unsat,0.109
bapa/arith/fol_0000095.smt2,unsat,0.2030348777770996,arith/cvc5_bapa/fol_0000095.smt2,unsat,0.05577397346496582,bapa/arith/fol_0000095.smt2,unsat,2.037799835205078,bapa/arith/fol_0000095.smt2,unsat,1.8525168895721436,arith/cvc5_bapa/fol_0000095.smt2,unsat,0.109,arith/cvc5_bapa/fol_0000095.smt2,unsat,0.108
bapa/arith/fol_0000096.smt2,sat,0.9825551509857178,arith/cvc5_bapa/fol_0000096.smt2,sat,0.054499149322509766,bapa/arith/fol_0000096.smt2,sat,0.6977682113647461,bapa/arith/fol_0000096.smt2,sat,0.6876730918884277,arith/cvc5_bapa/fol_0000096.smt2,sat,0.109,arith/cvc5_bapa/fol_0000096.smt2,unknown,0.11
bapa/arith/fol_0000097.smt2,unsat,0.12000584602355957,arith/cvc5_bapa/fol_0000097.smt2,unsat,0.05359315872192383,bapa/arith/fol_0000097.smt2,unsat,0.9028151035308838,bapa/arith/fol_0000097.smt2,unsat,1.0183589458465576,arith/cvc5_bapa/fol_0000097.smt2,unsat,0.11,arith/cvc5_bapa/fol_0000097.smt2,unsat,0.108
bapa/arith/fol_0000098.smt2,unsat,0.4536314010620117,arith/cvc5_bapa/fol_0000098.smt2,unsat,0.05714702606201172,bapa/arith/fol_0000098.smt2,unsat,0.1415719985961914,bapa/arith/fol_0000098.smt2,unsat,1.4689180850982666,arith/cvc5_bapa/fol_0000098.smt2,unsat,0.109,arith/cvc5_bapa/fol_0000098.smt2,unsat,0.109
bapa/arith/fol_0000099.smt2,sat,0.14543795585632324,arith/cvc5_bapa/fol_0000099.smt2,sat,0.055496931076049805,bapa/arith/fol_0000099.smt2,sat,0.26639819145202637,bapa/arith/fol_0000099.smt2,sat,0.1101372241973877,arith/cvc5_bapa/fol_0000099.smt2,sat,0.109,arith/cvc5_bapa/fol_0000099.smt2,unknown,0.108
bapa/arith/fol_0000100.smt2,sat,0.14982986450195312,arith/cvc5_bapa/fol_0000100.smt2,sat,0.05459403991699219,bapa/arith/fol_0000100.smt2,sat,0.36862897872924805,bapa/arith/fol_0000100.smt2,sat,0.14916300773620605,arith/cvc5_bapa/fol_0000100.smt2,sat,0.112,arith/cvc5_bapa/fol_0000100.smt2,unknown,0.111
bapa/arith/fol_0000101.smt2,sat,0.48780369758605957,arith/cvc5_bapa/fol_0000101.smt2,sat,0.01360321044921875,bapa/arith/fol_0000101.smt2,sat,0.12867975234985352,bapa/arith/fol_0000101.smt2,sat,0.1441199779510498,arith/cvc5_bapa/fol_0000101.smt2,sat,0.016,arith/cvc5_bapa/fol_0000101.smt2,sat,0.016
bapa/arith/fol_0000102.smt2,sat,0.28422093391418457,arith/cvc5_bapa/fol_0000102.smt2,sat,0.053045034408569336,bapa/arith/fol_0000102.smt2,sat,0.36243295669555664,bapa/arith/fol_0000102.smt2,sat,0.15023493766784668,arith/cvc5_bapa/fol_0000102.smt2,sat,0.11,arith/cvc5_bapa/fol_0000102.smt2,unknown,0.11
bapa/arith/fol_0000103.smt2,sat,0.18851089477539062,arith/cvc5_bapa/fol_0000103.smt2,sat,0.05483412742614746,bapa/arith/fol_0000103.smt2,sat,0.1305239200592041,bapa/arith/fol_0000103.smt2,sat,0.18322300910949707,arith/cvc5_bapa/fol_0000103.smt2,sat,0.11,arith/cvc5_bapa/fol_0000103.smt2,unknown,0.111
bapa/arith/fol_0000104.smt2,sat,0.36812376976013184,arith/cvc5_bapa/fol_0000104.smt2,sat,0.055730342864990234,bapa/arith/fol_0000104.smt2,sat,0.7693581581115723,bapa/arith/fol_0000104.smt2,sat,0.14927887916564941,arith/cvc5_bapa/fol_0000104.smt2,sat,0.11,arith/cvc5_bapa/fol_0000104.smt2,unknown,0.111
bapa/arith/fol_0000105.smt2,sat,0.2658689022064209,arith/cvc5_bapa/fol_0000105.smt2,sat,0.05922579765319824,bapa/arith/fol_0000105.smt2,sat,0.13621115684509277,bapa/arith/fol_0000105.smt2,sat,0.20226216316223145,arith/cvc5_bapa/fol_0000105.smt2,sat,0.109,arith/cvc5_bapa/fol_0000105.smt2,unknown,0.11
bapa/arith/fol_0000106.smt2,sat,0.28080201148986816,arith/cvc5_bapa/fol_0000106.smt2,sat,0.0552220344543457,bapa/arith/fol_0000106.smt2,sat,0.3622729778289795,bapa/arith/fol_0000106.smt2,sat,0.4502227306365967,arith/cvc5_bapa/fol_0000106.smt2,sat,0.109,arith/cvc5_bapa/fol_0000106.smt2,unknown,0.109
bapa/arith/fol_0000107.smt2,unsat,0.08150482177734375,arith/cvc5_bapa/fol_0000107.smt2,unsat,0.012750864028930664,bapa/arith/fol_0000107.smt2,unsat,0.09629487991333008,bapa/arith/fol_0000107.smt2,unsat,0.654238224029541,arith/cvc5_bapa/fol_0000107.smt2,unsat,0.017,arith/cvc5_bapa/fol_0000107.smt2,unsat,0.017
bapa/arith/fol_0000108.smt2,sat,0.2716829776763916,arith/cvc5_bapa/fol_0000108.smt2,sat,0.029528141021728516,bapa/arith/fol_0000108.smt2,sat,0.18078899383544922,bapa/arith/fol_0000108.smt2,sat,0.1257648468017578,arith/cvc5_bapa/fol_0000108.smt2,sat,0.094,arith/cvc5_bapa/fol_0000108.smt2,unknown,0.093
bapa/arith/fol_0000109.smt2,sat,0.6089069843292236,arith/cvc5_bapa/fol_0000109.smt2,sat,0.05252885818481445,bapa/arith/fol_0000109.smt2,sat,0.8398120403289795,bapa/arith/fol_0000109.smt2,sat,0.19215083122253418,arith/cvc5_bapa/fol_0000109.smt2,sat,0.109,arith/cvc5_bapa/fol_0000109.smt2,unknown,0.109
bapa/arith/fol_0000110.smt2,unsat,0.2569773197174072,arith/cvc5_bapa/fol_0000110.smt2,unsat,0.053192853927612305,bapa/arith/fol_0000110.smt2,unsat,0.29323530197143555,bapa/arith/fol_0000110.smt2,unsat,1.122276782989502,arith/cvc5_bapa/fol_0000110.smt2,unsat,0.107,arith/cvc5_bapa/fol_0000110.smt2,unsat,0.107
bapa/arith/fol_0000111.smt2,unsat,0.07737278938293457,arith/cvc5_bapa/fol_0000111.smt2,unsat,0.01270604133605957,bapa/arith/fol_0000111.smt2,unsat,0.09358596801757812,bapa/arith/fol_0000111.smt2,unsat,0.546525239944458,arith/cvc5_bapa/fol_0000111.smt2,unsat,0.016,arith/cvc5_bapa/fol_0000111.smt2,unsat,0.016
bapa/arith/fol_0000112.smt2,unsat,0.1961660385131836,arith/cvc5_bapa/fol_0000112.smt2,unsat,0.05072307586669922,bapa/arith/fol_0000112.smt2,unsat,0.18082404136657715,bapa/arith/fol_0000112.smt2,unsat,1.4413061141967773,arith/cvc5_bapa/fol_0000112.smt2,unsat,0.107,arith/cvc5_bapa/fol_0000112.smt2,unsat,0.106
bapa/arith/fol_0000113.smt2,sat,0.22534394264221191,arith/cvc5_bapa/fol_0000113.smt2,sat,0.03258395195007324,bapa/arith/fol_0000113.smt2,sat,0.16721606254577637,bapa/arith/fol_0000113.smt2,sat,0.10309195518493652,arith/cvc5_bapa/fol_0000113.smt2,sat,0.093,arith/cvc5_bapa/fol_0000113.smt2,unknown,0.095
bapa/arith/fol_0000114.smt2,unsat,0.08017778396606445,arith/cvc5_bapa/fol_0000114.smt2,unsat,0.010192155838012695,bapa/arith/fol_0000114.smt2,unsat,0.0966949462890625,bapa/arith/fol_0000114.smt2,unsat,0.64235520362854,arith/cvc5_bapa/fol_0000114.smt2,unsat,0.017,arith/cvc5_bapa/fol_0000114.smt2,unsat,0.017
bapa/arith/fol_0000115.smt2,unsat,0.07522106170654297,arith/cvc5_bapa/fol_0000115.smt2,unsat,0.009191036224365234,bapa/arith/fol_0000115.smt2,unsat,0.09316873550415039,bapa/arith/fol_0000115.smt2,unsat,0.6756129264831543,arith/cvc5_bapa/fol_0000115.smt2,unsat,0.015,arith/cvc5_bapa/fol_0000115.smt2,unsat,0.015
bapa/arith/fol_0000116.smt2,unsat,0.07892727851867676,arith/cvc5_bapa/fol_0000116.smt2,unsat,0.009981870651245117,bapa/arith/fol_0000116.smt2,unsat,0.09568476676940918,bapa/arith/fol_0000116.smt2,unsat,0.7437529563903809,arith/cvc5_bapa/fol_0000116.smt2,unsat,0.015,arith/cvc5_bapa/fol_0000116.smt2,unsat,0.015
bapa/arith/fol_0000117.smt2,sat,0.27337002754211426,arith/cvc5_bapa/fol_0000117.smt2,sat,0.0283510684967041,bapa/arith/fol_0000117.smt2,sat,0.295975923538208,bapa/arith/fol_0000117.smt2,sat,0.12552404403686523,arith/cvc5_bapa/fol_0000117.smt2,sat,0.092,arith/cvc5_bapa/fol_0000117.smt2,unknown,0.092
bapa/arith/fol_0000118.smt2,sat,0.7778100967407227,arith/cvc5_bapa/fol_0000118.smt2,sat,0.05331611633300781,bapa/arith/fol_0000118.smt2,sat,0.3827488422393799,bapa/arith/fol_0000118.smt2,sat,0.2660558223724365,arith/cvc5_bapa/fol_0000118.smt2,sat,0.109,arith/cvc5_bapa/fol_0000118.smt2,unknown,0.109
bapa/arith/fol_0000119.smt2,unsat,0.2425398826599121,arith/cvc5_bapa/fol_0000119.smt2,unsat,0.05321860313415527,bapa/arith/fol_0000119.smt2,unsat,0.6350851058959961,bapa/arith/fol_0000119.smt2,unsat,2.299980878829956,arith/cvc5_bapa/fol_0000119.smt2,unsat,0.107,arith/cvc5_bapa/fol_0000119.smt2,unsat,0.106
bapa/arith/fol_0000120.smt2,unsat,0.07539200782775879,arith/cvc5_bapa/fol_0000120.smt2,unsat,0.012880086898803711,bapa/arith/fol_0000120.smt2,unsat,0.09156084060668945,bapa/arith/fol_0000120.smt2,unsat,0.7368719577789307,arith/cvc5_bapa/fol_0000120.smt2,unsat,0.016,arith/cvc5_bapa/fol_0000120.smt2,unsat,0.016
bapa/card/fol_0000001.smt2,sat,0.10792279243469238,card/cvc5_bapa/fol_0000001.smt2,sat,0.005062103271484375,bapa/card/fol_0000001.smt2,sat,0.5091040134429932,bapa/card/fol_0000001.smt2,sat,0.1155860424041748,card/cvc5_bapa/fol_0000001.smt2,sat,0.006,card/cvc5_bapa/fol_0000001.smt2,sat,0.006
bapa/card/fol_0000002.smt2,sat,0.10834622383117676,card/cvc5_bapa/fol_0000002.smt2,sat,0.004766225814819336,bapa/card/fol_0000002.smt2,sat,0.34415388107299805,bapa/card/fol_0000002.smt2,sat,0.08367681503295898,card/cvc5_bapa/fol_0000002.smt2,sat,0.006,card/cvc5_bapa/fol_0000002.smt2,sat,0.006
bapa/card/fol_0000003.smt2,sat,0.5940616130828857,card/cvc5_bapa/fol_0000003.smt2,sat,0.005105018615722656,bapa/card/fol_0000003.smt2,sat,0.1438918113708496,bapa/card/fol_0000003.smt2,sat,0.35504984855651855,card/cvc5_bapa/fol_0000003.smt2,sat,0.006,card/cvc5_bapa/fol_0000003.smt2,sat,0.006
bapa/card/fol_0000004.smt2,sat,0.1096048355102539,card/cvc5_bapa/fol_0000004.smt2,sat,0.02535080909729004,bapa/card/fol_0000004.smt2,sat,0.2106940746307373,bapa/card/fol_0000004.smt2,sat,0.08524608612060547,card/cvc5_bapa/fol_0000004.smt2,sat,0.006,card/cvc5_bapa/fol_0000004.smt2,sat,0.006
bapa/card/fol_0000005.smt2,sat,0.15462088584899902,card/cvc5_bapa/fol_0000005.smt2,sat,0.023413896560668945,bapa/card/fol_0000005.smt2,sat,0.40843915939331055,bapa/card/fol_0000005.smt2,sat,0.11124086380004883,card/cvc5_bapa/fol_0000005.smt2,sat,0.006,card/cvc5_bapa/fol_0000005.smt2,sat,0.006
bapa/card/fol_0000006.smt2,sat,0.1153261661529541,card/cvc5_bapa/fol_0000006.smt2,sat,0.02432417869567871,bapa/card/fol_0000006.smt2,sat,0.16028738021850586,bapa/card/fol_0000006.smt2,sat,0.27133798599243164,card/cvc5_bapa/fol_0000006.smt2,sat,0.006,card/cvc5_bapa/fol_0000006.smt2,sat,0.006
bapa/card/fol_0000007.smt2,sat,0.19132328033447266,card/cvc5_bapa/fol_0000007.smt2,sat,0.02220630645751953,bapa/card/fol_0000007.smt2,sat,0.14487886428833008,bapa/card/fol_0000007.smt2,sat,0.11287403106689453,card/cvc5_bapa/fol_0000007.smt2,sat,0.085,card/cvc5_bapa/fol_0000007.smt2,unknown,0.084
bapa/card/fol_0000008.smt2,sat,0.14740681648254395,card/cvc5_bapa/fol_0000008.smt2,sat,0.02214193344116211,bapa/card/fol_0000008.smt2,sat,0.6961212158203125,bapa/card/fol_0000008.smt2,sat,0.11125993728637695,card/cvc5_bapa/fol_0000008.smt2,sat,0.007,card/cvc5_bapa/fol_0000008.smt2,sat,0.007
bapa/card/fol_0000009.smt2,sat,0.5808160305023193,card/cvc5_bapa/fol_0000009.smt2,sat,0.021981000900268555,bapa/card/fol_0000009.smt2,sat,0.511214017868042,bapa/card/fol_0000009.smt2,sat,0.11181187629699707,card/cvc5_bapa/fol_0000009.smt2,sat,0.087,card/cvc5_bapa/fol_0000009.smt2,unknown,0.085
bapa/card/fol_0000010.smt2,sat,0.10923528671264648,card/cvc5_bapa/fol_0000010.smt2,sat,0.022330045700073242,bapa/card/fol_0000010.smt2,sat,0.2662637233734131,bapa/card/fol_0000010.smt2,sat,0.11095404624938965,card/cvc5_bapa/fol_0000010.smt2,sat,0.084,card/cvc5_bapa/fol_0000010.smt2,unknown,0.084
bapa/card/fol_0000011.smt2,sat,0.1121220588684082,card/cvc5_bapa/fol_0000011.smt2,sat,0.024147987365722656,bapa/card/fol_0000011.smt2,sat,0.20664381980895996,bapa/card/fol_0000011.smt2,sat,0.08524799346923828,card/cvc5_bapa/fol_0000011.smt2,sat,0.085,card/cvc5_bapa/fol_0000011.smt2,unknown,0.086
bapa/card/fol_0000012.smt2,sat,0.11081194877624512,card/cvc5_bapa/fol_0000012.smt2,sat,0.02205204963684082,bapa/card/fol_0000012.smt2,sat,0.6128411293029785,bapa/card/fol_0000012.smt2,sat,0.08403468132019043,card/cvc5_bapa/fol_0000012.smt2,sat,0.084,card/cvc5_bapa/fol_0000012.smt2,unknown,0.084
bapa/card/fol_0000013.smt2,sat,0.15529489517211914,card/cvc5_bapa/fol_0000013.smt2,sat,0.022364139556884766,bapa/card/fol_0000013.smt2,sat,0.20231103897094727,bapa/card/fol_0000013.smt2,sat,0.0856482982635498,card/cvc5_bapa/fol_0000013.smt2,sat,0.006,card/cvc5_bapa/fol_0000013.smt2,sat,0.006
bapa/card/fol_0000014.smt2,sat,0.11160612106323242,card/cvc5_bapa/fol_0000014.smt2,sat,0.022545814514160156,bapa/card/fol_0000014.smt2,sat,0.33771419525146484,bapa/card/fol_0000014.smt2,sat,0.08554506301879883,card/cvc5_bapa/fol_0000014.smt2,sat,0.006,card/cvc5_bapa/fol_0000014.smt2,sat,0.006
bapa/card/fol_0000015.smt2,sat,0.1092522144317627,card/cvc5_bapa/fol_0000015.smt2,sat,0.02402210235595703,bapa/card/fol_0000015.smt2,sat,0.14945006370544434,bapa/card/fol_0000015.smt2,sat,0.0866701602935791,card/cvc5_bapa/fol_0000015.smt2,sat,0.006,card/cvc5_bapa/fol_0000015.smt2,sat,0.006
bapa/card/fol_0000016.smt2,sat,0.1487739086151123,card/cvc5_bapa/fol_0000016.smt2,sat,0.02435302734375,bapa/card/fol_0000016.smt2,sat,0.15260815620422363,bapa/card/fol_0000016.smt2,sat,0.08341503143310547,card/cvc5_bapa/fol_0000016.smt2,sat,0.006,card/cvc5_bapa/fol_0000016.smt2,sat,0.006
bapa/card/fol_0000017.smt2,sat,0.11009883880615234,card/cvc5_bapa/fol_0000017.smt2,sat,0.02260875701904297,bapa/card/fol_0000017.smt2,sat,0.34393978118896484,bapa/card/fol_0000017.smt2,sat,0.11974215507507324,card/cvc5_bapa/fol_0000017.smt2,sat,0.006,card/cvc5_bapa/fol_0000017.smt2,sat,0.006
bapa/card/fol_0000018.smt2,sat,0.1448369026184082,card/cvc5_bapa/fol_0000018.smt2,sat,0.02373790740966797,bapa/card/fol_0000018.smt2,sat,0.539391040802002,bapa/card/fol_0000018.smt2,sat,0.08493590354919434,card/cvc5_bapa/fol_0000018.smt2,sat,0.006,card/cvc5_bapa/fol_0000018.smt2,sat,0.006
bapa/card/fol_0000019.smt2,sat,0.5111932754516602,card/cvc5_bapa/fol_0000019.smt2,sat,0.024327993392944336,bapa/card/fol_0000019.smt2,sat,0.16998004913330078,bapa/card/fol_0000019.smt2,sat,0.1125330924987793,card/cvc5_bapa/fol_0000019.smt2,sat,0.086,card/cvc5_bapa/fol_0000019.smt2,unknown,0.086
bapa/card/fol_0000020.smt2,sat,0.15244579315185547,card/cvc5_bapa/fol_0000020.smt2,sat,0.022619962692260742,bapa/card/fol_0000020.smt2,sat,0.6415131092071533,bapa/card/fol_0000020.smt2,sat,0.11890697479248047,card/cvc5_bapa/fol_0000020.smt2,sat,0.084,card/cvc5_bapa/fol_0000020.smt2,unknown,0.085
bapa/card/fol_0000021.smt2,unsat,0.07042622566223145,card/cvc5_bapa/fol_0000021.smt2,unsat,0.0037832260131835938,bapa/card/fol_0000021.smt2,unsat,0.08635902404785156,bapa/card/fol_0000021.smt2,unsat,0.6458489894866943,card/cvc5_bapa/fol_0000021.smt2,unsat,0.01,card/cvc5_bapa/fol_0000021.smt2,unsat,0.009
bapa/card/fol_0000022.smt2,sat,0.264312744140625,card/cvc5_bapa/fol_0000022.smt2,sat,0.022959232330322266,bapa/card/fol_0000022.smt2,sat,0.15900087356567383,bapa/card/fol_0000022.smt2,sat,0.08950519561767578,card/cvc5_bapa/fol_0000022.smt2,sat,0.085,card/cvc5_bapa/fol_0000022.smt2,unknown,0.085
bapa/card/fol_0000023.smt2,unsat,0.07103204727172852,card/cvc5_bapa/fol_0000023.smt2,unsat,0.0038819313049316406,bapa/card/fol_0000023.smt2,unsat,0.08791995048522949,bapa/card/fol_0000023.smt2,unsat,0.6692161560058594,card/cvc5_bapa/fol_0000023.smt2,unsat,0.009,card/cvc5_bapa/fol_0000023.smt2,unsat,0.009
bapa/card/fol_0000024.smt2,sat,0.3569369316101074,card/cvc5_bapa/fol_0000024.smt2,sat,0.023921728134155273,bapa/card/fol_0000024.smt2,sat,0.17181992530822754,bapa/card/fol_0000024.smt2,sat,0.09300088882446289,card/cvc5_bapa/fol_0000024.smt2,sat,0.085,card/cvc5_bapa/fol_0000024.smt2,unknown,0.085
bapa/card/fol_0000025.smt2,sat,0.10973429679870605,card/cvc5_bapa/fol_0000025.smt2,sat,0.003916740417480469,bapa/card/fol_0000025.smt2,sat,0.26331281661987305,bapa/card/fol_0000025.smt2,sat,0.08449888229370117,card/cvc5_bapa/fol_0000025.smt2,sat,0.006,card/cvc5_bapa/fol_0000025.smt2,sat,0.006
bapa/card/fol_0000026.smt2,sat,0.1525871753692627,card/cvc5_bapa/fol_0000026.smt2,sat,0.004299640655517578,bapa/card/fol_0000026.smt2,sat,0.3401782512664795,bapa/card/fol_0000026.smt2,sat,0.08673906326293945,card/cvc5_bapa/fol_0000026.smt2,sat,0.006,card/cvc5_bapa/fol_0000026.smt2,sat,0.006
bapa/card/fol_0000027.smt2,sat,0.11115598678588867,card/cvc5_bapa/fol_0000027.smt2,sat,0.003911018371582031,bapa/card/fol_0000027.smt2,sat,0.2868516445159912,bapa/card/fol_0000027.smt2,sat,0.08574104309082031,card/cvc5_bapa/fol_0000027.smt2,sat,0.005,card/cvc5_bapa/fol_0000027.smt2,sat,0.006
bapa/card/fol_0000028.smt2,unsat,0.13548731803894043,card/cvc5_bapa/fol_0000028.smt2,unsat,0.047248125076293945,bapa/card/fol_0000028.smt2,unsat,0.11812877655029297,bapa/card/fol_0000028.smt2,unsat,1.7594609260559082,card/cvc5_bapa/fol_0000028.smt2,unsat,0.101,card/cvc5_bapa/fol_0000028.smt2,unsat,0.1
bapa/card/fol_0000029.smt2,sat,0.4574868679046631,card/cvc5_bapa/fol_0000029.smt2,sat,0.045819997787475586,bapa/card/fol_0000029.smt2,sat,0.4770200252532959,bapa/card/fol_0000029.smt2,sat,0.6038398742675781,card/cvc5_bapa/fol_0000029.smt2,sat,0.101,card/cvc5_bapa/fol_0000029.smt2,unknown,0.102
bapa/card/fol_0000030.smt2,unsat,0.06882929801940918,card/cvc5_bapa/fol_0000030.smt2,unsat,0.003702878952026367,bapa/card/fol_0000030.smt2,unsat,0.08444476127624512,bapa/card/fol_0000030.smt2,unsat,0.6154682636260986,card/cvc5_bapa/fol_0000030.smt2,unsat,0.009,card/cvc5_bapa/fol_0000030.smt2,unsat,0.009
bapa/card/fol_0000031.smt2,sat,0.11233377456665039,card/cvc5_bapa/fol_0000031.smt2,sat,0.022401094436645508,bapa/card/fol_0000031.smt2,sat,0.2151339054107666,bapa/card/fol_0000031.smt2,sat,0.2932090759277344,card/cvc5_bapa/fol_0000031.smt2,sat,0.006,card/cvc5_bapa/fol_0000031.smt2,sat,0.006
bapa/card/fol_0000032.smt2,unsat,0.07032275199890137,card/cvc5_bapa/fol_0000032.smt2,unsat,0.003570079803466797,bapa/card/fol_0000032.smt2,unsat,0.08544301986694336,bapa/card/fol_0000032.smt2,unsat,0.4596989154815674,card/cvc5_bapa/fol_0000032.smt2,unsat,0.009,card/cvc5_bapa/fol_0000032.smt2,unsat,0.008
bapa/card/fol_0000033.smt2,sat,0.15824484825134277,card/cvc5_bapa/fol_0000033.smt2,sat,0.02240896224975586,bapa/card/fol_0000033.smt2,sat,0.16487789154052734,bapa/card/fol_0000033.smt2,sat,0.09114599227905273,card/cvc5_bapa/fol_0000033.smt2,sat,0.006,card/cvc5_bapa/fol_0000033.smt2,sat,0.006
bapa/card/fol_0000034.smt2,unsat,0.06780624389648438,card/cvc5_bapa/fol_0000034.smt2,unsat,0.003874063491821289,bapa/card/fol_0000034.smt2,unsat,0.0846719741821289,bapa/card/fol_0000034.smt2,unsat,0.5334460735321045,card/cvc5_bapa/fol_0000034.smt2,unsat,0.009,card/cvc5_bapa/fol_0000034.smt2,unsat,0.008
bapa/card/fol_0000035.smt2,sat,0.11916589736938477,card/cvc5_bapa/fol_0000035.smt2,sat,0.02364516258239746,bapa/card/fol_0000035.smt2,sat,0.7680730819702148,bapa/card/fol_0000035.smt2,sat,0.11117291450500488,card/cvc5_bapa/fol_0000035.smt2,sat,0.006,card/cvc5_bapa/fol_0000035.smt2,sat,0.006
bapa/card/fol_0000036.smt2,sat,0.10753512382507324,card/cvc5_bapa/fol_0000036.smt2,sat,0.0039310455322265625,bapa/card/fol_0000036.smt2,sat,0.14386391639709473,bapa/card/fol_0000036.smt2,sat,0.2831449508666992,card/cvc5_bapa/fol_0000036.smt2,sat,0.005,card/cvc5_bapa/fol_0000036.smt2,sat,0.005
bapa/card/fol_0000037.smt2,sat,0.10927891731262207,card/cvc5_bapa/fol_0000037.smt2,sat,0.02353811264038086,bapa/card/fol_0000037.smt2,sat,0.3444371223449707,bapa/card/fol_0000037.smt2,sat,0.09367489814758301,card/cvc5_bapa/fol_0000037.smt2,sat,0.086,card/cvc5_bapa/fol_0000037.smt2,unknown,0.086
bapa/card/fol_0000038.smt2,unsat,0.06528592109680176,card/cvc5_bapa/fol_0000038.smt2,unsat,0.0037119388580322266,bapa/card/fol_0000038.smt2,unsat,0.0845801830291748,bapa/card/fol_0000038.smt2,unsat,0.6275787353515625,card/cvc5_bapa/fol_0000038.smt2,unsat,0.009,card/cvc5_bapa/fol_0000038.smt2,unsat,0.009
bapa/card/fol_0000039.smt2,sat,0.5651319026947021,card/cvc5_bapa/fol_0000039.smt2,sat,0.023550748825073242,bapa/card/fol_0000039.smt2,sat,0.3664569854736328,bapa/card/fol_0000039.smt2,sat,0.1788191795349121,card/cvc5_bapa/fol_0000039.smt2,sat,0.084,card/cvc5_bapa/fol_0000039.smt2,unknown,0.084
bapa/card/fol_0000040.smt2,unsat,0.07139039039611816,card/cvc5_bapa/fol_0000040.smt2,unsat,0.009742259979248047,bapa/card/fol_0000040.smt2,unsat,0.08693194389343262,bapa/card/fol_0000040.smt2,unsat,0.7288239002227783,card/cvc5_bapa/fol_0000040.smt2,unsat,0.009,card/cvc5_bapa/fol_0000040.smt2,unsat,0.01
bapa/card/fol_0000041.smt2,sat,0.11409807205200195,card/cvc5_bapa/fol_0000041.smt2,sat,0.02337193489074707,bapa/card/fol_0000041.smt2,sat,0.15847206115722656,bapa/card/fol_0000041.smt2,sat,0.08877301216125488,card/cvc5_bapa/fol_0000041.smt2,sat,0.084,card/cvc5_bapa/fol_0000041.smt2,unknown,0.084
bapa/card/fol_0000042.smt2,sat,0.23874807357788086,card/cvc5_bapa/fol_0000042.smt2,sat,0.004054069519042969,bapa/card/fol_0000042.smt2,sat,0.26009607315063477,bapa/card/fol_0000042.smt2,sat,0.08258891105651855,card/cvc5_bapa/fol_0000042.smt2,sat,0.006,card/cvc5_bapa/fol_0000042.smt2,sat,0.006
bapa/card/fol_0000043.smt2,sat,0.9841463565826416,card/cvc5_bapa/fol_0000043.smt2,sat,0.046553850173950195,bapa/card/fol_0000043.smt2,sat,0.23839497566223145,bapa/card/fol_0000043.smt2,sat,0.2472672462463379,card/cvc5_bapa/fol_0000043.smt2,sat,0.101,card/cvc5_bapa/fol_0000043.smt2,unknown,0.101
bapa/card/fol_0000044.smt2,sat,0.11814308166503906,card/cvc5_bapa/fol_0000044.smt2,sat,0.02408289909362793,bapa/card/fol_0000044.smt2,sat,0.16315889358520508,bapa/card/fol_0000044.smt2,sat,0.08568000793457031,card/cvc5_bapa/fol_0000044.smt2,sat,0.007,card/cvc5_bapa/fol_0000044.smt2,sat,0.007
bapa/card/fol_0000045.smt2,unsat,1.855159044265747,card/cvc5_bapa/fol_0000045.smt2,unsat,0.19337701797485352,bapa/card/fol_0000045.smt2,unsat,0.5534079074859619,bapa/card/fol_0000045.smt2,timeout,100.0051908493042,card/cvc5_bapa/fol_0000045.smt2,unsat,0.846,card/cvc5_bapa/fol_0000045.smt2,unsat,0.85
bapa/card/fol_0000046.smt2,timeout,100.00439286231995,card/cvc5_bapa/fol_0000046.smt2,sat,5.45044207572937,bapa/card/fol_0000046.smt2,timeout,100.00737524032593,bapa/card/fol_0000046.smt2,timeout,100.00461602210999,card/cvc5_bapa/fol_0000046.smt2,sat,9.85,card/cvc5_bapa/fol_0000046.smt2,unknown,9.932
bapa/card/fol_0000047.smt2,timeout,100.00415396690369,card/cvc5_bapa/fol_0000047.smt2,unsat,3.540660858154297,bapa/card/fol_0000047.smt2,unsat,31.546961784362793,bapa/card/fol_0000047.smt2,timeout,100.00627183914185,card/cvc5_bapa/fol_0000047.smt2,unsat,9.301,card/cvc5_bapa/fol_0000047.smt2,unsat,9.404
bapa/card/fol_0000048.smt2,timeout,100.00531005859375,card/cvc5_bapa/fol_0000048.smt2,timeout,100.0,bapa/card/fol_0000048.smt2,timeout,100.00682187080383,bapa/card/fol_0000048.smt2,timeout,100.0062358379364,card/cvc5_bapa/fol_0000048.smt2,timeout,100.0,card/cvc5_bapa/fol_0000048.smt2,timeout,100.0
bapa/card/fol_0000049.smt2,timeout,100.00839400291443,card/cvc5_bapa/fol_0000049.smt2,timeout,100.0,bapa/card/fol_0000049.smt2,timeout,100.00521087646484,bapa/card/fol_0000049.smt2,timeout,100.00583815574646,card/cvc5_bapa/fol_0000049.smt2,timeout,100.0,card/cvc5_bapa/fol_0000049.smt2,timeout,100.0
bapa/card/fol_0000050.smt2,timeout,100.00442028045654,card/cvc5_bapa/fol_0000050.smt2,sat,0.015548944473266602,bapa/card/fol_0000050.smt2,sat,12.634469032287598,bapa/card/fol_0000050.smt2,sat,12.832259178161621,card/cvc5_bapa/fol_0000050.smt2,sat,0.016,card/cvc5_bapa/fol_0000050.smt2,sat,0.016
bapa/card/fol_0000051.smt2,sat,90.90606617927551,card/cvc5_bapa/fol_0000051.smt2,sat,3.7760658264160156,bapa/card/fol_0000051.smt2,timeout,100.00500464439392,bapa/card/fol_0000051.smt2,sat,0.8406269550323486,card/cvc5_bapa/fol_0000051.smt2,sat,9.32,card/cvc5_bapa/fol_0000051.smt2,unknown,9.361
bapa/card/fol_0000052.smt2,timeout,100.00460600852966,card/cvc5_bapa/fol_0000052.smt2,sat,3.715151309967041,bapa/card/fol_0000052.smt2,sat,4.3685219287872314,bapa/card/fol_0000052.smt2,timeout,100.00607013702393,card/cvc5_bapa/fol_0000052.smt2,sat,9.481,card/cvc5_bapa/fol_0000052.smt2,unknown,9.944
bapa/card/fol_0000053.smt2,sat,3.2906229496002197,card/cvc5_bapa/fol_0000053.smt2,sat,3.6574251651763916,bapa/card/fol_0000053.smt2,sat,0.4587130546569824,bapa/card/fol_0000053.smt2,sat,1.9219322204589844,card/cvc5_bapa/fol_0000053.smt2,sat,9.534,card/cvc5_bapa/fol_0000053.smt2,unknown,9.556
bapa/card/fol_0000054.smt2,sat,0.41533493995666504,card/cvc5_bapa/fol_0000054.smt2,sat,3.7355918884277344,bapa/card/fol_0000054.smt2,sat,1.3468201160430908,bapa/card/fol_0000054.smt2,sat,11.886613845825195,card/cvc5_bapa/fol_0000054.smt2,sat,9.68,card/cvc5_bapa/fol_0000054.smt2,unknown,9.314
bapa/card/fol_0000055.smt2,timeout,100.00640773773193,card/cvc5_bapa/fol_0000055.smt2,unsat,3.501919984817505,bapa/card/fol_0000055.smt2,unsat,41.40067791938782,bapa/card/fol_0000055.smt2,timeout,100.00860214233398,card/cvc5_bapa/fol_0000055.smt2,sat,84.781,card/cvc5_bapa/fol_0000055.smt2,unknown,76.422
bapa/card/fol_0000056.smt2,timeout,100.00510597229004,card/cvc5_bapa/fol_0000056.smt2,sat,0.015799999237060547,bapa/card/fol_0000056.smt2,sat,5.418103218078613,bapa/card/fol_0000056.smt2,sat,0.23127388954162598,card/cvc5_bapa/fol_0000056.smt2,sat,0.013,card/cvc5_bapa/fol_0000056.smt2,sat,0.017
bapa/card/fol_0000057.smt2,timeout,100.00262308120728,card/cvc5_bapa/fol_0000057.smt2,sat,0.186387300491333,bapa/card/fol_0000057.smt2,sat,12.231504201889038,bapa/card/fol_0000057.smt2,timeout,100.0049262046814,card/cvc5_bapa/fol_0000057.smt2,sat,0.832,card/cvc5_bapa/fol_0000057.smt2,unknown,0.832
bapa/card/fol_0000058.smt2,unsat,0.10545182228088379,card/cvc5_bapa/fol_0000058.smt2,unsat,0.05524301528930664,bapa/card/fol_0000058.smt2,unsat,0.1443629264831543,bapa/card/fol_0000058.smt2,unsat,1.797389030456543,card/cvc5_bapa/fol_0000058.smt2,unsat,0.108,card/cvc5_bapa/fol_0000058.smt2,unsat,0.108
bapa/card/fol_0000059.smt2,unsat,0.07508993148803711,card/cvc5_bapa/fol_0000059.smt2,unsat,0.012140035629272461,bapa/card/fol_0000059.smt2,unsat,0.11624598503112793,bapa/card/fol_0000059.smt2,timeout,100.00605583190918,card/cvc5_bapa/fol_0000059.smt2,unsat,0.015,card/cvc5_bapa/fol_0000059.smt2,unsat,0.015
bapa/card/fol_0000060.smt2,unsat,1.9100909233093262,card/cvc5_bapa/fol_0000060.smt2,unsat,0.18066000938415527,bapa/card/fol_0000060.smt2,unsat,3.6233038902282715,bapa/card/fol_0000060.smt2,timeout,100.00567197799683,card/cvc5_bapa/fol_0000060.smt2,unsat,0.876,card/cvc5_bapa/fol_0000060.smt2,unsat,0.874
bapa/card/fol_0000061.smt2,unsat,0.3439469337463379,card/cvc5_bapa/fol_0000061.smt2,unsat,0.18576288223266602,bapa/card/fol_0000061.smt2,unsat,0.2174980640411377,bapa/card/fol_0000061.smt2,timeout,100.00640106201172,card/cvc5_bapa/fol_0000061.smt2,unsat,0.875,card/cvc5_bapa/fol_0000061.smt2,unsat,0.876
bapa/card/fol_0000062.smt2,timeout,100.00174069404602,card/cvc5_bapa/fol_0000062.smt2,sat,0.1943340301513672,bapa/card/fol_0000062.smt2,sat,20.52374005317688,bapa/card/fol_0000062.smt2,sat,1.3470189571380615,card/cvc5_bapa/fol_0000062.smt2,sat,0.856,card/cvc5_bapa/fol_0000062.smt2,unknown,0.853
bapa/card/fol_0000063.smt2,unsat,0.14725899696350098,card/cvc5_bapa/fol_0000063.smt2,unsat,0.05584907531738281,bapa/card/fol_0000063.smt2,unsat,0.24237895011901855,bapa/card/fol_0000063.smt2,unsat,1.8672521114349365,card/cvc5_bapa/fol_0000063.smt2,unsat,0.109,card/cvc5_bapa/fol_0000063.smt2,unsat,0.109
bapa/card/fol_0000064.smt2,unsat,0.07672905921936035,card/cvc5_bapa/fol_0000064.smt2,unsat,0.01177978515625,bapa/card/fol_0000064.smt2,unsat,0.11471414566040039,bapa/card/fol_0000064.smt2,timeout,100.0063169002533,card/cvc5_bapa/fol_0000064.smt2,unsat,0.015,card/cvc5_bapa/fol_0000064.smt2,unsat,0.015
bapa/card/fol_0000065.smt2,unsat,1.4116690158843994,card/cvc5_bapa/fol_0000065.smt2,unsat,0.1818561553955078,bapa/card/fol_0000065.smt2,unsat,5.525353908538818,bapa/card/fol_0000065.smt2,timeout,100.0055890083313,card/cvc5_bapa/fol_0000065.smt2,unsat,0.841,card/cvc5_bapa/fol_0000065.smt2,unsat,0.84
bapa/card/fol_0000066.smt2,unsat,0.18170595169067383,card/cvc5_bapa/fol_0000066.smt2,unsat,0.18244004249572754,bapa/card/fol_0000066.smt2,unsat,0.5729222297668457,bapa/card/fol_0000066.smt2,timeout,100.00517106056213,card/cvc5_bapa/fol_0000066.smt2,unsat,0.893,card/cvc5_bapa/fol_0000066.smt2,unsat,0.893
bapa/card/fol_0000067.smt2,unsat,5.781556129455566,card/cvc5_bapa/fol_0000067.smt2,unsat,0.1817920207977295,bapa/card/fol_0000067.smt2,unsat,0.1794900894165039,bapa/card/fol_0000067.smt2,timeout,100.00663089752197,card/cvc5_bapa/fol_0000067.smt2,unsat,0.879,card/cvc5_bapa/fol_0000067.smt2,unsat,0.878
bapa/card/fol_0000068.smt2,unsat,0.6972661018371582,card/cvc5_bapa/fol_0000068.smt2,unsat,0.18287897109985352,bapa/card/fol_0000068.smt2,unsat,0.8145852088928223,bapa/card/fol_0000068.smt2,timeout,100.01071691513062,card/cvc5_bapa/fol_0000068.smt2,unsat,0.884,card/cvc5_bapa/fol_0000068.smt2,unsat,0.885
bapa/card/fol_0000069.smt2,timeout,100.00611090660095,card/cvc5_bapa/fol_0000069.smt2,sat,3.6770877838134766,bapa/card/fol_0000069.smt2,timeout,100.00829076766968,bapa/card/fol_0000069.smt2,timeout,100.00570583343506,card/cvc5_bapa/fol_0000069.smt2,sat,10.6,card/cvc5_bapa/fol_0000069.smt2,unknown,10.083
bapa/card/fol_0000070.smt2,unsat,4.394335985183716,card/cvc5_bapa/fol_0000070.smt2,unsat,3.4746220111846924,bapa/card/fol_0000070.smt2,timeout,100.00919604301453,bapa/card/fol_0000070.smt2,timeout,100.00571203231812,card/cvc5_bapa/fol_0000070.smt2,unsat,9.331,card/cvc5_bapa/fol_0000070.smt2,unsat,9.386
bapa/card/fol_0000071.smt2,timeout,100.00874519348145,card/cvc5_bapa/fol_0000071.smt2,timeout,100.0,bapa/card/fol_0000071.smt2,timeout,100.00642609596252,bapa/card/fol_0000071.smt2,timeout,100.00627303123474,card/cvc5_bapa/fol_0000071.smt2,timeout,100.0,card/cvc5_bapa/fol_0000071.smt2,timeout,100.0
bapa/card/fol_0000072.smt2,timeout,100.00564813613892,card/cvc5_bapa/fol_0000072.smt2,timeout,100.0,bapa/card/fol_0000072.smt2,timeout,100.00988388061523,bapa/card/fol_0000072.smt2,timeout,100.00718784332275,card/cvc5_bapa/fol_0000072.smt2,timeout,100.0,card/cvc5_bapa/fol_0000072.smt2,timeout,100.0
bapa/card/fol_0000073.smt2,timeout,100.00715279579163,card/cvc5_bapa/fol_0000073.smt2,sat,0.015457868576049805,bapa/card/fol_0000073.smt2,sat,0.9017810821533203,bapa/card/fol_0000073.smt2,timeout,100.0060019493103,card/cvc5_bapa/fol_0000073.smt2,sat,0.016,card/cvc5_bapa/fol_0000073.smt2,sat,0.016
bapa/card/fol_0000074.smt2,sat,0.3121469020843506,card/cvc5_bapa/fol_0000074.smt2,sat,3.7913663387298584,bapa/card/fol_0000074.smt2,sat,0.29548072814941406,bapa/card/fol_0000074.smt2,sat,0.2248520851135254,card/cvc5_bapa/fol_0000074.smt2,sat,9.511,card/cvc5_bapa/fol_0000074.smt2,unknown,9.819
bapa/card/fol_0000075.smt2,sat,97.24023389816284,card/cvc5_bapa/fol_0000075.smt2,sat,3.70314884185791,bapa/card/fol_0000075.smt2,sat,5.35994815826416,bapa/card/fol_0000075.smt2,timeout,100.00691819190979,card/cvc5_bapa/fol_0000075.smt2,sat,9.297,card/cvc5_bapa/fol_0000075.smt2,unknown,9.365
bapa/card/fol_0000076.smt2,sat,0.12389802932739258,card/cvc5_bapa/fol_0000076.smt2,sat,3.683576822280884,bapa/card/fol_0000076.smt2,sat,3.4344308376312256,bapa/card/fol_0000076.smt2,timeout,100.00585508346558,card/cvc5_bapa/fol_0000076.smt2,sat,9.845,card/cvc5_bapa/fol_0000076.smt2,unknown,9.467
bapa/card/fol_0000077.smt2,timeout,100.0047698020935,card/cvc5_bapa/fol_0000077.smt2,sat,3.795583963394165,bapa/card/fol_0000077.smt2,timeout,100.00589203834534,bapa/card/fol_0000077.smt2,timeout,100.0065279006958,card/cvc5_bapa/fol_0000077.smt2,sat,9.455,card/cvc5_bapa/fol_0000077.smt2,unknown,9.497
bapa/card/fol_0000078.smt2,timeout,100.0054497718811,card/cvc5_bapa/fol_0000078.smt2,unsat,3.502650022506714,bapa/card/fol_0000078.smt2,timeout,100.00649881362915,bapa/card/fol_0000078.smt2,timeout,100.00598502159119,card/cvc5_bapa/fol_0000078.smt2,sat,63.502,card/cvc5_bapa/fol_0000078.smt2,unknown,48.873
bapa/card/fol_0000079.smt2,timeout,100.00874280929565,card/cvc5_bapa/fol_0000079.smt2,sat,0.01572418212890625,bapa/card/fol_0000079.smt2,timeout,100.00583982467651,bapa/card/fol_0000079.smt2,timeout,100.00850582122803,card/cvc5_bapa/fol_0000079.smt2,sat,0.017,card/cvc5_bapa/fol_0000079.smt2,sat,0.016
bapa/card/fol_0000080.smt2,sat,2.3051719665527344,card/cvc5_bapa/fol_0000080.smt2,sat,0.34299302101135254,bapa/card/fol_0000080.smt2,sat,10.683267831802368,bapa/card/fol_0000080.smt2,sat,7.90684700012207,card/cvc5_bapa/fol_0000080.smt2,sat,5.266,card/cvc5_bapa/fol_0000080.smt2,unknown,5.255
bapa/card/fol_0000081.smt2,unsat,0.07953405380249023,card/cvc5_bapa/fol_0000081.smt2,unsat,0.012472867965698242,bapa/card/fol_0000081.smt2,unsat,0.11423206329345703,bapa/card/fol_0000081.smt2,timeout,100.00619912147522,card/cvc5_bapa/fol_0000081.smt2,unsat,0.015,card/cvc5_bapa/fol_0000081.smt2,unsat,0.015
bapa/card/fol_0000082.smt2,timeout,100.00912404060364,card/cvc5_bapa/fol_0000082.smt2,sat,0.37822484970092773,bapa/card/fol_0000082.smt2,timeout,100.00681805610657,bapa/card/fol_0000082.smt2,timeout,100.00600099563599,card/cvc5_bapa/fol_0000082.smt2,sat,5.213,card/cvc5_bapa/fol_0000082.smt2,unknown,5.253
bapa/card/fol_0000083.smt2,timeout,100.00682711601257,card/cvc5_bapa/fol_0000083.smt2,unsat,0.33155369758605957,bapa/card/fol_0000083.smt2,unsat,1.2337291240692139,bapa/card/fol_0000083.smt2,timeout,100.00675106048584,card/cvc5_bapa/fol_0000083.smt2,unsat,5.11,card/cvc5_bapa/fol_0000083.smt2,unsat,5.102
bapa/card/fol_0000084.smt2,timeout,100.00491380691528,card/cvc5_bapa/fol_0000084.smt2,sat,3.691560745239258,bapa/card/fol_0000084.smt2,timeout,100.01221799850464,bapa/card/fol_0000084.smt2,timeout,100.00566911697388,card/cvc5_bapa/fol_0000084.smt2,sat,9.88,card/cvc5_bapa/fol_0000084.smt2,unknown,9.785
bapa/card/fol_0000085.smt2,unsat,0.25922107696533203,card/cvc5_bapa/fol_0000085.smt2,unsat,0.18243026733398438,bapa/card/fol_0000085.smt2,unsat,0.17362213134765625,bapa/card/fol_0000085.smt2,timeout,100.00594806671143,card/cvc5_bapa/fol_0000085.smt2,unsat,0.888,card/cvc5_bapa/fol_0000085.smt2,unsat,0.884
bapa/card/fol_0000086.smt2,unsat,2.1323721408843994,card/cvc5_bapa/fol_0000086.smt2,unsat,0.18264174461364746,bapa/card/fol_0000086.smt2,unsat,0.19151902198791504,bapa/card/fol_0000086.smt2,timeout,100.00513005256653,card/cvc5_bapa/fol_0000086.smt2,unsat,0.835,card/cvc5_bapa/fol_0000086.smt2,unsat,0.834
bapa/card/fol_0000087.smt2,unsat,7.245645999908447,card/cvc5_bapa/fol_0000087.smt2,unsat,0.32697486877441406,bapa/card/fol_0000087.smt2,unsat,1.8174059391021729,bapa/card/fol_0000087.smt2,timeout,100.00564312934875,card/cvc5_bapa/fol_0000087.smt2,unsat,4.941,card/cvc5_bapa/fol_0000087.smt2,unsat,5.102
bapa/card/fol_0000088.smt2,timeout,100.00432801246643,card/cvc5_bapa/fol_0000088.smt2,unsat,3.407890796661377,bapa/card/fol_0000088.smt2,unsat,10.792892217636108,bapa/card/fol_0000088.smt2,timeout,100.00764417648315,card/cvc5_bapa/fol_0000088.smt2,unsat,9.604,card/cvc5_bapa/fol_0000088.smt2,unsat,9.656
bapa/card/fol_0000089.smt2,timeout,100.00359010696411,card/cvc5_bapa/fol_0000089.smt2,unsat,3.4698472023010254,bapa/card/fol_0000089.smt2,unsat,39.59766507148743,bapa/card/fol_0000089.smt2,timeout,100.00709080696106,card/cvc5_bapa/fol_0000089.smt2,unsat,9.172,card/cvc5_bapa/fol_0000089.smt2,unsat,9.339
bapa/card/fol_0000090.smt2,sat,0.8165366649627686,card/cvc5_bapa/fol_0000090.smt2,sat,0.33605074882507324,bapa/card/fol_0000090.smt2,sat,3.43515682220459,bapa/card/fol_0000090.smt2,timeout,100.00579929351807,card/cvc5_bapa/fol_0000090.smt2,sat,5.288,card/cvc5_bapa/fol_0000090.smt2,unknown,5.059
bapa/card/fol_0000091.smt2,unsat,0.07898521423339844,card/cvc5_bapa/fol_0000091.smt2,unsat,0.012961149215698242,bapa/card/fol_0000091.smt2,unsat,0.10725927352905273,bapa/card/fol_0000091.smt2,timeout,100.00633311271667,card/cvc5_bapa/fol_0000091.smt2,unsat,0.015,card/cvc5_bapa/fol_0000091.smt2,unsat,0.017
bapa/card/fol_0000092.smt2,unsat,5.171792030334473,card/cvc5_bapa/fol_0000092.smt2,unsat,0.3252220153808594,bapa/card/fol_0000092.smt2,unsat,0.9946398735046387,bapa/card/fol_0000092.smt2,timeout,100.00611710548401,card/cvc5_bapa/fol_0000092.smt2,unsat,5.002,card/cvc5_bapa/fol_0000092.smt2,unsat,4.994
bapa/card/fol_0000093.smt2,unsat,11.781779050827026,card/cvc5_bapa/fol_0000093.smt2,unsat,0.3263721466064453,bapa/card/fol_0000093.smt2,unsat,1.3422279357910156,bapa/card/fol_0000093.smt2,timeout,100.0054121017456,card/cvc5_bapa/fol_0000093.smt2,unsat,4.932,card/cvc5_bapa/fol_0000093.smt2,unsat,4.93
bapa/card/fol_0000094.smt2,unsat,0.8981719017028809,card/cvc5_bapa/fol_0000094.smt2,unsat,0.18076300621032715,bapa/card/fol_0000094.smt2,unsat,0.17832016944885254,bapa/card/fol_0000094.smt2,timeout,100.00506496429443,card/cvc5_bapa/fol_0000094.smt2,unsat,0.88,card/cvc5_bapa/fol_0000094.smt2,unsat,0.874
bapa/card/fol_0000095.smt2,timeout,100.00372099876404,card/cvc5_bapa/fol_0000095.smt2,unsat,3.4132239818573,bapa/card/fol_0000095.smt2,timeout,100.0064389705658,bapa/card/fol_0000095.smt2,timeout,100.00576782226562,card/cvc5_bapa/fol_0000095.smt2,unsat,9.756,card/cvc5_bapa/fol_0000095.smt2,unsat,9.227
bapa/card/fol_0000096.smt2,timeout,100.00854897499084,card/cvc5_bapa/fol_0000096.smt2,timeout,100.0,bapa/card/fol_0000096.smt2,timeout,100.00635290145874,bapa/card/fol_0000096.smt2,timeout,100.00778222084045,card/cvc5_bapa/fol_0000096.smt2,timeout,100.0,card/cvc5_bapa/fol_0000096.smt2,timeout,100.0
bapa/card/fol_0000097.smt2,timeout,100.00482821464539,card/cvc5_bapa/fol_0000097.smt2,timeout,100.0,bapa/card/fol_0000097.smt2,timeout,100.00762009620667,bapa/card/fol_0000097.smt2,timeout,100.00734996795654,card/cvc5_bapa/fol_0000097.smt2,timeout,100.0,card/cvc5_bapa/fol_0000097.smt2,timeout,100.0
bapa/card/fol_0000098.smt2,timeout,100.00684595108032,card/cvc5_bapa/fol_0000098.smt2,timeout,100.0,bapa/card/fol_0000098.smt2,timeout,100.0065279006958,bapa/card/fol_0000098.smt2,timeout,100.00569701194763,card/cvc5_bapa/fol_0000098.smt2,timeout,100.0,card/cvc5_bapa/fol_0000098.smt2,timeout,100.0
bapa/card/fol_0000099.smt2,timeout,100.00334906578064,card/cvc5_bapa/fol_0000099.smt2,timeout,100.0,bapa/card/fol_0000099.smt2,timeout,100.00609302520752,bapa/card/fol_0000099.smt2,timeout,100.00664401054382,card/cvc5_bapa/fol_0000099.smt2,timeout,100.0,card/cvc5_bapa/fol_0000099.smt2,timeout,100.0
bapa/card/fol_0000100.smt2,timeout,100.0065369606018,card/cvc5_bapa/fol_0000100.smt2,timeout,100.0,bapa/card/fol_0000100.smt2,timeout,100.00675010681152,bapa/card/fol_0000100.smt2,timeout,100.00686478614807,card/cvc5_bapa/fol_0000100.smt2,timeout,100.0,card/cvc5_bapa/fol_0000100.smt2,timeout,100.0
bapa/card/fol_0000101.smt2,timeout,100.00446009635925,card/cvc5_bapa/fol_0000101.smt2,sat,0.014689922332763672,bapa/card/fol_0000101.smt2,timeout,100.01205396652222,bapa/card/fol_0000101.smt2,timeout,100.00706577301025,card/cvc5_bapa/fol_0000101.smt2,sat,0.018,card/cvc5_bapa/fol_0000101.smt2,sat,0.019
bapa/card/fol_0000102.smt2,timeout,100.00548815727234,card/cvc5_bapa/fol_0000102.smt2,timeout,100.0,bapa/card/fol_0000102.smt2,timeout,100.00712895393372,bapa/card/fol_0000102.smt2,timeout,100.00671100616455,card/cvc5_bapa/fol_0000102.smt2,timeout,100.0,card/cvc5_bapa/fol_0000102.smt2,timeout,100.0
bapa/card/fol_0000103.smt2,timeout,100.010329246521,card/cvc5_bapa/fol_0000103.smt2,timeout,100.0,bapa/card/fol_0000103.smt2,sat,7.031683921813965,bapa/card/fol_0000103.smt2,timeout,100.0067789554596,card/cvc5_bapa/fol_0000103.smt2,timeout,100.0,card/cvc5_bapa/fol_0000103.smt2,timeout,100.0
bapa/card/fol_0000104.smt2,timeout,100.00645208358765,card/cvc5_bapa/fol_0000104.smt2,timeout,100.0,bapa/card/fol_0000104.smt2,timeout,100.0063910484314,bapa/card/fol_0000104.smt2,timeout,100.00531816482544,card/cvc5_bapa/fol_0000104.smt2,timeout,100.0,card/cvc5_bapa/fol_0000104.smt2,timeout,100.0
bapa/card/fol_0000105.smt2,sat,4.169425964355469,card/cvc5_bapa/fol_0000105.smt2,timeout,100.0,bapa/card/fol_0000105.smt2,timeout,100.00401091575623,bapa/card/fol_0000105.smt2,sat,11.097595930099487,card/cvc5_bapa/fol_0000105.smt2,timeout,100.0,card/cvc5_bapa/fol_0000105.smt2,timeout,100.0
bapa/card/fol_0000106.smt2,timeout,100.00559401512146,card/cvc5_bapa/fol_0000106.smt2,timeout,100.0,bapa/card/fol_0000106.smt2,timeout,100.00626993179321,bapa/card/fol_0000106.smt2,timeout,100.00683784484863,card/cvc5_bapa/fol_0000106.smt2,timeout,100.0,card/cvc5_bapa/fol_0000106.smt2,timeout,100.0
bapa/card/fol_0000107.smt2,timeout,100.00309300422668,card/cvc5_bapa/fol_0000107.smt2,timeout,100.0,bapa/card/fol_0000107.smt2,timeout,100.00617122650146,bapa/card/fol_0000107.smt2,timeout,100.00668215751648,card/cvc5_bapa/fol_0000107.smt2,timeout,100.0,card/cvc5_bapa/fol_0000107.smt2,timeout,100.0
bapa/card/fol_0000108.smt2,sat,0.6757900714874268,card/cvc5_bapa/fol_0000108.smt2,sat,0.01417398452758789,bapa/card/fol_0000108.smt2,timeout,100.0084319114685,bapa/card/fol_0000108.smt2,sat,0.3126802444458008,card/cvc5_bapa/fol_0000108.smt2,sat,0.02,card/cvc5_bapa/fol_0000108.smt2,sat,0.02
bapa/card/fol_0000109.smt2,timeout,100.00505995750427,card/cvc5_bapa/fol_0000109.smt2,sat,5.424818754196167,bapa/card/fol_0000109.smt2,timeout,100.00946998596191,bapa/card/fol_0000109.smt2,timeout,100.00453591346741,card/cvc5_bapa/fol_0000109.smt2,sat,9.337,card/cvc5_bapa/fol_0000109.smt2,unknown,9.361
bapa/card/fol_0000110.smt2,unsat,0.8280940055847168,card/cvc5_bapa/fol_0000110.smt2,unsat,0.18117976188659668,bapa/card/fol_0000110.smt2,unsat,3.9778518676757812,bapa/card/fol_0000110.smt2,timeout,100.00607919692993,card/cvc5_bapa/fol_0000110.smt2,unsat,0.848,card/cvc5_bapa/fol_0000110.smt2,unsat,0.875
bapa/card/fol_0000111.smt2,unsat,2.4427740573883057,card/cvc5_bapa/fol_0000111.smt2,unsat,0.33445119857788086,bapa/card/fol_0000111.smt2,timeout,100.00671195983887,bapa/card/fol_0000111.smt2,timeout,100.00679588317871,card/cvc5_bapa/fol_0000111.smt2,unsat,4.597,card/cvc5_bapa/fol_0000111.smt2,unsat,4.908
bapa/card/fol_0000112.smt2,timeout,100.00560402870178,card/cvc5_bapa/fol_0000112.smt2,unsat,3.484584093093872,bapa/card/fol_0000112.smt2,timeout,100.0062620639801,bapa/card/fol_0000112.smt2,timeout,100.00816893577576,card/cvc5_bapa/fol_0000112.smt2,unsat,9.442,card/cvc5_bapa/fol_0000112.smt2,unsat,9.385
bapa/card/fol_0000113.smt2,timeout,100.01258087158203,card/cvc5_bapa/fol_0000113.smt2,sat,3.9876208305358887,bapa/card/fol_0000113.smt2,timeout,100.00688099861145,bapa/card/fol_0000113.smt2,timeout,100.00543308258057,card/cvc5_bapa/fol_0000113.smt2,sat,84.311,card/cvc5_bapa/fol_0000113.smt2,unknown,49.32
bapa/card/fol_0000114.smt2,unsat,8.217789888381958,card/cvc5_bapa/fol_0000114.smt2,unsat,0.33475685119628906,bapa/card/fol_0000114.smt2,unsat,2.6462621688842773,bapa/card/fol_0000114.smt2,timeout,100.00561690330505,card/cvc5_bapa/fol_0000114.smt2,unsat,4.891,card/cvc5_bapa/fol_0000114.smt2,unsat,4.823
bapa/card/fol_0000115.smt2,unsat,2.6032729148864746,card/cvc5_bapa/fol_0000115.smt2,unsat,0.33080387115478516,bapa/card/fol_0000115.smt2,unsat,1.3619980812072754,bapa/card/fol_0000115.smt2,timeout,100.00620484352112,card/cvc5_bapa/fol_0000115.smt2,unsat,5.084,card/cvc5_bapa/fol_0000115.smt2,unsat,5.079
bapa/card/fol_0000116.smt2,timeout,100.01005387306213,card/cvc5_bapa/fol_0000116.smt2,unsat,3.5344228744506836,bapa/card/fol_0000116.smt2,timeout,100.00607109069824,bapa/card/fol_0000116.smt2,timeout,100.00755190849304,card/cvc5_bapa/fol_0000116.smt2,sat,75.763,card/cvc5_bapa/fol_0000116.smt2,unknown,53.97
bapa/card/fol_0000117.smt2,timeout,100.00766181945801,card/cvc5_bapa/fol_0000117.smt2,sat,3.930158853530884,bapa/card/fol_0000117.smt2,timeout,100.00315380096436,bapa/card/fol_0000117.smt2,timeout,100.00723814964294,card/cvc5_bapa/fol_0000117.smt2,sat,50.265,card/cvc5_bapa/fol_0000117.smt2,unknown,78.166
bapa/card/fol_0000118.smt2,timeout,100.00562191009521,card/cvc5_bapa/fol_0000118.smt2,timeout,100.0,bapa/card/fol_0000118.smt2,timeout,100.00592279434204,bapa/card/fol_0000118.smt2,timeout,100.00510597229004,card/cvc5_bapa/fol_0000118.smt2,timeout,100.0,card/cvc5_bapa/fol_0000118.smt2,timeout,100.0
bapa/card/fol_0000119.smt2,timeout,100.0061559677124,card/cvc5_bapa/fol_0000119.smt2,unsat,3.407473087310791,bapa/card/fol_0000119.smt2,unsat,30.559627771377563,bapa/card/fol_0000119.smt2,timeout,100.00920867919922,card/cvc5_bapa/fol_0000119.smt2,unsat,9.086,card/cvc5_bapa/fol_0000119.smt2,unsat,9.091
bapa/card/fol_0000120.smt2,timeout,100.00795006752014,card/cvc5_bapa/fol_0000120.smt2,unsat,3.5231800079345703,bapa/card/fol_0000120.smt2,timeout,100.00853705406189,bapa/card/fol_0000120.smt2,timeout,100.00908088684082,card/cvc5_bapa/fol_0000120.smt2,sat,56.617,card/cvc5_bapa/fol_0000120.smt2,unknown,63.117
bapa/arith/fol_0000001.smt2,sat,0.5343060493469238,arith/cvc5_mapa/fol_0000001.smt2,sat,0.009219884872436523,bapa/arith/fol_0000001.smt2,sat,0.6926610469818115,bapa/arith/fol_0000001.smt2,sat,0.10803771018981934,arith/cvc5_mapa/fol_0000001.smt2,sat,0.325,arith/cvc5_mapa/fol_0000001.smt2,sat,0.24
bapa/arith/fol_0000002.smt2,sat,0.0832371711730957,arith/cvc5_mapa/fol_0000002.smt2,sat,0.010670900344848633,bapa/arith/fol_0000002.smt2,sat,0.21534204483032227,bapa/arith/fol_0000002.smt2,sat,0.10697436332702637,arith/cvc5_mapa/fol_0000002.smt2,sat,0.014,arith/cvc5_mapa/fol_0000002.smt2,sat,0.01
bapa/arith/fol_0000003.smt2,sat,0.14669322967529297,arith/cvc5_mapa/fol_0000003.smt2,sat,0.010092020034790039,bapa/arith/fol_0000003.smt2,sat,0.21484804153442383,bapa/arith/fol_0000003.smt2,sat,0.10673403739929199,arith/cvc5_mapa/fol_0000003.smt2,sat,0.013,arith/cvc5_mapa/fol_0000003.smt2,sat,0.01
bapa/arith/fol_0000004.smt2,sat,0.1432788372039795,arith/cvc5_mapa/fol_0000004.smt2,sat,0.011561155319213867,bapa/arith/fol_0000004.smt2,sat,0.21458673477172852,bapa/arith/fol_0000004.smt2,sat,0.10838484764099121,arith/cvc5_mapa/fol_0000004.smt2,sat,0.014,arith/cvc5_mapa/fol_0000004.smt2,sat,0.011
bapa/arith/fol_0000005.smt2,sat,0.14057326316833496,arith/cvc5_mapa/fol_0000005.smt2,sat,0.010184764862060547,bapa/arith/fol_0000005.smt2,sat,0.11101984977722168,bapa/arith/fol_0000005.smt2,sat,0.10702705383300781,arith/cvc5_mapa/fol_0000005.smt2,sat,0.012,arith/cvc5_mapa/fol_0000005.smt2,sat,0.011
bapa/arith/fol_0000006.smt2,sat,0.08410978317260742,arith/cvc5_mapa/fol_0000006.smt2,sat,0.01109004020690918,bapa/arith/fol_0000006.smt2,sat,0.21900629997253418,bapa/arith/fol_0000006.smt2,sat,0.10701394081115723,arith/cvc5_mapa/fol_0000006.smt2,sat,0.009,arith/cvc5_mapa/fol_0000006.smt2,sat,0.011
bapa/arith/fol_0000007.smt2,sat,0.14576292037963867,arith/cvc5_mapa/fol_0000007.smt2,sat,0.010721921920776367,bapa/arith/fol_0000007.smt2,sat,0.21925020217895508,bapa/arith/fol_0000007.smt2,sat,0.10747098922729492,arith/cvc5_mapa/fol_0000007.smt2,sat,0.01,arith/cvc5_mapa/fol_0000007.smt2,sat,0.011
bapa/arith/fol_0000008.smt2,sat,0.14197802543640137,arith/cvc5_mapa/fol_0000008.smt2,sat,0.009607791900634766,bapa/arith/fol_0000008.smt2,sat,0.21729302406311035,bapa/arith/fol_0000008.smt2,sat,0.10638785362243652,arith/cvc5_mapa/fol_0000008.smt2,sat,0.012,arith/cvc5_mapa/fol_0000008.smt2,sat,0.011
bapa/arith/fol_0000009.smt2,sat,0.14487171173095703,arith/cvc5_mapa/fol_0000009.smt2,sat,0.00924992561340332,bapa/arith/fol_0000009.smt2,sat,0.20957183837890625,bapa/arith/fol_0000009.smt2,sat,0.10763001441955566,arith/cvc5_mapa/fol_0000009.smt2,sat,0.011,arith/cvc5_mapa/fol_0000009.smt2,sat,0.011
bapa/arith/fol_0000010.smt2,sat,0.14532899856567383,arith/cvc5_mapa/fol_0000010.smt2,sat,0.009688854217529297,bapa/arith/fol_0000010.smt2,sat,0.10616087913513184,bapa/arith/fol_0000010.smt2,sat,0.1064307689666748,arith/cvc5_mapa/fol_0000010.smt2,sat,0.013,arith/cvc5_mapa/fol_0000010.smt2,sat,0.011
bapa/arith/fol_0000011.smt2,sat,0.14758586883544922,arith/cvc5_mapa/fol_0000011.smt2,sat,0.009421110153198242,bapa/arith/fol_0000011.smt2,sat,0.21604204177856445,bapa/arith/fol_0000011.smt2,sat,0.11010980606079102,arith/cvc5_mapa/fol_0000011.smt2,sat,0.012,arith/cvc5_mapa/fol_0000011.smt2,sat,0.011
bapa/arith/fol_0000012.smt2,sat,0.14736700057983398,arith/cvc5_mapa/fol_0000012.smt2,sat,0.008478879928588867,bapa/arith/fol_0000012.smt2,sat,0.21738290786743164,bapa/arith/fol_0000012.smt2,sat,0.10799694061279297,arith/cvc5_mapa/fol_0000012.smt2,sat,0.013,arith/cvc5_mapa/fol_0000012.smt2,sat,0.011
bapa/arith/fol_0000013.smt2,sat,0.15010714530944824,arith/cvc5_mapa/fol_0000013.smt2,sat,0.009325981140136719,bapa/arith/fol_0000013.smt2,sat,0.21491003036499023,bapa/arith/fol_0000013.smt2,sat,0.10877609252929688,arith/cvc5_mapa/fol_0000013.smt2,sat,0.011,arith/cvc5_mapa/fol_0000013.smt2,sat,0.011
bapa/arith/fol_0000014.smt2,sat,0.14820408821105957,arith/cvc5_mapa/fol_0000014.smt2,sat,0.008234977722167969,bapa/arith/fol_0000014.smt2,sat,0.11145305633544922,bapa/arith/fol_0000014.smt2,sat,0.11045575141906738,arith/cvc5_mapa/fol_0000014.smt2,sat,0.012,arith/cvc5_mapa/fol_0000014.smt2,sat,0.012
bapa/arith/fol_0000015.smt2,sat,0.1505141258239746,arith/cvc5_mapa/fol_0000015.smt2,sat,0.00927114486694336,bapa/arith/fol_0000015.smt2,sat,0.11233711242675781,bapa/arith/fol_0000015.smt2,sat,0.10947394371032715,arith/cvc5_mapa/fol_0000015.smt2,sat,0.011,arith/cvc5_mapa/fol_0000015.smt2,sat,0.013
bapa/arith/fol_0000016.smt2,sat,0.08298993110656738,arith/cvc5_mapa/fol_0000016.smt2,sat,0.009490013122558594,bapa/arith/fol_0000016.smt2,sat,0.21547794342041016,bapa/arith/fol_0000016.smt2,sat,0.1079568862915039,arith/cvc5_mapa/fol_0000016.smt2,sat,0.012,arith/cvc5_mapa/fol_0000016.smt2,sat,0.013
bapa/arith/fol_0000017.smt2,sat,0.0850229263305664,arith/cvc5_mapa/fol_0000017.smt2,sat,0.009341001510620117,bapa/arith/fol_0000017.smt2,sat,0.22609734535217285,bapa/arith/fol_0000017.smt2,sat,0.10971307754516602,arith/cvc5_mapa/fol_0000017.smt2,sat,0.012,arith/cvc5_mapa/fol_0000017.smt2,sat,0.013
bapa/arith/fol_0000018.smt2,sat,0.149245023727417,arith/cvc5_mapa/fol_0000018.smt2,sat,0.008185148239135742,bapa/arith/fol_0000018.smt2,sat,0.21887421607971191,bapa/arith/fol_0000018.smt2,sat,0.10834789276123047,arith/cvc5_mapa/fol_0000018.smt2,sat,0.01,arith/cvc5_mapa/fol_0000018.smt2,sat,0.012
bapa/arith/fol_0000019.smt2,sat,0.15553879737854004,arith/cvc5_mapa/fol_0000019.smt2,sat,0.010871171951293945,bapa/arith/fol_0000019.smt2,sat,0.11960387229919434,bapa/arith/fol_0000019.smt2,sat,0.1170949935913086,arith/cvc5_mapa/fol_0000019.smt2,sat,0.012,arith/cvc5_mapa/fol_0000019.smt2,sat,0.008
bapa/arith/fol_0000020.smt2,sat,0.08711433410644531,arith/cvc5_mapa/fol_0000020.smt2,sat,0.010589838027954102,bapa/arith/fol_0000020.smt2,sat,0.22146987915039062,bapa/arith/fol_0000020.smt2,sat,0.11241388320922852,arith/cvc5_mapa/fol_0000020.smt2,sat,0.012,arith/cvc5_mapa/fol_0000020.smt2,sat,0.012
bapa/arith/fol_0000021.smt2,unsat,0.07291603088378906,arith/cvc5_mapa/fol_0000021.smt2,unsat,0.009706735610961914,bapa/arith/fol_0000021.smt2,unsat,0.09305500984191895,bapa/arith/fol_0000021.smt2,unsat,0.14991307258605957,arith/cvc5_mapa/fol_0000021.smt2,unsat,0.055,arith/cvc5_mapa/fol_0000021.smt2,unsat,0.049
bapa/arith/fol_0000022.smt2,sat,0.14922213554382324,arith/cvc5_mapa/fol_0000022.smt2,sat,0.009684085845947266,bapa/arith/fol_0000022.smt2,sat,0.22960495948791504,bapa/arith/fol_0000022.smt2,sat,0.11340117454528809,arith/cvc5_mapa/fol_0000022.smt2,sat,0.012,arith/cvc5_mapa/fol_0000022.smt2,sat,0.011
bapa/arith/fol_0000023.smt2,unsat,0.07464981079101562,arith/cvc5_mapa/fol_0000023.smt2,unsat,0.009550094604492188,bapa/arith/fol_0000023.smt2,unsat,0.09323596954345703,bapa/arith/fol_0000023.smt2,unsat,0.1518709659576416,arith/cvc5_mapa/fol_0000023.smt2,unsat,0.013,arith/cvc5_mapa/fol_0000023.smt2,unsat,0.015
bapa/arith/fol_0000024.smt2,sat,0.0903928279876709,arith/cvc5_mapa/fol_0000024.smt2,sat,0.010245800018310547,bapa/arith/fol_0000024.smt2,sat,0.12241315841674805,bapa/arith/fol_0000024.smt2,sat,0.11833596229553223,arith/cvc5_mapa/fol_0000024.smt2,sat,0.012,arith/cvc5_mapa/fol_0000024.smt2,sat,0.011
bapa/arith/fol_0000025.smt2,sat,0.14496588706970215,arith/cvc5_mapa/fol_0000025.smt2,sat,0.009758234024047852,bapa/arith/fol_0000025.smt2,sat,0.21103930473327637,bapa/arith/fol_0000025.smt2,sat,0.10710978507995605,arith/cvc5_mapa/fol_0000025.smt2,sat,0.011,arith/cvc5_mapa/fol_0000025.smt2,sat,0.012
bapa/arith/fol_0000026.smt2,sat,0.14931488037109375,arith/cvc5_mapa/fol_0000026.smt2,sat,0.008070230484008789,bapa/arith/fol_0000026.smt2,sat,0.22085118293762207,bapa/arith/fol_0000026.smt2,sat,0.11171126365661621,arith/cvc5_mapa/fol_0000026.smt2,sat,0.011,arith/cvc5_mapa/fol_0000026.smt2,sat,0.012
bapa/arith/fol_0000027.smt2,sat,0.14851617813110352,arith/cvc5_mapa/fol_0000027.smt2,sat,0.00896000862121582,bapa/arith/fol_0000027.smt2,sat,0.2209470272064209,bapa/arith/fol_0000027.smt2,sat,0.10980725288391113,arith/cvc5_mapa/fol_0000027.smt2,sat,0.012,arith/cvc5_mapa/fol_0000027.smt2,sat,0.013
bapa/arith/fol_0000028.smt2,unsat,0.07907724380493164,arith/cvc5_mapa/fol_0000028.smt2,unsat,0.019469022750854492,bapa/arith/fol_0000028.smt2,unsat,0.7714390754699707,bapa/arith/fol_0000028.smt2,unsat,0.12332797050476074,arith/cvc5_mapa/fol_0000028.smt2,unsat,0.1,arith/cvc5_mapa/fol_0000028.smt2,unsat,0.096
bapa/arith/fol_0000029.smt2,sat,0.16834211349487305,arith/cvc5_mapa/fol_0000029.smt2,sat,0.010869026184082031,bapa/arith/fol_0000029.smt2,sat,0.19336223602294922,bapa/arith/fol_0000029.smt2,sat,0.09696197509765625,arith/cvc5_mapa/fol_0000029.smt2,sat,0.013,arith/cvc5_mapa/fol_0000029.smt2,sat,0.013
bapa/arith/fol_0000030.smt2,unsat,0.07187509536743164,arith/cvc5_mapa/fol_0000030.smt2,unsat,0.009015083312988281,bapa/arith/fol_0000030.smt2,unsat,0.09244012832641602,bapa/arith/fol_0000030.smt2,unsat,0.14557099342346191,arith/cvc5_mapa/fol_0000030.smt2,unsat,0.016,arith/cvc5_mapa/fol_0000030.smt2,unsat,0.015
bapa/arith/fol_0000031.smt2,sat,0.14797687530517578,arith/cvc5_mapa/fol_0000031.smt2,sat,0.008317947387695312,bapa/arith/fol_0000031.smt2,sat,0.22438716888427734,bapa/arith/fol_0000031.smt2,sat,0.11008167266845703,arith/cvc5_mapa/fol_0000031.smt2,sat,0.012,arith/cvc5_mapa/fol_0000031.smt2,sat,0.012
bapa/arith/fol_0000032.smt2,unsat,0.07255387306213379,arith/cvc5_mapa/fol_0000032.smt2,unsat,0.008733987808227539,bapa/arith/fol_0000032.smt2,unsat,0.0926210880279541,bapa/arith/fol_0000032.smt2,unsat,0.14587092399597168,arith/cvc5_mapa/fol_0000032.smt2,unsat,0.016,arith/cvc5_mapa/fol_0000032.smt2,unsat,0.015
bapa/arith/fol_0000033.smt2,sat,0.15653109550476074,arith/cvc5_mapa/fol_0000033.smt2,sat,0.008332014083862305,bapa/arith/fol_0000033.smt2,sat,0.2322981357574463,bapa/arith/fol_0000033.smt2,sat,0.11615800857543945,arith/cvc5_mapa/fol_0000033.smt2,sat,0.012,arith/cvc5_mapa/fol_0000033.smt2,sat,0.012
bapa/arith/fol_0000034.smt2,unsat,0.07184529304504395,arith/cvc5_mapa/fol_0000034.smt2,unsat,0.008718013763427734,bapa/arith/fol_0000034.smt2,unsat,0.09031295776367188,bapa/arith/fol_0000034.smt2,unsat,0.14810514450073242,arith/cvc5_mapa/fol_0000034.smt2,unsat,0.015,arith/cvc5_mapa/fol_0000034.smt2,unsat,0.015
bapa/arith/fol_0000035.smt2,sat,0.151076078414917,arith/cvc5_mapa/fol_0000035.smt2,sat,0.008824825286865234,bapa/arith/fol_0000035.smt2,sat,0.22858428955078125,bapa/arith/fol_0000035.smt2,sat,0.11366796493530273,arith/cvc5_mapa/fol_0000035.smt2,sat,0.011,arith/cvc5_mapa/fol_0000035.smt2,sat,0.013
bapa/arith/fol_0000036.smt2,sat,0.14619088172912598,arith/cvc5_mapa/fol_0000036.smt2,sat,0.009033918380737305,bapa/arith/fol_0000036.smt2,sat,0.20200395584106445,bapa/arith/fol_0000036.smt2,sat,0.10623693466186523,arith/cvc5_mapa/fol_0000036.smt2,sat,0.012,arith/cvc5_mapa/fol_0000036.smt2,sat,0.011
bapa/arith/fol_0000037.smt2,sat,0.14859294891357422,arith/cvc5_mapa/fol_0000037.smt2,sat,0.008500814437866211,bapa/arith/fol_0000037.smt2,sat,0.21612906455993652,bapa/arith/fol_0000037.smt2,sat,0.1109168529510498,arith/cvc5_mapa/fol_0000037.smt2,sat,0.012,arith/cvc5_mapa/fol_0000037.smt2,sat,0.012
bapa/arith/fol_0000038.smt2,unsat,0.07134795188903809,arith/cvc5_mapa/fol_0000038.smt2,unsat,0.009097099304199219,bapa/arith/fol_0000038.smt2,unsat,0.08961009979248047,bapa/arith/fol_0000038.smt2,unsat,0.14838600158691406,arith/cvc5_mapa/fol_0000038.smt2,unsat,0.014,arith/cvc5_mapa/fol_0000038.smt2,unsat,0.015
bapa/arith/fol_0000039.smt2,sat,0.08662080764770508,arith/cvc5_mapa/fol_0000039.smt2,sat,0.008545875549316406,bapa/arith/fol_0000039.smt2,sat,0.22061800956726074,bapa/arith/fol_0000039.smt2,sat,0.11228704452514648,arith/cvc5_mapa/fol_0000039.smt2,sat,0.012,arith/cvc5_mapa/fol_0000039.smt2,sat,0.012
bapa/arith/fol_0000040.smt2,unsat,0.07362794876098633,arith/cvc5_mapa/fol_0000040.smt2,unsat,0.009316682815551758,bapa/arith/fol_0000040.smt2,unsat,0.09365606307983398,bapa/arith/fol_0000040.smt2,unsat,0.1522998809814453,arith/cvc5_mapa/fol_0000040.smt2,unsat,0.015,arith/cvc5_mapa/fol_0000040.smt2,unsat,0.015
bapa/arith/fol_0000041.smt2,sat,0.14882302284240723,arith/cvc5_mapa/fol_0000041.smt2,sat,0.008791208267211914,bapa/arith/fol_0000041.smt2,sat,0.22433686256408691,bapa/arith/fol_0000041.smt2,sat,0.11177897453308105,arith/cvc5_mapa/fol_0000041.smt2,sat,0.012,arith/cvc5_mapa/fol_0000041.smt2,sat,0.012
bapa/arith/fol_0000042.smt2,sat,0.14389610290527344,arith/cvc5_mapa/fol_0000042.smt2,sat,0.008754968643188477,bapa/arith/fol_0000042.smt2,sat,0.2109050750732422,bapa/arith/fol_0000042.smt2,sat,0.10495615005493164,arith/cvc5_mapa/fol_0000042.smt2,sat,0.012,arith/cvc5_mapa/fol_0000042.smt2,sat,0.012
bapa/arith/fol_0000043.smt2,sat,0.11687874794006348,arith/cvc5_mapa/fol_0000043.smt2,sat,0.008578777313232422,bapa/arith/fol_0000043.smt2,sat,0.25214409828186035,bapa/arith/fol_0000043.smt2,sat,0.09169507026672363,arith/cvc5_mapa/fol_0000043.smt2,sat,0.012,arith/cvc5_mapa/fol_0000043.smt2,sat,0.012
bapa/arith/fol_0000044.smt2,sat,0.08664393424987793,arith/cvc5_mapa/fol_0000044.smt2,sat,0.009399890899658203,bapa/arith/fol_0000044.smt2,sat,0.21927404403686523,bapa/arith/fol_0000044.smt2,sat,0.10924911499023438,arith/cvc5_mapa/fol_0000044.smt2,sat,0.012,arith/cvc5_mapa/fol_0000044.smt2,sat,0.012
bapa/arith/fol_0000045.smt2,unsat,0.1487107276916504,arith/cvc5_mapa/fol_0000045.smt2,unsat,0.020217180252075195,bapa/arith/fol_0000045.smt2,unsat,0.1441631317138672,bapa/arith/fol_0000045.smt2,unsat,0.13026690483093262,arith/cvc5_mapa/fol_0000045.smt2,unsat,0.055,arith/cvc5_mapa/fol_0000045.smt2,unsat,0.054
bapa/arith/fol_0000046.smt2,sat,0.13071703910827637,arith/cvc5_mapa/fol_0000046.smt2,sat,0.01156306266784668,bapa/arith/fol_0000046.smt2,sat,0.2030317783355713,bapa/arith/fol_0000046.smt2,sat,0.10031485557556152,arith/cvc5_mapa/fol_0000046.smt2,sat,0.013,arith/cvc5_mapa/fol_0000046.smt2,sat,0.014
bapa/arith/fol_0000047.smt2,unsat,0.08758091926574707,arith/cvc5_mapa/fol_0000047.smt2,unsat,0.02037501335144043,bapa/arith/fol_0000047.smt2,unsat,0.18428778648376465,bapa/arith/fol_0000047.smt2,unsat,0.13776874542236328,arith/cvc5_mapa/fol_0000047.smt2,unsat,0.053,arith/cvc5_mapa/fol_0000047.smt2,unsat,0.053
bapa/arith/fol_0000048.smt2,sat,0.18557405471801758,arith/cvc5_mapa/fol_0000048.smt2,sat,0.011032819747924805,bapa/arith/fol_0000048.smt2,sat,0.21568083763122559,bapa/arith/fol_0000048.smt2,sat,0.10665392875671387,arith/cvc5_mapa/fol_0000048.smt2,sat,0.014,arith/cvc5_mapa/fol_0000048.smt2,sat,0.014
bapa/arith/fol_0000049.smt2,sat,0.19730710983276367,arith/cvc5_mapa/fol_0000049.smt2,sat,0.01141500473022461,bapa/arith/fol_0000049.smt2,sat,0.29677796363830566,bapa/arith/fol_0000049.smt2,sat,0.11185288429260254,arith/cvc5_mapa/fol_0000049.smt2,sat,0.013,arith/cvc5_mapa/fol_0000049.smt2,sat,0.013
bapa/arith/fol_0000050.smt2,sat,0.07375979423522949,arith/cvc5_mapa/fol_0000050.smt2,sat,0.011061906814575195,bapa/arith/fol_0000050.smt2,sat,0.07548403739929199,bapa/arith/fol_0000050.smt2,sat,0.07550430297851562,arith/cvc5_mapa/fol_0000050.smt2,sat,0.014,arith/cvc5_mapa/fol_0000050.smt2,sat,0.012
bapa/arith/fol_0000051.smt2,sat,0.18144702911376953,arith/cvc5_mapa/fol_0000051.smt2,sat,0.009438037872314453,bapa/arith/fol_0000051.smt2,sat,0.20136404037475586,bapa/arith/fol_0000051.smt2,sat,0.10493087768554688,arith/cvc5_mapa/fol_0000051.smt2,sat,0.011,arith/cvc5_mapa/fol_0000051.smt2,sat,0.013
bapa/arith/fol_0000052.smt2,sat,0.18249917030334473,arith/cvc5_mapa/fol_0000052.smt2,sat,0.010571002960205078,bapa/arith/fol_0000052.smt2,sat,0.28713417053222656,bapa/arith/fol_0000052.smt2,sat,0.10672616958618164,arith/cvc5_mapa/fol_0000052.smt2,sat,0.012,arith/cvc5_mapa/fol_0000052.smt2,sat,0.013
bapa/arith/fol_0000053.smt2,sat,0.18276095390319824,arith/cvc5_mapa/fol_0000053.smt2,sat,0.010879993438720703,bapa/arith/fol_0000053.smt2,sat,0.20977210998535156,bapa/arith/fol_0000053.smt2,sat,0.10799694061279297,arith/cvc5_mapa/fol_0000053.smt2,sat,0.012,arith/cvc5_mapa/fol_0000053.smt2,sat,0.012
bapa/arith/fol_0000054.smt2,sat,0.1812877655029297,arith/cvc5_mapa/fol_0000054.smt2,sat,0.01024937629699707,bapa/arith/fol_0000054.smt2,sat,0.28823113441467285,bapa/arith/fol_0000054.smt2,sat,0.12927794456481934,arith/cvc5_mapa/fol_0000054.smt2,sat,0.012,arith/cvc5_mapa/fol_0000054.smt2,sat,0.012
bapa/arith/fol_0000055.smt2,unsat,0.07904314994812012,arith/cvc5_mapa/fol_0000055.smt2,unsat,0.008919954299926758,bapa/arith/fol_0000055.smt2,unsat,0.09987616539001465,bapa/arith/fol_0000055.smt2,unsat,0.1600661277770996,arith/cvc5_mapa/fol_0000055.smt2,unsat,0.013,arith/cvc5_mapa/fol_0000055.smt2,unsat,0.015
bapa/arith/fol_0000056.smt2,sat,0.15965914726257324,arith/cvc5_mapa/fol_0000056.smt2,sat,0.009581804275512695,bapa/arith/fol_0000056.smt2,sat,0.24044203758239746,bapa/arith/fol_0000056.smt2,sat,0.11929488182067871,arith/cvc5_mapa/fol_0000056.smt2,sat,0.012,arith/cvc5_mapa/fol_0000056.smt2,sat,0.012
bapa/arith/fol_0000057.smt2,sat,0.17526721954345703,arith/cvc5_mapa/fol_0000057.smt2,sat,0.009007930755615234,bapa/arith/fol_0000057.smt2,sat,0.19520998001098633,bapa/arith/fol_0000057.smt2,sat,0.09746479988098145,arith/cvc5_mapa/fol_0000057.smt2,sat,0.012,arith/cvc5_mapa/fol_0000057.smt2,sat,0.011
bapa/arith/fol_0000058.smt2,unsat,0.07170581817626953,arith/cvc5_mapa/fol_0000058.smt2,unsat,0.014304876327514648,bapa/arith/fol_0000058.smt2,unsat,0.7476999759674072,bapa/arith/fol_0000058.smt2,unsat,0.11627817153930664,arith/cvc5_mapa/fol_0000058.smt2,unsat,0.044,arith/cvc5_mapa/fol_0000058.smt2,unsat,0.045
bapa/arith/fol_0000059.smt2,unsat,0.07109689712524414,arith/cvc5_mapa/fol_0000059.smt2,unsat,0.00929880142211914,bapa/arith/fol_0000059.smt2,unsat,0.08970022201538086,bapa/arith/fol_0000059.smt2,unsat,0.1468360424041748,arith/cvc5_mapa/fol_0000059.smt2,unsat,0.014,arith/cvc5_mapa/fol_0000059.smt2,unsat,0.014
bapa/arith/fol_0000060.smt2,unsat,0.15262794494628906,arith/cvc5_mapa/fol_0000060.smt2,unsat,0.02095198631286621,bapa/arith/fol_0000060.smt2,unsat,0.3648498058319092,bapa/arith/fol_0000060.smt2,unsat,0.12843990325927734,arith/cvc5_mapa/fol_0000060.smt2,unsat,0.051,arith/cvc5_mapa/fol_0000060.smt2,unsat,0.051
bapa/arith/fol_0000061.smt2,unsat,0.1432950496673584,arith/cvc5_mapa/fol_0000061.smt2,unsat,0.02002573013305664,bapa/arith/fol_0000061.smt2,unsat,0.322739839553833,bapa/arith/fol_0000061.smt2,unsat,0.12544989585876465,arith/cvc5_mapa/fol_0000061.smt2,unsat,0.049,arith/cvc5_mapa/fol_0000061.smt2,unsat,0.049
bapa/arith/fol_0000062.smt2,sat,0.1777939796447754,arith/cvc5_mapa/fol_0000062.smt2,sat,0.011113166809082031,bapa/arith/fol_0000062.smt2,sat,0.2665829658508301,bapa/arith/fol_0000062.smt2,sat,0.10029792785644531,arith/cvc5_mapa/fol_0000062.smt2,sat,0.014,arith/cvc5_mapa/fol_0000062.smt2,sat,0.013
bapa/arith/fol_0000063.smt2,unsat,0.14013290405273438,arith/cvc5_mapa/fol_0000063.smt2,unsat,0.01926708221435547,bapa/arith/fol_0000063.smt2,unsat,0.16444921493530273,bapa/arith/fol_0000063.smt2,unsat,0.12859201431274414,arith/cvc5_mapa/fol_0000063.smt2,unsat,0.048,arith/cvc5_mapa/fol_0000063.smt2,unsat,0.049
bapa/arith/fol_0000064.smt2,unsat,0.07396316528320312,arith/cvc5_mapa/fol_0000064.smt2,unsat,0.009722232818603516,bapa/arith/fol_0000064.smt2,unsat,0.09247088432312012,bapa/arith/fol_0000064.smt2,unsat,0.1517939567565918,arith/cvc5_mapa/fol_0000064.smt2,unsat,0.014,arith/cvc5_mapa/fol_0000064.smt2,unsat,0.014
bapa/arith/fol_0000065.smt2,unsat,0.08246612548828125,arith/cvc5_mapa/fol_0000065.smt2,unsat,0.021312952041625977,bapa/arith/fol_0000065.smt2,unsat,0.14404582977294922,bapa/arith/fol_0000065.smt2,unsat,0.12932515144348145,arith/cvc5_mapa/fol_0000065.smt2,unsat,0.051,arith/cvc5_mapa/fol_0000065.smt2,unsat,0.05
bapa/arith/fol_0000066.smt2,unsat,0.14888405799865723,arith/cvc5_mapa/fol_0000066.smt2,unsat,0.020975112915039062,bapa/arith/fol_0000066.smt2,unsat,0.29189109802246094,bapa/arith/fol_0000066.smt2,unsat,0.1332700252532959,arith/cvc5_mapa/fol_0000066.smt2,unsat,0.05,arith/cvc5_mapa/fol_0000066.smt2,unsat,0.048
bapa/arith/fol_0000067.smt2,unsat,0.14557099342346191,arith/cvc5_mapa/fol_0000067.smt2,unsat,0.020424365997314453,bapa/arith/fol_0000067.smt2,unsat,0.3762240409851074,bapa/arith/fol_0000067.smt2,unsat,0.12793278694152832,arith/cvc5_mapa/fol_0000067.smt2,unsat,0.05,arith/cvc5_mapa/fol_0000067.smt2,unsat,0.067
bapa/arith/fol_0000068.smt2,unsat,0.08214497566223145,arith/cvc5_mapa/fol_0000068.smt2,unsat,0.020374059677124023,bapa/arith/fol_0000068.smt2,unsat,2.465473175048828,bapa/arith/fol_0000068.smt2,unsat,0.12884879112243652,arith/cvc5_mapa/fol_0000068.smt2,unsat,0.051,arith/cvc5_mapa/fol_0000068.smt2,unsat,0.045
bapa/arith/fol_0000069.smt2,sat,0.17342185974121094,arith/cvc5_mapa/fol_0000069.smt2,sat,0.010783910751342773,bapa/arith/fol_0000069.smt2,sat,0.2630140781402588,bapa/arith/fol_0000069.smt2,sat,0.10118603706359863,arith/cvc5_mapa/fol_0000069.smt2,sat,0.014,arith/cvc5_mapa/fol_0000069.smt2,sat,0.013
bapa/arith/fol_0000070.smt2,unsat,0.15972304344177246,arith/cvc5_mapa/fol_0000070.smt2,unsat,0.01994490623474121,bapa/arith/fol_0000070.smt2,unsat,0.5519809722900391,bapa/arith/fol_0000070.smt2,unsat,0.13666629791259766,arith/cvc5_mapa/fol_0000070.smt2,unsat,0.05,arith/cvc5_mapa/fol_0000070.smt2,unsat,0.049
bapa/arith/fol_0000071.smt2,sat,0.2114098072052002,arith/cvc5_mapa/fol_0000071.smt2,sat,0.010828018188476562,bapa/arith/fol_0000071.smt2,sat,0.2836112976074219,bapa/arith/fol_0000071.smt2,sat,0.10542607307434082,arith/cvc5_mapa/fol_0000071.smt2,sat,0.014,arith/cvc5_mapa/fol_0000071.smt2,sat,0.014
bapa/arith/fol_0000072.smt2,sat,0.1835460662841797,arith/cvc5_mapa/fol_0000072.smt2,sat,0.011399984359741211,bapa/arith/fol_0000072.smt2,sat,0.27762818336486816,bapa/arith/fol_0000072.smt2,sat,0.10566210746765137,arith/cvc5_mapa/fol_0000072.smt2,sat,0.013,arith/cvc5_mapa/fol_0000072.smt2,sat,0.013
bapa/arith/fol_0000073.smt2,sat,0.07145905494689941,arith/cvc5_mapa/fol_0000073.smt2,sat,0.010676860809326172,bapa/arith/fol_0000073.smt2,sat,0.07268786430358887,bapa/arith/fol_0000073.smt2,sat,0.07455205917358398,arith/cvc5_mapa/fol_0000073.smt2,sat,0.012,arith/cvc5_mapa/fol_0000073.smt2,sat,0.013
bapa/arith/fol_0000074.smt2,sat,0.18631386756896973,arith/cvc5_mapa/fol_0000074.smt2,sat,0.011939048767089844,bapa/arith/fol_0000074.smt2,sat,0.2097790241241455,bapa/arith/fol_0000074.smt2,sat,0.10423088073730469,arith/cvc5_mapa/fol_0000074.smt2,sat,0.012,arith/cvc5_mapa/fol_0000074.smt2,sat,0.013
bapa/arith/fol_0000075.smt2,sat,0.12686395645141602,arith/cvc5_mapa/fol_0000075.smt2,sat,0.01036691665649414,bapa/arith/fol_0000075.smt2,sat,0.19733810424804688,bapa/arith/fol_0000075.smt2,sat,0.09834098815917969,arith/cvc5_mapa/fol_0000075.smt2,sat,0.011,arith/cvc5_mapa/fol_0000075.smt2,sat,0.014
bapa/arith/fol_0000076.smt2,sat,0.19985485076904297,arith/cvc5_mapa/fol_0000076.smt2,sat,0.01246190071105957,bapa/arith/fol_0000076.smt2,sat,0.2873060703277588,bapa/arith/fol_0000076.smt2,sat,0.10833215713500977,arith/cvc5_mapa/fol_0000076.smt2,sat,0.012,arith/cvc5_mapa/fol_0000076.smt2,sat,0.013
bapa/arith/fol_0000077.smt2,sat,0.18805384635925293,arith/cvc5_mapa/fol_0000077.smt2,sat,0.010412931442260742,bapa/arith/fol_0000077.smt2,sat,0.2841370105743408,bapa/arith/fol_0000077.smt2,sat,0.10735392570495605,arith/cvc5_mapa/fol_0000077.smt2,sat,0.011,arith/cvc5_mapa/fol_0000077.smt2,sat,0.013
bapa/arith/fol_0000078.smt2,unsat,0.08163666725158691,arith/cvc5_mapa/fol_0000078.smt2,unsat,0.008725166320800781,bapa/arith/fol_0000078.smt2,unsat,0.10177421569824219,bapa/arith/fol_0000078.smt2,unsat,0.1620161533355713,arith/cvc5_mapa/fol_0000078.smt2,unsat,0.013,arith/cvc5_mapa/fol_0000078.smt2,unsat,0.016
bapa/arith/fol_0000079.smt2,sat,0.17339587211608887,arith/cvc5_mapa/fol_0000079.smt2,sat,0.01053309440612793,bapa/arith/fol_0000079.smt2,sat,0.24707508087158203,bapa/arith/fol_0000079.smt2,sat,0.1234898567199707,arith/cvc5_mapa/fol_0000079.smt2,sat,0.012,arith/cvc5_mapa/fol_0000079.smt2,sat,0.012
bapa/arith/fol_0000080.smt2,sat,0.16214871406555176,arith/cvc5_mapa/fol_0000080.smt2,sat,0.008909940719604492,bapa/arith/fol_0000080.smt2,sat,0.240814208984375,bapa/arith/fol_0000080.smt2,sat,0.11922979354858398,arith/cvc5_mapa/fol_0000080.smt2,sat,0.011,arith/cvc5_mapa/fol_0000080.smt2,sat,0.012
bapa/arith/fol_0000081.smt2,unsat,0.07512187957763672,arith/cvc5_mapa/fol_0000081.smt2,unsat,0.008250951766967773,bapa/arith/fol_0000081.smt2,unsat,0.09290194511413574,bapa/arith/fol_0000081.smt2,unsat,0.1521768569946289,arith/cvc5_mapa/fol_0000081.smt2,unsat,0.013,arith/cvc5_mapa/fol_0000081.smt2,unsat,0.014
bapa/arith/fol_0000082.smt2,sat,0.15497183799743652,arith/cvc5_mapa/fol_0000082.smt2,sat,0.008473873138427734,bapa/arith/fol_0000082.smt2,sat,0.23711824417114258,bapa/arith/fol_0000082.smt2,sat,0.11778092384338379,arith/cvc5_mapa/fol_0000082.smt2,sat,0.011,arith/cvc5_mapa/fol_0000082.smt2,sat,0.012
bapa/arith/fol_0000083.smt2,unsat,0.07377099990844727,arith/cvc5_mapa/fol_0000083.smt2,unsat,0.008144855499267578,bapa/arith/fol_0000083.smt2,unsat,0.09359288215637207,bapa/arith/fol_0000083.smt2,unsat,0.15682578086853027,arith/cvc5_mapa/fol_0000083.smt2,unsat,0.014,arith/cvc5_mapa/fol_0000083.smt2,unsat,0.016
bapa/arith/fol_0000084.smt2,sat,0.1807539463043213,arith/cvc5_mapa/fol_0000084.smt2,sat,0.009123802185058594,bapa/arith/fol_0000084.smt2,sat,0.2715427875518799,bapa/arith/fol_0000084.smt2,sat,0.10002303123474121,arith/cvc5_mapa/fol_0000084.smt2,sat,0.012,arith/cvc5_mapa/fol_0000084.smt2,sat,0.013
bapa/arith/fol_0000085.smt2,unsat,0.1451098918914795,arith/cvc5_mapa/fol_0000085.smt2,unsat,0.019533872604370117,bapa/arith/fol_0000085.smt2,unsat,0.48826098442077637,bapa/arith/fol_0000085.smt2,unsat,0.12702274322509766,arith/cvc5_mapa/fol_0000085.smt2,unsat,0.052,arith/cvc5_mapa/fol_0000085.smt2,unsat,0.053
bapa/arith/fol_0000086.smt2,unsat,0.19278478622436523,arith/cvc5_mapa/fol_0000086.smt2,unsat,0.021672964096069336,bapa/arith/fol_0000086.smt2,unsat,0.3223001956939697,bapa/arith/fol_0000086.smt2,unsat,0.1266632080078125,arith/cvc5_mapa/fol_0000086.smt2,unsat,0.049,arith/cvc5_mapa/fol_0000086.smt2,unsat,0.049
bapa/arith/fol_0000087.smt2,unsat,0.07565903663635254,arith/cvc5_mapa/fol_0000087.smt2,unsat,0.009301900863647461,bapa/arith/fol_0000087.smt2,unsat,0.0966498851776123,bapa/arith/fol_0000087.smt2,unsat,0.15210962295532227,arith/cvc5_mapa/fol_0000087.smt2,unsat,0.016,arith/cvc5_mapa/fol_0000087.smt2,unsat,0.016
bapa/arith/fol_0000088.smt2,unsat,0.08139276504516602,arith/cvc5_mapa/fol_0000088.smt2,unsat,0.01995682716369629,bapa/arith/fol_0000088.smt2,unsat,0.7159671783447266,bapa/arith/fol_0000088.smt2,unsat,0.1294569969177246,arith/cvc5_mapa/fol_0000088.smt2,unsat,0.05,arith/cvc5_mapa/fol_0000088.smt2,unsat,0.051
bapa/arith/fol_0000089.smt2,unsat,0.16114401817321777,arith/cvc5_mapa/fol_0000089.smt2,unsat,0.02112603187561035,bapa/arith/fol_0000089.smt2,unsat,0.2874019145965576,bapa/arith/fol_0000089.smt2,unsat,0.1358029842376709,arith/cvc5_mapa/fol_0000089.smt2,unsat,0.052,arith/cvc5_mapa/fol_0000089.smt2,unsat,0.05
bapa/arith/fol_0000090.smt2,sat,0.1519911289215088,arith/cvc5_mapa/fol_0000090.smt2,sat,0.008747100830078125,bapa/arith/fol_0000090.smt2,sat,0.22526907920837402,bapa/arith/fol_0000090.smt2,sat,0.11284685134887695,arith/cvc5_mapa/fol_0000090.smt2,sat,0.013,arith/cvc5_mapa/fol_0000090.smt2,sat,0.013
bapa/arith/fol_0000091.smt2,unsat,0.07283592224121094,arith/cvc5_mapa/fol_0000091.smt2,unsat,0.007897138595581055,bapa/arith/fol_0000091.smt2,unsat,0.0921018123626709,bapa/arith/fol_0000091.smt2,unsat,0.14898896217346191,arith/cvc5_mapa/fol_0000091.smt2,unsat,0.015,arith/cvc5_mapa/fol_0000091.smt2,unsat,0.014
bapa/arith/fol_0000092.smt2,unsat,0.07660913467407227,arith/cvc5_mapa/fol_0000092.smt2,unsat,0.008658885955810547,bapa/arith/fol_0000092.smt2,unsat,0.0949859619140625,bapa/arith/fol_0000092.smt2,unsat,0.15501022338867188,arith/cvc5_mapa/fol_0000092.smt2,unsat,0.014,arith/cvc5_mapa/fol_0000092.smt2,unsat,0.015
bapa/arith/fol_0000093.smt2,unsat,0.07633781433105469,arith/cvc5_mapa/fol_0000093.smt2,unsat,0.007402896881103516,bapa/arith/fol_0000093.smt2,unsat,0.09528779983520508,bapa/arith/fol_0000093.smt2,unsat,0.15900588035583496,arith/cvc5_mapa/fol_0000093.smt2,unsat,0.016,arith/cvc5_mapa/fol_0000093.smt2,unsat,0.015
bapa/arith/fol_0000094.smt2,unsat,0.08128786087036133,arith/cvc5_mapa/fol_0000094.smt2,unsat,0.019286155700683594,bapa/arith/fol_0000094.smt2,unsat,1.278487205505371,bapa/arith/fol_0000094.smt2,unsat,0.1217811107635498,arith/cvc5_mapa/fol_0000094.smt2,unsat,0.052,arith/cvc5_mapa/fol_0000094.smt2,unsat,0.05
bapa/arith/fol_0000095.smt2,unsat,0.08156919479370117,arith/cvc5_mapa/fol_0000095.smt2,unsat,0.01929330825805664,bapa/arith/fol_0000095.smt2,unsat,2.5751960277557373,bapa/arith/fol_0000095.smt2,unsat,0.1288309097290039,arith/cvc5_mapa/fol_0000095.smt2,unsat,0.05,arith/cvc5_mapa/fol_0000095.smt2,unsat,0.049
bapa/arith/fol_0000096.smt2,sat,0.17374706268310547,arith/cvc5_mapa/fol_0000096.smt2,sat,0.010415077209472656,bapa/arith/fol_0000096.smt2,sat,0.2627730369567871,bapa/arith/fol_0000096.smt2,sat,0.09717798233032227,arith/cvc5_mapa/fol_0000096.smt2,sat,0.013,arith/cvc5_mapa/fol_0000096.smt2,sat,0.013
bapa/arith/fol_0000097.smt2,unsat,0.08768677711486816,arith/cvc5_mapa/fol_0000097.smt2,unsat,0.019960641860961914,bapa/arith/fol_0000097.smt2,unsat,0.602147102355957,bapa/arith/fol_0000097.smt2,unsat,0.13550329208374023,arith/cvc5_mapa/fol_0000097.smt2,unsat,0.047,arith/cvc5_mapa/fol_0000097.smt2,unsat,0.049
bapa/arith/fol_0000098.smt2,unsat,0.08730816841125488,arith/cvc5_mapa/fol_0000098.smt2,unsat,0.020761966705322266,bapa/arith/fol_0000098.smt2,unsat,9.479039907455444,bapa/arith/fol_0000098.smt2,unsat,0.13899993896484375,arith/cvc5_mapa/fol_0000098.smt2,unsat,0.049,arith/cvc5_mapa/fol_0000098.smt2,unsat,0.049
bapa/arith/fol_0000099.smt2,sat,0.20157790184020996,arith/cvc5_mapa/fol_0000099.smt2,sat,0.010807037353515625,bapa/arith/fol_0000099.smt2,sat,0.20776867866516113,bapa/arith/fol_0000099.smt2,sat,0.10513687133789062,arith/cvc5_mapa/fol_0000099.smt2,sat,0.013,arith/cvc5_mapa/fol_0000099.smt2,sat,0.014
bapa/arith/fol_0000100.smt2,sat,0.18992042541503906,arith/cvc5_mapa/fol_0000100.smt2,sat,0.010955095291137695,bapa/arith/fol_0000100.smt2,sat,0.28739404678344727,bapa/arith/fol_0000100.smt2,sat,0.11186027526855469,arith/cvc5_mapa/fol_0000100.smt2,sat,0.013,arith/cvc5_mapa/fol_0000100.smt2,sat,0.013
bapa/arith/fol_0000101.smt2,sat,0.07244706153869629,arith/cvc5_mapa/fol_0000101.smt2,sat,0.010515928268432617,bapa/arith/fol_0000101.smt2,sat,0.07410216331481934,bapa/arith/fol_0000101.smt2,sat,0.0744168758392334,arith/cvc5_mapa/fol_0000101.smt2,sat,0.013,arith/cvc5_mapa/fol_0000101.smt2,sat,0.014
bapa/arith/fol_0000102.smt2,sat,0.19325709342956543,arith/cvc5_mapa/fol_0000102.smt2,sat,0.009896993637084961,bapa/arith/fol_0000102.smt2,sat,0.2775461673736572,bapa/arith/fol_0000102.smt2,sat,0.1094050407409668,arith/cvc5_mapa/fol_0000102.smt2,sat,0.012,arith/cvc5_mapa/fol_0000102.smt2,sat,0.013
bapa/arith/fol_0000103.smt2,sat,0.20798826217651367,arith/cvc5_mapa/fol_0000103.smt2,sat,0.009815216064453125,bapa/arith/fol_0000103.smt2,sat,0.2698707580566406,bapa/arith/fol_0000103.smt2,sat,0.10528302192687988,arith/cvc5_mapa/fol_0000103.smt2,sat,0.011,arith/cvc5_mapa/fol_0000103.smt2,sat,0.012
bapa/arith/fol_0000104.smt2,sat,0.19321179389953613,arith/cvc5_mapa/fol_0000104.smt2,sat,0.0103302001953125,bapa/arith/fol_0000104.smt2,sat,0.2784137725830078,bapa/arith/fol_0000104.smt2,sat,0.13429903984069824,arith/cvc5_mapa/fol_0000104.smt2,sat,0.01,arith/cvc5_mapa/fol_0000104.smt2,sat,0.014
bapa/arith/fol_0000105.smt2,sat,0.19287991523742676,arith/cvc5_mapa/fol_0000105.smt2,sat,0.010296821594238281,bapa/arith/fol_0000105.smt2,sat,0.2987070083618164,bapa/arith/fol_0000105.smt2,sat,0.10926508903503418,arith/cvc5_mapa/fol_0000105.smt2,sat,0.013,arith/cvc5_mapa/fol_0000105.smt2,sat,0.013
bapa/arith/fol_0000106.smt2,sat,0.18171191215515137,arith/cvc5_mapa/fol_0000106.smt2,sat,0.009758234024047852,bapa/arith/fol_0000106.smt2,sat,0.27755188941955566,bapa/arith/fol_0000106.smt2,sat,0.10787391662597656,arith/cvc5_mapa/fol_0000106.smt2,sat,0.013,arith/cvc5_mapa/fol_0000106.smt2,sat,0.012
bapa/arith/fol_0000107.smt2,unsat,0.07784724235534668,arith/cvc5_mapa/fol_0000107.smt2,unsat,0.00868678092956543,bapa/arith/fol_0000107.smt2,unsat,0.09823107719421387,bapa/arith/fol_0000107.smt2,unsat,0.1574258804321289,arith/cvc5_mapa/fol_0000107.smt2,unsat,0.016,arith/cvc5_mapa/fol_0000107.smt2,unsat,0.015
bapa/arith/fol_0000108.smt2,sat,0.0929269790649414,arith/cvc5_mapa/fol_0000108.smt2,sat,0.009841203689575195,bapa/arith/fol_0000108.smt2,sat,0.12315106391906738,bapa/arith/fol_0000108.smt2,sat,0.11941194534301758,arith/cvc5_mapa/fol_0000108.smt2,sat,0.012,arith/cvc5_mapa/fol_0000108.smt2,sat,0.013
bapa/arith/fol_0000109.smt2,sat,0.17781782150268555,arith/cvc5_mapa/fol_0000109.smt2,sat,0.009790897369384766,bapa/arith/fol_0000109.smt2,sat,0.277756929397583,bapa/arith/fol_0000109.smt2,sat,0.10019779205322266,arith/cvc5_mapa/fol_0000109.smt2,sat,0.013,arith/cvc5_mapa/fol_0000109.smt2,sat,0.013
bapa/arith/fol_0000110.smt2,unsat,0.08222174644470215,arith/cvc5_mapa/fol_0000110.smt2,unsat,0.018233060836791992,bapa/arith/fol_0000110.smt2,unsat,0.14314508438110352,bapa/arith/fol_0000110.smt2,unsat,0.12968993186950684,arith/cvc5_mapa/fol_0000110.smt2,unsat,0.053,arith/cvc5_mapa/fol_0000110.smt2,unsat,0.052
bapa/arith/fol_0000111.smt2,unsat,0.0744028091430664,arith/cvc5_mapa/fol_0000111.smt2,unsat,0.008229255676269531,bapa/arith/fol_0000111.smt2,unsat,0.09406065940856934,bapa/arith/fol_0000111.smt2,unsat,0.15178871154785156,arith/cvc5_mapa/fol_0000111.smt2,unsat,0.015,arith/cvc5_mapa/fol_0000111.smt2,unsat,0.017
bapa/arith/fol_0000112.smt2,unsat,0.08116912841796875,arith/cvc5_mapa/fol_0000112.smt2,unsat,0.019972801208496094,bapa/arith/fol_0000112.smt2,timeout,100.00690507888794,bapa/arith/fol_0000112.smt2,unsat,0.12689995765686035,arith/cvc5_mapa/fol_0000112.smt2,unsat,0.048,arith/cvc5_mapa/fol_0000112.smt2,unsat,0.05
bapa/arith/fol_0000113.smt2,sat,0.1634681224822998,arith/cvc5_mapa/fol_0000113.smt2,sat,0.010197877883911133,bapa/arith/fol_0000113.smt2,sat,0.22681307792663574,bapa/arith/fol_0000113.smt2,sat,0.12008905410766602,arith/cvc5_mapa/fol_0000113.smt2,sat,0.013,arith/cvc5_mapa/fol_0000113.smt2,sat,0.013
bapa/arith/fol_0000114.smt2,unsat,0.07736897468566895,arith/cvc5_mapa/fol_0000114.smt2,unsat,0.008744955062866211,bapa/arith/fol_0000114.smt2,unsat,0.09779500961303711,bapa/arith/fol_0000114.smt2,unsat,0.1570570468902588,arith/cvc5_mapa/fol_0000114.smt2,unsat,0.016,arith/cvc5_mapa/fol_0000114.smt2,unsat,0.015
bapa/arith/fol_0000115.smt2,unsat,0.07297778129577637,arith/cvc5_mapa/fol_0000115.smt2,unsat,0.008029937744140625,bapa/arith/fol_0000115.smt2,unsat,0.0928342342376709,bapa/arith/fol_0000115.smt2,unsat,0.14910387992858887,arith/cvc5_mapa/fol_0000115.smt2,unsat,0.015,arith/cvc5_mapa/fol_0000115.smt2,unsat,0.015
bapa/arith/fol_0000116.smt2,unsat,0.07630205154418945,arith/cvc5_mapa/fol_0000116.smt2,unsat,0.009065866470336914,bapa/arith/fol_0000116.smt2,unsat,0.09523391723632812,bapa/arith/fol_0000116.smt2,unsat,0.15486693382263184,arith/cvc5_mapa/fol_0000116.smt2,unsat,0.016,arith/cvc5_mapa/fol_0000116.smt2,unsat,0.016
bapa/arith/fol_0000117.smt2,sat,0.1544191837310791,arith/cvc5_mapa/fol_0000117.smt2,sat,0.008888006210327148,bapa/arith/fol_0000117.smt2,sat,0.22721624374389648,bapa/arith/fol_0000117.smt2,sat,0.11391997337341309,arith/cvc5_mapa/fol_0000117.smt2,sat,0.012,arith/cvc5_mapa/fol_0000117.smt2,sat,0.011
bapa/arith/fol_0000118.smt2,sat,0.1729438304901123,arith/cvc5_mapa/fol_0000118.smt2,sat,0.010049104690551758,bapa/arith/fol_0000118.smt2,sat,0.2662961483001709,bapa/arith/fol_0000118.smt2,sat,0.09836578369140625,arith/cvc5_mapa/fol_0000118.smt2,sat,0.013,arith/cvc5_mapa/fol_0000118.smt2,sat,0.013
bapa/arith/fol_0000119.smt2,unsat,0.08158302307128906,arith/cvc5_mapa/fol_0000119.smt2,unsat,0.019482851028442383,bapa/arith/fol_0000119.smt2,unsat,0.5418291091918945,bapa/arith/fol_0000119.smt2,unsat,0.12744903564453125,arith/cvc5_mapa/fol_0000119.smt2,unsat,0.05,arith/cvc5_mapa/fol_0000119.smt2,unsat,0.052
bapa/arith/fol_0000120.smt2,unsat,0.07252669334411621,arith/cvc5_mapa/fol_0000120.smt2,unsat,0.008852005004882812,bapa/arith/fol_0000120.smt2,unsat,0.08976078033447266,bapa/arith/fol_0000120.smt2,unsat,0.14896893501281738,arith/cvc5_mapa/fol_0000120.smt2,unsat,0.015,arith/cvc5_mapa/fol_0000120.smt2,unsat,0.015
bapa/card/fol_0000001.smt2,sat,0.14245915412902832,card/cvc5_mapa/fol_0000001.smt2,sat,0.009084939956665039,bapa/card/fol_0000001.smt2,sat,0.2138679027557373,bapa/card/fol_0000001.smt2,sat,0.10124015808105469,card/cvc5_mapa/fol_0000001.smt2,sat,0.006,card/cvc5_mapa/fol_0000001.smt2,sat,0.006
bapa/card/fol_0000002.smt2,sat,0.07603096961975098,card/cvc5_mapa/fol_0000002.smt2,sat,0.004319906234741211,bapa/card/fol_0000002.smt2,sat,0.20584702491760254,bapa/card/fol_0000002.smt2,sat,0.10058021545410156,card/cvc5_mapa/fol_0000002.smt2,sat,0.005,card/cvc5_mapa/fol_0000002.smt2,sat,0.006
bapa/card/fol_0000003.smt2,sat,0.1405799388885498,card/cvc5_mapa/fol_0000003.smt2,sat,0.004934787750244141,bapa/card/fol_0000003.smt2,sat,0.21035099029541016,bapa/card/fol_0000003.smt2,sat,0.0995781421661377,card/cvc5_mapa/fol_0000003.smt2,sat,0.011,card/cvc5_mapa/fol_0000003.smt2,sat,0.011
bapa/card/fol_0000004.smt2,sat,0.13672590255737305,card/cvc5_mapa/fol_0000004.smt2,sat,0.005394935607910156,bapa/card/fol_0000004.smt2,sat,0.2097170352935791,bapa/card/fol_0000004.smt2,sat,0.1018829345703125,card/cvc5_mapa/fol_0000004.smt2,sat,0.006,card/cvc5_mapa/fol_0000004.smt2,sat,0.006
bapa/card/fol_0000005.smt2,sat,0.13317513465881348,card/cvc5_mapa/fol_0000005.smt2,sat,0.0045299530029296875,bapa/card/fol_0000005.smt2,sat,0.10405206680297852,bapa/card/fol_0000005.smt2,sat,0.1000521183013916,card/cvc5_mapa/fol_0000005.smt2,sat,0.006,card/cvc5_mapa/fol_0000005.smt2,sat,0.006
bapa/card/fol_0000006.smt2,sat,0.07726716995239258,card/cvc5_mapa/fol_0000006.smt2,sat,0.005071163177490234,bapa/card/fol_0000006.smt2,sat,0.21190190315246582,bapa/card/fol_0000006.smt2,sat,0.10189318656921387,card/cvc5_mapa/fol_0000006.smt2,sat,0.006,card/cvc5_mapa/fol_0000006.smt2,sat,0.006
bapa/card/fol_0000007.smt2,sat,0.13788223266601562,card/cvc5_mapa/fol_0000007.smt2,sat,0.003731966018676758,bapa/card/fol_0000007.smt2,sat,0.2119588851928711,bapa/card/fol_0000007.smt2,sat,0.10069513320922852,card/cvc5_mapa/fol_0000007.smt2,sat,0.005,card/cvc5_mapa/fol_0000007.smt2,sat,0.005
bapa/card/fol_0000008.smt2,sat,0.13671493530273438,card/cvc5_mapa/fol_0000008.smt2,sat,0.00395512580871582,bapa/card/fol_0000008.smt2,sat,0.2115170955657959,bapa/card/fol_0000008.smt2,sat,0.1004030704498291,card/cvc5_mapa/fol_0000008.smt2,sat,0.006,card/cvc5_mapa/fol_0000008.smt2,sat,0.006
bapa/card/fol_0000009.smt2,sat,0.13958501815795898,card/cvc5_mapa/fol_0000009.smt2,sat,0.0038518905639648438,bapa/card/fol_0000009.smt2,sat,0.20408296585083008,bapa/card/fol_0000009.smt2,sat,0.10207700729370117,card/cvc5_mapa/fol_0000009.smt2,sat,0.006,card/cvc5_mapa/fol_0000009.smt2,sat,0.006
bapa/card/fol_0000010.smt2,sat,0.13717103004455566,card/cvc5_mapa/fol_0000010.smt2,sat,0.003998994827270508,bapa/card/fol_0000010.smt2,sat,0.09862399101257324,bapa/card/fol_0000010.smt2,sat,0.10033011436462402,card/cvc5_mapa/fol_0000010.smt2,sat,0.005,card/cvc5_mapa/fol_0000010.smt2,sat,0.005
bapa/card/fol_0000011.smt2,sat,0.13953018188476562,card/cvc5_mapa/fol_0000011.smt2,sat,0.004038810729980469,bapa/card/fol_0000011.smt2,sat,0.21044397354125977,bapa/card/fol_0000011.smt2,sat,0.10283708572387695,card/cvc5_mapa/fol_0000011.smt2,sat,0.005,card/cvc5_mapa/fol_0000011.smt2,sat,0.005
bapa/card/fol_0000012.smt2,sat,0.1415398120880127,card/cvc5_mapa/fol_0000012.smt2,sat,0.004012107849121094,bapa/card/fol_0000012.smt2,sat,0.21271109580993652,bapa/card/fol_0000012.smt2,sat,0.10128998756408691,card/cvc5_mapa/fol_0000012.smt2,sat,0.005,card/cvc5_mapa/fol_0000012.smt2,sat,0.005
bapa/card/fol_0000013.smt2,sat,0.14342975616455078,card/cvc5_mapa/fol_0000013.smt2,sat,0.0038039684295654297,bapa/card/fol_0000013.smt2,sat,0.20874404907226562,bapa/card/fol_0000013.smt2,sat,0.10243415832519531,card/cvc5_mapa/fol_0000013.smt2,sat,0.005,card/cvc5_mapa/fol_0000013.smt2,sat,0.005
bapa/card/fol_0000014.smt2,sat,0.14174222946166992,card/cvc5_mapa/fol_0000014.smt2,sat,0.003947019577026367,bapa/card/fol_0000014.smt2,sat,0.10413384437561035,bapa/card/fol_0000014.smt2,sat,0.10448098182678223,card/cvc5_mapa/fol_0000014.smt2,sat,0.005,card/cvc5_mapa/fol_0000014.smt2,sat,0.005
bapa/card/fol_0000015.smt2,sat,0.14342236518859863,card/cvc5_mapa/fol_0000015.smt2,sat,0.0039098262786865234,bapa/card/fol_0000015.smt2,sat,0.10543394088745117,bapa/card/fol_0000015.smt2,sat,0.10275506973266602,card/cvc5_mapa/fol_0000015.smt2,sat,0.005,card/cvc5_mapa/fol_0000015.smt2,sat,0.005
bapa/card/fol_0000016.smt2,sat,0.07703804969787598,card/cvc5_mapa/fol_0000016.smt2,sat,0.004870176315307617,bapa/card/fol_0000016.smt2,sat,0.20830416679382324,bapa/card/fol_0000016.smt2,sat,0.10026764869689941,card/cvc5_mapa/fol_0000016.smt2,sat,0.005,card/cvc5_mapa/fol_0000016.smt2,sat,0.006
bapa/card/fol_0000017.smt2,sat,0.08423399925231934,card/cvc5_mapa/fol_0000017.smt2,sat,0.003776073455810547,bapa/card/fol_0000017.smt2,sat,0.23113799095153809,bapa/card/fol_0000017.smt2,sat,0.11009907722473145,card/cvc5_mapa/fol_0000017.smt2,sat,0.005,card/cvc5_mapa/fol_0000017.smt2,sat,0.005
bapa/card/fol_0000018.smt2,sat,0.1423358917236328,card/cvc5_mapa/fol_0000018.smt2,sat,0.0052738189697265625,bapa/card/fol_0000018.smt2,sat,0.21376800537109375,bapa/card/fol_0000018.smt2,sat,0.10231399536132812,card/cvc5_mapa/fol_0000018.smt2,sat,0.005,card/cvc5_mapa/fol_0000018.smt2,sat,0.005
bapa/card/fol_0000019.smt2,sat,0.15011096000671387,card/cvc5_mapa/fol_0000019.smt2,sat,0.004619121551513672,bapa/card/fol_0000019.smt2,sat,0.11298394203186035,bapa/card/fol_0000019.smt2,sat,0.11033987998962402,card/cvc5_mapa/fol_0000019.smt2,sat,0.005,card/cvc5_mapa/fol_0000019.smt2,sat,0.005
bapa/card/fol_0000020.smt2,sat,0.08092594146728516,card/cvc5_mapa/fol_0000020.smt2,sat,0.004005908966064453,bapa/card/fol_0000020.smt2,sat,0.21809720993041992,bapa/card/fol_0000020.smt2,sat,0.10724186897277832,card/cvc5_mapa/fol_0000020.smt2,sat,0.012,card/cvc5_mapa/fol_0000020.smt2,sat,0.012
bapa/card/fol_0000021.smt2,unsat,0.0662391185760498,card/cvc5_mapa/fol_0000021.smt2,unsat,0.0037508010864257812,bapa/card/fol_0000021.smt2,unsat,0.08713889122009277,bapa/card/fol_0000021.smt2,unsat,0.14400982856750488,card/cvc5_mapa/fol_0000021.smt2,unsat,0.009,card/cvc5_mapa/fol_0000021.smt2,unsat,0.008
bapa/card/fol_0000022.smt2,sat,0.14348793029785156,card/cvc5_mapa/fol_0000022.smt2,sat,0.004171133041381836,bapa/card/fol_0000022.smt2,sat,0.21967101097106934,bapa/card/fol_0000022.smt2,sat,0.10684323310852051,card/cvc5_mapa/fol_0000022.smt2,sat,0.005,card/cvc5_mapa/fol_0000022.smt2,sat,0.005
bapa/card/fol_0000023.smt2,unsat,0.06836199760437012,card/cvc5_mapa/fol_0000023.smt2,unsat,0.003690958023071289,bapa/card/fol_0000023.smt2,unsat,0.08791613578796387,bapa/card/fol_0000023.smt2,unsat,0.14516806602478027,card/cvc5_mapa/fol_0000023.smt2,unsat,0.009,card/cvc5_mapa/fol_0000023.smt2,unsat,0.008
bapa/card/fol_0000024.smt2,sat,0.08356285095214844,card/cvc5_mapa/fol_0000024.smt2,sat,0.00496983528137207,bapa/card/fol_0000024.smt2,sat,0.11605000495910645,bapa/card/fol_0000024.smt2,sat,0.10985612869262695,card/cvc5_mapa/fol_0000024.smt2,sat,0.006,card/cvc5_mapa/fol_0000024.smt2,sat,0.005
bapa/card/fol_0000025.smt2,sat,0.1374218463897705,card/cvc5_mapa/fol_0000025.smt2,sat,0.0036590099334716797,bapa/card/fol_0000025.smt2,sat,0.20458292961120605,bapa/card/fol_0000025.smt2,sat,0.10127997398376465,card/cvc5_mapa/fol_0000025.smt2,sat,0.005,card/cvc5_mapa/fol_0000025.smt2,sat,0.005
bapa/card/fol_0000026.smt2,sat,0.14433503150939941,card/cvc5_mapa/fol_0000026.smt2,sat,0.0037369728088378906,bapa/card/fol_0000026.smt2,sat,0.21239709854125977,bapa/card/fol_0000026.smt2,sat,0.10447096824645996,card/cvc5_mapa/fol_0000026.smt2,sat,0.005,card/cvc5_mapa/fol_0000026.smt2,sat,0.005
bapa/card/fol_0000027.smt2,sat,0.1420290470123291,card/cvc5_mapa/fol_0000027.smt2,sat,0.004771232604980469,bapa/card/fol_0000027.smt2,sat,0.21230316162109375,bapa/card/fol_0000027.smt2,sat,0.10411810874938965,card/cvc5_mapa/fol_0000027.smt2,sat,0.005,card/cvc5_mapa/fol_0000027.smt2,sat,0.005
bapa/card/fol_0000028.smt2,unsat,0.07201004028320312,card/cvc5_mapa/fol_0000028.smt2,unsat,0.015221118927001953,bapa/card/fol_0000028.smt2,unsat,0.749136209487915,bapa/card/fol_0000028.smt2,unsat,0.1177670955657959,card/cvc5_mapa/fol_0000028.smt2,unsat,0.047,card/cvc5_mapa/fol_0000028.smt2,unsat,0.042
bapa/card/fol_0000029.smt2,sat,0.1615140438079834,card/cvc5_mapa/fol_0000029.smt2,sat,0.0050089359283447266,bapa/card/fol_0000029.smt2,sat,0.18834877014160156,bapa/card/fol_0000029.smt2,sat,0.08998298645019531,card/cvc5_mapa/fol_0000029.smt2,sat,0.006,card/cvc5_mapa/fol_0000029.smt2,sat,0.006
bapa/card/fol_0000030.smt2,unsat,0.06571316719055176,card/cvc5_mapa/fol_0000030.smt2,unsat,0.0035398006439208984,bapa/card/fol_0000030.smt2,unsat,0.0849158763885498,bapa/card/fol_0000030.smt2,unsat,0.1382889747619629,card/cvc5_mapa/fol_0000030.smt2,unsat,0.009,card/cvc5_mapa/fol_0000030.smt2,unsat,0.008
bapa/card/fol_0000031.smt2,sat,0.141707181930542,card/cvc5_mapa/fol_0000031.smt2,sat,0.0038928985595703125,bapa/card/fol_0000031.smt2,sat,0.21679019927978516,bapa/card/fol_0000031.smt2,sat,0.1038961410522461,card/cvc5_mapa/fol_0000031.smt2,sat,0.006,card/cvc5_mapa/fol_0000031.smt2,sat,0.006
bapa/card/fol_0000032.smt2,unsat,0.06656408309936523,card/cvc5_mapa/fol_0000032.smt2,unsat,0.0036869049072265625,bapa/card/fol_0000032.smt2,unsat,0.08693504333496094,bapa/card/fol_0000032.smt2,unsat,0.13991594314575195,card/cvc5_mapa/fol_0000032.smt2,unsat,0.008,card/cvc5_mapa/fol_0000032.smt2,unsat,0.008
bapa/card/fol_0000033.smt2,sat,0.1500110626220703,card/cvc5_mapa/fol_0000033.smt2,sat,0.004288911819458008,bapa/card/fol_0000033.smt2,sat,0.22590398788452148,bapa/card/fol_0000033.smt2,sat,0.10877513885498047,card/cvc5_mapa/fol_0000033.smt2,sat,0.005,card/cvc5_mapa/fol_0000033.smt2,sat,0.005
bapa/card/fol_0000034.smt2,unsat,0.06650590896606445,card/cvc5_mapa/fol_0000034.smt2,unsat,0.0033957958221435547,bapa/card/fol_0000034.smt2,unsat,0.08441901206970215,bapa/card/fol_0000034.smt2,unsat,0.14232397079467773,card/cvc5_mapa/fol_0000034.smt2,unsat,0.008,card/cvc5_mapa/fol_0000034.smt2,unsat,0.008
bapa/card/fol_0000035.smt2,sat,0.14396214485168457,card/cvc5_mapa/fol_0000035.smt2,sat,0.004087924957275391,bapa/card/fol_0000035.smt2,sat,0.22170114517211914,bapa/card/fol_0000035.smt2,sat,0.10673308372497559,card/cvc5_mapa/fol_0000035.smt2,sat,0.006,card/cvc5_mapa/fol_0000035.smt2,sat,0.005
bapa/card/fol_0000036.smt2,sat,0.13973498344421387,card/cvc5_mapa/fol_0000036.smt2,sat,0.0037529468536376953,bapa/card/fol_0000036.smt2,sat,0.1956171989440918,bapa/card/fol_0000036.smt2,sat,0.09977102279663086,card/cvc5_mapa/fol_0000036.smt2,sat,0.005,card/cvc5_mapa/fol_0000036.smt2,sat,0.005
bapa/card/fol_0000037.smt2,sat,0.14684534072875977,card/cvc5_mapa/fol_0000037.smt2,sat,0.003709077835083008,bapa/card/fol_0000037.smt2,sat,0.21853899955749512,bapa/card/fol_0000037.smt2,sat,0.11087489128112793,card/cvc5_mapa/fol_0000037.smt2,sat,0.005,card/cvc5_mapa/fol_0000037.smt2,sat,0.005
bapa/card/fol_0000038.smt2,unsat,0.06513524055480957,card/cvc5_mapa/fol_0000038.smt2,unsat,0.003857135772705078,bapa/card/fol_0000038.smt2,unsat,0.0844416618347168,bapa/card/fol_0000038.smt2,unsat,0.14020895957946777,card/cvc5_mapa/fol_0000038.smt2,unsat,0.008,card/cvc5_mapa/fol_0000038.smt2,unsat,0.008
bapa/card/fol_0000039.smt2,sat,0.08113789558410645,card/cvc5_mapa/fol_0000039.smt2,sat,0.003972768783569336,bapa/card/fol_0000039.smt2,sat,0.21426105499267578,bapa/card/fol_0000039.smt2,sat,0.10590600967407227,card/cvc5_mapa/fol_0000039.smt2,sat,0.005,card/cvc5_mapa/fol_0000039.smt2,sat,0.005
bapa/card/fol_0000040.smt2,unsat,0.06761908531188965,card/cvc5_mapa/fol_0000040.smt2,unsat,0.0036580562591552734,bapa/card/fol_0000040.smt2,unsat,0.08611178398132324,bapa/card/fol_0000040.smt2,unsat,0.14575886726379395,card/cvc5_mapa/fol_0000040.smt2,unsat,0.015,card/cvc5_mapa/fol_0000040.smt2,unsat,0.015
bapa/card/fol_0000041.smt2,sat,0.14257121086120605,card/cvc5_mapa/fol_0000041.smt2,sat,0.004086971282958984,bapa/card/fol_0000041.smt2,sat,0.21722006797790527,bapa/card/fol_0000041.smt2,sat,0.10457420349121094,card/cvc5_mapa/fol_0000041.smt2,sat,0.006,card/cvc5_mapa/fol_0000041.smt2,sat,0.005
bapa/card/fol_0000042.smt2,sat,0.13573813438415527,card/cvc5_mapa/fol_0000042.smt2,sat,0.0037419795989990234,bapa/card/fol_0000042.smt2,sat,0.20362019538879395,bapa/card/fol_0000042.smt2,sat,0.09887290000915527,card/cvc5_mapa/fol_0000042.smt2,sat,0.005,card/cvc5_mapa/fol_0000042.smt2,sat,0.005
bapa/card/fol_0000043.smt2,sat,0.11065411567687988,card/cvc5_mapa/fol_0000043.smt2,sat,0.004238128662109375,bapa/card/fol_0000043.smt2,sat,0.24509906768798828,bapa/card/fol_0000043.smt2,sat,0.08522224426269531,card/cvc5_mapa/fol_0000043.smt2,sat,0.005,card/cvc5_mapa/fol_0000043.smt2,sat,0.005
bapa/card/fol_0000044.smt2,sat,0.079376220703125,card/cvc5_mapa/fol_0000044.smt2,sat,0.003840923309326172,bapa/card/fol_0000044.smt2,sat,0.2178041934967041,bapa/card/fol_0000044.smt2,sat,0.10324597358703613,card/cvc5_mapa/fol_0000044.smt2,sat,0.005,card/cvc5_mapa/fol_0000044.smt2,sat,0.005
bapa/card/fol_0000045.smt2,unsat,0.17376470565795898,card/cvc5_mapa/fol_0000045.smt2,unsat,0.0510561466217041,bapa/card/fol_0000045.smt2,unsat,7.7365968227386475,bapa/card/fol_0000045.smt2,timeout,100.00625395774841,card/cvc5_mapa/fol_0000045.smt2,unsat,0.203,card/cvc5_mapa/fol_0000045.smt2,unsat,0.204
bapa/card/fol_0000046.smt2,timeout,100.00777983665466,card/cvc5_mapa/fol_0000046.smt2,sat,0.2951509952545166,bapa/card/fol_0000046.smt2,timeout,100.00583720207214,bapa/card/fol_0000046.smt2,timeout,100.00609302520752,card/cvc5_mapa/fol_0000046.smt2,sat,2.1,card/cvc5_mapa/fol_0000046.smt2,unknown,2.105
bapa/card/fol_0000047.smt2,timeout,100.0112292766571,card/cvc5_mapa/fol_0000047.smt2,unsat,0.302321195602417,bapa/card/fol_0000047.smt2,unsat,15.879424095153809,bapa/card/fol_0000047.smt2,timeout,100.00554919242859,card/cvc5_mapa/fol_0000047.smt2,unsat,2.205,card/cvc5_mapa/fol_0000047.smt2,unsat,2.223
bapa/card/fol_0000048.smt2,timeout,100.01231908798218,card/cvc5_mapa/fol_0000048.smt2,timeout,100.0,bapa/card/fol_0000048.smt2,timeout,100.00747609138489,bapa/card/fol_0000048.smt2,timeout,100.00557112693787,card/cvc5_mapa/fol_0000048.smt2,sat,0.022,card/cvc5_mapa/fol_0000048.smt2,sat,0.022
bapa/card/fol_0000049.smt2,timeout,100.00580596923828,card/cvc5_mapa/fol_0000049.smt2,timeout,100.0,bapa/card/fol_0000049.smt2,timeout,100.00799894332886,bapa/card/fol_0000049.smt2,timeout,100.00356388092041,card/cvc5_mapa/fol_0000049.smt2,sat,0.018,card/cvc5_mapa/fol_0000049.smt2,sat,0.017
bapa/card/fol_0000050.smt2,timeout,100.00620579719543,card/cvc5_mapa/fol_0000050.smt2,sat,0.01574873924255371,bapa/card/fol_0000050.smt2,timeout,100.01149106025696,bapa/card/fol_0000050.smt2,timeout,100.00537991523743,card/cvc5_mapa/fol_0000050.smt2,sat,0.016,card/cvc5_mapa/fol_0000050.smt2,sat,0.015
bapa/card/fol_0000051.smt2,timeout,100.00775575637817,card/cvc5_mapa/fol_0000051.smt2,sat,0.01232004165649414,bapa/card/fol_0000051.smt2,timeout,100.01117396354675,bapa/card/fol_0000051.smt2,timeout,100.00557398796082,card/cvc5_mapa/fol_0000051.smt2,sat,0.015,card/cvc5_mapa/fol_0000051.smt2,sat,0.015
bapa/card/fol_0000052.smt2,timeout,100.00604104995728,card/cvc5_mapa/fol_0000052.smt2,sat,0.288815975189209,bapa/card/fol_0000052.smt2,timeout,100.00595593452454,bapa/card/fol_0000052.smt2,timeout,100.00488805770874,card/cvc5_mapa/fol_0000052.smt2,sat,0.018,card/cvc5_mapa/fol_0000052.smt2,sat,0.016
bapa/card/fol_0000053.smt2,timeout,100.00821185112,card/cvc5_mapa/fol_0000053.smt2,sat,0.015522956848144531,bapa/card/fol_0000053.smt2,sat,3.7547290325164795,bapa/card/fol_0000053.smt2,timeout,100.00514793395996,card/cvc5_mapa/fol_0000053.smt2,sat,0.016,card/cvc5_mapa/fol_0000053.smt2,sat,0.014
bapa/card/fol_0000054.smt2,timeout,100.00643825531006,card/cvc5_mapa/fol_0000054.smt2,sat,0.2814960479736328,bapa/card/fol_0000054.smt2,timeout,100.0117871761322,bapa/card/fol_0000054.smt2,timeout,100.00570917129517,card/cvc5_mapa/fol_0000054.smt2,sat,0.012,card/cvc5_mapa/fol_0000054.smt2,sat,0.016
bapa/card/fol_0000055.smt2,timeout,100.00671672821045,card/cvc5_mapa/fol_0000055.smt2,unsat,0.377147912979126,bapa/card/fol_0000055.smt2,timeout,100.00578117370605,bapa/card/fol_0000055.smt2,timeout,100.00546407699585,card/cvc5_mapa/fol_0000055.smt2,unsat,21.01,card/cvc5_mapa/fol_0000055.smt2,unsat,19.981
bapa/card/fol_0000056.smt2,timeout,100.00659203529358,card/cvc5_mapa/fol_0000056.smt2,sat,0.015105962753295898,bapa/card/fol_0000056.smt2,sat,3.875014066696167,bapa/card/fol_0000056.smt2,sat,1.0440378189086914,card/cvc5_mapa/fol_0000056.smt2,sat,0.016,card/cvc5_mapa/fol_0000056.smt2,sat,0.017
bapa/card/fol_0000057.smt2,timeout,100.01493287086487,card/cvc5_mapa/fol_0000057.smt2,sat,0.04924297332763672,bapa/card/fol_0000057.smt2,sat,2.822683095932007,bapa/card/fol_0000057.smt2,sat,1.4497170448303223,card/cvc5_mapa/fol_0000057.smt2,sat,0.015,card/cvc5_mapa/fol_0000057.smt2,sat,0.013
bapa/card/fol_0000058.smt2,unsat,0.08313488960266113,card/cvc5_mapa/fol_0000058.smt2,unsat,0.0198667049407959,bapa/card/fol_0000058.smt2,unsat,0.3607790470123291,bapa/card/fol_0000058.smt2,unsat,0.12108683586120605,card/cvc5_mapa/fol_0000058.smt2,unsat,0.048,card/cvc5_mapa/fol_0000058.smt2,unsat,0.048
bapa/card/fol_0000059.smt2,unsat,0.07999587059020996,card/cvc5_mapa/fol_0000059.smt2,unsat,0.009891033172607422,bapa/card/fol_0000059.smt2,unsat,0.11077880859375,bapa/card/fol_0000059.smt2,unsat,2.311030149459839,card/cvc5_mapa/fol_0000059.smt2,unsat,0.014,card/cvc5_mapa/fol_0000059.smt2,unsat,0.014
bapa/card/fol_0000060.smt2,unsat,0.5496890544891357,card/cvc5_mapa/fol_0000060.smt2,unsat,0.049756765365600586,bapa/card/fol_0000060.smt2,unsat,10.67293405532837,bapa/card/fol_0000060.smt2,timeout,100.00588583946228,card/cvc5_mapa/fol_0000060.smt2,unsat,0.196,card/cvc5_mapa/fol_0000060.smt2,unsat,0.197
bapa/card/fol_0000061.smt2,unsat,1.7396090030670166,card/cvc5_mapa/fol_0000061.smt2,unsat,0.05402112007141113,bapa/card/fol_0000061.smt2,unsat,4.617814064025879,bapa/card/fol_0000061.smt2,timeout,100.00604796409607,card/cvc5_mapa/fol_0000061.smt2,unsat,0.199,card/cvc5_mapa/fol_0000061.smt2,unsat,0.2
bapa/card/fol_0000062.smt2,timeout,100.01060700416565,card/cvc5_mapa/fol_0000062.smt2,sat,0.05425310134887695,bapa/card/fol_0000062.smt2,sat,2.612083911895752,bapa/card/fol_0000062.smt2,sat,4.150115013122559,card/cvc5_mapa/fol_0000062.smt2,sat,0.015,card/cvc5_mapa/fol_0000062.smt2,sat,0.017
bapa/card/fol_0000063.smt2,unsat,0.14415597915649414,card/cvc5_mapa/fol_0000063.smt2,unsat,0.023488998413085938,bapa/card/fol_0000063.smt2,unsat,0.22869086265563965,bapa/card/fol_0000063.smt2,unsat,0.12279129028320312,card/cvc5_mapa/fol_0000063.smt2,unsat,0.048,card/cvc5_mapa/fol_0000063.smt2,unsat,0.045
bapa/card/fol_0000064.smt2,unsat,0.0787808895111084,card/cvc5_mapa/fol_0000064.smt2,unsat,0.010324954986572266,bapa/card/fol_0000064.smt2,unsat,0.11902904510498047,bapa/card/fol_0000064.smt2,timeout,100.00517296791077,card/cvc5_mapa/fol_0000064.smt2,unsat,0.014,card/cvc5_mapa/fol_0000064.smt2,unsat,0.012
bapa/card/fol_0000065.smt2,unsat,0.32009077072143555,card/cvc5_mapa/fol_0000065.smt2,unsat,0.0520939826965332,bapa/card/fol_0000065.smt2,unsat,12.303108930587769,bapa/card/fol_0000065.smt2,timeout,100.00548696517944,card/cvc5_mapa/fol_0000065.smt2,unsat,0.198,card/cvc5_mapa/fol_0000065.smt2,unsat,0.196
bapa/card/fol_0000066.smt2,unsat,0.7697269916534424,card/cvc5_mapa/fol_0000066.smt2,unsat,0.05553793907165527,bapa/card/fol_0000066.smt2,unsat,5.438602924346924,bapa/card/fol_0000066.smt2,unsat,4.3640971183776855,card/cvc5_mapa/fol_0000066.smt2,unsat,0.2,card/cvc5_mapa/fol_0000066.smt2,unsat,0.201
bapa/card/fol_0000067.smt2,unsat,3.3111817836761475,card/cvc5_mapa/fol_0000067.smt2,unsat,0.051796913146972656,bapa/card/fol_0000067.smt2,unsat,0.24883508682250977,bapa/card/fol_0000067.smt2,timeout,100.00580620765686,card/cvc5_mapa/fol_0000067.smt2,unsat,0.199,card/cvc5_mapa/fol_0000067.smt2,unsat,0.202
bapa/card/fol_0000068.smt2,timeout,100.01164388656616,card/cvc5_mapa/fol_0000068.smt2,unsat,0.05436420440673828,bapa/card/fol_0000068.smt2,unsat,0.41341519355773926,bapa/card/fol_0000068.smt2,unsat,2.962501049041748,card/cvc5_mapa/fol_0000068.smt2,unsat,0.201,card/cvc5_mapa/fol_0000068.smt2,unsat,0.2
bapa/card/fol_0000069.smt2,timeout,100.00602602958679,card/cvc5_mapa/fol_0000069.smt2,sat,0.30469489097595215,bapa/card/fol_0000069.smt2,timeout,100.00562882423401,bapa/card/fol_0000069.smt2,timeout,100.00575304031372,card/cvc5_mapa/fol_0000069.smt2,sat,2.084,card/cvc5_mapa/fol_0000069.smt2,unknown,2.105
bapa/card/fol_0000070.smt2,timeout,100.0057921409607,card/cvc5_mapa/fol_0000070.smt2,unsat,0.30025506019592285,bapa/card/fol_0000070.smt2,timeout,100.00609707832336,bapa/card/fol_0000070.smt2,timeout,100.00564002990723,card/cvc5_mapa/fol_0000070.smt2,unsat,2.158,card/cvc5_mapa/fol_0000070.smt2,unsat,2.171
bapa/card/fol_0000071.smt2,timeout,100.00633406639099,card/cvc5_mapa/fol_0000071.smt2,sat,66.24479794502258,bapa/card/fol_0000071.smt2,timeout,100.00608587265015,bapa/card/fol_0000071.smt2,timeout,100.00713801383972,card/cvc5_mapa/fol_0000071.smt2,sat,26.603,card/cvc5_mapa/fol_0000071.smt2,unknown,26.838
bapa/card/fol_0000072.smt2,timeout,100.00672817230225,card/cvc5_mapa/fol_0000072.smt2,sat,66.2366361618042,bapa/card/fol_0000072.smt2,timeout,100.00824975967407,bapa/card/fol_0000072.smt2,timeout,100.00648427009583,card/cvc5_mapa/fol_0000072.smt2,sat,0.022,card/cvc5_mapa/fol_0000072.smt2,sat,0.021
bapa/card/fol_0000073.smt2,timeout,100.00691604614258,card/cvc5_mapa/fol_0000073.smt2,sat,0.0168607234954834,bapa/card/fol_0000073.smt2,timeout,100.01170086860657,bapa/card/fol_0000073.smt2,timeout,100.00546193122864,card/cvc5_mapa/fol_0000073.smt2,sat,0.018,card/cvc5_mapa/fol_0000073.smt2,sat,0.019
bapa/card/fol_0000074.smt2,sat,13.832637786865234,card/cvc5_mapa/fol_0000074.smt2,sat,0.012090206146240234,bapa/card/fol_0000074.smt2,timeout,100.01239800453186,bapa/card/fol_0000074.smt2,timeout,100.00550413131714,card/cvc5_mapa/fol_0000074.smt2,sat,0.016,card/cvc5_mapa/fol_0000074.smt2,sat,0.016
bapa/card/fol_0000075.smt2,timeout,100.00582909584045,card/cvc5_mapa/fol_0000075.smt2,sat,0.2890288829803467,bapa/card/fol_0000075.smt2,timeout,100.00928401947021,bapa/card/fol_0000075.smt2,timeout,100.00490093231201,card/cvc5_mapa/fol_0000075.smt2,sat,0.017,card/cvc5_mapa/fol_0000075.smt2,sat,0.017
bapa/card/fol_0000076.smt2,timeout,100.00713419914246,card/cvc5_mapa/fol_0000076.smt2,sat,0.015880823135375977,bapa/card/fol_0000076.smt2,timeout,100.0113639831543,bapa/card/fol_0000076.smt2,timeout,100.00496196746826,card/cvc5_mapa/fol_0000076.smt2,sat,0.015,card/cvc5_mapa/fol_0000076.smt2,sat,0.015
bapa/card/fol_0000077.smt2,timeout,100.00260210037231,card/cvc5_mapa/fol_0000077.smt2,sat,0.2935187816619873,bapa/card/fol_0000077.smt2,sat,6.3638598918914795,bapa/card/fol_0000077.smt2,timeout,100.00587821006775,card/cvc5_mapa/fol_0000077.smt2,sat,0.017,card/cvc5_mapa/fol_0000077.smt2,sat,0.016
bapa/card/fol_0000078.smt2,timeout,100.00702786445618,card/cvc5_mapa/fol_0000078.smt2,unsat,0.43313002586364746,bapa/card/fol_0000078.smt2,unsat,35.338231801986694,bapa/card/fol_0000078.smt2,timeout,100.00732278823853,card/cvc5_mapa/fol_0000078.smt2,unsat,20.273,card/cvc5_mapa/fol_0000078.smt2,unsat,20.34
bapa/card/fol_0000079.smt2,timeout,100.01026606559753,card/cvc5_mapa/fol_0000079.smt2,sat,0.01538991928100586,bapa/card/fol_0000079.smt2,timeout,100.01280474662781,bapa/card/fol_0000079.smt2,timeout,100.00657796859741,card/cvc5_mapa/fol_0000079.smt2,sat,0.017,card/cvc5_mapa/fol_0000079.smt2,sat,0.017
bapa/card/fol_0000080.smt2,timeout,100.00944685935974,card/cvc5_mapa/fol_0000080.smt2,sat,0.07990121841430664,bapa/card/fol_0000080.smt2,sat,4.047000885009766,bapa/card/fol_0000080.smt2,timeout,100.00527215003967,card/cvc5_mapa/fol_0000080.smt2,sat,0.016,card/cvc5_mapa/fol_0000080.smt2,sat,0.015
bapa/card/fol_0000081.smt2,unsat,0.08222389221191406,card/cvc5_mapa/fol_0000081.smt2,unsat,0.010228872299194336,bapa/card/fol_0000081.smt2,unsat,0.1600360870361328,bapa/card/fol_0000081.smt2,timeout,100.0054349899292,card/cvc5_mapa/fol_0000081.smt2,unsat,0.012,card/cvc5_mapa/fol_0000081.smt2,unsat,0.014
bapa/card/fol_0000082.smt2,timeout,100.00572109222412,card/cvc5_mapa/fol_0000082.smt2,sat,0.08827900886535645,bapa/card/fol_0000082.smt2,sat,3.189539909362793,bapa/card/fol_0000082.smt2,timeout,100.00549387931824,card/cvc5_mapa/fol_0000082.smt2,sat,0.013,card/cvc5_mapa/fol_0000082.smt2,sat,0.015
bapa/card/fol_0000083.smt2,timeout,100.00564408302307,card/cvc5_mapa/fol_0000083.smt2,unsat,0.08143424987792969,bapa/card/fol_0000083.smt2,timeout,100.00569081306458,bapa/card/fol_0000083.smt2,timeout,100.00773692131042,card/cvc5_mapa/fol_0000083.smt2,unsat,1.787,card/cvc5_mapa/fol_0000083.smt2,unsat,1.786
bapa/card/fol_0000084.smt2,timeout,100.00708603858948,card/cvc5_mapa/fol_0000084.smt2,sat,0.29899096488952637,bapa/card/fol_0000084.smt2,timeout,100.00593400001526,bapa/card/fol_0000084.smt2,timeout,100.00738906860352,card/cvc5_mapa/fol_0000084.smt2,sat,2.236,card/cvc5_mapa/fol_0000084.smt2,unknown,2.237
bapa/card/fol_0000085.smt2,timeout,100.01346802711487,card/cvc5_mapa/fol_0000085.smt2,unsat,0.0559539794921875,bapa/card/fol_0000085.smt2,unsat,0.33873486518859863,bapa/card/fol_0000085.smt2,timeout,100.00742602348328,card/cvc5_mapa/fol_0000085.smt2,unsat,0.2,card/cvc5_mapa/fol_0000085.smt2,unsat,0.2
bapa/card/fol_0000086.smt2,unsat,0.6734938621520996,card/cvc5_mapa/fol_0000086.smt2,unsat,0.05571913719177246,bapa/card/fol_0000086.smt2,unsat,1.3198459148406982,bapa/card/fol_0000086.smt2,timeout,100.00640058517456,card/cvc5_mapa/fol_0000086.smt2,unsat,0.201,card/cvc5_mapa/fol_0000086.smt2,unsat,0.2
bapa/card/fol_0000087.smt2,timeout,100.00670385360718,card/cvc5_mapa/fol_0000087.smt2,unsat,0.0797739028930664,bapa/card/fol_0000087.smt2,unsat,21.983170986175537,bapa/card/fol_0000087.smt2,timeout,100.00576710700989,card/cvc5_mapa/fol_0000087.smt2,unsat,1.651,card/cvc5_mapa/fol_0000087.smt2,unsat,1.652
bapa/card/fol_0000088.smt2,timeout,100.01225996017456,card/cvc5_mapa/fol_0000088.smt2,unsat,0.28188490867614746,bapa/card/fol_0000088.smt2,timeout,100.00637888908386,bapa/card/fol_0000088.smt2,timeout,100.00759792327881,card/cvc5_mapa/fol_0000088.smt2,unsat,2.083,card/cvc5_mapa/fol_0000088.smt2,unsat,2.075
bapa/card/fol_0000089.smt2,timeout,100.01049280166626,card/cvc5_mapa/fol_0000089.smt2,unsat,0.3034932613372803,bapa/card/fol_0000089.smt2,unsat,4.017004013061523,bapa/card/fol_0000089.smt2,timeout,100.00558114051819,card/cvc5_mapa/fol_0000089.smt2,unsat,2.094,card/cvc5_mapa/fol_0000089.smt2,unsat,2.099
bapa/card/fol_0000090.smt2,timeout,100.00809168815613,card/cvc5_mapa/fol_0000090.smt2,sat,0.07832884788513184,bapa/card/fol_0000090.smt2,timeout,100.00866103172302,bapa/card/fol_0000090.smt2,timeout,100.00539588928223,card/cvc5_mapa/fol_0000090.smt2,sat,0.016,card/cvc5_mapa/fol_0000090.smt2,sat,0.013
bapa/card/fol_0000091.smt2,unsat,0.07881784439086914,card/cvc5_mapa/fol_0000091.smt2,unsat,0.013350248336791992,bapa/card/fol_0000091.smt2,unsat,0.10806989669799805,bapa/card/fol_0000091.smt2,unsat,1.307723045349121,card/cvc5_mapa/fol_0000091.smt2,unsat,0.016,card/cvc5_mapa/fol_0000091.smt2,unsat,0.013
bapa/card/fol_0000092.smt2,timeout,100.0083839893341,card/cvc5_mapa/fol_0000092.smt2,unsat,0.07493782043457031,bapa/card/fol_0000092.smt2,timeout,100.0056300163269,bapa/card/fol_0000092.smt2,timeout,100.0055661201477,card/cvc5_mapa/fol_0000092.smt2,unsat,1.707,card/cvc5_mapa/fol_0000092.smt2,unsat,1.708
bapa/card/fol_0000093.smt2,timeout,100.00783920288086,card/cvc5_mapa/fol_0000093.smt2,unsat,0.08154511451721191,bapa/card/fol_0000093.smt2,unsat,22.36473822593689,bapa/card/fol_0000093.smt2,timeout,100.00529623031616,card/cvc5_mapa/fol_0000093.smt2,unsat,1.767,card/cvc5_mapa/fol_0000093.smt2,unsat,1.764
bapa/card/fol_0000094.smt2,unsat,0.7814850807189941,card/cvc5_mapa/fol_0000094.smt2,unsat,0.052590131759643555,bapa/card/fol_0000094.smt2,unsat,0.2537369728088379,bapa/card/fol_0000094.smt2,timeout,100.00560688972473,card/cvc5_mapa/fol_0000094.smt2,unsat,0.201,card/cvc5_mapa/fol_0000094.smt2,unsat,0.2
bapa/card/fol_0000095.smt2,timeout,100.00698971748352,card/cvc5_mapa/fol_0000095.smt2,unsat,0.2862551212310791,bapa/card/fol_0000095.smt2,timeout,100.00500679016113,bapa/card/fol_0000095.smt2,timeout,100.0049831867218,card/cvc5_mapa/fol_0000095.smt2,unsat,2.146,card/cvc5_mapa/fol_0000095.smt2,unsat,2.153
bapa/card/fol_0000096.smt2,timeout,100.00580883026123,card/cvc5_mapa/fol_0000096.smt2,sat,35.46592473983765,bapa/card/fol_0000096.smt2,timeout,100.0061469078064,bapa/card/fol_0000096.smt2,timeout,100.00605320930481,card/cvc5_mapa/fol_0000096.smt2,sat,27.597,card/cvc5_mapa/fol_0000096.smt2,unknown,28.35
bapa/card/fol_0000097.smt2,timeout,100.00857281684875,card/cvc5_mapa/fol_0000097.smt2,timeout,100.0,bapa/card/fol_0000097.smt2,timeout,100.00687003135681,bapa/card/fol_0000097.smt2,timeout,100.0051097869873,card/cvc5_mapa/fol_0000097.smt2,unsat,28.196,card/cvc5_mapa/fol_0000097.smt2,unsat,28.427
bapa/card/fol_0000098.smt2,timeout,100.005934715271,card/cvc5_mapa/fol_0000098.smt2,timeout,100.0,bapa/card/fol_0000098.smt2,timeout,100.00779104232788,bapa/card/fol_0000098.smt2,timeout,100.0071222782135,card/cvc5_mapa/fol_0000098.smt2,sat,75.446,card/cvc5_mapa/fol_0000098.smt2,unknown,75.538
bapa/card/fol_0000099.smt2,timeout,100.00856590270996,card/cvc5_mapa/fol_0000099.smt2,timeout,100.0,bapa/card/fol_0000099.smt2,timeout,100.00696992874146,bapa/card/fol_0000099.smt2,timeout,100.005380153656,card/cvc5_mapa/fol_0000099.smt2,timeout,100.0,card/cvc5_mapa/fol_0000099.smt2,timeout,100.0
bapa/card/fol_0000100.smt2,timeout,100.0100679397583,card/cvc5_mapa/fol_0000100.smt2,timeout,100.0,bapa/card/fol_0000100.smt2,timeout,100.00711131095886,bapa/card/fol_0000100.smt2,timeout,100.00530910491943,card/cvc5_mapa/fol_0000100.smt2,sat,71.435,card/cvc5_mapa/fol_0000100.smt2,unknown,76.384
bapa/card/fol_0000101.smt2,timeout,100.00571608543396,card/cvc5_mapa/fol_0000101.smt2,sat,0.018047809600830078,bapa/card/fol_0000101.smt2,timeout,100.00625324249268,bapa/card/fol_0000101.smt2,timeout,100.00763320922852,card/cvc5_mapa/fol_0000101.smt2,sat,0.018,card/cvc5_mapa/fol_0000101.smt2,sat,0.018
bapa/card/fol_0000102.smt2,timeout,100.00571012496948,card/cvc5_mapa/fol_0000102.smt2,timeout,100.0,bapa/card/fol_0000102.smt2,timeout,100.00759291648865,bapa/card/fol_0000102.smt2,timeout,100.00701880455017,card/cvc5_mapa/fol_0000102.smt2,timeout,100.0,card/cvc5_mapa/fol_0000102.smt2,timeout,100.0
bapa/card/fol_0000103.smt2,timeout,100.00931668281555,card/cvc5_mapa/fol_0000103.smt2,sat,0.016395092010498047,bapa/card/fol_0000103.smt2,timeout,100.00644302368164,bapa/card/fol_0000103.smt2,timeout,100.00705623626709,card/cvc5_mapa/fol_0000103.smt2,sat,0.019,card/cvc5_mapa/fol_0000103.smt2,sat,0.018
bapa/card/fol_0000104.smt2,timeout,100.00579524040222,card/cvc5_mapa/fol_0000104.smt2,timeout,100.0,bapa/card/fol_0000104.smt2,timeout,100.00722908973694,bapa/card/fol_0000104.smt2,timeout,100.00714230537415,card/cvc5_mapa/fol_0000104.smt2,timeout,100.0,card/cvc5_mapa/fol_0000104.smt2,timeout,100.0
bapa/card/fol_0000105.smt2,timeout,100.00583028793335,card/cvc5_mapa/fol_0000105.smt2,sat,0.011167049407958984,bapa/card/fol_0000105.smt2,timeout,99.99815607070923,bapa/card/fol_0000105.smt2,timeout,100.0066990852356,card/cvc5_mapa/fol_0000105.smt2,sat,0.019,card/cvc5_mapa/fol_0000105.smt2,sat,0.018
bapa/card/fol_0000106.smt2,timeout,100.00663876533508,card/cvc5_mapa/fol_0000106.smt2,timeout,100.0,bapa/card/fol_0000106.smt2,timeout,100.00896382331848,bapa/card/fol_0000106.smt2,timeout,100.00659799575806,card/cvc5_mapa/fol_0000106.smt2,sat,0.022,card/cvc5_mapa/fol_0000106.smt2,sat,0.021
bapa/card/fol_0000107.smt2,timeout,100.00629997253418,card/cvc5_mapa/fol_0000107.smt2,timeout,100.0,bapa/card/fol_0000107.smt2,timeout,100.00729966163635,bapa/card/fol_0000107.smt2,timeout,100.0051121711731,card/cvc5_mapa/fol_0000107.smt2,timeout,100.0,card/cvc5_mapa/fol_0000107.smt2,timeout,100.0
bapa/card/fol_0000108.smt2,timeout,100.00979018211365,card/cvc5_mapa/fol_0000108.smt2,sat,0.016058921813964844,bapa/card/fol_0000108.smt2,timeout,100.00615382194519,bapa/card/fol_0000108.smt2,timeout,100.00795912742615,card/cvc5_mapa/fol_0000108.smt2,sat,0.022,card/cvc5_mapa/fol_0000108.smt2,sat,0.022
bapa/card/fol_0000109.smt2,timeout,100.00791096687317,card/cvc5_mapa/fol_0000109.smt2,sat,0.2886838912963867,bapa/card/fol_0000109.smt2,timeout,100.0055091381073,bapa/card/fol_0000109.smt2,timeout,100.00631380081177,card/cvc5_mapa/fol_0000109.smt2,sat,2.181,card/cvc5_mapa/fol_0000109.smt2,unknown,2.172
bapa/card/fol_0000110.smt2,unsat,1.4936580657958984,card/cvc5_mapa/fol_0000110.smt2,unsat,0.054193973541259766,bapa/card/fol_0000110.smt2,unsat,4.87439227104187,bapa/card/fol_0000110.smt2,timeout,100.0054349899292,card/cvc5_mapa/fol_0000110.smt2,unsat,0.208,card/cvc5_mapa/fol_0000110.smt2,unsat,0.208
bapa/card/fol_0000111.smt2,timeout,100.00987601280212,card/cvc5_mapa/fol_0000111.smt2,unsat,0.07548189163208008,bapa/card/fol_0000111.smt2,unsat,65.9269711971283,bapa/card/fol_0000111.smt2,timeout,100.00545883178711,card/cvc5_mapa/fol_0000111.smt2,unsat,1.766,card/cvc5_mapa/fol_0000111.smt2,unsat,1.758
bapa/card/fol_0000112.smt2,timeout,100.00861191749573,card/cvc5_mapa/fol_0000112.smt2,unsat,0.29053688049316406,bapa/card/fol_0000112.smt2,timeout,100.00581693649292,bapa/card/fol_0000112.smt2,timeout,100.00610995292664,card/cvc5_mapa/fol_0000112.smt2,unsat,2.291,card/cvc5_mapa/fol_0000112.smt2,unsat,2.294
bapa/card/fol_0000113.smt2,timeout,100.00579714775085,card/cvc5_mapa/fol_0000113.smt2,sat,0.3989529609680176,bapa/card/fol_0000113.smt2,timeout,100.00621795654297,bapa/card/fol_0000113.smt2,timeout,100.00679564476013,card/cvc5_mapa/fol_0000113.smt2,sat,20.343,card/cvc5_mapa/fol_0000113.smt2,unknown,21.248
bapa/card/fol_0000114.smt2,timeout,100.00741291046143,card/cvc5_mapa/fol_0000114.smt2,unsat,0.07717180252075195,bapa/card/fol_0000114.smt2,timeout,100.00525403022766,bapa/card/fol_0000114.smt2,timeout,100.00901699066162,card/cvc5_mapa/fol_0000114.smt2,unsat,1.594,card/cvc5_mapa/fol_0000114.smt2,unsat,1.652
bapa/card/fol_0000115.smt2,timeout,100.0085940361023,card/cvc5_mapa/fol_0000115.smt2,unsat,0.07447314262390137,bapa/card/fol_0000115.smt2,unsat,1.6419939994812012,bapa/card/fol_0000115.smt2,timeout,100.00572109222412,card/cvc5_mapa/fol_0000115.smt2,unsat,1.638,card/cvc5_mapa/fol_0000115.smt2,unsat,1.709
bapa/card/fol_0000116.smt2,timeout,100.00654006004333,card/cvc5_mapa/fol_0000116.smt2,unsat,0.3923370838165283,bapa/card/fol_0000116.smt2,timeout,100.00601100921631,bapa/card/fol_0000116.smt2,timeout,100.00519704818726,card/cvc5_mapa/fol_0000116.smt2,unsat,28.248,card/cvc5_mapa/fol_0000116.smt2,unsat,29.17
bapa/card/fol_0000117.smt2,timeout,100.00581312179565,card/cvc5_mapa/fol_0000117.smt2,sat,0.3776121139526367,bapa/card/fol_0000117.smt2,timeout,100.0074610710144,bapa/card/fol_0000117.smt2,timeout,100.00683879852295,card/cvc5_mapa/fol_0000117.smt2,sat,20.155,card/cvc5_mapa/fol_0000117.smt2,unknown,20.372
bapa/card/fol_0000118.smt2,timeout,100.00989818572998,card/cvc5_mapa/fol_0000118.smt2,sat,35.80301904678345,bapa/card/fol_0000118.smt2,timeout,100.00644707679749,bapa/card/fol_0000118.smt2,timeout,100.00508904457092,card/cvc5_mapa/fol_0000118.smt2,sat,27.451,card/cvc5_mapa/fol_0000118.smt2,unknown,28.497
bapa/card/fol_0000119.smt2,timeout,100.01038599014282,card/cvc5_mapa/fol_0000119.smt2,unsat,0.28220105171203613,bapa/card/fol_0000119.smt2,timeout,100.00604391098022,bapa/card/fol_0000119.smt2,timeout,100.0051760673523,card/cvc5_mapa/fol_0000119.smt2,unsat,2.139,card/cvc5_mapa/fol_0000119.smt2,unsat,2.192
bapa/card/fol_0000120.smt2,timeout,100.02470684051514,card/cvc5_mapa/fol_0000120.smt2,unsat,0.36046409606933594,bapa/card/fol_0000120.smt2,timeout,100.00617599487305,bapa/card/fol_0000120.smt2,timeout,100.00559616088867,card/cvc5_mapa/fol_0000120.smt2,timeout,100.0,card/cvc5_mapa/fol_0000120.smt2,timeout,100.0
sql/linear/calcite-query013-call-0.smt2,unsat,0.5678799152374268,sql/linear/calcite-query013-call-0.smt2,unsat,0.009891271591186523,sql/linear/calcite-query013-call-0.smt2,unsat,0.10292506217956543,sql/linear/calcite-query013-call-0.smt2,unsat,0.08967971801757812,sql/linear/calcite-query013-call-0.smt2,unsat,0.274,sql/linear/calcite-query013-call-0.smt2,unsat,0.068
sql/linear/calcite-query039-call-0.smt2,unsat,0.12318086624145508,sql/linear/calcite-query039-call-0.smt2,unsat,0.11572980880737305,sql/linear/calcite-query039-call-0.smt2,unsat,0.23578619956970215,sql/linear/calcite-query039-call-0.smt2,timeout,100.0086920261383,sql/linear/calcite-query039-call-0.smt2,unsat,0.012,sql/linear/calcite-query039-call-0.smt2,unsat,0.011
sql/linear/calcite-query040-call-0.smt2,unsat,0.13736391067504883,sql/linear/calcite-query040-call-0.smt2,unsat,0.040470123291015625,sql/linear/calcite-query040-call-0.smt2,unsat,0.20643925666809082,sql/linear/calcite-query040-call-0.smt2,timeout,100.00577902793884,sql/linear/calcite-query040-call-0.smt2,unsat,0.01,sql/linear/calcite-query040-call-0.smt2,unsat,0.009
sql/linear/calcite-query044-call-0.smt2,unsat,0.12748408317565918,sql/linear/calcite-query044-call-0.smt2,unsat,0.3468470573425293,sql/linear/calcite-query044-call-0.smt2,unsat,0.2559652328491211,sql/linear/calcite-query044-call-0.smt2,timeout,100.00496792793274,sql/linear/calcite-query044-call-0.smt2,unsat,0.011,sql/linear/calcite-query044-call-0.smt2,unsat,0.01
sql/linear/calcite-query059-call-0.smt2,sat,0.7039320468902588,sql/linear/calcite-query059-call-0.smt2,sat,0.014749765396118164,sql/linear/calcite-query059-call-0.smt2,sat,0.766110897064209,sql/linear/calcite-query059-call-0.smt2,sat,2.6949613094329834,sql/linear/calcite-query059-call-0.smt2,sat,0.008,sql/linear/calcite-query059-call-0.smt2,sat,0.008
sql/linear/calcite-query076-call-0.smt2,unsat,0.41945886611938477,sql/linear/calcite-query076-call-0.smt2,unsat,0.02204608917236328,sql/linear/calcite-query076-call-0.smt2,unsat,1.102186918258667,sql/linear/calcite-query076-call-0.smt2,unsat,0.49457406997680664,sql/linear/calcite-query076-call-0.smt2,unsat,0.099,sql/linear/calcite-query076-call-0.smt2,unsat,0.075
sql/linear/calcite-query088-call-0.smt2,unsat,0.13364100456237793,sql/linear/calcite-query088-call-0.smt2,unsat,0.011110782623291016,sql/linear/calcite-query088-call-0.smt2,unsat,0.1389310359954834,sql/linear/calcite-query088-call-0.smt2,unsat,0.13257074356079102,sql/linear/calcite-query088-call-0.smt2,unsat,0.029,sql/linear/calcite-query088-call-0.smt2,unsat,0.03
sql/linear/calcite-query120-call-0.smt2,unsat,0.12022805213928223,sql/linear/calcite-query120-call-0.smt2,unsat,0.19162321090698242,sql/linear/calcite-query120-call-0.smt2,unsat,0.2446138858795166,sql/linear/calcite-query120-call-0.smt2,timeout,100.00519299507141,sql/linear/calcite-query120-call-0.smt2,unsat,0.008,sql/linear/calcite-query120-call-0.smt2,unsat,0.008
sql/linear/calcite-query126-call-0.smt2,sat,0.2274329662322998,sql/linear/calcite-query126-call-0.smt2,sat,0.043737173080444336,sql/linear/calcite-query126-call-0.smt2,sat,0.21820712089538574,sql/linear/calcite-query126-call-0.smt2,sat,0.219710111618042,sql/linear/calcite-query126-call-0.smt2,sat,0.011,sql/linear/calcite-query126-call-0.smt2,sat,0.011
sql/linear/calcite-query126-call-4.smt2,sat,0.22818779945373535,sql/linear/calcite-query126-call-4.smt2,sat,0.021107196807861328,sql/linear/calcite-query126-call-4.smt2,sat,0.21576809883117676,sql/linear/calcite-query126-call-4.smt2,sat,0.2186429500579834,sql/linear/calcite-query126-call-4.smt2,sat,0.01,sql/linear/calcite-query126-call-4.smt2,sat,0.01
sql/linear/calcite-query151-call-0.smt2,unsat,0.2212390899658203,sql/linear/calcite-query151-call-0.smt2,unsat,0.029512882232666016,sql/linear/calcite-query151-call-0.smt2,unsat,0.3668239116668701,sql/linear/calcite-query151-call-0.smt2,unsat,0.21973085403442383,sql/linear/calcite-query151-call-0.smt2,unsat,0.045,sql/linear/calcite-query151-call-0.smt2,unsat,0.048
sql/linear/calcite-query156-call-0.smt2,unsat,0.1213078498840332,sql/linear/calcite-query156-call-0.smt2,unsat,0.12164092063903809,sql/linear/calcite-query156-call-0.smt2,unsat,0.23274517059326172,sql/linear/calcite-query156-call-0.smt2,timeout,100.00700306892395,sql/linear/calcite-query156-call-0.smt2,unsat,0.008,sql/linear/calcite-query156-call-0.smt2,unsat,0.008
sql/linear/calcite-query162-call-0.smt2,unsat,0.7623989582061768,sql/linear/calcite-query162-call-0.smt2,unsat,0.02506399154663086,sql/linear/calcite-query162-call-0.smt2,unsat,0.4355499744415283,sql/linear/calcite-query162-call-0.smt2,timeout,100.00553488731384,sql/linear/calcite-query162-call-0.smt2,unsat,0.068,sql/linear/calcite-query162-call-0.smt2,unsat,0.069
sql/linear/calcite-query172-call-0.smt2,unsat,0.14693880081176758,sql/linear/calcite-query172-call-0.smt2,unsat,0.011568784713745117,sql/linear/calcite-query172-call-0.smt2,unsat,0.16754794120788574,sql/linear/calcite-query172-call-0.smt2,timeout,100.00551795959473,sql/linear/calcite-query172-call-0.smt2,unsat,0.01,sql/linear/calcite-query172-call-0.smt2,unsat,0.009
sql/linear/calcite-query176-call-0.smt2,unsat,0.17431330680847168,sql/linear/calcite-query176-call-0.smt2,unsat,0.02833390235900879,sql/linear/calcite-query176-call-0.smt2,unsat,0.3440518379211426,sql/linear/calcite-query176-call-0.smt2,unsat,0.23421525955200195,sql/linear/calcite-query176-call-0.smt2,unsat,0.046,sql/linear/calcite-query176-call-0.smt2,unsat,0.044
sql/linear/calcite-query191-call-0.smt2,unsat,0.5795619487762451,sql/linear/calcite-query191-call-0.smt2,unsat,0.021245956420898438,sql/linear/calcite-query191-call-0.smt2,unsat,0.5092241764068604,sql/linear/calcite-query191-call-0.smt2,unsat,0.24082303047180176,sql/linear/calcite-query191-call-0.smt2,unsat,0.032,sql/linear/calcite-query191-call-0.smt2,unsat,0.034
sql/linear/calcite-query193-call-0.smt2,sat,0.1392991542816162,sql/linear/calcite-query193-call-0.smt2,sat,0.010063886642456055,sql/linear/calcite-query193-call-0.smt2,sat,0.5012857913970947,sql/linear/calcite-query193-call-0.smt2,sat,0.11072111129760742,sql/linear/calcite-query193-call-0.smt2,sat,0.005,sql/linear/calcite-query193-call-0.smt2,sat,0.006
sql/linear/calcite-query193-call-4.smt2,sat,0.2386009693145752,sql/linear/calcite-query193-call-4.smt2,sat,0.009675979614257812,sql/linear/calcite-query193-call-4.smt2,sat,0.5151441097259521,sql/linear/calcite-query193-call-4.smt2,sat,0.20470190048217773,sql/linear/calcite-query193-call-4.smt2,sat,0.005,sql/linear/calcite-query193-call-4.smt2,sat,0.005
sql/linear/calcite-query207-call-0.smt2,unsat,0.2892618179321289,sql/linear/calcite-query207-call-0.smt2,unsat,0.0472569465637207,sql/linear/calcite-query207-call-0.smt2,unsat,0.19130897521972656,sql/linear/calcite-query207-call-0.smt2,timeout,100.00534105300903,sql/linear/calcite-query207-call-0.smt2,unsat,1.317,sql/linear/calcite-query207-call-0.smt2,unsat,1.324
sql/linear/calcite-query211-call-0.smt2,unsat,0.5362710952758789,sql/linear/calcite-query211-call-0.smt2,unsat,0.02162313461303711,sql/linear/calcite-query211-call-0.smt2,unsat,0.33103227615356445,sql/linear/calcite-query211-call-0.smt2,unsat,0.28218698501586914,sql/linear/calcite-query211-call-0.smt2,unsat,0.032,sql/linear/calcite-query211-call-0.smt2,unsat,0.032
sql/linear/calcite-query218-call-0.smt2,unsat,0.91007399559021,sql/linear/calcite-query218-call-0.smt2,unsat,0.04050707817077637,sql/linear/calcite-query218-call-0.smt2,unsat,0.9546260833740234,sql/linear/calcite-query218-call-0.smt2,unsat,2.158453941345215,sql/linear/calcite-query218-call-0.smt2,unsat,0.093,sql/linear/calcite-query218-call-0.smt2,unsat,0.093
sql/linear/calcite-query219-call-0.smt2,unsat,0.11887979507446289,sql/linear/calcite-query219-call-0.smt2,unsat,0.20473217964172363,sql/linear/calcite-query219-call-0.smt2,unsat,0.2357490062713623,sql/linear/calcite-query219-call-0.smt2,timeout,100.00545477867126,sql/linear/calcite-query219-call-0.smt2,unsat,0.008,sql/linear/calcite-query219-call-0.smt2,unsat,0.008
sql/linear/calcite-query222-call-0.smt2,sat,0.12093806266784668,sql/linear/calcite-query222-call-0.smt2,sat,0.015048027038574219,sql/linear/calcite-query222-call-0.smt2,sat,0.1088109016418457,sql/linear/calcite-query222-call-0.smt2,sat,0.11127591133117676,sql/linear/calcite-query222-call-0.smt2,sat,0.006,sql/linear/calcite-query222-call-0.smt2,sat,0.006
sql/linear/calcite-query222-call-2.smt2,sat,0.12411093711853027,sql/linear/calcite-query222-call-2.smt2,sat,0.012259244918823242,sql/linear/calcite-query222-call-2.smt2,sat,0.11173605918884277,sql/linear/calcite-query222-call-2.smt2,sat,0.11215591430664062,sql/linear/calcite-query222-call-2.smt2,sat,0.006,sql/linear/calcite-query222-call-2.smt2,sat,0.006
sql/linear/spark-query035-call-0.smt2,unsat,0.13608407974243164,sql/linear/spark-query035-call-0.smt2,unsat,0.01647210121154785,sql/linear/spark-query035-call-0.smt2,unsat,0.16735100746154785,sql/linear/spark-query035-call-0.smt2,unsat,0.10185384750366211,sql/linear/spark-query035-call-0.smt2,unsat,0.017,sql/linear/spark-query035-call-0.smt2,unsat,0.016
sql/linear/spark-query048-call-0.smt2,unsat,25.28182291984558,sql/linear/spark-query048-call-0.smt2,unsat,0.03723478317260742,sql/linear/spark-query048-call-0.smt2,unsat,2.341463088989258,sql/linear/spark-query048-call-0.smt2,unsat,1.402967929840088,sql/linear/spark-query048-call-0.smt2,unsat,0.101,sql/linear/spark-query048-call-0.smt2,unsat,0.101
sql/linear/spark-query054-call-0.smt2,sat,0.1709580421447754,sql/linear/spark-query054-call-0.smt2,sat,0.018153905868530273,sql/linear/spark-query054-call-0.smt2,sat,0.13358187675476074,sql/linear/spark-query054-call-0.smt2,sat,0.13522100448608398,sql/linear/spark-query054-call-0.smt2,sat,0.006,sql/linear/spark-query054-call-0.smt2,sat,0.006
sql/linear/spark-query089-call-0.smt2,unsat,0.16386675834655762,sql/linear/spark-query089-call-0.smt2,unsat,0.012129068374633789,sql/linear/spark-query089-call-0.smt2,unsat,0.19119691848754883,sql/linear/spark-query089-call-0.smt2,unsat,0.9270970821380615,sql/linear/spark-query089-call-0.smt2,unsat,0.011,sql/linear/spark-query089-call-0.smt2,unsat,0.008
sql/linear/spark-query090-call-2.smt2,unsat,0.6613919734954834,sql/linear/spark-query090-call-2.smt2,unsat,0.031951189041137695,sql/linear/spark-query090-call-2.smt2,unsat,0.4151492118835449,sql/linear/spark-query090-call-2.smt2,unsat,0.36698293685913086,sql/linear/spark-query090-call-2.smt2,unsat,0.025,sql/linear/spark-query090-call-2.smt2,unsat,0.023
