unfold0 file,unfold0 result,unfold0 duration,cvc5 filename,cvc5 result,cvc5 duration,unfold5 file,unfold5 result,unfold5 duration,no_interp file,no_interp result,no_interp duration,sqlsolver filename,sqlsolver result,sqlsolver duration,modified_sqlsolver file,modified_sqlsolver result,modified_sqlsolver duration
bapa/arith/fol_0000001.smt2,sat,0.6336150169372559,arith/cvc5_bapa/fol_0000001.smt2,sat,0.59017014503479,bapa/arith/fol_0000001.smt2,sat,1.1719400882720947,bapa/arith/fol_0000001.smt2,sat,0.15301990509033203,arith/cvc5_bapa/fol_0000001.smt2,sat,2.228,arith/cvc5_bapa/fol_0000001.smt2,sat,0.087
bapa/arith/fol_0000002.smt2,sat,0.6367108821868896,arith/cvc5_bapa/fol_0000002.smt2,sat,0.5834131240844727,bapa/arith/fol_0000002.smt2,sat,0.9435560703277588,bapa/arith/fol_0000002.smt2,sat,0.12042808532714844,arith/cvc5_bapa/fol_0000002.smt2,sat,2.229,arith/cvc5_bapa/fol_0000002.smt2,sat,0.086
bapa/arith/fol_0000003.smt2,sat,1.3175139427185059,arith/cvc5_bapa/fol_0000003.smt2,sat,0.5862557888031006,bapa/arith/fol_0000003.smt2,sat,0.6628620624542236,bapa/arith/fol_0000003.smt2,sat,0.4908888339996338,arith/cvc5_bapa/fol_0000003.smt2,sat,2.228,arith/cvc5_bapa/fol_0000003.smt2,sat,0.086
bapa/arith/fol_0000004.smt2,sat,0.6347529888153076,arith/cvc5_bapa/fol_0000004.smt2,sat,0.6086709499359131,bapa/arith/fol_0000004.smt2,sat,0.7545459270477295,bapa/arith/fol_0000004.smt2,sat,0.12586283683776855,arith/cvc5_bapa/fol_0000004.smt2,sat,2.229,arith/cvc5_bapa/fol_0000004.smt2,sat,0.087
bapa/arith/fol_0000005.smt2,sat,0.7031421661376953,arith/cvc5_bapa/fol_0000005.smt2,sat,0.6145989894866943,bapa/arith/fol_0000005.smt2,sat,1.0193297863006592,bapa/arith/fol_0000005.smt2,sat,0.16418981552124023,arith/cvc5_bapa/fol_0000005.smt2,sat,2.229,arith/cvc5_bapa/fol_0000005.smt2,sat,0.088
bapa/arith/fol_0000006.smt2,sat,0.6333072185516357,arith/cvc5_bapa/fol_0000006.smt2,sat,0.6162309646606445,bapa/arith/fol_0000006.smt2,sat,0.6772060394287109,bapa/arith/fol_0000006.smt2,sat,0.37616777420043945,arith/cvc5_bapa/fol_0000006.smt2,sat,2.228,arith/cvc5_bapa/fol_0000006.smt2,sat,0.088
bapa/arith/fol_0000007.smt2,sat,0.7497608661651611,arith/cvc5_bapa/fol_0000007.smt2,sat,0.6094939708709717,bapa/arith/fol_0000007.smt2,sat,0.6693551540374756,bapa/arith/fol_0000007.smt2,sat,0.16143107414245605,arith/cvc5_bapa/fol_0000007.smt2,sat,2.867,arith/cvc5_bapa/fol_0000007.smt2,unknown,0.671
bapa/arith/fol_0000008.smt2,sat,0.6849632263183594,arith/cvc5_bapa/fol_0000008.smt2,sat,0.6127009391784668,bapa/arith/fol_0000008.smt2,sat,1.4307570457458496,bapa/arith/fol_0000008.smt2,sat,0.16399908065795898,arith/cvc5_bapa/fol_0000008.smt2,sat,2.229,arith/cvc5_bapa/fol_0000008.smt2,sat,0.088
bapa/arith/fol_0000009.smt2,sat,1.2698330879211426,arith/cvc5_bapa/fol_0000009.smt2,sat,0.6061110496520996,bapa/arith/fol_0000009.smt2,sat,1.1661150455474854,bapa/arith/fol_0000009.smt2,sat,0.1711881160736084,arith/cvc5_bapa/fol_0000009.smt2,sat,2.854,arith/cvc5_bapa/fol_0000009.smt2,unknown,0.666
bapa/arith/fol_0000010.smt2,sat,0.6267938613891602,arith/cvc5_bapa/fol_0000010.smt2,sat,0.6100919246673584,bapa/arith/fol_0000010.smt2,sat,0.8232779502868652,bapa/arith/fol_0000010.smt2,sat,0.15502691268920898,arith/cvc5_bapa/fol_0000010.smt2,sat,2.854,arith/cvc5_bapa/fol_0000010.smt2,unknown,0.672
bapa/arith/fol_0000011.smt2,sat,0.6355850696563721,arith/cvc5_bapa/fol_0000011.smt2,sat,0.6050548553466797,bapa/arith/fol_0000011.smt2,sat,0.7373759746551514,bapa/arith/fol_0000011.smt2,sat,0.12619805335998535,arith/cvc5_bapa/fol_0000011.smt2,sat,2.869,arith/cvc5_bapa/fol_0000011.smt2,unknown,0.68
bapa/arith/fol_0000012.smt2,sat,0.6321237087249756,arith/cvc5_bapa/fol_0000012.smt2,sat,0.6112320423126221,bapa/arith/fol_0000012.smt2,sat,1.288153886795044,bapa/arith/fol_0000012.smt2,sat,0.1338648796081543,arith/cvc5_bapa/fol_0000012.smt2,sat,2.836,arith/cvc5_bapa/fol_0000012.smt2,unknown,0.688
bapa/arith/fol_0000013.smt2,sat,0.6978938579559326,arith/cvc5_bapa/fol_0000013.smt2,sat,0.5954709053039551,bapa/arith/fol_0000013.smt2,sat,0.7320199012756348,bapa/arith/fol_0000013.smt2,sat,0.13149809837341309,arith/cvc5_bapa/fol_0000013.smt2,sat,2.228,arith/cvc5_bapa/fol_0000013.smt2,sat,0.087
bapa/arith/fol_0000014.smt2,sat,0.6316180229187012,arith/cvc5_bapa/fol_0000014.smt2,sat,0.5901899337768555,bapa/arith/fol_0000014.smt2,sat,0.9216561317443848,bapa/arith/fol_0000014.smt2,sat,0.12952709197998047,arith/cvc5_bapa/fol_0000014.smt2,sat,2.229,arith/cvc5_bapa/fol_0000014.smt2,sat,0.088
bapa/arith/fol_0000015.smt2,sat,0.6282191276550293,arith/cvc5_bapa/fol_0000015.smt2,sat,0.5959491729736328,bapa/arith/fol_0000015.smt2,sat,0.6605949401855469,bapa/arith/fol_0000015.smt2,sat,0.1273176670074463,arith/cvc5_bapa/fol_0000015.smt2,sat,2.229,arith/cvc5_bapa/fol_0000015.smt2,sat,0.086
bapa/arith/fol_0000016.smt2,sat,0.6749861240386963,arith/cvc5_bapa/fol_0000016.smt2,sat,0.6042170524597168,bapa/arith/fol_0000016.smt2,sat,0.6661057472229004,bapa/arith/fol_0000016.smt2,sat,0.12339401245117188,arith/cvc5_bapa/fol_0000016.smt2,sat,2.229,arith/cvc5_bapa/fol_0000016.smt2,sat,0.085
bapa/arith/fol_0000017.smt2,sat,0.17054104804992676,arith/cvc5_bapa/fol_0000017.smt2,sat,0.06614875793457031,bapa/arith/fol_0000017.smt2,sat,0.48073697090148926,bapa/arith/fol_0000017.smt2,sat,0.15865707397460938,arith/cvc5_bapa/fol_0000017.smt2,sat,0.013,arith/cvc5_bapa/fol_0000017.smt2,sat,0.018
bapa/arith/fol_0000018.smt2,sat,0.21658897399902344,arith/cvc5_bapa/fol_0000018.smt2,sat,0.06383991241455078,bapa/arith/fol_0000018.smt2,sat,0.7358582019805908,bapa/arith/fol_0000018.smt2,sat,0.12058115005493164,arith/cvc5_bapa/fol_0000018.smt2,sat,0.011,arith/cvc5_bapa/fol_0000018.smt2,sat,0.017
bapa/arith/fol_0000019.smt2,sat,0.7332179546356201,arith/cvc5_bapa/fol_0000019.smt2,sat,0.06377601623535156,bapa/arith/fol_0000019.smt2,sat,0.23397207260131836,bapa/arith/fol_0000019.smt2,sat,0.16309499740600586,arith/cvc5_bapa/fol_0000019.smt2,sat,0.595,arith/cvc5_bapa/fol_0000019.smt2,unknown,0.605
bapa/arith/fol_0000020.smt2,sat,0.22828102111816406,arith/cvc5_bapa/fol_0000020.smt2,sat,0.06393027305603027,bapa/arith/fol_0000020.smt2,sat,0.8817200660705566,bapa/arith/fol_0000020.smt2,sat,0.17209100723266602,arith/cvc5_bapa/fol_0000020.smt2,sat,0.612,arith/cvc5_bapa/fol_0000020.smt2,unknown,0.544
bapa/arith/fol_0000021.smt2,unsat,0.10976934432983398,arith/cvc5_bapa/fol_0000021.smt2,unsat,0.03437089920043945,bapa/arith/fol_0000021.smt2,unsat,0.12494063377380371,bapa/arith/fol_0000021.smt2,unsat,0.855029821395874,arith/cvc5_bapa/fol_0000021.smt2,unsat,0.06,arith/cvc5_bapa/fol_0000021.smt2,unsat,0.051
bapa/arith/fol_0000022.smt2,sat,0.3847188949584961,arith/cvc5_bapa/fol_0000022.smt2,sat,0.06400203704833984,bapa/arith/fol_0000022.smt2,sat,0.2200632095336914,bapa/arith/fol_0000022.smt2,sat,0.12840604782104492,arith/cvc5_bapa/fol_0000022.smt2,sat,0.642,arith/cvc5_bapa/fol_0000022.smt2,unknown,0.597
bapa/arith/fol_0000023.smt2,unsat,0.11946988105773926,arith/cvc5_bapa/fol_0000023.smt2,unsat,0.04575395584106445,bapa/arith/fol_0000023.smt2,unsat,0.12029576301574707,bapa/arith/fol_0000023.smt2,unsat,0.8929002285003662,arith/cvc5_bapa/fol_0000023.smt2,unsat,0.06,arith/cvc5_bapa/fol_0000023.smt2,unsat,0.05
bapa/arith/fol_0000024.smt2,sat,0.5253713130950928,arith/cvc5_bapa/fol_0000024.smt2,sat,0.06481266021728516,bapa/arith/fol_0000024.smt2,sat,0.23099923133850098,bapa/arith/fol_0000024.smt2,sat,0.13120603561401367,arith/cvc5_bapa/fol_0000024.smt2,sat,0.629,arith/cvc5_bapa/fol_0000024.smt2,unknown,0.53
bapa/arith/fol_0000025.smt2,sat,0.1653139591217041,arith/cvc5_bapa/fol_0000025.smt2,sat,0.04207301139831543,bapa/arith/fol_0000025.smt2,sat,0.3692500591278076,bapa/arith/fol_0000025.smt2,sat,0.12130308151245117,arith/cvc5_bapa/fol_0000025.smt2,sat,0.014,arith/cvc5_bapa/fol_0000025.smt2,sat,0.017
bapa/arith/fol_0000026.smt2,sat,0.22337698936462402,arith/cvc5_bapa/fol_0000026.smt2,sat,0.04040884971618652,bapa/arith/fol_0000026.smt2,sat,0.4578211307525635,bapa/arith/fol_0000026.smt2,sat,0.1267869472503662,arith/cvc5_bapa/fol_0000026.smt2,sat,0.015,arith/cvc5_bapa/fol_0000026.smt2,sat,0.017
bapa/arith/fol_0000027.smt2,sat,0.16173887252807617,arith/cvc5_bapa/fol_0000027.smt2,sat,0.04344511032104492,bapa/arith/fol_0000027.smt2,sat,0.39650988578796387,bapa/arith/fol_0000027.smt2,sat,0.11898112297058105,arith/cvc5_bapa/fol_0000027.smt2,sat,0.015,arith/cvc5_bapa/fol_0000027.smt2,sat,0.017
bapa/arith/fol_0000028.smt2,unsat,0.19506311416625977,arith/cvc5_bapa/fol_0000028.smt2,unsat,0.0991358757019043,bapa/arith/fol_0000028.smt2,unsat,0.16305303573608398,bapa/arith/fol_0000028.smt2,unsat,2.2513620853424072,arith/cvc5_bapa/fol_0000028.smt2,unsat,0.57,arith/cvc5_bapa/fol_0000028.smt2,unsat,0.592
bapa/arith/fol_0000029.smt2,sat,0.6152660846710205,arith/cvc5_bapa/fol_0000029.smt2,sat,0.09863924980163574,bapa/arith/fol_0000029.smt2,sat,0.6452488899230957,bapa/arith/fol_0000029.smt2,sat,0.7965641021728516,arith/cvc5_bapa/fol_0000029.smt2,sat,0.564,arith/cvc5_bapa/fol_0000029.smt2,unknown,0.579
bapa/arith/fol_0000030.smt2,unsat,0.1086728572845459,arith/cvc5_bapa/fol_0000030.smt2,unsat,0.04165291786193848,bapa/arith/fol_0000030.smt2,unsat,0.12029886245727539,bapa/arith/fol_0000030.smt2,unsat,0.8311560153961182,arith/cvc5_bapa/fol_0000030.smt2,unsat,0.046,arith/cvc5_bapa/fol_0000030.smt2,unsat,0.049
bapa/arith/fol_0000031.smt2,sat,0.1582040786743164,arith/cvc5_bapa/fol_0000031.smt2,sat,0.06589913368225098,bapa/arith/fol_0000031.smt2,sat,0.3079376220703125,bapa/arith/fol_0000031.smt2,sat,0.3780829906463623,arith/cvc5_bapa/fol_0000031.smt2,sat,0.008,arith/cvc5_bapa/fol_0000031.smt2,sat,0.016
bapa/arith/fol_0000032.smt2,unsat,0.10105395317077637,arith/cvc5_bapa/fol_0000032.smt2,unsat,0.03960704803466797,bapa/arith/fol_0000032.smt2,unsat,0.1328277587890625,bapa/arith/fol_0000032.smt2,unsat,0.6060922145843506,arith/cvc5_bapa/fol_0000032.smt2,unsat,0.044,arith/cvc5_bapa/fol_0000032.smt2,unsat,0.046
bapa/arith/fol_0000033.smt2,sat,0.22206687927246094,arith/cvc5_bapa/fol_0000033.smt2,sat,0.06401586532592773,bapa/arith/fol_0000033.smt2,sat,0.22315597534179688,bapa/arith/fol_0000033.smt2,sat,0.1245419979095459,arith/cvc5_bapa/fol_0000033.smt2,sat,0.016,arith/cvc5_bapa/fol_0000033.smt2,sat,0.016
bapa/arith/fol_0000034.smt2,unsat,0.09937095642089844,arith/cvc5_bapa/fol_0000034.smt2,unsat,0.037615060806274414,bapa/arith/fol_0000034.smt2,unsat,0.12537598609924316,bapa/arith/fol_0000034.smt2,unsat,0.7189419269561768,arith/cvc5_bapa/fol_0000034.smt2,unsat,0.025,arith/cvc5_bapa/fol_0000034.smt2,unsat,0.041
bapa/arith/fol_0000035.smt2,sat,0.170637845993042,arith/cvc5_bapa/fol_0000035.smt2,sat,0.06151604652404785,bapa/arith/fol_0000035.smt2,sat,1.0281836986541748,bapa/arith/fol_0000035.smt2,sat,0.14579987525939941,arith/cvc5_bapa/fol_0000035.smt2,sat,0.007,arith/cvc5_bapa/fol_0000035.smt2,sat,0.014
bapa/arith/fol_0000036.smt2,sat,0.1593329906463623,arith/cvc5_bapa/fol_0000036.smt2,sat,0.036296844482421875,bapa/arith/fol_0000036.smt2,sat,0.19698882102966309,bapa/arith/fol_0000036.smt2,sat,0.38007616996765137,arith/cvc5_bapa/fol_0000036.smt2,sat,0.007,arith/cvc5_bapa/fol_0000036.smt2,sat,0.013
bapa/arith/fol_0000037.smt2,sat,0.1684119701385498,arith/cvc5_bapa/fol_0000037.smt2,sat,0.06107521057128906,bapa/arith/fol_0000037.smt2,sat,0.4598047733306885,bapa/arith/fol_0000037.smt2,sat,0.12227606773376465,arith/cvc5_bapa/fol_0000037.smt2,sat,0.566,arith/cvc5_bapa/fol_0000037.smt2,unknown,0.542
bapa/arith/fol_0000038.smt2,unsat,0.09882593154907227,arith/cvc5_bapa/fol_0000038.smt2,unsat,0.03582310676574707,bapa/arith/fol_0000038.smt2,unsat,0.11536478996276855,bapa/arith/fol_0000038.smt2,unsat,0.839134931564331,arith/cvc5_bapa/fol_0000038.smt2,unsat,0.017,arith/cvc5_bapa/fol_0000038.smt2,unsat,0.042
bapa/arith/fol_0000039.smt2,sat,0.7835738658905029,arith/cvc5_bapa/fol_0000039.smt2,sat,0.06172895431518555,bapa/arith/fol_0000039.smt2,sat,0.47937488555908203,bapa/arith/fol_0000039.smt2,sat,0.23732280731201172,arith/cvc5_bapa/fol_0000039.smt2,sat,0.552,arith/cvc5_bapa/fol_0000039.smt2,unknown,0.549
bapa/arith/fol_0000040.smt2,unsat,0.09866189956665039,arith/cvc5_bapa/fol_0000040.smt2,unsat,0.03526806831359863,bapa/arith/fol_0000040.smt2,unsat,0.12033629417419434,bapa/arith/fol_0000040.smt2,unsat,0.9540648460388184,arith/cvc5_bapa/fol_0000040.smt2,unsat,0.036,arith/cvc5_bapa/fol_0000040.smt2,unsat,0.038
bapa/arith/fol_0000041.smt2,sat,0.1722569465637207,arith/cvc5_bapa/fol_0000041.smt2,sat,0.06531882286071777,bapa/arith/fol_0000041.smt2,sat,0.21510791778564453,bapa/arith/fol_0000041.smt2,sat,0.11806106567382812,arith/cvc5_bapa/fol_0000041.smt2,sat,0.54,arith/cvc5_bapa/fol_0000041.smt2,unknown,0.529
bapa/arith/fol_0000042.smt2,sat,0.33666372299194336,arith/cvc5_bapa/fol_0000042.smt2,sat,0.03661513328552246,bapa/arith/fol_0000042.smt2,sat,0.35126709938049316,bapa/arith/fol_0000042.smt2,sat,0.10624098777770996,arith/cvc5_bapa/fol_0000042.smt2,sat,0.014,arith/cvc5_bapa/fol_0000042.smt2,sat,0.012
bapa/arith/fol_0000043.smt2,sat,1.3595917224884033,arith/cvc5_bapa/fol_0000043.smt2,sat,0.09314417839050293,bapa/arith/fol_0000043.smt2,sat,0.3232119083404541,bapa/arith/fol_0000043.smt2,sat,0.31600284576416016,arith/cvc5_bapa/fol_0000043.smt2,sat,0.661,arith/cvc5_bapa/fol_0000043.smt2,unknown,0.621
bapa/arith/fol_0000044.smt2,sat,0.16019105911254883,arith/cvc5_bapa/fol_0000044.smt2,sat,0.059964895248413086,bapa/arith/fol_0000044.smt2,sat,0.20715689659118652,bapa/arith/fol_0000044.smt2,sat,0.12070012092590332,arith/cvc5_bapa/fol_0000044.smt2,sat,0.013,arith/cvc5_bapa/fol_0000044.smt2,sat,0.012
bapa/arith/fol_0000045.smt2,unsat,0.36903977394104004,arith/cvc5_bapa/fol_0000045.smt2,unsat,0.0900270938873291,bapa/arith/fol_0000045.smt2,unsat,0.21663594245910645,bapa/arith/fol_0000045.smt2,unsat,2.0336241722106934,arith/cvc5_bapa/fol_0000045.smt2,unsat,0.644,arith/cvc5_bapa/fol_0000045.smt2,unsat,0.617
bapa/arith/fol_0000046.smt2,sat,0.1794726848602295,arith/cvc5_bapa/fol_0000046.smt2,sat,0.09375309944152832,bapa/arith/fol_0000046.smt2,sat,0.5897121429443359,bapa/arith/fol_0000046.smt2,sat,0.4452378749847412,arith/cvc5_bapa/fol_0000046.smt2,sat,0.549,arith/cvc5_bapa/fol_0000046.smt2,unknown,0.552
bapa/arith/fol_0000047.smt2,unsat,0.2983882427215576,arith/cvc5_bapa/fol_0000047.smt2,unsat,0.09174823760986328,bapa/arith/fol_0000047.smt2,unsat,0.17783403396606445,bapa/arith/fol_0000047.smt2,unsat,1.9214191436767578,arith/cvc5_bapa/fol_0000047.smt2,unsat,0.601,arith/cvc5_bapa/fol_0000047.smt2,unsat,0.608
bapa/arith/fol_0000048.smt2,sat,0.1861429214477539,arith/cvc5_bapa/fol_0000048.smt2,sat,0.0904839038848877,bapa/arith/fol_0000048.smt2,sat,0.16290593147277832,bapa/arith/fol_0000048.smt2,sat,0.13985991477966309,arith/cvc5_bapa/fol_0000048.smt2,sat,0.564,arith/cvc5_bapa/fol_0000048.smt2,unknown,0.583
bapa/arith/fol_0000049.smt2,sat,0.4628641605377197,arith/cvc5_bapa/fol_0000049.smt2,sat,0.09727263450622559,bapa/arith/fol_0000049.smt2,sat,0.17028594017028809,bapa/arith/fol_0000049.smt2,sat,0.2374098300933838,arith/cvc5_bapa/fol_0000049.smt2,sat,0.576,arith/cvc5_bapa/fol_0000049.smt2,unknown,0.62
bapa/arith/fol_0000050.smt2,sat,1.0411748886108398,arith/cvc5_bapa/fol_0000050.smt2,sat,0.03689885139465332,bapa/arith/fol_0000050.smt2,sat,0.25773096084594727,bapa/arith/fol_0000050.smt2,sat,0.16538310050964355,arith/cvc5_bapa/fol_0000050.smt2,sat,0.013,arith/cvc5_bapa/fol_0000050.smt2,sat,0.014
bapa/arith/fol_0000051.smt2,sat,0.18765473365783691,arith/cvc5_bapa/fol_0000051.smt2,sat,0.09235191345214844,bapa/arith/fol_0000051.smt2,sat,0.24728727340698242,bapa/arith/fol_0000051.smt2,sat,0.1866292953491211,arith/cvc5_bapa/fol_0000051.smt2,sat,0.621,arith/cvc5_bapa/fol_0000051.smt2,unknown,0.643
bapa/arith/fol_0000052.smt2,sat,0.25391101837158203,arith/cvc5_bapa/fol_0000052.smt2,sat,0.09262299537658691,bapa/arith/fol_0000052.smt2,sat,0.18725109100341797,bapa/arith/fol_0000052.smt2,sat,0.1435840129852295,arith/cvc5_bapa/fol_0000052.smt2,sat,0.667,arith/cvc5_bapa/fol_0000052.smt2,unknown,0.628
bapa/arith/fol_0000053.smt2,sat,0.1926131248474121,arith/cvc5_bapa/fol_0000053.smt2,sat,0.09261894226074219,bapa/arith/fol_0000053.smt2,sat,0.2774839401245117,bapa/arith/fol_0000053.smt2,sat,0.30556178092956543,arith/cvc5_bapa/fol_0000053.smt2,sat,0.598,arith/cvc5_bapa/fol_0000053.smt2,unknown,0.631
bapa/arith/fol_0000054.smt2,sat,0.13817405700683594,arith/cvc5_bapa/fol_0000054.smt2,sat,0.09392499923706055,bapa/arith/fol_0000054.smt2,sat,0.491527795791626,bapa/arith/fol_0000054.smt2,sat,0.14850497245788574,arith/cvc5_bapa/fol_0000054.smt2,sat,0.653,arith/cvc5_bapa/fol_0000054.smt2,unknown,0.645
bapa/arith/fol_0000055.smt2,unsat,0.11906909942626953,arith/cvc5_bapa/fol_0000055.smt2,unsat,0.03475213050842285,bapa/arith/fol_0000055.smt2,unsat,0.12323999404907227,bapa/arith/fol_0000055.smt2,unsat,0.8360917568206787,arith/cvc5_bapa/fol_0000055.smt2,unsat,0.043,arith/cvc5_bapa/fol_0000055.smt2,unsat,0.043
bapa/arith/fol_0000056.smt2,sat,0.8754229545593262,arith/cvc5_bapa/fol_0000056.smt2,sat,0.06034731864929199,bapa/arith/fol_0000056.smt2,sat,0.421191930770874,bapa/arith/fol_0000056.smt2,sat,0.31444311141967773,arith/cvc5_bapa/fol_0000056.smt2,sat,0.559,arith/cvc5_bapa/fol_0000056.smt2,unknown,0.547
bapa/arith/fol_0000057.smt2,sat,1.2921068668365479,arith/cvc5_bapa/fol_0000057.smt2,sat,0.09160900115966797,bapa/arith/fol_0000057.smt2,sat,1.2623159885406494,bapa/arith/fol_0000057.smt2,sat,0.24404406547546387,arith/cvc5_bapa/fol_0000057.smt2,sat,0.642,arith/cvc5_bapa/fol_0000057.smt2,unknown,0.623
bapa/arith/fol_0000058.smt2,unsat,0.20317482948303223,arith/cvc5_bapa/fol_0000058.smt2,unsat,0.08782124519348145,bapa/arith/fol_0000058.smt2,unsat,0.16154909133911133,bapa/arith/fol_0000058.smt2,unsat,2.2377779483795166,arith/cvc5_bapa/fol_0000058.smt2,unsat,0.659,arith/cvc5_bapa/fol_0000058.smt2,unsat,0.639
bapa/arith/fol_0000059.smt2,unsat,0.10846734046936035,arith/cvc5_bapa/fol_0000059.smt2,unsat,0.03301668167114258,bapa/arith/fol_0000059.smt2,unsat,0.11455202102661133,bapa/arith/fol_0000059.smt2,unsat,0.6501328945159912,arith/cvc5_bapa/fol_0000059.smt2,unsat,0.043,arith/cvc5_bapa/fol_0000059.smt2,unsat,0.042
bapa/arith/fol_0000060.smt2,unsat,0.47324299812316895,arith/cvc5_bapa/fol_0000060.smt2,unsat,0.09161686897277832,bapa/arith/fol_0000060.smt2,unsat,0.2245488166809082,bapa/arith/fol_0000060.smt2,unsat,1.5487170219421387,arith/cvc5_bapa/fol_0000060.smt2,unsat,0.645,arith/cvc5_bapa/fol_0000060.smt2,unsat,0.635
bapa/arith/fol_0000061.smt2,unsat,0.5602281093597412,arith/cvc5_bapa/fol_0000061.smt2,unsat,0.0928349494934082,bapa/arith/fol_0000061.smt2,unsat,0.6932780742645264,bapa/arith/fol_0000061.smt2,unsat,2.581291913986206,arith/cvc5_bapa/fol_0000061.smt2,unsat,0.63,arith/cvc5_bapa/fol_0000061.smt2,unsat,0.611
bapa/arith/fol_0000062.smt2,sat,0.8733119964599609,arith/cvc5_bapa/fol_0000062.smt2,sat,0.09180998802185059,bapa/arith/fol_0000062.smt2,sat,0.36899590492248535,bapa/arith/fol_0000062.smt2,sat,0.29247426986694336,arith/cvc5_bapa/fol_0000062.smt2,sat,0.616,arith/cvc5_bapa/fol_0000062.smt2,unknown,0.631
bapa/arith/fol_0000063.smt2,unsat,0.38855600357055664,arith/cvc5_bapa/fol_0000063.smt2,unsat,0.09179306030273438,bapa/arith/fol_0000063.smt2,unsat,0.2072160243988037,bapa/arith/fol_0000063.smt2,unsat,1.4817118644714355,arith/cvc5_bapa/fol_0000063.smt2,unsat,0.582,arith/cvc5_bapa/fol_0000063.smt2,unsat,0.578
bapa/arith/fol_0000064.smt2,unsat,0.09711098670959473,arith/cvc5_bapa/fol_0000064.smt2,unsat,0.03447699546813965,bapa/arith/fol_0000064.smt2,unsat,0.11933279037475586,bapa/arith/fol_0000064.smt2,unsat,0.7942039966583252,arith/cvc5_bapa/fol_0000064.smt2,unsat,0.036,arith/cvc5_bapa/fol_0000064.smt2,unsat,0.035
bapa/arith/fol_0000065.smt2,unsat,0.277785062789917,arith/cvc5_bapa/fol_0000065.smt2,unsat,0.09217119216918945,bapa/arith/fol_0000065.smt2,unsat,0.41718196868896484,bapa/arith/fol_0000065.smt2,unsat,1.8428969383239746,arith/cvc5_bapa/fol_0000065.smt2,unsat,0.559,arith/cvc5_bapa/fol_0000065.smt2,unsat,0.566
bapa/arith/fol_0000066.smt2,unsat,0.4087028503417969,arith/cvc5_bapa/fol_0000066.smt2,unsat,0.09363579750061035,bapa/arith/fol_0000066.smt2,unsat,0.19132018089294434,bapa/arith/fol_0000066.smt2,unsat,1.577376127243042,arith/cvc5_bapa/fol_0000066.smt2,unsat,0.568,arith/cvc5_bapa/fol_0000066.smt2,unsat,0.563
bapa/arith/fol_0000067.smt2,unsat,0.20314598083496094,arith/cvc5_bapa/fol_0000067.smt2,unsat,0.09172391891479492,bapa/arith/fol_0000067.smt2,unsat,0.5123610496520996,bapa/arith/fol_0000067.smt2,unsat,1.7524638175964355,arith/cvc5_bapa/fol_0000067.smt2,unsat,0.568,arith/cvc5_bapa/fol_0000067.smt2,unsat,0.588
bapa/arith/fol_0000068.smt2,unsat,0.34053587913513184,arith/cvc5_bapa/fol_0000068.smt2,unsat,0.0940697193145752,bapa/arith/fol_0000068.smt2,unsat,0.49820494651794434,bapa/arith/fol_0000068.smt2,unsat,3.3108270168304443,arith/cvc5_bapa/fol_0000068.smt2,unsat,0.592,arith/cvc5_bapa/fol_0000068.smt2,unsat,0.568
bapa/arith/fol_0000069.smt2,sat,0.9488868713378906,arith/cvc5_bapa/fol_0000069.smt2,sat,0.09228324890136719,bapa/arith/fol_0000069.smt2,sat,1.090057134628296,bapa/arith/fol_0000069.smt2,sat,1.1648290157318115,arith/cvc5_bapa/fol_0000069.smt2,sat,0.586,arith/cvc5_bapa/fol_0000069.smt2,unknown,0.574
bapa/arith/fol_0000070.smt2,unsat,0.21152091026306152,arith/cvc5_bapa/fol_0000070.smt2,unsat,0.09089994430541992,bapa/arith/fol_0000070.smt2,unsat,0.22165513038635254,bapa/arith/fol_0000070.smt2,unsat,1.8288369178771973,arith/cvc5_bapa/fol_0000070.smt2,unsat,0.596,arith/cvc5_bapa/fol_0000070.smt2,unsat,0.609
bapa/arith/fol_0000071.smt2,sat,0.24762415885925293,arith/cvc5_bapa/fol_0000071.smt2,sat,0.09334492683410645,bapa/arith/fol_0000071.smt2,sat,0.46266698837280273,bapa/arith/fol_0000071.smt2,sat,0.1733262538909912,arith/cvc5_bapa/fol_0000071.smt2,sat,0.59,arith/cvc5_bapa/fol_0000071.smt2,unknown,0.596
bapa/arith/fol_0000072.smt2,sat,0.3828890323638916,arith/cvc5_bapa/fol_0000072.smt2,sat,0.09887528419494629,bapa/arith/fol_0000072.smt2,sat,0.9376866817474365,bapa/arith/fol_0000072.smt2,sat,0.17506098747253418,arith/cvc5_bapa/fol_0000072.smt2,sat,0.581,arith/cvc5_bapa/fol_0000072.smt2,unknown,0.616
bapa/arith/fol_0000073.smt2,sat,0.47354602813720703,arith/cvc5_bapa/fol_0000073.smt2,sat,0.03618597984313965,bapa/arith/fol_0000073.smt2,sat,0.25567007064819336,bapa/arith/fol_0000073.smt2,sat,0.3718900680541992,arith/cvc5_bapa/fol_0000073.smt2,sat,0.016,arith/cvc5_bapa/fol_0000073.smt2,sat,0.013
bapa/arith/fol_0000074.smt2,sat,0.18592596054077148,arith/cvc5_bapa/fol_0000074.smt2,sat,0.10510587692260742,bapa/arith/fol_0000074.smt2,sat,0.37642478942871094,bapa/arith/fol_0000074.smt2,sat,0.17293787002563477,arith/cvc5_bapa/fol_0000074.smt2,sat,0.562,arith/cvc5_bapa/fol_0000074.smt2,unknown,0.586
bapa/arith/fol_0000075.smt2,sat,0.33006811141967773,arith/cvc5_bapa/fol_0000075.smt2,sat,0.09570598602294922,bapa/arith/fol_0000075.smt2,sat,0.49978184700012207,bapa/arith/fol_0000075.smt2,sat,0.21271705627441406,arith/cvc5_bapa/fol_0000075.smt2,sat,0.571,arith/cvc5_bapa/fol_0000075.smt2,unknown,0.611
bapa/arith/fol_0000076.smt2,sat,0.19158411026000977,arith/cvc5_bapa/fol_0000076.smt2,sat,0.09930706024169922,bapa/arith/fol_0000076.smt2,sat,0.2797689437866211,bapa/arith/fol_0000076.smt2,sat,0.1352558135986328,arith/cvc5_bapa/fol_0000076.smt2,sat,0.578,arith/cvc5_bapa/fol_0000076.smt2,unknown,0.613
bapa/arith/fol_0000077.smt2,sat,0.19668793678283691,arith/cvc5_bapa/fol_0000077.smt2,sat,0.10124015808105469,bapa/arith/fol_0000077.smt2,sat,0.3673279285430908,bapa/arith/fol_0000077.smt2,sat,0.13827204704284668,arith/cvc5_bapa/fol_0000077.smt2,sat,0.602,arith/cvc5_bapa/fol_0000077.smt2,unknown,0.618
bapa/arith/fol_0000078.smt2,unsat,0.11195898056030273,arith/cvc5_bapa/fol_0000078.smt2,unsat,0.03934216499328613,bapa/arith/fol_0000078.smt2,unsat,0.12845277786254883,bapa/arith/fol_0000078.smt2,unsat,0.9976999759674072,arith/cvc5_bapa/fol_0000078.smt2,unsat,0.04,arith/cvc5_bapa/fol_0000078.smt2,unsat,0.043
bapa/arith/fol_0000079.smt2,sat,0.4089198112487793,arith/cvc5_bapa/fol_0000079.smt2,sat,0.07127785682678223,bapa/arith/fol_0000079.smt2,sat,0.31697893142700195,bapa/arith/fol_0000079.smt2,sat,0.250368595123291,arith/cvc5_bapa/fol_0000079.smt2,sat,0.495,arith/cvc5_bapa/fol_0000079.smt2,unknown,0.514
bapa/arith/fol_0000080.smt2,sat,0.23610687255859375,arith/cvc5_bapa/fol_0000080.smt2,sat,0.062287092208862305,bapa/arith/fol_0000080.smt2,sat,0.2343130111694336,bapa/arith/fol_0000080.smt2,sat,0.11939120292663574,arith/cvc5_bapa/fol_0000080.smt2,sat,0.492,arith/cvc5_bapa/fol_0000080.smt2,unknown,0.5
bapa/arith/fol_0000081.smt2,unsat,0.11032605171203613,arith/cvc5_bapa/fol_0000081.smt2,unsat,0.03398394584655762,bapa/arith/fol_0000081.smt2,unsat,0.1229391098022461,bapa/arith/fol_0000081.smt2,unsat,0.9009759426116943,arith/cvc5_bapa/fol_0000081.smt2,unsat,0.039,arith/cvc5_bapa/fol_0000081.smt2,unsat,0.041
bapa/arith/fol_0000082.smt2,sat,0.16970610618591309,arith/cvc5_bapa/fol_0000082.smt2,sat,0.07571792602539062,bapa/arith/fol_0000082.smt2,sat,0.8875129222869873,bapa/arith/fol_0000082.smt2,sat,0.2967090606689453,arith/cvc5_bapa/fol_0000082.smt2,sat,0.512,arith/cvc5_bapa/fol_0000082.smt2,unknown,0.499
bapa/arith/fol_0000083.smt2,unsat,0.09945392608642578,arith/cvc5_bapa/fol_0000083.smt2,unsat,0.047659873962402344,bapa/arith/fol_0000083.smt2,unsat,0.1188352108001709,bapa/arith/fol_0000083.smt2,unsat,0.7528018951416016,arith/cvc5_bapa/fol_0000083.smt2,unsat,0.04,arith/cvc5_bapa/fol_0000083.smt2,unsat,0.038
bapa/arith/fol_0000084.smt2,sat,1.089594841003418,arith/cvc5_bapa/fol_0000084.smt2,sat,0.10312891006469727,bapa/arith/fol_0000084.smt2,sat,1.36500883102417,bapa/arith/fol_0000084.smt2,sat,0.6934449672698975,arith/cvc5_bapa/fol_0000084.smt2,sat,0.58,arith/cvc5_bapa/fol_0000084.smt2,unknown,0.594
bapa/arith/fol_0000085.smt2,unsat,0.698267936706543,arith/cvc5_bapa/fol_0000085.smt2,unsat,0.09873199462890625,bapa/arith/fol_0000085.smt2,unsat,1.5053369998931885,bapa/arith/fol_0000085.smt2,unsat,2.0272481441497803,arith/cvc5_bapa/fol_0000085.smt2,unsat,0.572,arith/cvc5_bapa/fol_0000085.smt2,unsat,0.593
bapa/arith/fol_0000086.smt2,unsat,0.5178179740905762,arith/cvc5_bapa/fol_0000086.smt2,unsat,0.09747099876403809,bapa/arith/fol_0000086.smt2,unsat,0.4187641143798828,bapa/arith/fol_0000086.smt2,unsat,1.72843599319458,arith/cvc5_bapa/fol_0000086.smt2,unsat,0.541,arith/cvc5_bapa/fol_0000086.smt2,unsat,0.549
bapa/arith/fol_0000087.smt2,unsat,0.0995340347290039,arith/cvc5_bapa/fol_0000087.smt2,unsat,0.044806718826293945,bapa/arith/fol_0000087.smt2,unsat,0.12330913543701172,bapa/arith/fol_0000087.smt2,unsat,0.7113966941833496,arith/cvc5_bapa/fol_0000087.smt2,unsat,0.035,arith/cvc5_bapa/fol_0000087.smt2,unsat,0.033
bapa/arith/fol_0000088.smt2,unsat,0.2729310989379883,arith/cvc5_bapa/fol_0000088.smt2,unsat,0.10021710395812988,bapa/arith/fol_0000088.smt2,unsat,0.4533240795135498,bapa/arith/fol_0000088.smt2,unsat,3.336221933364868,arith/cvc5_bapa/fol_0000088.smt2,unsat,0.559,arith/cvc5_bapa/fol_0000088.smt2,unsat,0.555
bapa/arith/fol_0000089.smt2,unsat,0.46674370765686035,arith/cvc5_bapa/fol_0000089.smt2,unsat,0.09115481376647949,bapa/arith/fol_0000089.smt2,unsat,0.41698789596557617,bapa/arith/fol_0000089.smt2,unsat,1.3418610095977783,arith/cvc5_bapa/fol_0000089.smt2,unsat,0.552,arith/cvc5_bapa/fol_0000089.smt2,unsat,0.564
bapa/arith/fol_0000090.smt2,sat,0.3770558834075928,arith/cvc5_bapa/fol_0000090.smt2,sat,0.06993699073791504,bapa/arith/fol_0000090.smt2,sat,0.2330799102783203,bapa/arith/fol_0000090.smt2,sat,0.17087197303771973,arith/cvc5_bapa/fol_0000090.smt2,sat,0.555,arith/cvc5_bapa/fol_0000090.smt2,unknown,0.485
bapa/arith/fol_0000091.smt2,unsat,0.10044312477111816,arith/cvc5_bapa/fol_0000091.smt2,unsat,0.04809093475341797,bapa/arith/fol_0000091.smt2,unsat,0.11952900886535645,bapa/arith/fol_0000091.smt2,unsat,0.9446489810943604,arith/cvc5_bapa/fol_0000091.smt2,unsat,0.037,arith/cvc5_bapa/fol_0000091.smt2,unsat,0.034
bapa/arith/fol_0000092.smt2,unsat,0.11451196670532227,arith/cvc5_bapa/fol_0000092.smt2,unsat,0.038481950759887695,bapa/arith/fol_0000092.smt2,unsat,0.12025594711303711,bapa/arith/fol_0000092.smt2,unsat,0.8121159076690674,arith/cvc5_bapa/fol_0000092.smt2,unsat,0.039,arith/cvc5_bapa/fol_0000092.smt2,unsat,0.039
bapa/arith/fol_0000093.smt2,unsat,0.11759734153747559,arith/cvc5_bapa/fol_0000093.smt2,unsat,0.03423118591308594,bapa/arith/fol_0000093.smt2,unsat,0.12530183792114258,bapa/arith/fol_0000093.smt2,unsat,0.831434965133667,arith/cvc5_bapa/fol_0000093.smt2,unsat,0.042,arith/cvc5_bapa/fol_0000093.smt2,unsat,0.046
bapa/arith/fol_0000094.smt2,unsat,0.3561580181121826,arith/cvc5_bapa/fol_0000094.smt2,unsat,0.09037494659423828,bapa/arith/fol_0000094.smt2,unsat,0.5552268028259277,bapa/arith/fol_0000094.smt2,unsat,1.398224115371704,arith/cvc5_bapa/fol_0000094.smt2,unsat,0.596,arith/cvc5_bapa/fol_0000094.smt2,unsat,0.623
bapa/arith/fol_0000095.smt2,unsat,0.28759312629699707,arith/cvc5_bapa/fol_0000095.smt2,unsat,0.09682917594909668,bapa/arith/fol_0000095.smt2,unsat,2.7972359657287598,bapa/arith/fol_0000095.smt2,unsat,2.3367340564727783,arith/cvc5_bapa/fol_0000095.smt2,unsat,0.583,arith/cvc5_bapa/fol_0000095.smt2,unsat,0.635
bapa/arith/fol_0000096.smt2,sat,1.3758282661437988,arith/cvc5_bapa/fol_0000096.smt2,sat,0.0867156982421875,bapa/arith/fol_0000096.smt2,sat,0.9106578826904297,bapa/arith/fol_0000096.smt2,sat,0.8533370494842529,arith/cvc5_bapa/fol_0000096.smt2,sat,0.624,arith/cvc5_bapa/fol_0000096.smt2,unknown,0.617
bapa/arith/fol_0000097.smt2,unsat,0.16310620307922363,arith/cvc5_bapa/fol_0000097.smt2,unsat,0.08966302871704102,bapa/arith/fol_0000097.smt2,unsat,1.2390141487121582,bapa/arith/fol_0000097.smt2,unsat,1.2858080863952637,arith/cvc5_bapa/fol_0000097.smt2,unsat,0.62,arith/cvc5_bapa/fol_0000097.smt2,unsat,0.593
bapa/arith/fol_0000098.smt2,unsat,0.6150238513946533,arith/cvc5_bapa/fol_0000098.smt2,unsat,0.08671689033508301,bapa/arith/fol_0000098.smt2,unsat,0.18148374557495117,bapa/arith/fol_0000098.smt2,unsat,1.8888368606567383,arith/cvc5_bapa/fol_0000098.smt2,unsat,0.625,arith/cvc5_bapa/fol_0000098.smt2,unsat,0.609
bapa/arith/fol_0000099.smt2,sat,0.18798089027404785,arith/cvc5_bapa/fol_0000099.smt2,sat,0.09520983695983887,bapa/arith/fol_0000099.smt2,sat,0.3497021198272705,bapa/arith/fol_0000099.smt2,sat,0.13356232643127441,arith/cvc5_bapa/fol_0000099.smt2,sat,0.647,arith/cvc5_bapa/fol_0000099.smt2,unknown,0.619
bapa/arith/fol_0000100.smt2,sat,0.19933009147644043,arith/cvc5_bapa/fol_0000100.smt2,sat,0.0941610336303711,bapa/arith/fol_0000100.smt2,sat,0.4708859920501709,bapa/arith/fol_0000100.smt2,sat,0.18859386444091797,arith/cvc5_bapa/fol_0000100.smt2,sat,0.618,arith/cvc5_bapa/fol_0000100.smt2,unknown,0.595
bapa/arith/fol_0000101.smt2,sat,0.6653561592102051,arith/cvc5_bapa/fol_0000101.smt2,sat,0.03795790672302246,bapa/arith/fol_0000101.smt2,sat,0.1658010482788086,bapa/arith/fol_0000101.smt2,sat,0.17677593231201172,arith/cvc5_bapa/fol_0000101.smt2,sat,0.011,arith/cvc5_bapa/fol_0000101.smt2,sat,0.014
bapa/arith/fol_0000102.smt2,sat,0.38278913497924805,arith/cvc5_bapa/fol_0000102.smt2,sat,0.09219813346862793,bapa/arith/fol_0000102.smt2,sat,0.47504210472106934,bapa/arith/fol_0000102.smt2,sat,0.18348217010498047,arith/cvc5_bapa/fol_0000102.smt2,sat,0.606,arith/cvc5_bapa/fol_0000102.smt2,unknown,0.617
bapa/arith/fol_0000103.smt2,sat,0.25316405296325684,arith/cvc5_bapa/fol_0000103.smt2,sat,0.09235715866088867,bapa/arith/fol_0000103.smt2,sat,0.1653439998626709,bapa/arith/fol_0000103.smt2,sat,0.23285818099975586,arith/cvc5_bapa/fol_0000103.smt2,sat,0.598,arith/cvc5_bapa/fol_0000103.smt2,unknown,0.605
bapa/arith/fol_0000104.smt2,sat,0.4885091781616211,arith/cvc5_bapa/fol_0000104.smt2,sat,0.09537792205810547,bapa/arith/fol_0000104.smt2,sat,1.0400328636169434,bapa/arith/fol_0000104.smt2,sat,0.18807077407836914,arith/cvc5_bapa/fol_0000104.smt2,sat,0.612,arith/cvc5_bapa/fol_0000104.smt2,unknown,0.591
bapa/arith/fol_0000105.smt2,sat,0.36016201972961426,arith/cvc5_bapa/fol_0000105.smt2,sat,0.09525489807128906,bapa/arith/fol_0000105.smt2,sat,0.17534327507019043,bapa/arith/fol_0000105.smt2,sat,0.2563047409057617,arith/cvc5_bapa/fol_0000105.smt2,sat,0.567,arith/cvc5_bapa/fol_0000105.smt2,unknown,0.565
bapa/arith/fol_0000106.smt2,sat,0.37739014625549316,arith/cvc5_bapa/fol_0000106.smt2,sat,0.09493374824523926,bapa/arith/fol_0000106.smt2,sat,0.4887259006500244,bapa/arith/fol_0000106.smt2,sat,0.5791671276092529,arith/cvc5_bapa/fol_0000106.smt2,sat,0.574,arith/cvc5_bapa/fol_0000106.smt2,unknown,0.563
bapa/arith/fol_0000107.smt2,unsat,0.10754799842834473,arith/cvc5_bapa/fol_0000107.smt2,unsat,0.037603139877319336,bapa/arith/fol_0000107.smt2,unsat,0.12687206268310547,bapa/arith/fol_0000107.smt2,unsat,0.8374130725860596,arith/cvc5_bapa/fol_0000107.smt2,unsat,0.035,arith/cvc5_bapa/fol_0000107.smt2,unsat,0.035
bapa/arith/fol_0000108.smt2,sat,0.35978078842163086,arith/cvc5_bapa/fol_0000108.smt2,sat,0.06061506271362305,bapa/arith/fol_0000108.smt2,sat,0.2336719036102295,bapa/arith/fol_0000108.smt2,sat,0.15575695037841797,arith/cvc5_bapa/fol_0000108.smt2,sat,0.512,arith/cvc5_bapa/fol_0000108.smt2,unknown,0.51
bapa/arith/fol_0000109.smt2,sat,0.8143670558929443,arith/cvc5_bapa/fol_0000109.smt2,sat,0.0933690071105957,bapa/arith/fol_0000109.smt2,sat,1.1210699081420898,bapa/arith/fol_0000109.smt2,sat,0.22854399681091309,arith/cvc5_bapa/fol_0000109.smt2,sat,0.558,arith/cvc5_bapa/fol_0000109.smt2,unknown,0.561
bapa/arith/fol_0000110.smt2,unsat,0.35120177268981934,arith/cvc5_bapa/fol_0000110.smt2,unsat,0.09027791023254395,bapa/arith/fol_0000110.smt2,unsat,0.3852579593658447,bapa/arith/fol_0000110.smt2,unsat,1.440924882888794,arith/cvc5_bapa/fol_0000110.smt2,unsat,0.577,arith/cvc5_bapa/fol_0000110.smt2,unsat,0.56
bapa/arith/fol_0000111.smt2,unsat,0.09845805168151855,arith/cvc5_bapa/fol_0000111.smt2,unsat,0.034913063049316406,bapa/arith/fol_0000111.smt2,unsat,0.11553525924682617,bapa/arith/fol_0000111.smt2,unsat,0.6882271766662598,arith/cvc5_bapa/fol_0000111.smt2,unsat,0.035,arith/cvc5_bapa/fol_0000111.smt2,unsat,0.037
bapa/arith/fol_0000112.smt2,unsat,0.2633070945739746,arith/cvc5_bapa/fol_0000112.smt2,unsat,0.09337186813354492,bapa/arith/fol_0000112.smt2,unsat,0.248183012008667,bapa/arith/fol_0000112.smt2,unsat,1.8502140045166016,arith/cvc5_bapa/fol_0000112.smt2,unsat,0.584,arith/cvc5_bapa/fol_0000112.smt2,unsat,0.562
bapa/arith/fol_0000113.smt2,sat,0.30014920234680176,arith/cvc5_bapa/fol_0000113.smt2,sat,0.06221628189086914,bapa/arith/fol_0000113.smt2,sat,0.22052597999572754,bapa/arith/fol_0000113.smt2,sat,0.13076090812683105,arith/cvc5_bapa/fol_0000113.smt2,sat,0.499,arith/cvc5_bapa/fol_0000113.smt2,unknown,0.509
bapa/arith/fol_0000114.smt2,unsat,0.10328507423400879,arith/cvc5_bapa/fol_0000114.smt2,unsat,0.03740382194519043,bapa/arith/fol_0000114.smt2,unsat,0.12395715713500977,bapa/arith/fol_0000114.smt2,unsat,0.8261361122131348,arith/cvc5_bapa/fol_0000114.smt2,unsat,0.036,arith/cvc5_bapa/fol_0000114.smt2,unsat,0.04
bapa/arith/fol_0000115.smt2,unsat,0.10115289688110352,arith/cvc5_bapa/fol_0000115.smt2,unsat,0.03576207160949707,bapa/arith/fol_0000115.smt2,unsat,0.12492537498474121,bapa/arith/fol_0000115.smt2,unsat,0.8632798194885254,arith/cvc5_bapa/fol_0000115.smt2,unsat,0.039,arith/cvc5_bapa/fol_0000115.smt2,unsat,0.039
bapa/arith/fol_0000116.smt2,unsat,0.10229992866516113,arith/cvc5_bapa/fol_0000116.smt2,unsat,0.037693023681640625,bapa/arith/fol_0000116.smt2,unsat,0.1221168041229248,bapa/arith/fol_0000116.smt2,unsat,0.9633197784423828,arith/cvc5_bapa/fol_0000116.smt2,unsat,0.039,arith/cvc5_bapa/fol_0000116.smt2,unsat,0.039
bapa/arith/fol_0000117.smt2,sat,0.3889338970184326,arith/cvc5_bapa/fol_0000117.smt2,sat,0.06113886833190918,bapa/arith/fol_0000117.smt2,sat,0.3950209617614746,bapa/arith/fol_0000117.smt2,sat,0.15108299255371094,arith/cvc5_bapa/fol_0000117.smt2,sat,0.508,arith/cvc5_bapa/fol_0000117.smt2,unknown,0.504
bapa/arith/fol_0000118.smt2,sat,1.0601439476013184,arith/cvc5_bapa/fol_0000118.smt2,sat,0.10040497779846191,bapa/arith/fol_0000118.smt2,sat,0.5171797275543213,bapa/arith/fol_0000118.smt2,sat,0.32974815368652344,arith/cvc5_bapa/fol_0000118.smt2,sat,0.593,arith/cvc5_bapa/fol_0000118.smt2,unknown,0.577
bapa/arith/fol_0000119.smt2,unsat,0.32820606231689453,arith/cvc5_bapa/fol_0000119.smt2,unsat,0.09431815147399902,bapa/arith/fol_0000119.smt2,unsat,0.8658881187438965,bapa/arith/fol_0000119.smt2,unsat,2.438793897628784,arith/cvc5_bapa/fol_0000119.smt2,unsat,0.583,arith/cvc5_bapa/fol_0000119.smt2,unsat,0.572
bapa/arith/fol_0000120.smt2,unsat,0.09934782981872559,arith/cvc5_bapa/fol_0000120.smt2,unsat,0.03661012649536133,bapa/arith/fol_0000120.smt2,unsat,0.11628913879394531,bapa/arith/fol_0000120.smt2,unsat,0.9688799381256104,arith/cvc5_bapa/fol_0000120.smt2,unsat,0.038,arith/cvc5_bapa/fol_0000120.smt2,unsat,0.04
bapa/card/fol_0000001.smt2,sat,0.1525881290435791,card/cvc5_bapa/fol_0000001.smt2,sat,0.03528714179992676,bapa/card/fol_0000001.smt2,sat,0.6854579448699951,bapa/card/fol_0000001.smt2,sat,0.14296793937683105,card/cvc5_bapa/fol_0000001.smt2,sat,0.01,card/cvc5_bapa/fol_0000001.smt2,sat,0.013
bapa/card/fol_0000002.smt2,sat,0.1526029109954834,card/cvc5_bapa/fol_0000002.smt2,sat,0.03673505783081055,bapa/card/fol_0000002.smt2,sat,0.4648168087005615,bapa/card/fol_0000002.smt2,sat,0.11279892921447754,card/cvc5_bapa/fol_0000002.smt2,sat,0.013,card/cvc5_bapa/fol_0000002.smt2,sat,0.011
bapa/card/fol_0000003.smt2,sat,0.8464818000793457,card/cvc5_bapa/fol_0000003.smt2,sat,0.03401589393615723,bapa/card/fol_0000003.smt2,sat,0.19652700424194336,bapa/card/fol_0000003.smt2,sat,0.49134016036987305,card/cvc5_bapa/fol_0000003.smt2,sat,0.015,card/cvc5_bapa/fol_0000003.smt2,sat,0.013
bapa/card/fol_0000004.smt2,sat,0.1548900604248047,card/cvc5_bapa/fol_0000004.smt2,sat,0.05633187294006348,bapa/card/fol_0000004.smt2,sat,0.29382896423339844,bapa/card/fol_0000004.smt2,sat,0.11734199523925781,card/cvc5_bapa/fol_0000004.smt2,sat,0.015,card/cvc5_bapa/fol_0000004.smt2,sat,0.014
bapa/card/fol_0000005.smt2,sat,0.21825408935546875,card/cvc5_bapa/fol_0000005.smt2,sat,0.06208395957946777,bapa/card/fol_0000005.smt2,sat,0.5582058429718018,bapa/card/fol_0000005.smt2,sat,0.15477204322814941,card/cvc5_bapa/fol_0000005.smt2,sat,0.013,card/cvc5_bapa/fol_0000005.smt2,sat,0.012
bapa/card/fol_0000006.smt2,sat,0.1508500576019287,card/cvc5_bapa/fol_0000006.smt2,sat,0.056494951248168945,bapa/card/fol_0000006.smt2,sat,0.2151780128479004,bapa/card/fol_0000006.smt2,sat,0.37896013259887695,card/cvc5_bapa/fol_0000006.smt2,sat,0.012,card/cvc5_bapa/fol_0000006.smt2,sat,0.012
bapa/card/fol_0000007.smt2,sat,0.2681877613067627,card/cvc5_bapa/fol_0000007.smt2,sat,0.06914114952087402,bapa/card/fol_0000007.smt2,sat,0.19168901443481445,bapa/card/fol_0000007.smt2,sat,0.16015410423278809,card/cvc5_bapa/fol_0000007.smt2,sat,0.486,card/cvc5_bapa/fol_0000007.smt2,unknown,0.512
bapa/card/fol_0000008.smt2,sat,0.21103405952453613,card/cvc5_bapa/fol_0000008.smt2,sat,0.06223487854003906,bapa/card/fol_0000008.smt2,sat,0.9355127811431885,bapa/card/fol_0000008.smt2,sat,0.16044902801513672,card/cvc5_bapa/fol_0000008.smt2,sat,0.014,card/cvc5_bapa/fol_0000008.smt2,sat,0.012
bapa/card/fol_0000009.smt2,sat,0.8067829608917236,card/cvc5_bapa/fol_0000009.smt2,sat,0.06054496765136719,bapa/card/fol_0000009.smt2,sat,0.6857600212097168,bapa/card/fol_0000009.smt2,sat,0.1441941261291504,card/cvc5_bapa/fol_0000009.smt2,sat,0.528,card/cvc5_bapa/fol_0000009.smt2,unknown,0.482
bapa/card/fol_0000010.smt2,sat,0.1517941951751709,card/cvc5_bapa/fol_0000010.smt2,sat,0.06268000602722168,bapa/card/fol_0000010.smt2,sat,0.36063599586486816,bapa/card/fol_0000010.smt2,sat,0.15163493156433105,card/cvc5_bapa/fol_0000010.smt2,sat,0.501,card/cvc5_bapa/fol_0000010.smt2,unknown,0.492
bapa/card/fol_0000011.smt2,sat,0.15717601776123047,card/cvc5_bapa/fol_0000011.smt2,sat,0.49685001373291016,bapa/card/fol_0000011.smt2,sat,0.2799980640411377,bapa/card/fol_0000011.smt2,sat,0.11536216735839844,card/cvc5_bapa/fol_0000011.smt2,sat,0.508,card/cvc5_bapa/fol_0000011.smt2,unknown,0.52
bapa/card/fol_0000012.smt2,sat,0.1588449478149414,card/cvc5_bapa/fol_0000012.smt2,sat,0.05888628959655762,bapa/card/fol_0000012.smt2,sat,0.8007559776306152,bapa/card/fol_0000012.smt2,sat,0.11467528343200684,card/cvc5_bapa/fol_0000012.smt2,sat,0.49,card/cvc5_bapa/fol_0000012.smt2,unknown,0.525
bapa/card/fol_0000013.smt2,sat,0.2180643081665039,card/cvc5_bapa/fol_0000013.smt2,sat,0.3084249496459961,bapa/card/fol_0000013.smt2,sat,0.26578378677368164,bapa/card/fol_0000013.smt2,sat,0.11536788940429688,card/cvc5_bapa/fol_0000013.smt2,sat,0.012,card/cvc5_bapa/fol_0000013.smt2,sat,0.014
bapa/card/fol_0000014.smt2,sat,0.15564489364624023,card/cvc5_bapa/fol_0000014.smt2,sat,0.4429001808166504,bapa/card/fol_0000014.smt2,sat,0.45258593559265137,bapa/card/fol_0000014.smt2,sat,0.11610698699951172,card/cvc5_bapa/fol_0000014.smt2,sat,0.01,card/cvc5_bapa/fol_0000014.smt2,sat,0.011
bapa/card/fol_0000015.smt2,sat,0.15984702110290527,card/cvc5_bapa/fol_0000015.smt2,sat,0.49270200729370117,bapa/card/fol_0000015.smt2,sat,0.202315092086792,bapa/card/fol_0000015.smt2,sat,0.11552214622497559,card/cvc5_bapa/fol_0000015.smt2,sat,0.014,card/cvc5_bapa/fol_0000015.smt2,sat,0.013
bapa/card/fol_0000016.smt2,sat,0.20888280868530273,card/cvc5_bapa/fol_0000016.smt2,sat,0.430753231048584,bapa/card/fol_0000016.smt2,sat,0.19999480247497559,bapa/card/fol_0000016.smt2,sat,0.11632513999938965,card/cvc5_bapa/fol_0000016.smt2,sat,0.015,card/cvc5_bapa/fol_0000016.smt2,sat,0.013
bapa/card/fol_0000017.smt2,sat,0.15628480911254883,card/cvc5_bapa/fol_0000017.smt2,sat,0.3071417808532715,bapa/card/fol_0000017.smt2,sat,0.4678840637207031,bapa/card/fol_0000017.smt2,sat,0.1521751880645752,card/cvc5_bapa/fol_0000017.smt2,sat,0.013,card/cvc5_bapa/fol_0000017.smt2,sat,0.012
bapa/card/fol_0000018.smt2,sat,0.21238207817077637,card/cvc5_bapa/fol_0000018.smt2,sat,0.2255420684814453,bapa/card/fol_0000018.smt2,sat,0.7143228054046631,bapa/card/fol_0000018.smt2,sat,0.11511802673339844,card/cvc5_bapa/fol_0000018.smt2,sat,0.012,card/cvc5_bapa/fol_0000018.smt2,sat,0.012
bapa/card/fol_0000019.smt2,sat,0.7111599445343018,card/cvc5_bapa/fol_0000019.smt2,sat,0.467087984085083,bapa/card/fol_0000019.smt2,sat,0.2366189956665039,bapa/card/fol_0000019.smt2,sat,0.15479612350463867,card/cvc5_bapa/fol_0000019.smt2,sat,0.502,card/cvc5_bapa/fol_0000019.smt2,unknown,0.508
bapa/card/fol_0000020.smt2,sat,0.2228870391845703,card/cvc5_bapa/fol_0000020.smt2,sat,0.21273279190063477,bapa/card/fol_0000020.smt2,sat,0.8741650581359863,bapa/card/fol_0000020.smt2,sat,0.16021203994750977,card/cvc5_bapa/fol_0000020.smt2,sat,0.499,card/cvc5_bapa/fol_0000020.smt2,unknown,0.507
bapa/card/fol_0000021.smt2,unsat,0.09760093688964844,card/cvc5_bapa/fol_0000021.smt2,unsat,0.1667191982269287,bapa/card/fol_0000021.smt2,unsat,0.11865878105163574,bapa/card/fol_0000021.smt2,unsat,0.8389217853546143,card/cvc5_bapa/fol_0000021.smt2,unsat,0.035,card/cvc5_bapa/fol_0000021.smt2,unsat,0.041
bapa/card/fol_0000022.smt2,sat,0.37722110748291016,card/cvc5_bapa/fol_0000022.smt2,sat,0.19563007354736328,bapa/card/fol_0000022.smt2,sat,0.21786808967590332,bapa/card/fol_0000022.smt2,sat,0.12370491027832031,card/cvc5_bapa/fol_0000022.smt2,sat,0.513,card/cvc5_bapa/fol_0000022.smt2,unknown,0.526
bapa/card/fol_0000023.smt2,unsat,0.10031485557556152,card/cvc5_bapa/fol_0000023.smt2,unsat,0.16727280616760254,bapa/card/fol_0000023.smt2,unsat,0.12114214897155762,bapa/card/fol_0000023.smt2,unsat,0.8830039501190186,card/cvc5_bapa/fol_0000023.smt2,unsat,0.034,card/cvc5_bapa/fol_0000023.smt2,unsat,0.036
bapa/card/fol_0000024.smt2,sat,0.503669023513794,card/cvc5_bapa/fol_0000024.smt2,sat,0.19421982765197754,bapa/card/fol_0000024.smt2,sat,0.23070716857910156,bapa/card/fol_0000024.smt2,sat,0.11892509460449219,card/cvc5_bapa/fol_0000024.smt2,sat,0.518,card/cvc5_bapa/fol_0000024.smt2,unknown,0.507
bapa/card/fol_0000025.smt2,sat,0.17068791389465332,card/cvc5_bapa/fol_0000025.smt2,sat,0.16455078125,bapa/card/fol_0000025.smt2,sat,0.3513526916503906,bapa/card/fol_0000025.smt2,sat,0.11074709892272949,card/cvc5_bapa/fol_0000025.smt2,sat,0.013,card/cvc5_bapa/fol_0000025.smt2,sat,0.012
bapa/card/fol_0000026.smt2,sat,0.22906112670898438,card/cvc5_bapa/fol_0000026.smt2,sat,0.1630558967590332,bapa/card/fol_0000026.smt2,sat,0.45537710189819336,bapa/card/fol_0000026.smt2,sat,0.11771798133850098,card/cvc5_bapa/fol_0000026.smt2,sat,0.012,card/cvc5_bapa/fol_0000026.smt2,sat,0.013
bapa/card/fol_0000027.smt2,sat,0.16051101684570312,card/cvc5_bapa/fol_0000027.smt2,sat,0.16314220428466797,bapa/card/fol_0000027.smt2,sat,0.37557196617126465,bapa/card/fol_0000027.smt2,sat,0.11771702766418457,card/cvc5_bapa/fol_0000027.smt2,sat,0.015,card/cvc5_bapa/fol_0000027.smt2,sat,0.011
bapa/card/fol_0000028.smt2,unsat,0.20087289810180664,card/cvc5_bapa/fol_0000028.smt2,unsat,0.08758807182312012,bapa/card/fol_0000028.smt2,unsat,0.1643378734588623,bapa/card/fol_0000028.smt2,unsat,2.24835205078125,card/cvc5_bapa/fol_0000028.smt2,unsat,0.6,card/cvc5_bapa/fol_0000028.smt2,unsat,0.567
bapa/card/fol_0000029.smt2,sat,0.6259729862213135,card/cvc5_bapa/fol_0000029.smt2,sat,0.08858299255371094,bapa/card/fol_0000029.smt2,sat,0.6132848262786865,bapa/card/fol_0000029.smt2,sat,0.7839090824127197,card/cvc5_bapa/fol_0000029.smt2,sat,0.585,card/cvc5_bapa/fol_0000029.smt2,unknown,0.599
bapa/card/fol_0000030.smt2,unsat,0.09439897537231445,card/cvc5_bapa/fol_0000030.smt2,unsat,0.03656172752380371,bapa/card/fol_0000030.smt2,unsat,0.11333584785461426,bapa/card/fol_0000030.smt2,unsat,0.8187379837036133,card/cvc5_bapa/fol_0000030.smt2,unsat,0.031,card/cvc5_bapa/fol_0000030.smt2,unsat,0.036
bapa/card/fol_0000031.smt2,sat,0.15363192558288574,card/cvc5_bapa/fol_0000031.smt2,sat,0.06320309638977051,bapa/card/fol_0000031.smt2,sat,0.2925400733947754,bapa/card/fol_0000031.smt2,sat,0.38487887382507324,card/cvc5_bapa/fol_0000031.smt2,sat,0.011,card/cvc5_bapa/fol_0000031.smt2,sat,0.011
bapa/card/fol_0000032.smt2,unsat,0.09941220283508301,card/cvc5_bapa/fol_0000032.smt2,unsat,0.03615999221801758,bapa/card/fol_0000032.smt2,unsat,0.11771011352539062,bapa/card/fol_0000032.smt2,unsat,0.5963490009307861,card/cvc5_bapa/fol_0000032.smt2,unsat,0.036,card/cvc5_bapa/fol_0000032.smt2,unsat,0.037
bapa/card/fol_0000033.smt2,sat,0.21994280815124512,card/cvc5_bapa/fol_0000033.smt2,sat,0.060112953186035156,bapa/card/fol_0000033.smt2,sat,0.22887969017028809,bapa/card/fol_0000033.smt2,sat,0.12233901023864746,card/cvc5_bapa/fol_0000033.smt2,sat,0.011,card/cvc5_bapa/fol_0000033.smt2,sat,0.01
bapa/card/fol_0000034.smt2,unsat,0.10045886039733887,card/cvc5_bapa/fol_0000034.smt2,unsat,0.03170418739318848,bapa/card/fol_0000034.smt2,unsat,0.11852312088012695,bapa/card/fol_0000034.smt2,unsat,0.6966879367828369,card/cvc5_bapa/fol_0000034.smt2,unsat,0.035,card/cvc5_bapa/fol_0000034.smt2,unsat,0.036
bapa/card/fol_0000035.smt2,sat,0.16696667671203613,card/cvc5_bapa/fol_0000035.smt2,sat,0.05843710899353027,bapa/card/fol_0000035.smt2,sat,1.0267419815063477,bapa/card/fol_0000035.smt2,sat,0.14693403244018555,card/cvc5_bapa/fol_0000035.smt2,sat,0.01,card/cvc5_bapa/fol_0000035.smt2,sat,0.011
bapa/card/fol_0000036.smt2,sat,0.14850687980651855,card/cvc5_bapa/fol_0000036.smt2,sat,0.035347938537597656,bapa/card/fol_0000036.smt2,sat,0.195936918258667,bapa/card/fol_0000036.smt2,sat,0.3721590042114258,card/cvc5_bapa/fol_0000036.smt2,sat,0.011,card/cvc5_bapa/fol_0000036.smt2,sat,0.01
bapa/card/fol_0000037.smt2,sat,0.1593329906463623,card/cvc5_bapa/fol_0000037.smt2,sat,0.058081865310668945,bapa/card/fol_0000037.smt2,sat,0.45763611793518066,bapa/card/fol_0000037.smt2,sat,0.1134648323059082,card/cvc5_bapa/fol_0000037.smt2,sat,0.502,card/cvc5_bapa/fol_0000037.smt2,unknown,0.541
bapa/card/fol_0000038.smt2,unsat,0.094451904296875,card/cvc5_bapa/fol_0000038.smt2,unsat,0.030768156051635742,bapa/card/fol_0000038.smt2,unsat,0.11613702774047852,bapa/card/fol_0000038.smt2,unsat,0.8406658172607422,card/cvc5_bapa/fol_0000038.smt2,unsat,0.035,card/cvc5_bapa/fol_0000038.smt2,unsat,0.031
bapa/card/fol_0000039.smt2,sat,0.7703268527984619,card/cvc5_bapa/fol_0000039.smt2,sat,0.06240391731262207,bapa/card/fol_0000039.smt2,sat,0.47892189025878906,bapa/card/fol_0000039.smt2,sat,0.23880290985107422,card/cvc5_bapa/fol_0000039.smt2,sat,0.528,card/cvc5_bapa/fol_0000039.smt2,unknown,0.527
bapa/card/fol_0000040.smt2,unsat,0.10279011726379395,card/cvc5_bapa/fol_0000040.smt2,unsat,0.03308725357055664,bapa/card/fol_0000040.smt2,unsat,0.11405110359191895,bapa/card/fol_0000040.smt2,unsat,0.9478650093078613,card/cvc5_bapa/fol_0000040.smt2,unsat,0.04,card/cvc5_bapa/fol_0000040.smt2,unsat,0.044
bapa/card/fol_0000041.smt2,sat,0.16068387031555176,card/cvc5_bapa/fol_0000041.smt2,sat,0.061324119567871094,bapa/card/fol_0000041.smt2,sat,0.22292876243591309,bapa/card/fol_0000041.smt2,sat,0.11533379554748535,card/cvc5_bapa/fol_0000041.smt2,sat,0.53,card/cvc5_bapa/fol_0000041.smt2,unknown,0.518
bapa/card/fol_0000042.smt2,sat,0.3392488956451416,card/cvc5_bapa/fol_0000042.smt2,sat,0.03099966049194336,bapa/card/fol_0000042.smt2,sat,0.3545703887939453,bapa/card/fol_0000042.smt2,sat,0.11329913139343262,card/cvc5_bapa/fol_0000042.smt2,sat,0.005,card/cvc5_bapa/fol_0000042.smt2,sat,0.013
bapa/card/fol_0000043.smt2,sat,1.2934930324554443,card/cvc5_bapa/fol_0000043.smt2,sat,0.09467220306396484,bapa/card/fol_0000043.smt2,sat,0.3328571319580078,bapa/card/fol_0000043.smt2,sat,0.31972312927246094,card/cvc5_bapa/fol_0000043.smt2,sat,0.578,card/cvc5_bapa/fol_0000043.smt2,unknown,0.587
bapa/card/fol_0000044.smt2,sat,0.16090917587280273,card/cvc5_bapa/fol_0000044.smt2,sat,0.06061601638793945,bapa/card/fol_0000044.smt2,sat,0.20920395851135254,bapa/card/fol_0000044.smt2,sat,0.11525321006774902,card/cvc5_bapa/fol_0000044.smt2,sat,0.012,card/cvc5_bapa/fol_0000044.smt2,sat,0.012
bapa/card/fol_0000045.smt2,unsat,2.4462058544158936,card/cvc5_bapa/fol_0000045.smt2,unsat,0.2564709186553955,bapa/card/fol_0000045.smt2,unsat,0.752709150314331,bapa/card/fol_0000045.smt2,timeout,100.0118088722229,card/cvc5_bapa/fol_0000045.smt2,unsat,3.911,card/cvc5_bapa/fol_0000045.smt2,unsat,3.958
bapa/card/fol_0000046.smt2,timeout,100.0062358379364,card/cvc5_bapa/fol_0000046.smt2,sat,7.114962339401245,bapa/card/fol_0000046.smt2,timeout,99.99985694885254,bapa/card/fol_0000046.smt2,timeout,100.0089328289032,card/cvc5_bapa/fol_0000046.smt2,sat,31.793,card/cvc5_bapa/fol_0000046.smt2,unknown,30.205
bapa/card/fol_0000047.smt2,timeout,100.00514197349548,card/cvc5_bapa/fol_0000047.smt2,unsat,4.607025146484375,bapa/card/fol_0000047.smt2,unsat,42.58676075935364,bapa/card/fol_0000047.smt2,timeout,100.0077600479126,card/cvc5_bapa/fol_0000047.smt2,unsat,32.011,card/cvc5_bapa/fol_0000047.smt2,unsat,29.667
bapa/card/fol_0000048.smt2,timeout,100.00601816177368,card/cvc5_bapa/fol_0000048.smt2,timeout,100.00594997406006,bapa/card/fol_0000048.smt2,timeout,100.00322079658508,bapa/card/fol_0000048.smt2,timeout,100.00705909729004,card/cvc5_bapa/fol_0000048.smt2,timeout,100.0,card/cvc5_bapa/fol_0000048.smt2,timeout,100.0
bapa/card/fol_0000049.smt2,timeout,100.00485682487488,card/cvc5_bapa/fol_0000049.smt2,timeout,100.0057442188263,bapa/card/fol_0000049.smt2,timeout,99.99907565116882,bapa/card/fol_0000049.smt2,timeout,100.00637006759644,card/cvc5_bapa/fol_0000049.smt2,timeout,100.0,card/cvc5_bapa/fol_0000049.smt2,timeout,100.0
bapa/card/fol_0000050.smt2,timeout,100.00418710708618,card/cvc5_bapa/fol_0000050.smt2,sat,0.03785109519958496,bapa/card/fol_0000050.smt2,sat,16.11346197128296,bapa/card/fol_0000050.smt2,sat,16.623098134994507,card/cvc5_bapa/fol_0000050.smt2,sat,0.015,card/cvc5_bapa/fol_0000050.smt2,sat,0.018
bapa/card/fol_0000051.smt2,timeout,100.00514507293701,card/cvc5_bapa/fol_0000051.smt2,sat,4.981311082839966,bapa/card/fol_0000051.smt2,timeout,100.00080585479736,bapa/card/fol_0000051.smt2,sat,1.0586459636688232,card/cvc5_bapa/fol_0000051.smt2,sat,31.179,card/cvc5_bapa/fol_0000051.smt2,unknown,29.776
bapa/card/fol_0000052.smt2,timeout,100.00549030303955,card/cvc5_bapa/fol_0000052.smt2,sat,4.946842193603516,bapa/card/fol_0000052.smt2,sat,4.937790155410767,bapa/card/fol_0000052.smt2,timeout,100.0056300163269,card/cvc5_bapa/fol_0000052.smt2,sat,32.597,card/cvc5_bapa/fol_0000052.smt2,unknown,31.007
bapa/card/fol_0000053.smt2,sat,4.21580696105957,card/cvc5_bapa/fol_0000053.smt2,sat,4.876643896102905,bapa/card/fol_0000053.smt2,sat,0.5853228569030762,bapa/card/fol_0000053.smt2,sat,2.4732749462127686,card/cvc5_bapa/fol_0000053.smt2,sat,69.316,card/cvc5_bapa/fol_0000053.smt2,unknown,29.89
bapa/card/fol_0000054.smt2,sat,0.5357921123504639,card/cvc5_bapa/fol_0000054.smt2,sat,4.986068964004517,bapa/card/fol_0000054.smt2,sat,1.6522729396820068,bapa/card/fol_0000054.smt2,sat,15.383997201919556,card/cvc5_bapa/fol_0000054.smt2,sat,31.898,card/cvc5_bapa/fol_0000054.smt2,unknown,30.052
bapa/card/fol_0000055.smt2,timeout,100.00651788711548,card/cvc5_bapa/fol_0000055.smt2,unsat,4.585347652435303,bapa/card/fol_0000055.smt2,unsat,52.39660310745239,bapa/card/fol_0000055.smt2,timeout,100.00750088691711,card/cvc5_bapa/fol_0000055.smt2,timeout,100.0,card/cvc5_bapa/fol_0000055.smt2,timeout,100.0
bapa/card/fol_0000056.smt2,timeout,100.0051257610321,card/cvc5_bapa/fol_0000056.smt2,sat,0.036711931228637695,bapa/card/fol_0000056.smt2,sat,6.764045000076294,bapa/card/fol_0000056.smt2,sat,0.28226518630981445,card/cvc5_bapa/fol_0000056.smt2,sat,0.014,card/cvc5_bapa/fol_0000056.smt2,sat,0.013
bapa/card/fol_0000057.smt2,timeout,100.004798412323,card/cvc5_bapa/fol_0000057.smt2,sat,0.26842403411865234,bapa/card/fol_0000057.smt2,sat,15.152979850769043,bapa/card/fol_0000057.smt2,timeout,100.00712013244629,card/cvc5_bapa/fol_0000057.smt2,sat,3.87,card/cvc5_bapa/fol_0000057.smt2,unknown,3.891
bapa/card/fol_0000058.smt2,unsat,0.13435721397399902,card/cvc5_bapa/fol_0000058.smt2,unsat,0.08634805679321289,bapa/card/fol_0000058.smt2,unsat,0.1708390712738037,bapa/card/fol_0000058.smt2,unsat,2.285348892211914,card/cvc5_bapa/fol_0000058.smt2,unsat,0.535,card/cvc5_bapa/fol_0000058.smt2,unsat,0.537
bapa/card/fol_0000059.smt2,unsat,0.09627509117126465,card/cvc5_bapa/fol_0000059.smt2,unsat,0.03581500053405762,bapa/card/fol_0000059.smt2,unsat,0.14143896102905273,bapa/card/fol_0000059.smt2,timeout,100.00847005844116,card/cvc5_bapa/fol_0000059.smt2,unsat,0.037,card/cvc5_bapa/fol_0000059.smt2,unsat,0.035
bapa/card/fol_0000060.smt2,unsat,2.52929425239563,card/cvc5_bapa/fol_0000060.smt2,unsat,0.25980591773986816,bapa/card/fol_0000060.smt2,unsat,4.621519088745117,bapa/card/fol_0000060.smt2,timeout,100.00660610198975,card/cvc5_bapa/fol_0000060.smt2,unsat,3.88,card/cvc5_bapa/fol_0000060.smt2,unsat,3.892
bapa/card/fol_0000061.smt2,unsat,0.44370603561401367,card/cvc5_bapa/fol_0000061.smt2,unsat,0.2506279945373535,bapa/card/fol_0000061.smt2,unsat,0.27161598205566406,bapa/card/fol_0000061.smt2,timeout,100.0066888332367,card/cvc5_bapa/fol_0000061.smt2,unsat,3.808,card/cvc5_bapa/fol_0000061.smt2,unsat,3.843
bapa/card/fol_0000062.smt2,timeout,100.00633597373962,card/cvc5_bapa/fol_0000062.smt2,sat,0.2674586772918701,bapa/card/fol_0000062.smt2,sat,25.923521757125854,bapa/card/fol_0000062.smt2,sat,1.6762290000915527,card/cvc5_bapa/fol_0000062.smt2,sat,3.926,card/cvc5_bapa/fol_0000062.smt2,unknown,3.847
bapa/card/fol_0000063.smt2,unsat,0.1894359588623047,card/cvc5_bapa/fol_0000063.smt2,unsat,0.08690285682678223,bapa/card/fol_0000063.smt2,unsat,0.3107147216796875,bapa/card/fol_0000063.smt2,unsat,2.372925281524658,card/cvc5_bapa/fol_0000063.smt2,unsat,0.537,card/cvc5_bapa/fol_0000063.smt2,unsat,0.537
bapa/card/fol_0000064.smt2,unsat,0.11740922927856445,card/cvc5_bapa/fol_0000064.smt2,unsat,0.03538107872009277,bapa/card/fol_0000064.smt2,unsat,0.1451568603515625,bapa/card/fol_0000064.smt2,timeout,100.00742197036743,card/cvc5_bapa/fol_0000064.smt2,unsat,0.036,card/cvc5_bapa/fol_0000064.smt2,unsat,0.037
bapa/card/fol_0000065.smt2,unsat,1.7884881496429443,card/cvc5_bapa/fol_0000065.smt2,unsat,0.2553088665008545,bapa/card/fol_0000065.smt2,unsat,7.134594917297363,bapa/card/fol_0000065.smt2,timeout,100.00596308708191,card/cvc5_bapa/fol_0000065.smt2,unsat,3.833,card/cvc5_bapa/fol_0000065.smt2,unsat,3.898
bapa/card/fol_0000066.smt2,unsat,0.23110079765319824,card/cvc5_bapa/fol_0000066.smt2,unsat,0.2548348903656006,bapa/card/fol_0000066.smt2,unsat,0.7399098873138428,bapa/card/fol_0000066.smt2,timeout,100.00748682022095,card/cvc5_bapa/fol_0000066.smt2,unsat,3.776,card/cvc5_bapa/fol_0000066.smt2,unsat,3.888
bapa/card/fol_0000067.smt2,unsat,7.480172634124756,card/cvc5_bapa/fol_0000067.smt2,unsat,0.25444507598876953,bapa/card/fol_0000067.smt2,unsat,0.22335577011108398,bapa/card/fol_0000067.smt2,timeout,100.0058081150055,card/cvc5_bapa/fol_0000067.smt2,unsat,3.602,card/cvc5_bapa/fol_0000067.smt2,unsat,3.588
bapa/card/fol_0000068.smt2,unsat,0.8942639827728271,card/cvc5_bapa/fol_0000068.smt2,unsat,0.2539970874786377,bapa/card/fol_0000068.smt2,unsat,1.0609490871429443,bapa/card/fol_0000068.smt2,timeout,100.00413608551025,card/cvc5_bapa/fol_0000068.smt2,unsat,3.646,card/cvc5_bapa/fol_0000068.smt2,unsat,3.563
bapa/card/fol_0000069.smt2,timeout,100.00623989105225,card/cvc5_bapa/fol_0000069.smt2,sat,4.889148235321045,bapa/card/fol_0000069.smt2,timeout,100.00154232978821,bapa/card/fol_0000069.smt2,timeout,100.00739097595215,card/cvc5_bapa/fol_0000069.smt2,sat,32.035,card/cvc5_bapa/fol_0000069.smt2,unknown,30.423
bapa/card/fol_0000070.smt2,unsat,5.791841983795166,card/cvc5_bapa/fol_0000070.smt2,unsat,4.608026027679443,bapa/card/fol_0000070.smt2,timeout,100.00451993942261,bapa/card/fol_0000070.smt2,timeout,100.00752401351929,card/cvc5_bapa/fol_0000070.smt2,unsat,30.712,card/cvc5_bapa/fol_0000070.smt2,unsat,29.517
bapa/card/fol_0000071.smt2,timeout,100.00779485702515,card/cvc5_bapa/fol_0000071.smt2,timeout,100.0062038898468,bapa/card/fol_0000071.smt2,timeout,100.00019192695618,bapa/card/fol_0000071.smt2,timeout,100.0079391002655,card/cvc5_bapa/fol_0000071.smt2,timeout,100.0,card/cvc5_bapa/fol_0000071.smt2,timeout,100.0
bapa/card/fol_0000072.smt2,timeout,100.00574088096619,card/cvc5_bapa/fol_0000072.smt2,timeout,100.00566291809082,bapa/card/fol_0000072.smt2,timeout,100.00164198875427,bapa/card/fol_0000072.smt2,timeout,100.00635886192322,card/cvc5_bapa/fol_0000072.smt2,timeout,100.0,card/cvc5_bapa/fol_0000072.smt2,timeout,100.0
bapa/card/fol_0000073.smt2,timeout,100.0074520111084,card/cvc5_bapa/fol_0000073.smt2,sat,0.03746509552001953,bapa/card/fol_0000073.smt2,sat,1.1452958583831787,bapa/card/fol_0000073.smt2,timeout,100.0077338218689,card/cvc5_bapa/fol_0000073.smt2,sat,0.014,card/cvc5_bapa/fol_0000073.smt2,sat,0.013
bapa/card/fol_0000074.smt2,sat,0.4068307876586914,card/cvc5_bapa/fol_0000074.smt2,sat,5.031378984451294,bapa/card/fol_0000074.smt2,sat,0.38240504264831543,bapa/card/fol_0000074.smt2,sat,0.24309301376342773,card/cvc5_bapa/fol_0000074.smt2,sat,31.503,card/cvc5_bapa/fol_0000074.smt2,unknown,29.571
bapa/card/fol_0000075.smt2,timeout,100.00613403320312,card/cvc5_bapa/fol_0000075.smt2,sat,4.853429079055786,bapa/card/fol_0000075.smt2,sat,6.911859035491943,bapa/card/fol_0000075.smt2,timeout,100.00642991065979,card/cvc5_bapa/fol_0000075.smt2,sat,29.861,card/cvc5_bapa/fol_0000075.smt2,unknown,29.001
bapa/card/fol_0000076.smt2,sat,0.15819811820983887,card/cvc5_bapa/fol_0000076.smt2,sat,4.881410837173462,bapa/card/fol_0000076.smt2,sat,4.445048093795776,bapa/card/fol_0000076.smt2,timeout,100.00622391700745,card/cvc5_bapa/fol_0000076.smt2,sat,29.745,card/cvc5_bapa/fol_0000076.smt2,unknown,30.409
bapa/card/fol_0000077.smt2,timeout,100.00565910339355,card/cvc5_bapa/fol_0000077.smt2,sat,5.1343162059783936,bapa/card/fol_0000077.smt2,timeout,99.99907612800598,bapa/card/fol_0000077.smt2,timeout,100.0060408115387,card/cvc5_bapa/fol_0000077.smt2,sat,31.185,card/cvc5_bapa/fol_0000077.smt2,unknown,31.032
bapa/card/fol_0000078.smt2,timeout,100.00574612617493,card/cvc5_bapa/fol_0000078.smt2,unsat,4.642699956893921,bapa/card/fol_0000078.smt2,timeout,100.00019192695618,bapa/card/fol_0000078.smt2,timeout,100.00652003288269,card/cvc5_bapa/fol_0000078.smt2,timeout,100.0,card/cvc5_bapa/fol_0000078.smt2,timeout,100.0
bapa/card/fol_0000079.smt2,timeout,100.00655198097229,card/cvc5_bapa/fol_0000079.smt2,sat,0.0387270450592041,bapa/card/fol_0000079.smt2,timeout,99.99938416481018,bapa/card/fol_0000079.smt2,timeout,100.00662875175476,card/cvc5_bapa/fol_0000079.smt2,sat,0.018,card/cvc5_bapa/fol_0000079.smt2,sat,0.017
bapa/card/fol_0000080.smt2,sat,3.0198662281036377,card/cvc5_bapa/fol_0000080.smt2,sat,0.4650230407714844,bapa/card/fol_0000080.smt2,sat,13.935042142868042,bapa/card/fol_0000080.smt2,sat,10.309126138687134,card/cvc5_bapa/fol_0000080.smt2,sat,19.849,card/cvc5_bapa/fol_0000080.smt2,unknown,20.096
bapa/card/fol_0000081.smt2,unsat,0.1012563705444336,card/cvc5_bapa/fol_0000081.smt2,unsat,0.03316807746887207,bapa/card/fol_0000081.smt2,unsat,0.14535927772521973,bapa/card/fol_0000081.smt2,timeout,100.00717401504517,card/cvc5_bapa/fol_0000081.smt2,unsat,0.032,card/cvc5_bapa/fol_0000081.smt2,unsat,0.028
bapa/card/fol_0000082.smt2,timeout,100.00528621673584,card/cvc5_bapa/fol_0000082.smt2,sat,0.5060672760009766,bapa/card/fol_0000082.smt2,timeout,100.00080275535583,bapa/card/fol_0000082.smt2,timeout,100.00662899017334,card/cvc5_bapa/fol_0000082.smt2,sat,19.728,card/cvc5_bapa/fol_0000082.smt2,unknown,20.345
bapa/card/fol_0000083.smt2,timeout,100.00437498092651,card/cvc5_bapa/fol_0000083.smt2,unsat,0.4538581371307373,bapa/card/fol_0000083.smt2,unsat,1.6423192024230957,bapa/card/fol_0000083.smt2,timeout,100.00614190101624,card/cvc5_bapa/fol_0000083.smt2,unsat,20.02,card/cvc5_bapa/fol_0000083.smt2,unsat,20.339
bapa/card/fol_0000084.smt2,timeout,100.00615191459656,card/cvc5_bapa/fol_0000084.smt2,sat,4.8860437870025635,bapa/card/fol_0000084.smt2,timeout,100.00793814659119,bapa/card/fol_0000084.smt2,timeout,100.00908374786377,card/cvc5_bapa/fol_0000084.smt2,sat,68.302,card/cvc5_bapa/fol_0000084.smt2,unknown,69.025
bapa/card/fol_0000085.smt2,unsat,0.33588218688964844,card/cvc5_bapa/fol_0000085.smt2,unsat,0.253187894821167,bapa/card/fol_0000085.smt2,unsat,0.23674702644348145,bapa/card/fol_0000085.smt2,timeout,100.00684809684753,card/cvc5_bapa/fol_0000085.smt2,unsat,3.477,card/cvc5_bapa/fol_0000085.smt2,unsat,3.441
bapa/card/fol_0000086.smt2,unsat,2.7698166370391846,card/cvc5_bapa/fol_0000086.smt2,unsat,0.26037001609802246,bapa/card/fol_0000086.smt2,unsat,0.2494981288909912,bapa/card/fol_0000086.smt2,timeout,100.00688099861145,card/cvc5_bapa/fol_0000086.smt2,unsat,3.415,card/cvc5_bapa/fol_0000086.smt2,unsat,3.603
bapa/card/fol_0000087.smt2,unsat,9.173530340194702,card/cvc5_bapa/fol_0000087.smt2,unsat,0.455596923828125,bapa/card/fol_0000087.smt2,unsat,2.462477922439575,bapa/card/fol_0000087.smt2,timeout,100.00748324394226,card/cvc5_bapa/fol_0000087.smt2,unsat,20.203,card/cvc5_bapa/fol_0000087.smt2,unsat,20.024
bapa/card/fol_0000088.smt2,timeout,100.00642085075378,card/cvc5_bapa/fol_0000088.smt2,unsat,4.4544899463653564,bapa/card/fol_0000088.smt2,unsat,14.587219953536987,bapa/card/fol_0000088.smt2,timeout,100.00720477104187,card/cvc5_bapa/fol_0000088.smt2,unsat,30.246,card/cvc5_bapa/fol_0000088.smt2,unsat,30.611
bapa/card/fol_0000089.smt2,timeout,100.00530576705933,card/cvc5_bapa/fol_0000089.smt2,unsat,4.519729137420654,bapa/card/fol_0000089.smt2,unsat,52.92048096656799,bapa/card/fol_0000089.smt2,timeout,100.00685691833496,card/cvc5_bapa/fol_0000089.smt2,unsat,31.18,card/cvc5_bapa/fol_0000089.smt2,unsat,31.6
bapa/card/fol_0000090.smt2,sat,1.0722639560699463,card/cvc5_bapa/fol_0000090.smt2,sat,0.46332502365112305,bapa/card/fol_0000090.smt2,sat,4.453853130340576,bapa/card/fol_0000090.smt2,timeout,100.0060043334961,card/cvc5_bapa/fol_0000090.smt2,sat,20.455,card/cvc5_bapa/fol_0000090.smt2,unknown,20.273
bapa/card/fol_0000091.smt2,unsat,0.10104799270629883,card/cvc5_bapa/fol_0000091.smt2,unsat,0.03594970703125,bapa/card/fol_0000091.smt2,unsat,0.14809870719909668,bapa/card/fol_0000091.smt2,timeout,100.00634908676147,card/cvc5_bapa/fol_0000091.smt2,unsat,0.034,card/cvc5_bapa/fol_0000091.smt2,unsat,0.032
bapa/card/fol_0000092.smt2,unsat,6.755878925323486,card/cvc5_bapa/fol_0000092.smt2,unsat,0.4634552001953125,bapa/card/fol_0000092.smt2,unsat,1.3238520622253418,bapa/card/fol_0000092.smt2,timeout,100.00643706321716,card/cvc5_bapa/fol_0000092.smt2,unsat,20.58,card/cvc5_bapa/fol_0000092.smt2,unsat,20.493
bapa/card/fol_0000093.smt2,unsat,14.78888726234436,card/cvc5_bapa/fol_0000093.smt2,unsat,0.4508638381958008,bapa/card/fol_0000093.smt2,unsat,1.8007779121398926,bapa/card/fol_0000093.smt2,timeout,100.00668406486511,card/cvc5_bapa/fol_0000093.smt2,unsat,20.458,card/cvc5_bapa/fol_0000093.smt2,unsat,20.309
bapa/card/fol_0000094.smt2,unsat,1.1801457405090332,card/cvc5_bapa/fol_0000094.smt2,unsat,0.26164674758911133,bapa/card/fol_0000094.smt2,unsat,0.23310375213623047,bapa/card/fol_0000094.smt2,timeout,100.00602006912231,card/cvc5_bapa/fol_0000094.smt2,unsat,3.654,card/cvc5_bapa/fol_0000094.smt2,unsat,3.726
bapa/card/fol_0000095.smt2,timeout,100.00643801689148,card/cvc5_bapa/fol_0000095.smt2,unsat,4.461725950241089,bapa/card/fol_0000095.smt2,timeout,100.00640678405762,bapa/card/fol_0000095.smt2,timeout,100.00632500648499,card/cvc5_bapa/fol_0000095.smt2,unsat,30.932,card/cvc5_bapa/fol_0000095.smt2,unsat,30.952
bapa/card/fol_0000096.smt2,timeout,100.00894284248352,card/cvc5_bapa/fol_0000096.smt2,timeout,100.00821709632874,bapa/card/fol_0000096.smt2,timeout,100.00718092918396,bapa/card/fol_0000096.smt2,timeout,100.00800514221191,card/cvc5_bapa/fol_0000096.smt2,timeout,100.0,card/cvc5_bapa/fol_0000096.smt2,timeout,100.0
bapa/card/fol_0000097.smt2,timeout,100.00789308547974,card/cvc5_bapa/fol_0000097.smt2,timeout,100.00600790977478,bapa/card/fol_0000097.smt2,timeout,100.00779509544373,bapa/card/fol_0000097.smt2,timeout,100.00978493690491,card/cvc5_bapa/fol_0000097.smt2,timeout,100.0,card/cvc5_bapa/fol_0000097.smt2,timeout,100.0
bapa/card/fol_0000098.smt2,timeout,100.00640392303467,card/cvc5_bapa/fol_0000098.smt2,timeout,100.00582218170166,bapa/card/fol_0000098.smt2,timeout,100.01480507850647,bapa/card/fol_0000098.smt2,timeout,100.00639367103577,card/cvc5_bapa/fol_0000098.smt2,timeout,100.0,card/cvc5_bapa/fol_0000098.smt2,timeout,100.0
bapa/card/fol_0000099.smt2,timeout,100.00691294670105,card/cvc5_bapa/fol_0000099.smt2,timeout,100.00711107254028,bapa/card/fol_0000099.smt2,timeout,100.0082049369812,bapa/card/fol_0000099.smt2,timeout,100.00645089149475,card/cvc5_bapa/fol_0000099.smt2,timeout,100.0,card/cvc5_bapa/fol_0000099.smt2,timeout,100.0
bapa/card/fol_0000100.smt2,timeout,100.00649619102478,card/cvc5_bapa/fol_0000100.smt2,timeout,100.0052318572998,bapa/card/fol_0000100.smt2,timeout,100.00660800933838,bapa/card/fol_0000100.smt2,timeout,100.00645995140076,card/cvc5_bapa/fol_0000100.smt2,timeout,100.0,card/cvc5_bapa/fol_0000100.smt2,timeout,100.0
bapa/card/fol_0000101.smt2,timeout,100.00599884986877,card/cvc5_bapa/fol_0000101.smt2,sat,0.039447784423828125,bapa/card/fol_0000101.smt2,timeout,100.01145005226135,bapa/card/fol_0000101.smt2,timeout,100.00587487220764,card/cvc5_bapa/fol_0000101.smt2,sat,0.021,card/cvc5_bapa/fol_0000101.smt2,sat,0.018
bapa/card/fol_0000102.smt2,timeout,100.00641798973083,card/cvc5_bapa/fol_0000102.smt2,timeout,100.00815892219543,bapa/card/fol_0000102.smt2,timeout,100.00771713256836,bapa/card/fol_0000102.smt2,timeout,100.00716996192932,card/cvc5_bapa/fol_0000102.smt2,timeout,100.0,card/cvc5_bapa/fol_0000102.smt2,timeout,100.0
bapa/card/fol_0000103.smt2,timeout,100.00828099250793,card/cvc5_bapa/fol_0000103.smt2,timeout,100.00580191612244,bapa/card/fol_0000103.smt2,sat,8.82942271232605,bapa/card/fol_0000103.smt2,timeout,100.00624895095825,card/cvc5_bapa/fol_0000103.smt2,timeout,100.0,card/cvc5_bapa/fol_0000103.smt2,timeout,100.0
bapa/card/fol_0000104.smt2,timeout,100.00609421730042,card/cvc5_bapa/fol_0000104.smt2,timeout,100.00541472434998,bapa/card/fol_0000104.smt2,timeout,100.00745511054993,bapa/card/fol_0000104.smt2,timeout,100.00391721725464,card/cvc5_bapa/fol_0000104.smt2,timeout,100.0,card/cvc5_bapa/fol_0000104.smt2,timeout,100.0
bapa/card/fol_0000105.smt2,sat,5.444451808929443,card/cvc5_bapa/fol_0000105.smt2,timeout,100.00394988059998,bapa/card/fol_0000105.smt2,timeout,100.0090880393982,bapa/card/fol_0000105.smt2,sat,14.149412870407104,card/cvc5_bapa/fol_0000105.smt2,timeout,100.0,card/cvc5_bapa/fol_0000105.smt2,timeout,100.0
bapa/card/fol_0000106.smt2,timeout,100.00559711456299,card/cvc5_bapa/fol_0000106.smt2,timeout,100.00533509254456,bapa/card/fol_0000106.smt2,timeout,100.00766468048096,bapa/card/fol_0000106.smt2,timeout,100.00674414634705,card/cvc5_bapa/fol_0000106.smt2,timeout,100.0,card/cvc5_bapa/fol_0000106.smt2,timeout,100.0
bapa/card/fol_0000107.smt2,timeout,100.00496315956116,card/cvc5_bapa/fol_0000107.smt2,timeout,100.00348782539368,bapa/card/fol_0000107.smt2,timeout,100.0079870223999,bapa/card/fol_0000107.smt2,timeout,100.00631403923035,card/cvc5_bapa/fol_0000107.smt2,timeout,100.0,card/cvc5_bapa/fol_0000107.smt2,timeout,100.0
bapa/card/fol_0000108.smt2,sat,0.8739879131317139,card/cvc5_bapa/fol_0000108.smt2,sat,0.03811502456665039,bapa/card/fol_0000108.smt2,timeout,100.00850319862366,bapa/card/fol_0000108.smt2,sat,0.3916621208190918,card/cvc5_bapa/fol_0000108.smt2,sat,0.021,card/cvc5_bapa/fol_0000108.smt2,sat,0.022
bapa/card/fol_0000109.smt2,timeout,100.00526285171509,card/cvc5_bapa/fol_0000109.smt2,sat,7.0152082443237305,bapa/card/fol_0000109.smt2,timeout,100.00700807571411,bapa/card/fol_0000109.smt2,timeout,100.00498580932617,card/cvc5_bapa/fol_0000109.smt2,sat,29.633,card/cvc5_bapa/fol_0000109.smt2,unknown,28.07
bapa/card/fol_0000110.smt2,unsat,1.1449329853057861,card/cvc5_bapa/fol_0000110.smt2,unsat,0.2607448101043701,bapa/card/fol_0000110.smt2,unsat,5.394051790237427,bapa/card/fol_0000110.smt2,timeout,100.00629186630249,card/cvc5_bapa/fol_0000110.smt2,unsat,3.516,card/cvc5_bapa/fol_0000110.smt2,unsat,3.547
bapa/card/fol_0000111.smt2,unsat,3.1648898124694824,card/cvc5_bapa/fol_0000111.smt2,unsat,0.45331573486328125,bapa/card/fol_0000111.smt2,timeout,100.00714230537415,bapa/card/fol_0000111.smt2,timeout,100.00561094284058,card/cvc5_bapa/fol_0000111.smt2,unsat,18.577,card/cvc5_bapa/fol_0000111.smt2,unsat,17.539
bapa/card/fol_0000112.smt2,timeout,100.00590085983276,card/cvc5_bapa/fol_0000112.smt2,unsat,4.5777268409729,bapa/card/fol_0000112.smt2,timeout,100.00690913200378,bapa/card/fol_0000112.smt2,timeout,100.00664210319519,card/cvc5_bapa/fol_0000112.smt2,unsat,29.261,card/cvc5_bapa/fol_0000112.smt2,unsat,27.083
bapa/card/fol_0000113.smt2,timeout,100.00883889198303,card/cvc5_bapa/fol_0000113.smt2,sat,5.286592960357666,bapa/card/fol_0000113.smt2,timeout,100.0067069530487,bapa/card/fol_0000113.smt2,timeout,100.00734806060791,card/cvc5_bapa/fol_0000113.smt2,sat,88.52,card/cvc5_bapa/fol_0000113.smt2,timeout,100.0
bapa/card/fol_0000114.smt2,unsat,10.630506038665771,card/cvc5_bapa/fol_0000114.smt2,unsat,0.4354360103607178,bapa/card/fol_0000114.smt2,unsat,3.493725061416626,bapa/card/fol_0000114.smt2,timeout,100.00624418258667,card/cvc5_bapa/fol_0000114.smt2,unsat,17.199,card/cvc5_bapa/fol_0000114.smt2,unsat,15.499
bapa/card/fol_0000115.smt2,unsat,3.4153120517730713,card/cvc5_bapa/fol_0000115.smt2,unsat,0.4347240924835205,bapa/card/fol_0000115.smt2,unsat,1.7999789714813232,bapa/card/fol_0000115.smt2,timeout,100.0073139667511,card/cvc5_bapa/fol_0000115.smt2,unsat,18.203,card/cvc5_bapa/fol_0000115.smt2,unsat,16.956
bapa/card/fol_0000116.smt2,timeout,100.01340174674988,card/cvc5_bapa/fol_0000116.smt2,unsat,4.527125120162964,bapa/card/fol_0000116.smt2,timeout,100.00676727294922,bapa/card/fol_0000116.smt2,timeout,100.00743794441223,card/cvc5_bapa/fol_0000116.smt2,sat,95.54,card/cvc5_bapa/fol_0000116.smt2,unknown,89.264
bapa/card/fol_0000117.smt2,timeout,100.00662398338318,card/cvc5_bapa/fol_0000117.smt2,sat,5.086031913757324,bapa/card/fol_0000117.smt2,timeout,100.00646305084229,bapa/card/fol_0000117.smt2,timeout,100.00692105293274,card/cvc5_bapa/fol_0000117.smt2,sat,79.5,card/cvc5_bapa/fol_0000117.smt2,timeout,100.0
bapa/card/fol_0000118.smt2,timeout,100.00587487220764,card/cvc5_bapa/fol_0000118.smt2,timeout,100.00516390800476,bapa/card/fol_0000118.smt2,timeout,100.00698328018188,bapa/card/fol_0000118.smt2,timeout,100.00840425491333,card/cvc5_bapa/fol_0000118.smt2,timeout,100.0,card/cvc5_bapa/fol_0000118.smt2,timeout,100.0
bapa/card/fol_0000119.smt2,timeout,100.00770807266235,card/cvc5_bapa/fol_0000119.smt2,unsat,4.307730197906494,bapa/card/fol_0000119.smt2,unsat,36.36107063293457,bapa/card/fol_0000119.smt2,timeout,100.00649905204773,card/cvc5_bapa/fol_0000119.smt2,unsat,23.817,card/cvc5_bapa/fol_0000119.smt2,unsat,23.169
bapa/card/fol_0000120.smt2,timeout,100.00777792930603,card/cvc5_bapa/fol_0000120.smt2,unsat,4.500416994094849,bapa/card/fol_0000120.smt2,timeout,100.00809907913208,bapa/card/fol_0000120.smt2,timeout,100.0079128742218,card/cvc5_bapa/fol_0000120.smt2,sat,72.758,card/cvc5_bapa/fol_0000120.smt2,unknown,99.369
bapa/arith/fol_0000001.smt2,sat,0.21304082870483398,arith/cvc5_mapa/fol_0000001.smt2,sat,0.036003828048706055,bapa/arith/fol_0000001.smt2,sat,0.3098428249359131,bapa/arith/fol_0000001.smt2,sat,0.1455516815185547,arith/cvc5_mapa/fol_0000001.smt2,sat,0.253,arith/cvc5_mapa/fol_0000001.smt2,sat,0.087
bapa/arith/fol_0000002.smt2,sat,0.12572598457336426,arith/cvc5_mapa/fol_0000002.smt2,sat,0.03792905807495117,bapa/arith/fol_0000002.smt2,sat,0.30596184730529785,bapa/arith/fol_0000002.smt2,sat,0.14288711547851562,arith/cvc5_mapa/fol_0000002.smt2,sat,0.253,arith/cvc5_mapa/fol_0000002.smt2,sat,0.086
bapa/arith/fol_0000003.smt2,sat,0.22210216522216797,arith/cvc5_mapa/fol_0000003.smt2,sat,0.03847908973693848,bapa/arith/fol_0000003.smt2,sat,0.3172280788421631,bapa/arith/fol_0000003.smt2,sat,0.14605975151062012,arith/cvc5_mapa/fol_0000003.smt2,sat,0.253,arith/cvc5_mapa/fol_0000003.smt2,sat,0.086
bapa/arith/fol_0000004.smt2,sat,0.21579623222351074,arith/cvc5_mapa/fol_0000004.smt2,sat,0.03861403465270996,bapa/arith/fol_0000004.smt2,sat,0.31424617767333984,bapa/arith/fol_0000004.smt2,sat,0.15680408477783203,arith/cvc5_mapa/fol_0000004.smt2,sat,0.254,arith/cvc5_mapa/fol_0000004.smt2,sat,0.086
bapa/arith/fol_0000005.smt2,sat,0.206679105758667,arith/cvc5_mapa/fol_0000005.smt2,sat,0.043398141860961914,bapa/arith/fol_0000005.smt2,sat,0.17586207389831543,bapa/arith/fol_0000005.smt2,sat,0.14670991897583008,arith/cvc5_mapa/fol_0000005.smt2,sat,0.252,arith/cvc5_mapa/fol_0000005.smt2,sat,0.086
bapa/arith/fol_0000006.smt2,sat,0.13285183906555176,arith/cvc5_mapa/fol_0000006.smt2,sat,0.04102611541748047,bapa/arith/fol_0000006.smt2,sat,0.3118889331817627,bapa/arith/fol_0000006.smt2,sat,0.14873123168945312,arith/cvc5_mapa/fol_0000006.smt2,sat,0.254,arith/cvc5_mapa/fol_0000006.smt2,sat,0.086
bapa/arith/fol_0000007.smt2,sat,0.21140265464782715,arith/cvc5_mapa/fol_0000007.smt2,sat,0.04061079025268555,bapa/arith/fol_0000007.smt2,sat,0.30649709701538086,bapa/arith/fol_0000007.smt2,sat,0.1552419662475586,arith/cvc5_mapa/fol_0000007.smt2,sat,0.253,arith/cvc5_mapa/fol_0000007.smt2,sat,0.086
bapa/arith/fol_0000008.smt2,sat,0.21008801460266113,arith/cvc5_mapa/fol_0000008.smt2,sat,0.040207862854003906,bapa/arith/fol_0000008.smt2,sat,0.31656670570373535,bapa/arith/fol_0000008.smt2,sat,0.1514129638671875,arith/cvc5_mapa/fol_0000008.smt2,sat,0.254,arith/cvc5_mapa/fol_0000008.smt2,sat,0.087
bapa/arith/fol_0000009.smt2,sat,0.21631503105163574,arith/cvc5_mapa/fol_0000009.smt2,sat,0.03729891777038574,bapa/arith/fol_0000009.smt2,sat,0.2951679229736328,bapa/arith/fol_0000009.smt2,sat,0.1479790210723877,arith/cvc5_mapa/fol_0000009.smt2,sat,0.253,arith/cvc5_mapa/fol_0000009.smt2,sat,0.086
bapa/arith/fol_0000010.smt2,sat,0.21472692489624023,arith/cvc5_mapa/fol_0000010.smt2,sat,0.03770112991333008,bapa/arith/fol_0000010.smt2,sat,0.1596522331237793,bapa/arith/fol_0000010.smt2,sat,0.14812874794006348,arith/cvc5_mapa/fol_0000010.smt2,sat,0.253,arith/cvc5_mapa/fol_0000010.smt2,sat,0.085
bapa/arith/fol_0000011.smt2,sat,0.21915197372436523,arith/cvc5_mapa/fol_0000011.smt2,sat,0.04331493377685547,bapa/arith/fol_0000011.smt2,sat,0.3105473518371582,bapa/arith/fol_0000011.smt2,sat,0.15594124794006348,arith/cvc5_mapa/fol_0000011.smt2,sat,0.252,arith/cvc5_mapa/fol_0000011.smt2,sat,0.086
bapa/arith/fol_0000012.smt2,sat,0.21129512786865234,arith/cvc5_mapa/fol_0000012.smt2,sat,0.04120492935180664,bapa/arith/fol_0000012.smt2,sat,0.3114349842071533,bapa/arith/fol_0000012.smt2,sat,0.1540210247039795,arith/cvc5_mapa/fol_0000012.smt2,sat,0.254,arith/cvc5_mapa/fol_0000012.smt2,sat,0.086
bapa/arith/fol_0000013.smt2,sat,0.2155148983001709,arith/cvc5_mapa/fol_0000013.smt2,sat,0.04164409637451172,bapa/arith/fol_0000013.smt2,sat,0.30456089973449707,bapa/arith/fol_0000013.smt2,sat,0.15871310234069824,arith/cvc5_mapa/fol_0000013.smt2,sat,0.253,arith/cvc5_mapa/fol_0000013.smt2,sat,0.086
bapa/arith/fol_0000014.smt2,sat,0.2111060619354248,arith/cvc5_mapa/fol_0000014.smt2,sat,0.034707069396972656,bapa/arith/fol_0000014.smt2,sat,0.1686100959777832,bapa/arith/fol_0000014.smt2,sat,0.15814685821533203,arith/cvc5_mapa/fol_0000014.smt2,sat,0.253,arith/cvc5_mapa/fol_0000014.smt2,sat,0.085
bapa/arith/fol_0000015.smt2,sat,0.21918272972106934,arith/cvc5_mapa/fol_0000015.smt2,sat,0.04402613639831543,bapa/arith/fol_0000015.smt2,sat,0.16621899604797363,bapa/arith/fol_0000015.smt2,sat,0.15826201438903809,arith/cvc5_mapa/fol_0000015.smt2,sat,0.253,arith/cvc5_mapa/fol_0000015.smt2,sat,0.085
bapa/arith/fol_0000016.smt2,sat,0.1276569366455078,arith/cvc5_mapa/fol_0000016.smt2,sat,0.0426027774810791,bapa/arith/fol_0000016.smt2,sat,0.3036198616027832,bapa/arith/fol_0000016.smt2,sat,0.14957785606384277,arith/cvc5_mapa/fol_0000016.smt2,sat,0.253,arith/cvc5_mapa/fol_0000016.smt2,sat,0.086
bapa/arith/fol_0000017.smt2,sat,0.11600732803344727,arith/cvc5_mapa/fol_0000017.smt2,sat,0.04061412811279297,bapa/arith/fol_0000017.smt2,sat,0.29686403274536133,bapa/arith/fol_0000017.smt2,sat,0.15018510818481445,arith/cvc5_mapa/fol_0000017.smt2,sat,0.023,arith/cvc5_mapa/fol_0000017.smt2,sat,0.018
bapa/arith/fol_0000018.smt2,sat,0.20264601707458496,arith/cvc5_mapa/fol_0000018.smt2,sat,0.03731989860534668,bapa/arith/fol_0000018.smt2,sat,0.2864818572998047,bapa/arith/fol_0000018.smt2,sat,0.14696884155273438,arith/cvc5_mapa/fol_0000018.smt2,sat,0.022,arith/cvc5_mapa/fol_0000018.smt2,sat,0.018
bapa/arith/fol_0000019.smt2,sat,0.20592904090881348,arith/cvc5_mapa/fol_0000019.smt2,sat,0.038671016693115234,bapa/arith/fol_0000019.smt2,sat,0.15082907676696777,bapa/arith/fol_0000019.smt2,sat,0.15732502937316895,arith/cvc5_mapa/fol_0000019.smt2,sat,0.023,arith/cvc5_mapa/fol_0000019.smt2,sat,0.018
bapa/arith/fol_0000020.smt2,sat,0.12079215049743652,arith/cvc5_mapa/fol_0000020.smt2,sat,0.038194894790649414,bapa/arith/fol_0000020.smt2,sat,0.2980077266693115,bapa/arith/fol_0000020.smt2,sat,0.15851497650146484,arith/cvc5_mapa/fol_0000020.smt2,sat,0.022,arith/cvc5_mapa/fol_0000020.smt2,sat,0.018
bapa/arith/fol_0000021.smt2,unsat,0.10477900505065918,arith/cvc5_mapa/fol_0000021.smt2,unsat,0.03562307357788086,bapa/arith/fol_0000021.smt2,unsat,0.12318587303161621,bapa/arith/fol_0000021.smt2,unsat,0.20146393775939941,arith/cvc5_mapa/fol_0000021.smt2,unsat,0.076,arith/cvc5_mapa/fol_0000021.smt2,unsat,0.058
bapa/arith/fol_0000022.smt2,sat,0.2104039192199707,arith/cvc5_mapa/fol_0000022.smt2,sat,0.042181968688964844,bapa/arith/fol_0000022.smt2,sat,0.30559706687927246,bapa/arith/fol_0000022.smt2,sat,0.15840387344360352,arith/cvc5_mapa/fol_0000022.smt2,sat,0.022,arith/cvc5_mapa/fol_0000022.smt2,sat,0.017
bapa/arith/fol_0000023.smt2,unsat,0.12072515487670898,arith/cvc5_mapa/fol_0000023.smt2,unsat,0.03758382797241211,bapa/arith/fol_0000023.smt2,unsat,0.1262960433959961,bapa/arith/fol_0000023.smt2,unsat,0.20943403244018555,arith/cvc5_mapa/fol_0000023.smt2,unsat,0.075,arith/cvc5_mapa/fol_0000023.smt2,unsat,0.063
bapa/arith/fol_0000024.smt2,sat,0.13442087173461914,arith/cvc5_mapa/fol_0000024.smt2,sat,0.04189801216125488,bapa/arith/fol_0000024.smt2,sat,0.16247987747192383,bapa/arith/fol_0000024.smt2,sat,0.1648252010345459,arith/cvc5_mapa/fol_0000024.smt2,sat,0.024,arith/cvc5_mapa/fol_0000024.smt2,sat,0.018
bapa/arith/fol_0000025.smt2,sat,0.2160789966583252,arith/cvc5_mapa/fol_0000025.smt2,sat,0.03998398780822754,bapa/arith/fol_0000025.smt2,sat,0.28147292137145996,bapa/arith/fol_0000025.smt2,sat,0.14843487739562988,arith/cvc5_mapa/fol_0000025.smt2,sat,0.022,arith/cvc5_mapa/fol_0000025.smt2,sat,0.018
bapa/arith/fol_0000026.smt2,sat,0.20690584182739258,arith/cvc5_mapa/fol_0000026.smt2,sat,0.03835415840148926,bapa/arith/fol_0000026.smt2,sat,0.299562931060791,bapa/arith/fol_0000026.smt2,sat,0.15341687202453613,arith/cvc5_mapa/fol_0000026.smt2,sat,0.025,arith/cvc5_mapa/fol_0000026.smt2,sat,0.018
bapa/arith/fol_0000027.smt2,sat,0.21613097190856934,arith/cvc5_mapa/fol_0000027.smt2,sat,0.04302573204040527,bapa/arith/fol_0000027.smt2,sat,0.29061079025268555,bapa/arith/fol_0000027.smt2,sat,0.1470489501953125,arith/cvc5_mapa/fol_0000027.smt2,sat,0.022,arith/cvc5_mapa/fol_0000027.smt2,sat,0.016
bapa/arith/fol_0000028.smt2,unsat,0.11781811714172363,arith/cvc5_mapa/fol_0000028.smt2,unsat,0.050066232681274414,bapa/arith/fol_0000028.smt2,unsat,0.998262882232666,bapa/arith/fol_0000028.smt2,unsat,0.16853880882263184,arith/cvc5_mapa/fol_0000028.smt2,unsat,0.284,arith/cvc5_mapa/fol_0000028.smt2,unsat,0.271
bapa/arith/fol_0000029.smt2,sat,0.24153685569763184,arith/cvc5_mapa/fol_0000029.smt2,sat,0.03688383102416992,bapa/arith/fol_0000029.smt2,sat,0.2639291286468506,bapa/arith/fol_0000029.smt2,sat,0.1367018222808838,arith/cvc5_mapa/fol_0000029.smt2,sat,0.024,arith/cvc5_mapa/fol_0000029.smt2,sat,0.018
bapa/arith/fol_0000030.smt2,unsat,0.10473012924194336,arith/cvc5_mapa/fol_0000030.smt2,unsat,0.03721904754638672,bapa/arith/fol_0000030.smt2,unsat,0.12717413902282715,bapa/arith/fol_0000030.smt2,unsat,0.1987159252166748,arith/cvc5_mapa/fol_0000030.smt2,unsat,0.074,arith/cvc5_mapa/fol_0000030.smt2,unsat,0.061
bapa/arith/fol_0000031.smt2,sat,0.21095013618469238,arith/cvc5_mapa/fol_0000031.smt2,sat,0.03545975685119629,bapa/arith/fol_0000031.smt2,sat,0.3008601665496826,bapa/arith/fol_0000031.smt2,sat,0.15247106552124023,arith/cvc5_mapa/fol_0000031.smt2,sat,0.021,arith/cvc5_mapa/fol_0000031.smt2,sat,0.016
bapa/arith/fol_0000032.smt2,unsat,0.10406804084777832,arith/cvc5_mapa/fol_0000032.smt2,unsat,0.033799171447753906,bapa/arith/fol_0000032.smt2,unsat,0.1296522617340088,bapa/arith/fol_0000032.smt2,unsat,0.2093029022216797,arith/cvc5_mapa/fol_0000032.smt2,unsat,0.073,arith/cvc5_mapa/fol_0000032.smt2,unsat,0.061
bapa/arith/fol_0000033.smt2,sat,0.217210054397583,arith/cvc5_mapa/fol_0000033.smt2,sat,0.034765005111694336,bapa/arith/fol_0000033.smt2,sat,0.3075270652770996,bapa/arith/fol_0000033.smt2,sat,0.15206599235534668,arith/cvc5_mapa/fol_0000033.smt2,sat,0.03,arith/cvc5_mapa/fol_0000033.smt2,sat,0.016
bapa/arith/fol_0000034.smt2,unsat,0.09656667709350586,arith/cvc5_mapa/fol_0000034.smt2,unsat,0.0351102352142334,bapa/arith/fol_0000034.smt2,unsat,0.11543416976928711,bapa/arith/fol_0000034.smt2,unsat,0.18756675720214844,arith/cvc5_mapa/fol_0000034.smt2,unsat,0.057,arith/cvc5_mapa/fol_0000034.smt2,unsat,0.046
bapa/arith/fol_0000035.smt2,sat,0.21289968490600586,arith/cvc5_mapa/fol_0000035.smt2,sat,0.0393068790435791,bapa/arith/fol_0000035.smt2,sat,0.3007528781890869,bapa/arith/fol_0000035.smt2,sat,0.1439971923828125,arith/cvc5_mapa/fol_0000035.smt2,sat,0.025,arith/cvc5_mapa/fol_0000035.smt2,sat,0.015
bapa/arith/fol_0000036.smt2,sat,0.19396400451660156,arith/cvc5_mapa/fol_0000036.smt2,sat,0.03381514549255371,bapa/arith/fol_0000036.smt2,sat,0.26357293128967285,bapa/arith/fol_0000036.smt2,sat,0.14452409744262695,arith/cvc5_mapa/fol_0000036.smt2,sat,0.021,arith/cvc5_mapa/fol_0000036.smt2,sat,0.014
bapa/arith/fol_0000037.smt2,sat,0.19109797477722168,arith/cvc5_mapa/fol_0000037.smt2,sat,0.036399126052856445,bapa/arith/fol_0000037.smt2,sat,0.28767895698547363,bapa/arith/fol_0000037.smt2,sat,0.15548491477966309,arith/cvc5_mapa/fol_0000037.smt2,sat,0.029,arith/cvc5_mapa/fol_0000037.smt2,sat,0.015
bapa/arith/fol_0000038.smt2,unsat,0.09377288818359375,arith/cvc5_mapa/fol_0000038.smt2,unsat,0.0351560115814209,bapa/arith/fol_0000038.smt2,unsat,0.12310123443603516,bapa/arith/fol_0000038.smt2,unsat,0.2033698558807373,arith/cvc5_mapa/fol_0000038.smt2,unsat,0.052,arith/cvc5_mapa/fol_0000038.smt2,unsat,0.047
bapa/arith/fol_0000039.smt2,sat,0.11667203903198242,arith/cvc5_mapa/fol_0000039.smt2,sat,0.03635668754577637,bapa/arith/fol_0000039.smt2,sat,0.29556798934936523,bapa/arith/fol_0000039.smt2,sat,0.1538410186767578,arith/cvc5_mapa/fol_0000039.smt2,sat,0.028,arith/cvc5_mapa/fol_0000039.smt2,sat,0.016
bapa/arith/fol_0000040.smt2,unsat,0.10237526893615723,arith/cvc5_mapa/fol_0000040.smt2,unsat,0.03814387321472168,bapa/arith/fol_0000040.smt2,unsat,0.11593794822692871,bapa/arith/fol_0000040.smt2,unsat,0.2037370204925537,arith/cvc5_mapa/fol_0000040.smt2,unsat,0.051,arith/cvc5_mapa/fol_0000040.smt2,unsat,0.048
bapa/arith/fol_0000041.smt2,sat,0.2062370777130127,arith/cvc5_mapa/fol_0000041.smt2,sat,0.03537321090698242,bapa/arith/fol_0000041.smt2,sat,0.29314088821411133,bapa/arith/fol_0000041.smt2,sat,0.1432201862335205,arith/cvc5_mapa/fol_0000041.smt2,sat,0.023,arith/cvc5_mapa/fol_0000041.smt2,sat,0.015
bapa/arith/fol_0000042.smt2,sat,0.19531893730163574,arith/cvc5_mapa/fol_0000042.smt2,sat,0.03480124473571777,bapa/arith/fol_0000042.smt2,sat,0.2848479747772217,bapa/arith/fol_0000042.smt2,sat,0.14151310920715332,arith/cvc5_mapa/fol_0000042.smt2,sat,0.026,arith/cvc5_mapa/fol_0000042.smt2,sat,0.015
bapa/arith/fol_0000043.smt2,sat,0.16270899772644043,arith/cvc5_mapa/fol_0000043.smt2,sat,0.0362553596496582,bapa/arith/fol_0000043.smt2,sat,0.3312950134277344,bapa/arith/fol_0000043.smt2,sat,0.11630368232727051,arith/cvc5_mapa/fol_0000043.smt2,sat,0.027,arith/cvc5_mapa/fol_0000043.smt2,sat,0.015
bapa/arith/fol_0000044.smt2,sat,0.11375689506530762,arith/cvc5_mapa/fol_0000044.smt2,sat,0.037789106369018555,bapa/arith/fol_0000044.smt2,sat,0.30339884757995605,bapa/arith/fol_0000044.smt2,sat,0.14530706405639648,arith/cvc5_mapa/fol_0000044.smt2,sat,0.016,arith/cvc5_mapa/fol_0000044.smt2,sat,0.014
bapa/arith/fol_0000045.smt2,unsat,0.2022552490234375,arith/cvc5_mapa/fol_0000045.smt2,unsat,0.051405906677246094,bapa/arith/fol_0000045.smt2,unsat,0.1916811466217041,bapa/arith/fol_0000045.smt2,unsat,0.16887593269348145,arith/cvc5_mapa/fol_0000045.smt2,unsat,0.246,arith/cvc5_mapa/fol_0000045.smt2,unsat,0.244
bapa/arith/fol_0000046.smt2,sat,0.172896146774292,arith/cvc5_mapa/fol_0000046.smt2,sat,0.03476905822753906,bapa/arith/fol_0000046.smt2,sat,0.27179598808288574,bapa/arith/fol_0000046.smt2,sat,0.12583518028259277,arith/cvc5_mapa/fol_0000046.smt2,sat,0.02,arith/cvc5_mapa/fol_0000046.smt2,sat,0.015
bapa/arith/fol_0000047.smt2,unsat,0.11541509628295898,arith/cvc5_mapa/fol_0000047.smt2,unsat,0.04787397384643555,bapa/arith/fol_0000047.smt2,unsat,0.23827266693115234,bapa/arith/fol_0000047.smt2,unsat,0.17407989501953125,arith/cvc5_mapa/fol_0000047.smt2,unsat,0.244,arith/cvc5_mapa/fol_0000047.smt2,unsat,0.241
bapa/arith/fol_0000048.smt2,sat,0.24794292449951172,arith/cvc5_mapa/fol_0000048.smt2,sat,0.03362393379211426,bapa/arith/fol_0000048.smt2,sat,0.28520798683166504,bapa/arith/fol_0000048.smt2,sat,0.13509202003479004,arith/cvc5_mapa/fol_0000048.smt2,sat,0.018,arith/cvc5_mapa/fol_0000048.smt2,sat,0.016
bapa/arith/fol_0000049.smt2,sat,0.2628011703491211,arith/cvc5_mapa/fol_0000049.smt2,sat,0.035913944244384766,bapa/arith/fol_0000049.smt2,sat,0.39676594734191895,bapa/arith/fol_0000049.smt2,sat,0.14388298988342285,arith/cvc5_mapa/fol_0000049.smt2,sat,0.018,arith/cvc5_mapa/fol_0000049.smt2,sat,0.017
bapa/arith/fol_0000050.smt2,sat,0.09795308113098145,arith/cvc5_mapa/fol_0000050.smt2,sat,0.035437822341918945,bapa/arith/fol_0000050.smt2,sat,0.09695601463317871,bapa/arith/fol_0000050.smt2,sat,0.09420490264892578,arith/cvc5_mapa/fol_0000050.smt2,sat,0.018,arith/cvc5_mapa/fol_0000050.smt2,sat,0.018
bapa/arith/fol_0000051.smt2,sat,0.24378108978271484,arith/cvc5_mapa/fol_0000051.smt2,sat,0.03689122200012207,bapa/arith/fol_0000051.smt2,sat,0.266132116317749,bapa/arith/fol_0000051.smt2,sat,0.13650941848754883,arith/cvc5_mapa/fol_0000051.smt2,sat,0.018,arith/cvc5_mapa/fol_0000051.smt2,sat,0.017
bapa/arith/fol_0000052.smt2,sat,0.23495817184448242,arith/cvc5_mapa/fol_0000052.smt2,sat,0.03543686866760254,bapa/arith/fol_0000052.smt2,sat,0.3789341449737549,bapa/arith/fol_0000052.smt2,sat,0.13600897789001465,arith/cvc5_mapa/fol_0000052.smt2,sat,0.016,arith/cvc5_mapa/fol_0000052.smt2,sat,0.015
bapa/arith/fol_0000053.smt2,sat,0.2418811321258545,arith/cvc5_mapa/fol_0000053.smt2,sat,0.03826189041137695,bapa/arith/fol_0000053.smt2,sat,0.27697014808654785,bapa/arith/fol_0000053.smt2,sat,0.1442890167236328,arith/cvc5_mapa/fol_0000053.smt2,sat,0.012,arith/cvc5_mapa/fol_0000053.smt2,sat,0.016
bapa/arith/fol_0000054.smt2,sat,0.24877119064331055,arith/cvc5_mapa/fol_0000054.smt2,sat,0.03552079200744629,bapa/arith/fol_0000054.smt2,sat,0.390491247177124,bapa/arith/fol_0000054.smt2,sat,0.1664588451385498,arith/cvc5_mapa/fol_0000054.smt2,sat,0.016,arith/cvc5_mapa/fol_0000054.smt2,sat,0.015
bapa/arith/fol_0000055.smt2,unsat,0.10753393173217773,arith/cvc5_mapa/fol_0000055.smt2,unsat,0.035024166107177734,bapa/arith/fol_0000055.smt2,unsat,0.13271522521972656,bapa/arith/fol_0000055.smt2,unsat,0.21130013465881348,arith/cvc5_mapa/fol_0000055.smt2,unsat,0.035,arith/cvc5_mapa/fol_0000055.smt2,unsat,0.047
bapa/arith/fol_0000056.smt2,sat,0.21805310249328613,arith/cvc5_mapa/fol_0000056.smt2,sat,0.03512406349182129,bapa/arith/fol_0000056.smt2,sat,0.3257100582122803,bapa/arith/fol_0000056.smt2,sat,0.15676283836364746,arith/cvc5_mapa/fol_0000056.smt2,sat,0.016,arith/cvc5_mapa/fol_0000056.smt2,sat,0.014
bapa/arith/fol_0000057.smt2,sat,0.23706698417663574,arith/cvc5_mapa/fol_0000057.smt2,sat,0.03642702102661133,bapa/arith/fol_0000057.smt2,sat,0.25659918785095215,bapa/arith/fol_0000057.smt2,sat,0.12208914756774902,arith/cvc5_mapa/fol_0000057.smt2,sat,0.016,arith/cvc5_mapa/fol_0000057.smt2,sat,0.022
bapa/arith/fol_0000058.smt2,unsat,0.1043088436126709,arith/cvc5_mapa/fol_0000058.smt2,unsat,0.04532885551452637,bapa/arith/fol_0000058.smt2,unsat,1.005674123764038,bapa/arith/fol_0000058.smt2,unsat,0.1614999771118164,arith/cvc5_mapa/fol_0000058.smt2,unsat,0.216,arith/cvc5_mapa/fol_0000058.smt2,unsat,0.226
bapa/arith/fol_0000059.smt2,unsat,0.09911513328552246,arith/cvc5_mapa/fol_0000059.smt2,unsat,0.03495073318481445,bapa/arith/fol_0000059.smt2,unsat,0.11466670036315918,bapa/arith/fol_0000059.smt2,unsat,0.19321012496948242,arith/cvc5_mapa/fol_0000059.smt2,unsat,0.038,arith/cvc5_mapa/fol_0000059.smt2,unsat,0.043
bapa/arith/fol_0000060.smt2,unsat,0.20654988288879395,arith/cvc5_mapa/fol_0000060.smt2,unsat,0.048011064529418945,bapa/arith/fol_0000060.smt2,unsat,0.4877030849456787,bapa/arith/fol_0000060.smt2,unsat,0.16698074340820312,arith/cvc5_mapa/fol_0000060.smt2,unsat,0.221,arith/cvc5_mapa/fol_0000060.smt2,unsat,0.224
bapa/arith/fol_0000061.smt2,unsat,0.1978602409362793,arith/cvc5_mapa/fol_0000061.smt2,unsat,0.0472712516784668,bapa/arith/fol_0000061.smt2,unsat,0.4277639389038086,bapa/arith/fol_0000061.smt2,unsat,0.1604478359222412,arith/cvc5_mapa/fol_0000061.smt2,unsat,0.23,arith/cvc5_mapa/fol_0000061.smt2,unsat,0.242
bapa/arith/fol_0000062.smt2,sat,0.2364811897277832,arith/cvc5_mapa/fol_0000062.smt2,sat,0.0349268913269043,bapa/arith/fol_0000062.smt2,sat,0.35899782180786133,bapa/arith/fol_0000062.smt2,sat,0.12282800674438477,arith/cvc5_mapa/fol_0000062.smt2,sat,0.019,arith/cvc5_mapa/fol_0000062.smt2,sat,0.014
bapa/arith/fol_0000063.smt2,unsat,0.18771982192993164,arith/cvc5_mapa/fol_0000063.smt2,unsat,0.048718929290771484,bapa/arith/fol_0000063.smt2,unsat,0.21276116371154785,bapa/arith/fol_0000063.smt2,unsat,0.16030168533325195,arith/cvc5_mapa/fol_0000063.smt2,unsat,0.227,arith/cvc5_mapa/fol_0000063.smt2,unsat,0.225
bapa/arith/fol_0000064.smt2,unsat,0.10450506210327148,arith/cvc5_mapa/fol_0000064.smt2,unsat,0.03466391563415527,bapa/arith/fol_0000064.smt2,unsat,0.11801600456237793,bapa/arith/fol_0000064.smt2,unsat,0.19149398803710938,arith/cvc5_mapa/fol_0000064.smt2,unsat,0.042,arith/cvc5_mapa/fol_0000064.smt2,unsat,0.045
bapa/arith/fol_0000065.smt2,unsat,0.11515498161315918,arith/cvc5_mapa/fol_0000065.smt2,unsat,0.051902055740356445,bapa/arith/fol_0000065.smt2,unsat,0.1863689422607422,bapa/arith/fol_0000065.smt2,unsat,0.1633589267730713,arith/cvc5_mapa/fol_0000065.smt2,unsat,0.233,arith/cvc5_mapa/fol_0000065.smt2,unsat,0.249
bapa/arith/fol_0000066.smt2,unsat,0.2011263370513916,arith/cvc5_mapa/fol_0000066.smt2,unsat,0.04624581336975098,bapa/arith/fol_0000066.smt2,unsat,0.3860740661621094,bapa/arith/fol_0000066.smt2,unsat,0.1647779941558838,arith/cvc5_mapa/fol_0000066.smt2,unsat,0.234,arith/cvc5_mapa/fol_0000066.smt2,unsat,0.247
bapa/arith/fol_0000067.smt2,unsat,0.19831013679504395,arith/cvc5_mapa/fol_0000067.smt2,unsat,0.047637939453125,bapa/arith/fol_0000067.smt2,unsat,0.49667787551879883,bapa/arith/fol_0000067.smt2,unsat,0.16454005241394043,arith/cvc5_mapa/fol_0000067.smt2,unsat,0.239,arith/cvc5_mapa/fol_0000067.smt2,unsat,0.252
bapa/arith/fol_0000068.smt2,unsat,0.11352705955505371,arith/cvc5_mapa/fol_0000068.smt2,unsat,0.04847383499145508,bapa/arith/fol_0000068.smt2,unsat,3.293282985687256,bapa/arith/fol_0000068.smt2,unsat,0.16398406028747559,arith/cvc5_mapa/fol_0000068.smt2,unsat,0.247,arith/cvc5_mapa/fol_0000068.smt2,unsat,0.256
bapa/arith/fol_0000069.smt2,sat,0.2327280044555664,arith/cvc5_mapa/fol_0000069.smt2,sat,0.03503894805908203,bapa/arith/fol_0000069.smt2,sat,0.3518059253692627,bapa/arith/fol_0000069.smt2,sat,0.12637805938720703,arith/cvc5_mapa/fol_0000069.smt2,sat,0.018,arith/cvc5_mapa/fol_0000069.smt2,sat,0.011
bapa/arith/fol_0000070.smt2,unsat,0.21149706840515137,arith/cvc5_mapa/fol_0000070.smt2,unsat,0.04844212532043457,bapa/arith/fol_0000070.smt2,unsat,0.726499080657959,bapa/arith/fol_0000070.smt2,unsat,0.17844080924987793,arith/cvc5_mapa/fol_0000070.smt2,unsat,0.24,arith/cvc5_mapa/fol_0000070.smt2,unsat,0.241
bapa/arith/fol_0000071.smt2,sat,0.2811293601989746,arith/cvc5_mapa/fol_0000071.smt2,sat,0.03759193420410156,bapa/arith/fol_0000071.smt2,sat,0.3864932060241699,bapa/arith/fol_0000071.smt2,sat,0.1418781280517578,arith/cvc5_mapa/fol_0000071.smt2,sat,0.016,arith/cvc5_mapa/fol_0000071.smt2,sat,0.012
bapa/arith/fol_0000072.smt2,sat,0.2402482032775879,arith/cvc5_mapa/fol_0000072.smt2,sat,0.03597903251647949,bapa/arith/fol_0000072.smt2,sat,0.3792078495025635,bapa/arith/fol_0000072.smt2,sat,0.1372389793395996,arith/cvc5_mapa/fol_0000072.smt2,sat,0.016,arith/cvc5_mapa/fol_0000072.smt2,sat,0.014
bapa/arith/fol_0000073.smt2,sat,0.09718489646911621,arith/cvc5_mapa/fol_0000073.smt2,sat,0.034987688064575195,bapa/arith/fol_0000073.smt2,sat,0.09575915336608887,bapa/arith/fol_0000073.smt2,sat,0.09722113609313965,arith/cvc5_mapa/fol_0000073.smt2,sat,0.021,arith/cvc5_mapa/fol_0000073.smt2,sat,0.015
bapa/arith/fol_0000074.smt2,sat,0.23897814750671387,arith/cvc5_mapa/fol_0000074.smt2,sat,0.03928232192993164,bapa/arith/fol_0000074.smt2,sat,0.2798027992248535,bapa/arith/fol_0000074.smt2,sat,0.13515520095825195,arith/cvc5_mapa/fol_0000074.smt2,sat,0.018,arith/cvc5_mapa/fol_0000074.smt2,sat,0.013
bapa/arith/fol_0000075.smt2,sat,0.16802191734313965,arith/cvc5_mapa/fol_0000075.smt2,sat,0.03579592704772949,bapa/arith/fol_0000075.smt2,sat,0.2642192840576172,bapa/arith/fol_0000075.smt2,sat,0.12267017364501953,arith/cvc5_mapa/fol_0000075.smt2,sat,0.016,arith/cvc5_mapa/fol_0000075.smt2,sat,0.013
bapa/arith/fol_0000076.smt2,sat,0.26241302490234375,arith/cvc5_mapa/fol_0000076.smt2,sat,0.03655886650085449,bapa/arith/fol_0000076.smt2,sat,0.3933131694793701,bapa/arith/fol_0000076.smt2,sat,0.13455796241760254,arith/cvc5_mapa/fol_0000076.smt2,sat,0.019,arith/cvc5_mapa/fol_0000076.smt2,sat,0.016
bapa/arith/fol_0000077.smt2,sat,0.251690149307251,arith/cvc5_mapa/fol_0000077.smt2,sat,0.03665876388549805,bapa/arith/fol_0000077.smt2,sat,0.3831942081451416,bapa/arith/fol_0000077.smt2,sat,0.13556504249572754,arith/cvc5_mapa/fol_0000077.smt2,sat,0.016,arith/cvc5_mapa/fol_0000077.smt2,sat,0.015
bapa/arith/fol_0000078.smt2,unsat,0.10905599594116211,arith/cvc5_mapa/fol_0000078.smt2,unsat,0.03563499450683594,bapa/arith/fol_0000078.smt2,unsat,0.13454008102416992,bapa/arith/fol_0000078.smt2,unsat,0.2019650936126709,arith/cvc5_mapa/fol_0000078.smt2,unsat,0.044,arith/cvc5_mapa/fol_0000078.smt2,unsat,0.043
bapa/arith/fol_0000079.smt2,sat,0.2253727912902832,arith/cvc5_mapa/fol_0000079.smt2,sat,0.03490018844604492,bapa/arith/fol_0000079.smt2,sat,0.3364701271057129,bapa/arith/fol_0000079.smt2,sat,0.1617870330810547,arith/cvc5_mapa/fol_0000079.smt2,sat,0.017,arith/cvc5_mapa/fol_0000079.smt2,sat,0.014
bapa/arith/fol_0000080.smt2,sat,0.21758413314819336,arith/cvc5_mapa/fol_0000080.smt2,sat,0.033447980880737305,bapa/arith/fol_0000080.smt2,sat,0.3260631561279297,bapa/arith/fol_0000080.smt2,sat,0.14757108688354492,arith/cvc5_mapa/fol_0000080.smt2,sat,0.018,arith/cvc5_mapa/fol_0000080.smt2,sat,0.01
bapa/arith/fol_0000081.smt2,unsat,0.10130620002746582,arith/cvc5_mapa/fol_0000081.smt2,unsat,0.0334930419921875,bapa/arith/fol_0000081.smt2,unsat,0.1212930679321289,bapa/arith/fol_0000081.smt2,unsat,0.19771218299865723,arith/cvc5_mapa/fol_0000081.smt2,unsat,0.038,arith/cvc5_mapa/fol_0000081.smt2,unsat,0.039
bapa/arith/fol_0000082.smt2,sat,0.20855975151062012,arith/cvc5_mapa/fol_0000082.smt2,sat,0.03299975395202637,bapa/arith/fol_0000082.smt2,sat,0.3289668560028076,bapa/arith/fol_0000082.smt2,sat,0.1460888385772705,arith/cvc5_mapa/fol_0000082.smt2,sat,0.016,arith/cvc5_mapa/fol_0000082.smt2,sat,0.012
bapa/arith/fol_0000083.smt2,unsat,0.09745097160339355,arith/cvc5_mapa/fol_0000083.smt2,unsat,0.035658836364746094,bapa/arith/fol_0000083.smt2,unsat,0.12402987480163574,bapa/arith/fol_0000083.smt2,unsat,0.19724512100219727,arith/cvc5_mapa/fol_0000083.smt2,unsat,0.044,arith/cvc5_mapa/fol_0000083.smt2,unsat,0.042
bapa/arith/fol_0000084.smt2,sat,0.24031591415405273,arith/cvc5_mapa/fol_0000084.smt2,sat,0.03393101692199707,bapa/arith/fol_0000084.smt2,sat,0.37232518196105957,bapa/arith/fol_0000084.smt2,sat,0.13411402702331543,arith/cvc5_mapa/fol_0000084.smt2,sat,0.017,arith/cvc5_mapa/fol_0000084.smt2,sat,0.011
bapa/arith/fol_0000085.smt2,unsat,0.1896040439605713,arith/cvc5_mapa/fol_0000085.smt2,unsat,0.04912614822387695,bapa/arith/fol_0000085.smt2,unsat,0.646291971206665,bapa/arith/fol_0000085.smt2,unsat,0.1665050983428955,arith/cvc5_mapa/fol_0000085.smt2,unsat,0.231,arith/cvc5_mapa/fol_0000085.smt2,unsat,0.229
bapa/arith/fol_0000086.smt2,unsat,0.2674570083618164,arith/cvc5_mapa/fol_0000086.smt2,unsat,0.0482940673828125,bapa/arith/fol_0000086.smt2,unsat,0.4232766628265381,bapa/arith/fol_0000086.smt2,unsat,0.15862298011779785,arith/cvc5_mapa/fol_0000086.smt2,unsat,0.232,arith/cvc5_mapa/fol_0000086.smt2,unsat,0.223
bapa/arith/fol_0000087.smt2,unsat,0.09899687767028809,arith/cvc5_mapa/fol_0000087.smt2,unsat,0.03428983688354492,bapa/arith/fol_0000087.smt2,unsat,0.12401604652404785,bapa/arith/fol_0000087.smt2,unsat,0.19860029220581055,arith/cvc5_mapa/fol_0000087.smt2,unsat,0.044,arith/cvc5_mapa/fol_0000087.smt2,unsat,0.047
bapa/arith/fol_0000088.smt2,unsat,0.11151695251464844,arith/cvc5_mapa/fol_0000088.smt2,unsat,0.04763197898864746,bapa/arith/fol_0000088.smt2,unsat,0.9469943046569824,bapa/arith/fol_0000088.smt2,unsat,0.16832995414733887,arith/cvc5_mapa/fol_0000088.smt2,unsat,0.22,arith/cvc5_mapa/fol_0000088.smt2,unsat,0.231
bapa/arith/fol_0000089.smt2,unsat,0.21490716934204102,arith/cvc5_mapa/fol_0000089.smt2,unsat,0.04885077476501465,bapa/arith/fol_0000089.smt2,unsat,0.377748966217041,bapa/arith/fol_0000089.smt2,unsat,0.16828107833862305,arith/cvc5_mapa/fol_0000089.smt2,unsat,0.228,arith/cvc5_mapa/fol_0000089.smt2,unsat,0.242
bapa/arith/fol_0000090.smt2,sat,0.20321321487426758,arith/cvc5_mapa/fol_0000090.smt2,sat,0.03374600410461426,bapa/arith/fol_0000090.smt2,sat,0.307833194732666,bapa/arith/fol_0000090.smt2,sat,0.1426079273223877,arith/cvc5_mapa/fol_0000090.smt2,sat,0.017,arith/cvc5_mapa/fol_0000090.smt2,sat,0.01
bapa/arith/fol_0000091.smt2,unsat,0.09857487678527832,arith/cvc5_mapa/fol_0000091.smt2,unsat,0.03404402732849121,bapa/arith/fol_0000091.smt2,unsat,0.11826825141906738,bapa/arith/fol_0000091.smt2,unsat,0.19221115112304688,arith/cvc5_mapa/fol_0000091.smt2,unsat,0.043,arith/cvc5_mapa/fol_0000091.smt2,unsat,0.041
bapa/arith/fol_0000092.smt2,unsat,0.10395479202270508,arith/cvc5_mapa/fol_0000092.smt2,unsat,0.03377103805541992,bapa/arith/fol_0000092.smt2,unsat,0.12992405891418457,bapa/arith/fol_0000092.smt2,unsat,0.1938648223876953,arith/cvc5_mapa/fol_0000092.smt2,unsat,0.042,arith/cvc5_mapa/fol_0000092.smt2,unsat,0.042
bapa/arith/fol_0000093.smt2,unsat,0.10240006446838379,arith/cvc5_mapa/fol_0000093.smt2,unsat,0.034887075424194336,bapa/arith/fol_0000093.smt2,unsat,0.12230205535888672,bapa/arith/fol_0000093.smt2,unsat,0.20254111289978027,arith/cvc5_mapa/fol_0000093.smt2,unsat,0.042,arith/cvc5_mapa/fol_0000093.smt2,unsat,0.036
bapa/arith/fol_0000094.smt2,unsat,0.10979104042053223,arith/cvc5_mapa/fol_0000094.smt2,unsat,0.049239158630371094,bapa/arith/fol_0000094.smt2,unsat,1.7162880897521973,bapa/arith/fol_0000094.smt2,unsat,0.167647123336792,arith/cvc5_mapa/fol_0000094.smt2,unsat,0.238,arith/cvc5_mapa/fol_0000094.smt2,unsat,0.241
bapa/arith/fol_0000095.smt2,unsat,0.11075377464294434,arith/cvc5_mapa/fol_0000095.smt2,unsat,0.0514068603515625,bapa/arith/fol_0000095.smt2,unsat,3.4244649410247803,bapa/arith/fol_0000095.smt2,unsat,0.1693868637084961,arith/cvc5_mapa/fol_0000095.smt2,unsat,0.245,arith/cvc5_mapa/fol_0000095.smt2,unsat,0.251
bapa/arith/fol_0000096.smt2,sat,0.23804903030395508,arith/cvc5_mapa/fol_0000096.smt2,sat,0.03351902961730957,bapa/arith/fol_0000096.smt2,sat,0.3544180393218994,bapa/arith/fol_0000096.smt2,sat,0.11893677711486816,arith/cvc5_mapa/fol_0000096.smt2,sat,0.016,arith/cvc5_mapa/fol_0000096.smt2,sat,0.014
bapa/arith/fol_0000097.smt2,unsat,0.11337590217590332,arith/cvc5_mapa/fol_0000097.smt2,unsat,0.04790616035461426,bapa/arith/fol_0000097.smt2,unsat,0.8098080158233643,bapa/arith/fol_0000097.smt2,unsat,0.1734941005706787,arith/cvc5_mapa/fol_0000097.smt2,unsat,0.238,arith/cvc5_mapa/fol_0000097.smt2,unsat,0.253
bapa/arith/fol_0000098.smt2,unsat,0.12074995040893555,arith/cvc5_mapa/fol_0000098.smt2,unsat,0.046124935150146484,bapa/arith/fol_0000098.smt2,unsat,12.496787786483765,bapa/arith/fol_0000098.smt2,unsat,0.1754319667816162,arith/cvc5_mapa/fol_0000098.smt2,unsat,0.24,arith/cvc5_mapa/fol_0000098.smt2,unsat,0.247
bapa/arith/fol_0000099.smt2,sat,0.27213406562805176,arith/cvc5_mapa/fol_0000099.smt2,sat,0.03294801712036133,bapa/arith/fol_0000099.smt2,sat,0.2711818218231201,bapa/arith/fol_0000099.smt2,sat,0.1408250331878662,arith/cvc5_mapa/fol_0000099.smt2,sat,0.016,arith/cvc5_mapa/fol_0000099.smt2,sat,0.014
bapa/arith/fol_0000100.smt2,sat,0.2573709487915039,arith/cvc5_mapa/fol_0000100.smt2,sat,0.03536105155944824,bapa/arith/fol_0000100.smt2,sat,0.3841230869293213,bapa/arith/fol_0000100.smt2,sat,0.14158320426940918,arith/cvc5_mapa/fol_0000100.smt2,sat,0.015,arith/cvc5_mapa/fol_0000100.smt2,sat,0.01
bapa/arith/fol_0000101.smt2,sat,0.10025215148925781,arith/cvc5_mapa/fol_0000101.smt2,sat,0.03745293617248535,bapa/arith/fol_0000101.smt2,sat,0.09375,bapa/arith/fol_0000101.smt2,sat,0.09782767295837402,arith/cvc5_mapa/fol_0000101.smt2,sat,0.016,arith/cvc5_mapa/fol_0000101.smt2,sat,0.016
bapa/arith/fol_0000102.smt2,sat,0.26384401321411133,arith/cvc5_mapa/fol_0000102.smt2,sat,0.03697681427001953,bapa/arith/fol_0000102.smt2,sat,0.37560606002807617,bapa/arith/fol_0000102.smt2,sat,0.13860797882080078,arith/cvc5_mapa/fol_0000102.smt2,sat,0.018,arith/cvc5_mapa/fol_0000102.smt2,sat,0.015
bapa/arith/fol_0000103.smt2,sat,0.27681517601013184,arith/cvc5_mapa/fol_0000103.smt2,sat,0.036176204681396484,bapa/arith/fol_0000103.smt2,sat,0.36197495460510254,bapa/arith/fol_0000103.smt2,sat,0.13597917556762695,arith/cvc5_mapa/fol_0000103.smt2,sat,0.016,arith/cvc5_mapa/fol_0000103.smt2,sat,0.015
bapa/arith/fol_0000104.smt2,sat,0.2582390308380127,arith/cvc5_mapa/fol_0000104.smt2,sat,0.03612804412841797,bapa/arith/fol_0000104.smt2,sat,0.3778853416442871,bapa/arith/fol_0000104.smt2,sat,0.1847529411315918,arith/cvc5_mapa/fol_0000104.smt2,sat,0.013,arith/cvc5_mapa/fol_0000104.smt2,sat,0.015
bapa/arith/fol_0000105.smt2,sat,0.2594907283782959,arith/cvc5_mapa/fol_0000105.smt2,sat,0.034023284912109375,bapa/arith/fol_0000105.smt2,sat,0.3968689441680908,bapa/arith/fol_0000105.smt2,sat,0.14280390739440918,arith/cvc5_mapa/fol_0000105.smt2,sat,0.016,arith/cvc5_mapa/fol_0000105.smt2,sat,0.013
bapa/arith/fol_0000106.smt2,sat,0.23976492881774902,arith/cvc5_mapa/fol_0000106.smt2,sat,0.036852121353149414,bapa/arith/fol_0000106.smt2,sat,0.37207508087158203,bapa/arith/fol_0000106.smt2,sat,0.13936614990234375,arith/cvc5_mapa/fol_0000106.smt2,sat,0.017,arith/cvc5_mapa/fol_0000106.smt2,sat,0.015
bapa/arith/fol_0000107.smt2,unsat,0.10221076011657715,arith/cvc5_mapa/fol_0000107.smt2,unsat,0.033982276916503906,bapa/arith/fol_0000107.smt2,unsat,0.12325072288513184,bapa/arith/fol_0000107.smt2,unsat,0.20177102088928223,arith/cvc5_mapa/fol_0000107.smt2,unsat,0.045,arith/cvc5_mapa/fol_0000107.smt2,unsat,0.042
bapa/arith/fol_0000108.smt2,sat,0.11942315101623535,arith/cvc5_mapa/fol_0000108.smt2,sat,0.037430763244628906,bapa/arith/fol_0000108.smt2,sat,0.1676030158996582,bapa/arith/fol_0000108.smt2,sat,0.15875005722045898,arith/cvc5_mapa/fol_0000108.smt2,sat,0.017,arith/cvc5_mapa/fol_0000108.smt2,sat,0.017
bapa/arith/fol_0000109.smt2,sat,0.2388310432434082,arith/cvc5_mapa/fol_0000109.smt2,sat,0.03408694267272949,bapa/arith/fol_0000109.smt2,sat,0.3772408962249756,bapa/arith/fol_0000109.smt2,sat,0.13450098037719727,arith/cvc5_mapa/fol_0000109.smt2,sat,0.014,arith/cvc5_mapa/fol_0000109.smt2,sat,0.013
bapa/arith/fol_0000110.smt2,unsat,0.1096198558807373,arith/cvc5_mapa/fol_0000110.smt2,unsat,0.047908782958984375,bapa/arith/fol_0000110.smt2,unsat,0.1869978904724121,bapa/arith/fol_0000110.smt2,unsat,0.1760578155517578,arith/cvc5_mapa/fol_0000110.smt2,unsat,0.223,arith/cvc5_mapa/fol_0000110.smt2,unsat,0.247
bapa/arith/fol_0000111.smt2,unsat,0.09938502311706543,arith/cvc5_mapa/fol_0000111.smt2,unsat,0.03409099578857422,bapa/arith/fol_0000111.smt2,unsat,0.12430691719055176,bapa/arith/fol_0000111.smt2,unsat,0.20787525177001953,arith/cvc5_mapa/fol_0000111.smt2,unsat,0.039,arith/cvc5_mapa/fol_0000111.smt2,unsat,0.038
bapa/arith/fol_0000112.smt2,unsat,0.11054587364196777,arith/cvc5_mapa/fol_0000112.smt2,unsat,0.048338890075683594,bapa/arith/fol_0000112.smt2,timeout,100.0070288181305,bapa/arith/fol_0000112.smt2,unsat,0.17020201683044434,arith/cvc5_mapa/fol_0000112.smt2,unsat,0.237,arith/cvc5_mapa/fol_0000112.smt2,unsat,0.251
bapa/arith/fol_0000113.smt2,sat,0.22082901000976562,arith/cvc5_mapa/fol_0000113.smt2,sat,0.03412795066833496,bapa/arith/fol_0000113.smt2,sat,0.3081049919128418,bapa/arith/fol_0000113.smt2,sat,0.15686607360839844,arith/cvc5_mapa/fol_0000113.smt2,sat,0.017,arith/cvc5_mapa/fol_0000113.smt2,sat,0.014
bapa/arith/fol_0000114.smt2,unsat,0.10431098937988281,arith/cvc5_mapa/fol_0000114.smt2,unsat,0.035514116287231445,bapa/arith/fol_0000114.smt2,unsat,0.12897086143493652,bapa/arith/fol_0000114.smt2,unsat,0.21046876907348633,arith/cvc5_mapa/fol_0000114.smt2,unsat,0.042,arith/cvc5_mapa/fol_0000114.smt2,unsat,0.038
bapa/arith/fol_0000115.smt2,unsat,0.10523605346679688,arith/cvc5_mapa/fol_0000115.smt2,unsat,0.03186917304992676,bapa/arith/fol_0000115.smt2,unsat,0.12344908714294434,bapa/arith/fol_0000115.smt2,unsat,0.2015550136566162,arith/cvc5_mapa/fol_0000115.smt2,unsat,0.043,arith/cvc5_mapa/fol_0000115.smt2,unsat,0.041
bapa/arith/fol_0000116.smt2,unsat,0.10664224624633789,arith/cvc5_mapa/fol_0000116.smt2,unsat,0.03373003005981445,bapa/arith/fol_0000116.smt2,unsat,0.13242006301879883,bapa/arith/fol_0000116.smt2,unsat,0.20558381080627441,arith/cvc5_mapa/fol_0000116.smt2,unsat,0.043,arith/cvc5_mapa/fol_0000116.smt2,unsat,0.039
bapa/arith/fol_0000117.smt2,sat,0.21739506721496582,arith/cvc5_mapa/fol_0000117.smt2,sat,0.03508591651916504,bapa/arith/fol_0000117.smt2,sat,0.3130009174346924,bapa/arith/fol_0000117.smt2,sat,0.15379786491394043,arith/cvc5_mapa/fol_0000117.smt2,sat,0.014,arith/cvc5_mapa/fol_0000117.smt2,sat,0.012
bapa/arith/fol_0000118.smt2,sat,0.2413330078125,arith/cvc5_mapa/fol_0000118.smt2,sat,0.0346071720123291,bapa/arith/fol_0000118.smt2,sat,0.3572499752044678,bapa/arith/fol_0000118.smt2,sat,0.1231679916381836,arith/cvc5_mapa/fol_0000118.smt2,sat,0.015,arith/cvc5_mapa/fol_0000118.smt2,sat,0.013
bapa/arith/fol_0000119.smt2,unsat,0.11480021476745605,arith/cvc5_mapa/fol_0000119.smt2,unsat,0.04809212684631348,bapa/arith/fol_0000119.smt2,unsat,0.7221848964691162,bapa/arith/fol_0000119.smt2,unsat,0.16244792938232422,arith/cvc5_mapa/fol_0000119.smt2,unsat,0.227,arith/cvc5_mapa/fol_0000119.smt2,unsat,0.244
bapa/arith/fol_0000120.smt2,unsat,0.11069798469543457,arith/cvc5_mapa/fol_0000120.smt2,unsat,0.033347129821777344,bapa/arith/fol_0000120.smt2,unsat,0.12062215805053711,bapa/arith/fol_0000120.smt2,unsat,0.19130992889404297,arith/cvc5_mapa/fol_0000120.smt2,unsat,0.046,arith/cvc5_mapa/fol_0000120.smt2,unsat,0.042
bapa/card/fol_0000001.smt2,sat,0.1969451904296875,card/cvc5_mapa/fol_0000001.smt2,sat,0.035379886627197266,bapa/card/fol_0000001.smt2,sat,0.2911498546600342,bapa/card/fol_0000001.smt2,sat,0.1352071762084961,card/cvc5_mapa/fol_0000001.smt2,sat,0.013,card/cvc5_mapa/fol_0000001.smt2,sat,0.013
bapa/card/fol_0000002.smt2,sat,0.10674691200256348,card/cvc5_mapa/fol_0000002.smt2,sat,0.03171277046203613,bapa/card/fol_0000002.smt2,sat,0.29299402236938477,bapa/card/fol_0000002.smt2,sat,0.1326601505279541,card/cvc5_mapa/fol_0000002.smt2,sat,0.012,card/cvc5_mapa/fol_0000002.smt2,sat,0.014
bapa/card/fol_0000003.smt2,sat,0.19909000396728516,card/cvc5_mapa/fol_0000003.smt2,sat,0.034227848052978516,bapa/card/fol_0000003.smt2,sat,0.2899599075317383,bapa/card/fol_0000003.smt2,sat,0.13637876510620117,card/cvc5_mapa/fol_0000003.smt2,sat,0.013,card/cvc5_mapa/fol_0000003.smt2,sat,0.012
bapa/card/fol_0000004.smt2,sat,0.19269895553588867,card/cvc5_mapa/fol_0000004.smt2,sat,0.03392386436462402,bapa/card/fol_0000004.smt2,sat,0.29097604751586914,bapa/card/fol_0000004.smt2,sat,0.13592195510864258,card/cvc5_mapa/fol_0000004.smt2,sat,0.012,card/cvc5_mapa/fol_0000004.smt2,sat,0.012
bapa/card/fol_0000005.smt2,sat,0.18521499633789062,card/cvc5_mapa/fol_0000005.smt2,sat,0.03294110298156738,bapa/card/fol_0000005.smt2,sat,0.1447458267211914,bapa/card/fol_0000005.smt2,sat,0.1353139877319336,card/cvc5_mapa/fol_0000005.smt2,sat,0.014,card/cvc5_mapa/fol_0000005.smt2,sat,0.013
bapa/card/fol_0000006.smt2,sat,0.10980987548828125,card/cvc5_mapa/fol_0000006.smt2,sat,0.03229022026062012,bapa/card/fol_0000006.smt2,sat,0.3002643585205078,bapa/card/fol_0000006.smt2,sat,0.13984990119934082,card/cvc5_mapa/fol_0000006.smt2,sat,0.014,card/cvc5_mapa/fol_0000006.smt2,sat,0.015
bapa/card/fol_0000007.smt2,sat,0.19411993026733398,card/cvc5_mapa/fol_0000007.smt2,sat,0.03259015083312988,bapa/card/fol_0000007.smt2,sat,0.300447940826416,bapa/card/fol_0000007.smt2,sat,0.14400506019592285,card/cvc5_mapa/fol_0000007.smt2,sat,0.013,card/cvc5_mapa/fol_0000007.smt2,sat,0.015
bapa/card/fol_0000008.smt2,sat,0.19049811363220215,card/cvc5_mapa/fol_0000008.smt2,sat,0.03136301040649414,bapa/card/fol_0000008.smt2,sat,0.2967538833618164,bapa/card/fol_0000008.smt2,sat,0.1397559642791748,card/cvc5_mapa/fol_0000008.smt2,sat,0.014,card/cvc5_mapa/fol_0000008.smt2,sat,0.01
bapa/card/fol_0000009.smt2,sat,0.19216322898864746,card/cvc5_mapa/fol_0000009.smt2,sat,0.03191089630126953,bapa/card/fol_0000009.smt2,sat,0.28961610794067383,bapa/card/fol_0000009.smt2,sat,0.1379387378692627,card/cvc5_mapa/fol_0000009.smt2,sat,0.014,card/cvc5_mapa/fol_0000009.smt2,sat,0.012
bapa/card/fol_0000010.smt2,sat,0.18525218963623047,card/cvc5_mapa/fol_0000010.smt2,sat,0.03283405303955078,bapa/card/fol_0000010.smt2,sat,0.1440260410308838,bapa/card/fol_0000010.smt2,sat,0.1479799747467041,card/cvc5_mapa/fol_0000010.smt2,sat,0.014,card/cvc5_mapa/fol_0000010.smt2,sat,0.013
bapa/card/fol_0000011.smt2,sat,0.1931898593902588,card/cvc5_mapa/fol_0000011.smt2,sat,0.030798912048339844,bapa/card/fol_0000011.smt2,sat,0.29511499404907227,bapa/card/fol_0000011.smt2,sat,0.14139914512634277,card/cvc5_mapa/fol_0000011.smt2,sat,0.014,card/cvc5_mapa/fol_0000011.smt2,sat,0.014
bapa/card/fol_0000012.smt2,sat,0.1927177906036377,card/cvc5_mapa/fol_0000012.smt2,sat,0.031764984130859375,bapa/card/fol_0000012.smt2,sat,0.2958972454071045,bapa/card/fol_0000012.smt2,sat,0.13912296295166016,card/cvc5_mapa/fol_0000012.smt2,sat,0.014,card/cvc5_mapa/fol_0000012.smt2,sat,0.013
bapa/card/fol_0000013.smt2,sat,0.19962406158447266,card/cvc5_mapa/fol_0000013.smt2,sat,0.031054019927978516,bapa/card/fol_0000013.smt2,sat,0.28916096687316895,bapa/card/fol_0000013.smt2,sat,0.14858603477478027,card/cvc5_mapa/fol_0000013.smt2,sat,0.014,card/cvc5_mapa/fol_0000013.smt2,sat,0.015
bapa/card/fol_0000014.smt2,sat,0.20029187202453613,card/cvc5_mapa/fol_0000014.smt2,sat,0.0344541072845459,bapa/card/fol_0000014.smt2,sat,0.14280915260314941,bapa/card/fol_0000014.smt2,sat,0.13661503791809082,card/cvc5_mapa/fol_0000014.smt2,sat,0.014,card/cvc5_mapa/fol_0000014.smt2,sat,0.015
bapa/card/fol_0000015.smt2,sat,0.2038710117340088,card/cvc5_mapa/fol_0000015.smt2,sat,0.031678199768066406,bapa/card/fol_0000015.smt2,sat,0.1467597484588623,bapa/card/fol_0000015.smt2,sat,0.14515924453735352,card/cvc5_mapa/fol_0000015.smt2,sat,0.017,card/cvc5_mapa/fol_0000015.smt2,sat,0.019
bapa/card/fol_0000016.smt2,sat,0.11038017272949219,card/cvc5_mapa/fol_0000016.smt2,sat,0.032731056213378906,bapa/card/fol_0000016.smt2,sat,0.2932729721069336,bapa/card/fol_0000016.smt2,sat,0.13423705101013184,card/cvc5_mapa/fol_0000016.smt2,sat,0.019,card/cvc5_mapa/fol_0000016.smt2,sat,0.019
bapa/card/fol_0000017.smt2,sat,0.11954379081726074,card/cvc5_mapa/fol_0000017.smt2,sat,0.03275012969970703,bapa/card/fol_0000017.smt2,sat,0.31839489936828613,bapa/card/fol_0000017.smt2,sat,0.13532590866088867,card/cvc5_mapa/fol_0000017.smt2,sat,0.017,card/cvc5_mapa/fol_0000017.smt2,sat,0.017
bapa/card/fol_0000018.smt2,sat,0.1957077980041504,card/cvc5_mapa/fol_0000018.smt2,sat,0.03232097625732422,bapa/card/fol_0000018.smt2,sat,0.2992126941680908,bapa/card/fol_0000018.smt2,sat,0.1392381191253662,card/cvc5_mapa/fol_0000018.smt2,sat,0.016,card/cvc5_mapa/fol_0000018.smt2,sat,0.017
bapa/card/fol_0000019.smt2,sat,0.21302413940429688,card/cvc5_mapa/fol_0000019.smt2,sat,0.03528094291687012,bapa/card/fol_0000019.smt2,sat,0.15799713134765625,bapa/card/fol_0000019.smt2,sat,0.14832305908203125,card/cvc5_mapa/fol_0000019.smt2,sat,0.016,card/cvc5_mapa/fol_0000019.smt2,sat,0.018
bapa/card/fol_0000020.smt2,sat,0.11206984519958496,card/cvc5_mapa/fol_0000020.smt2,sat,0.03257274627685547,bapa/card/fol_0000020.smt2,sat,0.3062400817871094,bapa/card/fol_0000020.smt2,sat,0.14480185508728027,card/cvc5_mapa/fol_0000020.smt2,sat,0.019,card/cvc5_mapa/fol_0000020.smt2,sat,0.019
bapa/card/fol_0000021.smt2,unsat,0.10050702095031738,card/cvc5_mapa/fol_0000021.smt2,unsat,0.031216859817504883,bapa/card/fol_0000021.smt2,unsat,0.12323498725891113,bapa/card/fol_0000021.smt2,unsat,0.1931908130645752,card/cvc5_mapa/fol_0000021.smt2,unsat,0.04,card/cvc5_mapa/fol_0000021.smt2,unsat,0.048
bapa/card/fol_0000022.smt2,sat,0.20325589179992676,card/cvc5_mapa/fol_0000022.smt2,sat,0.031054258346557617,bapa/card/fol_0000022.smt2,sat,0.3170969486236572,bapa/card/fol_0000022.smt2,sat,0.14589905738830566,card/cvc5_mapa/fol_0000022.smt2,sat,0.02,card/cvc5_mapa/fol_0000022.smt2,sat,0.022
bapa/card/fol_0000023.smt2,unsat,0.09735894203186035,card/cvc5_mapa/fol_0000023.smt2,unsat,0.03550314903259277,bapa/card/fol_0000023.smt2,unsat,0.12385082244873047,bapa/card/fol_0000023.smt2,unsat,0.19456911087036133,card/cvc5_mapa/fol_0000023.smt2,unsat,0.043,card/cvc5_mapa/fol_0000023.smt2,unsat,0.044
bapa/card/fol_0000024.smt2,sat,0.12436103820800781,card/cvc5_mapa/fol_0000024.smt2,sat,0.039411067962646484,bapa/card/fol_0000024.smt2,sat,0.16620492935180664,bapa/card/fol_0000024.smt2,sat,0.1548137664794922,card/cvc5_mapa/fol_0000024.smt2,sat,0.016,card/cvc5_mapa/fol_0000024.smt2,sat,0.013
bapa/card/fol_0000025.smt2,sat,0.19998884201049805,card/cvc5_mapa/fol_0000025.smt2,sat,0.03271293640136719,bapa/card/fol_0000025.smt2,sat,0.29991912841796875,bapa/card/fol_0000025.smt2,sat,0.13419890403747559,card/cvc5_mapa/fol_0000025.smt2,sat,0.013,card/cvc5_mapa/fol_0000025.smt2,sat,0.013
bapa/card/fol_0000026.smt2,sat,0.20468807220458984,card/cvc5_mapa/fol_0000026.smt2,sat,0.03197813034057617,bapa/card/fol_0000026.smt2,sat,0.3112020492553711,bapa/card/fol_0000026.smt2,sat,0.14754509925842285,card/cvc5_mapa/fol_0000026.smt2,sat,0.014,card/cvc5_mapa/fol_0000026.smt2,sat,0.013
bapa/card/fol_0000027.smt2,sat,0.1928420066833496,card/cvc5_mapa/fol_0000027.smt2,sat,0.0345761775970459,bapa/card/fol_0000027.smt2,sat,0.30293798446655273,bapa/card/fol_0000027.smt2,sat,0.14870905876159668,card/cvc5_mapa/fol_0000027.smt2,sat,0.017,card/cvc5_mapa/fol_0000027.smt2,sat,0.016
bapa/card/fol_0000028.smt2,unsat,0.11097288131713867,card/cvc5_mapa/fol_0000028.smt2,unsat,0.04965400695800781,bapa/card/fol_0000028.smt2,unsat,1.007293939590454,bapa/card/fol_0000028.smt2,unsat,0.1544640064239502,card/cvc5_mapa/fol_0000028.smt2,unsat,0.229,card/cvc5_mapa/fol_0000028.smt2,unsat,0.227
bapa/card/fol_0000029.smt2,sat,0.22435808181762695,card/cvc5_mapa/fol_0000029.smt2,sat,0.03320431709289551,bapa/card/fol_0000029.smt2,sat,0.2647387981414795,bapa/card/fol_0000029.smt2,sat,0.11969208717346191,card/cvc5_mapa/fol_0000029.smt2,sat,0.014,card/cvc5_mapa/fol_0000029.smt2,sat,0.015
bapa/card/fol_0000030.smt2,unsat,0.09617376327514648,card/cvc5_mapa/fol_0000030.smt2,unsat,0.032569169998168945,bapa/card/fol_0000030.smt2,unsat,0.12152719497680664,bapa/card/fol_0000030.smt2,unsat,0.19161605834960938,card/cvc5_mapa/fol_0000030.smt2,unsat,0.045,card/cvc5_mapa/fol_0000030.smt2,unsat,0.042
bapa/card/fol_0000031.smt2,sat,0.2025010585784912,card/cvc5_mapa/fol_0000031.smt2,sat,0.033067941665649414,bapa/card/fol_0000031.smt2,sat,0.3004128932952881,bapa/card/fol_0000031.smt2,sat,0.1432509422302246,card/cvc5_mapa/fol_0000031.smt2,sat,0.015,card/cvc5_mapa/fol_0000031.smt2,sat,0.014
bapa/card/fol_0000032.smt2,unsat,0.0957949161529541,card/cvc5_mapa/fol_0000032.smt2,unsat,0.03145885467529297,bapa/card/fol_0000032.smt2,unsat,0.12146997451782227,bapa/card/fol_0000032.smt2,unsat,0.19058609008789062,card/cvc5_mapa/fol_0000032.smt2,unsat,0.045,card/cvc5_mapa/fol_0000032.smt2,unsat,0.044
bapa/card/fol_0000033.smt2,sat,0.21041512489318848,card/cvc5_mapa/fol_0000033.smt2,sat,0.03390693664550781,bapa/card/fol_0000033.smt2,sat,0.3163020610809326,bapa/card/fol_0000033.smt2,sat,0.1448378562927246,card/cvc5_mapa/fol_0000033.smt2,sat,0.014,card/cvc5_mapa/fol_0000033.smt2,sat,0.011
bapa/card/fol_0000034.smt2,unsat,0.09995484352111816,card/cvc5_mapa/fol_0000034.smt2,unsat,0.03178000450134277,bapa/card/fol_0000034.smt2,unsat,0.11775588989257812,bapa/card/fol_0000034.smt2,unsat,0.19726991653442383,card/cvc5_mapa/fol_0000034.smt2,unsat,0.042,card/cvc5_mapa/fol_0000034.smt2,unsat,0.045
bapa/card/fol_0000035.smt2,sat,0.19870519638061523,card/cvc5_mapa/fol_0000035.smt2,sat,0.03652811050415039,bapa/card/fol_0000035.smt2,sat,0.3103759288787842,bapa/card/fol_0000035.smt2,sat,0.1437239646911621,card/cvc5_mapa/fol_0000035.smt2,sat,0.013,card/cvc5_mapa/fol_0000035.smt2,sat,0.013
bapa/card/fol_0000036.smt2,sat,0.1995677947998047,card/cvc5_mapa/fol_0000036.smt2,sat,0.029442787170410156,bapa/card/fol_0000036.smt2,sat,0.2725808620452881,bapa/card/fol_0000036.smt2,sat,0.13600587844848633,card/cvc5_mapa/fol_0000036.smt2,sat,0.012,card/cvc5_mapa/fol_0000036.smt2,sat,0.015
bapa/card/fol_0000037.smt2,sat,0.19985508918762207,card/cvc5_mapa/fol_0000037.smt2,sat,0.03266000747680664,bapa/card/fol_0000037.smt2,sat,0.2985248565673828,bapa/card/fol_0000037.smt2,sat,0.14494800567626953,card/cvc5_mapa/fol_0000037.smt2,sat,0.012,card/cvc5_mapa/fol_0000037.smt2,sat,0.015
bapa/card/fol_0000038.smt2,unsat,0.10081291198730469,card/cvc5_mapa/fol_0000038.smt2,unsat,0.03280162811279297,bapa/card/fol_0000038.smt2,unsat,0.11655497550964355,bapa/card/fol_0000038.smt2,unsat,0.18953299522399902,card/cvc5_mapa/fol_0000038.smt2,unsat,0.039,card/cvc5_mapa/fol_0000038.smt2,unsat,0.042
bapa/card/fol_0000039.smt2,sat,0.1240239143371582,card/cvc5_mapa/fol_0000039.smt2,sat,0.03385591506958008,bapa/card/fol_0000039.smt2,sat,0.3039560317993164,bapa/card/fol_0000039.smt2,sat,0.14490485191345215,card/cvc5_mapa/fol_0000039.smt2,sat,0.016,card/cvc5_mapa/fol_0000039.smt2,sat,0.013
bapa/card/fol_0000040.smt2,unsat,0.0986948013305664,card/cvc5_mapa/fol_0000040.smt2,unsat,0.029362916946411133,bapa/card/fol_0000040.smt2,unsat,0.12223505973815918,bapa/card/fol_0000040.smt2,unsat,0.20041513442993164,card/cvc5_mapa/fol_0000040.smt2,unsat,0.039,card/cvc5_mapa/fol_0000040.smt2,unsat,0.045
bapa/card/fol_0000041.smt2,sat,0.20567989349365234,card/cvc5_mapa/fol_0000041.smt2,sat,0.032662153244018555,bapa/card/fol_0000041.smt2,sat,0.30107688903808594,bapa/card/fol_0000041.smt2,sat,0.1524970531463623,card/cvc5_mapa/fol_0000041.smt2,sat,0.018,card/cvc5_mapa/fol_0000041.smt2,sat,0.016
bapa/card/fol_0000042.smt2,sat,0.18554115295410156,card/cvc5_mapa/fol_0000042.smt2,sat,0.03458404541015625,bapa/card/fol_0000042.smt2,sat,0.28328514099121094,bapa/card/fol_0000042.smt2,sat,0.13576912879943848,card/cvc5_mapa/fol_0000042.smt2,sat,0.016,card/cvc5_mapa/fol_0000042.smt2,sat,0.015
bapa/card/fol_0000043.smt2,sat,0.15811371803283691,card/cvc5_mapa/fol_0000043.smt2,sat,0.03283286094665527,bapa/card/fol_0000043.smt2,sat,0.34178686141967773,bapa/card/fol_0000043.smt2,sat,0.11446785926818848,card/cvc5_mapa/fol_0000043.smt2,sat,0.015,card/cvc5_mapa/fol_0000043.smt2,sat,0.012
bapa/card/fol_0000044.smt2,sat,0.11343789100646973,card/cvc5_mapa/fol_0000044.smt2,sat,0.03187894821166992,bapa/card/fol_0000044.smt2,sat,0.3089625835418701,bapa/card/fol_0000044.smt2,sat,0.14401578903198242,card/cvc5_mapa/fol_0000044.smt2,sat,0.012,card/cvc5_mapa/fol_0000044.smt2,sat,0.015
bapa/card/fol_0000045.smt2,unsat,0.2318878173828125,card/cvc5_mapa/fol_0000045.smt2,unsat,0.08458113670349121,bapa/card/fol_0000045.smt2,unsat,9.999567031860352,bapa/card/fol_0000045.smt2,timeout,100.00819396972656,card/cvc5_mapa/fol_0000045.smt2,unsat,1.005,card/cvc5_mapa/fol_0000045.smt2,unsat,0.985
bapa/card/fol_0000046.smt2,timeout,100.01396584510803,card/cvc5_mapa/fol_0000046.smt2,sat,0.38906121253967285,bapa/card/fol_0000046.smt2,timeout,100.00998401641846,bapa/card/fol_0000046.smt2,timeout,100.00633502006531,card/cvc5_mapa/fol_0000046.smt2,sat,7.032,card/cvc5_mapa/fol_0000046.smt2,unknown,7.029
bapa/card/fol_0000047.smt2,timeout,100.0144510269165,card/cvc5_mapa/fol_0000047.smt2,unsat,0.395780086517334,bapa/card/fol_0000047.smt2,unsat,20.21723985671997,bapa/card/fol_0000047.smt2,timeout,100.0064446926117,card/cvc5_mapa/fol_0000047.smt2,unsat,7.096,card/cvc5_mapa/fol_0000047.smt2,unsat,7.209
bapa/card/fol_0000048.smt2,timeout,100.01210880279541,card/cvc5_mapa/fol_0000048.smt2,timeout,100.0087559223175,bapa/card/fol_0000048.smt2,timeout,100.00916600227356,bapa/card/fol_0000048.smt2,timeout,100.00687384605408,card/cvc5_mapa/fol_0000048.smt2,sat,0.027,card/cvc5_mapa/fol_0000048.smt2,sat,0.023
bapa/card/fol_0000049.smt2,timeout,100.00747013092041,card/cvc5_mapa/fol_0000049.smt2,timeout,100.01060581207275,bapa/card/fol_0000049.smt2,timeout,100.00793290138245,bapa/card/fol_0000049.smt2,timeout,100.00654101371765,card/cvc5_mapa/fol_0000049.smt2,sat,0.023,card/cvc5_mapa/fol_0000049.smt2,sat,0.018
bapa/card/fol_0000050.smt2,timeout,100.00751495361328,card/cvc5_mapa/fol_0000050.smt2,sat,0.0374600887298584,bapa/card/fol_0000050.smt2,timeout,100.01454091072083,bapa/card/fol_0000050.smt2,timeout,100.00726795196533,card/cvc5_mapa/fol_0000050.smt2,sat,0.021,card/cvc5_mapa/fol_0000050.smt2,sat,0.018
bapa/card/fol_0000051.smt2,timeout,100.0081717967987,card/cvc5_mapa/fol_0000051.smt2,sat,0.03543400764465332,bapa/card/fol_0000051.smt2,timeout,100.01350402832031,bapa/card/fol_0000051.smt2,timeout,100.00706219673157,card/cvc5_mapa/fol_0000051.smt2,sat,0.019,card/cvc5_mapa/fol_0000051.smt2,sat,0.016
bapa/card/fol_0000052.smt2,timeout,100.00714206695557,card/cvc5_mapa/fol_0000052.smt2,sat,0.3919038772583008,bapa/card/fol_0000052.smt2,timeout,100.00916719436646,bapa/card/fol_0000052.smt2,timeout,100.00603199005127,card/cvc5_mapa/fol_0000052.smt2,sat,0.021,card/cvc5_mapa/fol_0000052.smt2,sat,0.021
bapa/card/fol_0000053.smt2,timeout,100.00892639160156,card/cvc5_mapa/fol_0000053.smt2,sat,0.03616809844970703,bapa/card/fol_0000053.smt2,sat,5.115602254867554,bapa/card/fol_0000053.smt2,timeout,100.00780701637268,card/cvc5_mapa/fol_0000053.smt2,sat,0.02,card/cvc5_mapa/fol_0000053.smt2,sat,0.018
bapa/card/fol_0000054.smt2,timeout,100.00631666183472,card/cvc5_mapa/fol_0000054.smt2,sat,0.37699198722839355,bapa/card/fol_0000054.smt2,timeout,100.01203107833862,bapa/card/fol_0000054.smt2,timeout,100.00721001625061,card/cvc5_mapa/fol_0000054.smt2,sat,0.016,card/cvc5_mapa/fol_0000054.smt2,sat,0.019
bapa/card/fol_0000055.smt2,timeout,100.00584316253662,card/cvc5_mapa/fol_0000055.smt2,unsat,0.47548484802246094,bapa/card/fol_0000055.smt2,timeout,100.00825333595276,bapa/card/fol_0000055.smt2,timeout,100.00760006904602,card/cvc5_mapa/fol_0000055.smt2,unsat,46.324,card/cvc5_mapa/fol_0000055.smt2,unsat,70.632
bapa/card/fol_0000056.smt2,timeout,100.00733804702759,card/cvc5_mapa/fol_0000056.smt2,sat,0.03512120246887207,bapa/card/fol_0000056.smt2,sat,5.10529088973999,bapa/card/fol_0000056.smt2,sat,1.2973229885101318,card/cvc5_mapa/fol_0000056.smt2,sat,0.023,card/cvc5_mapa/fol_0000056.smt2,sat,0.02
bapa/card/fol_0000057.smt2,timeout,100.01538920402527,card/cvc5_mapa/fol_0000057.smt2,sat,0.0847783088684082,bapa/card/fol_0000057.smt2,sat,3.8109261989593506,bapa/card/fol_0000057.smt2,sat,1.840364933013916,card/cvc5_mapa/fol_0000057.smt2,sat,0.02,card/cvc5_mapa/fol_0000057.smt2,sat,0.018
bapa/card/fol_0000058.smt2,unsat,0.09876084327697754,card/cvc5_mapa/fol_0000058.smt2,unsat,0.04668092727661133,bapa/card/fol_0000058.smt2,unsat,0.4756479263305664,bapa/card/fol_0000058.smt2,unsat,0.14775323867797852,card/cvc5_mapa/fol_0000058.smt2,unsat,0.233,card/cvc5_mapa/fol_0000058.smt2,unsat,0.21
bapa/card/fol_0000059.smt2,unsat,0.09808111190795898,card/cvc5_mapa/fol_0000059.smt2,unsat,0.03323221206665039,bapa/card/fol_0000059.smt2,unsat,0.14175176620483398,bapa/card/fol_0000059.smt2,unsat,2.9719231128692627,card/cvc5_mapa/fol_0000059.smt2,unsat,0.041,card/cvc5_mapa/fol_0000059.smt2,unsat,0.04
bapa/card/fol_0000060.smt2,unsat,0.7039060592651367,card/cvc5_mapa/fol_0000060.smt2,unsat,0.08447599411010742,bapa/card/fol_0000060.smt2,unsat,13.800734996795654,bapa/card/fol_0000060.smt2,timeout,100.00730609893799,card/cvc5_mapa/fol_0000060.smt2,unsat,0.972,card/cvc5_mapa/fol_0000060.smt2,unsat,0.968
bapa/card/fol_0000061.smt2,unsat,2.2019941806793213,card/cvc5_mapa/fol_0000061.smt2,unsat,0.08284592628479004,bapa/card/fol_0000061.smt2,unsat,5.979460000991821,bapa/card/fol_0000061.smt2,timeout,100.00722098350525,card/cvc5_mapa/fol_0000061.smt2,unsat,0.979,card/cvc5_mapa/fol_0000061.smt2,unsat,0.977
bapa/card/fol_0000062.smt2,timeout,100.00979399681091,card/cvc5_mapa/fol_0000062.smt2,sat,0.08230781555175781,bapa/card/fol_0000062.smt2,sat,3.4615821838378906,bapa/card/fol_0000062.smt2,sat,5.152915954589844,card/cvc5_mapa/fol_0000062.smt2,sat,0.019,card/cvc5_mapa/fol_0000062.smt2,sat,0.016
bapa/card/fol_0000063.smt2,unsat,0.1746361255645752,card/cvc5_mapa/fol_0000063.smt2,unsat,0.04722476005554199,bapa/card/fol_0000063.smt2,unsat,0.3013739585876465,bapa/card/fol_0000063.smt2,unsat,0.14538812637329102,card/cvc5_mapa/fol_0000063.smt2,unsat,0.23,card/cvc5_mapa/fol_0000063.smt2,unsat,0.232
bapa/card/fol_0000064.smt2,unsat,0.09019589424133301,card/cvc5_mapa/fol_0000064.smt2,unsat,0.03262591361999512,bapa/card/fol_0000064.smt2,unsat,0.15452980995178223,bapa/card/fol_0000064.smt2,timeout,100.00670576095581,card/cvc5_mapa/fol_0000064.smt2,unsat,0.041,card/cvc5_mapa/fol_0000064.smt2,unsat,0.039
bapa/card/fol_0000065.smt2,unsat,0.3942289352416992,card/cvc5_mapa/fol_0000065.smt2,unsat,0.08349204063415527,bapa/card/fol_0000065.smt2,unsat,15.364366054534912,bapa/card/fol_0000065.smt2,timeout,100.00652313232422,card/cvc5_mapa/fol_0000065.smt2,unsat,0.978,card/cvc5_mapa/fol_0000065.smt2,unsat,0.967
bapa/card/fol_0000066.smt2,unsat,0.9654150009155273,card/cvc5_mapa/fol_0000066.smt2,unsat,0.08297419548034668,bapa/card/fol_0000066.smt2,unsat,6.883230924606323,bapa/card/fol_0000066.smt2,unsat,5.260166168212891,card/cvc5_mapa/fol_0000066.smt2,unsat,0.966,card/cvc5_mapa/fol_0000066.smt2,unsat,0.976
bapa/card/fol_0000067.smt2,unsat,4.078307867050171,card/cvc5_mapa/fol_0000067.smt2,unsat,0.08293890953063965,bapa/card/fol_0000067.smt2,unsat,0.31594014167785645,bapa/card/fol_0000067.smt2,timeout,100.00644397735596,card/cvc5_mapa/fol_0000067.smt2,unsat,1.001,card/cvc5_mapa/fol_0000067.smt2,unsat,0.989
bapa/card/fol_0000068.smt2,timeout,100.01826810836792,card/cvc5_mapa/fol_0000068.smt2,unsat,0.08510518074035645,bapa/card/fol_0000068.smt2,unsat,0.5277009010314941,bapa/card/fol_0000068.smt2,unsat,3.2913973331451416,card/cvc5_mapa/fol_0000068.smt2,unsat,0.982,card/cvc5_mapa/fol_0000068.smt2,unsat,0.951
bapa/card/fol_0000069.smt2,timeout,100.00742721557617,card/cvc5_mapa/fol_0000069.smt2,sat,0.3967561721801758,bapa/card/fol_0000069.smt2,timeout,100.006276845932,bapa/card/fol_0000069.smt2,timeout,100.00790095329285,card/cvc5_mapa/fol_0000069.smt2,sat,7.188,card/cvc5_mapa/fol_0000069.smt2,unknown,7.074
bapa/card/fol_0000070.smt2,timeout,100.00605630874634,card/cvc5_mapa/fol_0000070.smt2,unsat,0.39555883407592773,bapa/card/fol_0000070.smt2,timeout,100.00779104232788,bapa/card/fol_0000070.smt2,timeout,100.00560402870178,card/cvc5_mapa/fol_0000070.smt2,unsat,7.25,card/cvc5_mapa/fol_0000070.smt2,unsat,7.073
bapa/card/fol_0000071.smt2,timeout,100.00883197784424,card/cvc5_mapa/fol_0000071.smt2,sat,94.0610671043396,bapa/card/fol_0000071.smt2,timeout,100.00716996192932,bapa/card/fol_0000071.smt2,timeout,100.00655484199524,card/cvc5_mapa/fol_0000071.smt2,timeout,100.0,card/cvc5_mapa/fol_0000071.smt2,unknown,61.316
bapa/card/fol_0000072.smt2,timeout,100.00714612007141,card/cvc5_mapa/fol_0000072.smt2,sat,97.85362482070923,bapa/card/fol_0000072.smt2,timeout,100.01109790802002,bapa/card/fol_0000072.smt2,timeout,100.0062792301178,card/cvc5_mapa/fol_0000072.smt2,sat,0.026,card/cvc5_mapa/fol_0000072.smt2,sat,0.021
bapa/card/fol_0000073.smt2,timeout,100.00840616226196,card/cvc5_mapa/fol_0000073.smt2,sat,0.037573814392089844,bapa/card/fol_0000073.smt2,timeout,100.00997996330261,bapa/card/fol_0000073.smt2,timeout,100.00751185417175,card/cvc5_mapa/fol_0000073.smt2,sat,0.023,card/cvc5_mapa/fol_0000073.smt2,sat,0.02
bapa/card/fol_0000074.smt2,sat,17.64882183074951,card/cvc5_mapa/fol_0000074.smt2,sat,0.03757286071777344,bapa/card/fol_0000074.smt2,timeout,100.01160883903503,bapa/card/fol_0000074.smt2,timeout,100.00617599487305,card/cvc5_mapa/fol_0000074.smt2,sat,0.018,card/cvc5_mapa/fol_0000074.smt2,sat,0.015
bapa/card/fol_0000075.smt2,timeout,100.00637602806091,card/cvc5_mapa/fol_0000075.smt2,sat,0.38147830963134766,bapa/card/fol_0000075.smt2,timeout,100.01113796234131,bapa/card/fol_0000075.smt2,timeout,100.00558114051819,card/cvc5_mapa/fol_0000075.smt2,sat,0.022,card/cvc5_mapa/fol_0000075.smt2,sat,0.017
bapa/card/fol_0000076.smt2,timeout,100.00706887245178,card/cvc5_mapa/fol_0000076.smt2,sat,0.03786182403564453,bapa/card/fol_0000076.smt2,timeout,100.01424098014832,bapa/card/fol_0000076.smt2,timeout,100.00597310066223,card/cvc5_mapa/fol_0000076.smt2,sat,0.02,card/cvc5_mapa/fol_0000076.smt2,sat,0.015
bapa/card/fol_0000077.smt2,timeout,100.00690293312073,card/cvc5_mapa/fol_0000077.smt2,sat,0.38683104515075684,bapa/card/fol_0000077.smt2,sat,8.261449098587036,bapa/card/fol_0000077.smt2,timeout,100.00636100769043,card/cvc5_mapa/fol_0000077.smt2,sat,0.023,card/cvc5_mapa/fol_0000077.smt2,sat,0.018
bapa/card/fol_0000078.smt2,timeout,100.00792002677917,card/cvc5_mapa/fol_0000078.smt2,unsat,0.5395059585571289,bapa/card/fol_0000078.smt2,unsat,45.13642907142639,bapa/card/fol_0000078.smt2,timeout,100.00968337059021,card/cvc5_mapa/fol_0000078.smt2,unsat,45.343,card/cvc5_mapa/fol_0000078.smt2,unsat,47.432
bapa/card/fol_0000079.smt2,timeout,100.01267004013062,card/cvc5_mapa/fol_0000079.smt2,sat,0.03540682792663574,bapa/card/fol_0000079.smt2,timeout,100.01149582862854,bapa/card/fol_0000079.smt2,timeout,100.01173806190491,card/cvc5_mapa/fol_0000079.smt2,sat,0.022,card/cvc5_mapa/fol_0000079.smt2,sat,0.018
bapa/card/fol_0000080.smt2,timeout,100.01016807556152,card/cvc5_mapa/fol_0000080.smt2,sat,0.12141013145446777,bapa/card/fol_0000080.smt2,sat,5.28790807723999,bapa/card/fol_0000080.smt2,timeout,100.00577807426453,card/cvc5_mapa/fol_0000080.smt2,sat,0.02,card/cvc5_mapa/fol_0000080.smt2,sat,0.018
bapa/card/fol_0000081.smt2,unsat,0.10067605972290039,card/cvc5_mapa/fol_0000081.smt2,unsat,0.032816171646118164,bapa/card/fol_0000081.smt2,unsat,0.19969797134399414,bapa/card/fol_0000081.smt2,timeout,100.00680613517761,card/cvc5_mapa/fol_0000081.smt2,unsat,0.04,card/cvc5_mapa/fol_0000081.smt2,unsat,0.037
bapa/card/fol_0000082.smt2,timeout,100.00739002227783,card/cvc5_mapa/fol_0000082.smt2,sat,0.12985920906066895,bapa/card/fol_0000082.smt2,sat,4.157416105270386,bapa/card/fol_0000082.smt2,timeout,100.00899600982666,card/cvc5_mapa/fol_0000082.smt2,sat,0.02,card/cvc5_mapa/fol_0000082.smt2,sat,0.016
bapa/card/fol_0000083.smt2,timeout,100.00693607330322,card/cvc5_mapa/fol_0000083.smt2,unsat,0.1182100772857666,bapa/card/fol_0000083.smt2,timeout,100.00872707366943,bapa/card/fol_0000083.smt2,timeout,100.00646686553955,card/cvc5_mapa/fol_0000083.smt2,unsat,7.068,card/cvc5_mapa/fol_0000083.smt2,unsat,6.815
bapa/card/fol_0000084.smt2,timeout,100.00848412513733,card/cvc5_mapa/fol_0000084.smt2,sat,0.3924102783203125,bapa/card/fol_0000084.smt2,timeout,100.00768303871155,bapa/card/fol_0000084.smt2,timeout,100.00688815116882,card/cvc5_mapa/fol_0000084.smt2,sat,7.17,card/cvc5_mapa/fol_0000084.smt2,unknown,6.879
bapa/card/fol_0000085.smt2,timeout,100.01911211013794,card/cvc5_mapa/fol_0000085.smt2,unsat,0.08488917350769043,bapa/card/fol_0000085.smt2,unsat,0.4238142967224121,bapa/card/fol_0000085.smt2,timeout,100.009104013443,card/cvc5_mapa/fol_0000085.smt2,unsat,0.922,card/cvc5_mapa/fol_0000085.smt2,unsat,0.894
bapa/card/fol_0000086.smt2,unsat,0.8685181140899658,card/cvc5_mapa/fol_0000086.smt2,unsat,0.08244490623474121,bapa/card/fol_0000086.smt2,unsat,1.6669600009918213,bapa/card/fol_0000086.smt2,timeout,100.00560402870178,card/cvc5_mapa/fol_0000086.smt2,unsat,0.927,card/cvc5_mapa/fol_0000086.smt2,unsat,0.887
bapa/card/fol_0000087.smt2,timeout,100.00781083106995,card/cvc5_mapa/fol_0000087.smt2,unsat,0.113739013671875,bapa/card/fol_0000087.smt2,unsat,27.808592081069946,bapa/card/fol_0000087.smt2,timeout,100.00644302368164,card/cvc5_mapa/fol_0000087.smt2,unsat,7.225,card/cvc5_mapa/fol_0000087.smt2,unsat,7.156
bapa/card/fol_0000088.smt2,timeout,100.00571274757385,card/cvc5_mapa/fol_0000088.smt2,unsat,0.37241196632385254,bapa/card/fol_0000088.smt2,timeout,100.00843286514282,bapa/card/fol_0000088.smt2,timeout,100.00679683685303,card/cvc5_mapa/fol_0000088.smt2,unsat,6.912,card/cvc5_mapa/fol_0000088.smt2,unsat,6.868
bapa/card/fol_0000089.smt2,timeout,100.0145537853241,card/cvc5_mapa/fol_0000089.smt2,unsat,0.402083158493042,bapa/card/fol_0000089.smt2,unsat,5.044378042221069,bapa/card/fol_0000089.smt2,timeout,100.0058958530426,card/cvc5_mapa/fol_0000089.smt2,unsat,6.895,card/cvc5_mapa/fol_0000089.smt2,unsat,6.771
bapa/card/fol_0000090.smt2,timeout,100.01137375831604,card/cvc5_mapa/fol_0000090.smt2,sat,0.11617684364318848,bapa/card/fol_0000090.smt2,timeout,100.01197385787964,bapa/card/fol_0000090.smt2,timeout,100.00738310813904,card/cvc5_mapa/fol_0000090.smt2,sat,0.018,card/cvc5_mapa/fol_0000090.smt2,sat,0.014
bapa/card/fol_0000091.smt2,unsat,0.0975189208984375,card/cvc5_mapa/fol_0000091.smt2,unsat,0.0365900993347168,bapa/card/fol_0000091.smt2,unsat,0.12961697578430176,bapa/card/fol_0000091.smt2,unsat,1.695523977279663,card/cvc5_mapa/fol_0000091.smt2,unsat,0.046,card/cvc5_mapa/fol_0000091.smt2,unsat,0.035
bapa/card/fol_0000092.smt2,timeout,100.0134847164154,card/cvc5_mapa/fol_0000092.smt2,unsat,0.11092662811279297,bapa/card/fol_0000092.smt2,timeout,100.00931477546692,bapa/card/fol_0000092.smt2,timeout,100.00655794143677,card/cvc5_mapa/fol_0000092.smt2,unsat,7.199,card/cvc5_mapa/fol_0000092.smt2,unsat,6.891
bapa/card/fol_0000093.smt2,timeout,100.00751519203186,card/cvc5_mapa/fol_0000093.smt2,unsat,0.11580801010131836,bapa/card/fol_0000093.smt2,unsat,28.29464888572693,bapa/card/fol_0000093.smt2,timeout,100.00476408004761,card/cvc5_mapa/fol_0000093.smt2,unsat,7.021,card/cvc5_mapa/fol_0000093.smt2,unsat,7.091
bapa/card/fol_0000094.smt2,unsat,1.05417799949646,card/cvc5_mapa/fol_0000094.smt2,unsat,0.08232522010803223,bapa/card/fol_0000094.smt2,unsat,0.32099390029907227,bapa/card/fol_0000094.smt2,timeout,100.0061559677124,card/cvc5_mapa/fol_0000094.smt2,unsat,0.921,card/cvc5_mapa/fol_0000094.smt2,unsat,0.904
bapa/card/fol_0000095.smt2,timeout,100.0082938671112,card/cvc5_mapa/fol_0000095.smt2,unsat,0.3786141872406006,bapa/card/fol_0000095.smt2,timeout,100.00909399986267,bapa/card/fol_0000095.smt2,timeout,100.00464391708374,card/cvc5_mapa/fol_0000095.smt2,unsat,6.657,card/cvc5_mapa/fol_0000095.smt2,unsat,6.713
bapa/card/fol_0000096.smt2,timeout,100.00781798362732,card/cvc5_mapa/fol_0000096.smt2,sat,52.174854040145874,bapa/card/fol_0000096.smt2,timeout,100.01372027397156,bapa/card/fol_0000096.smt2,timeout,100.00635814666748,card/cvc5_mapa/fol_0000096.smt2,sat,86.727,card/cvc5_mapa/fol_0000096.smt2,unknown,62.042
bapa/card/fol_0000097.smt2,timeout,100.01263213157654,card/cvc5_mapa/fol_0000097.smt2,timeout,100.0093879699707,bapa/card/fol_0000097.smt2,timeout,100.01163911819458,bapa/card/fol_0000097.smt2,timeout,100.01053595542908,card/cvc5_mapa/fol_0000097.smt2,unsat,50.542,card/cvc5_mapa/fol_0000097.smt2,unsat,55.848
bapa/card/fol_0000098.smt2,timeout,100.00834202766418,card/cvc5_mapa/fol_0000098.smt2,timeout,100.00511908531189,bapa/card/fol_0000098.smt2,timeout,100.01075720787048,bapa/card/fol_0000098.smt2,timeout,100.00892615318298,card/cvc5_mapa/fol_0000098.smt2,timeout,100.0,card/cvc5_mapa/fol_0000098.smt2,timeout,100.0
bapa/card/fol_0000099.smt2,timeout,100.00969505310059,card/cvc5_mapa/fol_0000099.smt2,timeout,100.00527787208557,bapa/card/fol_0000099.smt2,timeout,100.01048183441162,bapa/card/fol_0000099.smt2,timeout,100.00987195968628,card/cvc5_mapa/fol_0000099.smt2,timeout,100.0,card/cvc5_mapa/fol_0000099.smt2,timeout,100.0
bapa/card/fol_0000100.smt2,timeout,100.00677299499512,card/cvc5_mapa/fol_0000100.smt2,timeout,100.0047390460968,bapa/card/fol_0000100.smt2,timeout,100.01036095619202,bapa/card/fol_0000100.smt2,timeout,100.006338596344,card/cvc5_mapa/fol_0000100.smt2,sat,76.994,card/cvc5_mapa/fol_0000100.smt2,timeout,100.0
bapa/card/fol_0000101.smt2,timeout,100.00593876838684,card/cvc5_mapa/fol_0000101.smt2,sat,0.040062904357910156,bapa/card/fol_0000101.smt2,timeout,100.01497793197632,bapa/card/fol_0000101.smt2,timeout,100.00888800621033,card/cvc5_mapa/fol_0000101.smt2,sat,0.019,card/cvc5_mapa/fol_0000101.smt2,sat,0.018
bapa/card/fol_0000102.smt2,timeout,100.00604915618896,card/cvc5_mapa/fol_0000102.smt2,timeout,100.00516605377197,bapa/card/fol_0000102.smt2,timeout,100.01430606842041,bapa/card/fol_0000102.smt2,timeout,100.00704836845398,card/cvc5_mapa/fol_0000102.smt2,timeout,100.0,card/cvc5_mapa/fol_0000102.smt2,timeout,100.0
bapa/card/fol_0000103.smt2,timeout,100.0104501247406,card/cvc5_mapa/fol_0000103.smt2,sat,0.037773847579956055,bapa/card/fol_0000103.smt2,timeout,100.01237201690674,bapa/card/fol_0000103.smt2,timeout,100.00638914108276,card/cvc5_mapa/fol_0000103.smt2,sat,0.021,card/cvc5_mapa/fol_0000103.smt2,sat,0.016
bapa/card/fol_0000104.smt2,timeout,100.00706195831299,card/cvc5_mapa/fol_0000104.smt2,timeout,100.0053722858429,bapa/card/fol_0000104.smt2,timeout,100.01033926010132,bapa/card/fol_0000104.smt2,timeout,100.01024580001831,card/cvc5_mapa/fol_0000104.smt2,timeout,100.0,card/cvc5_mapa/fol_0000104.smt2,timeout,100.0
bapa/card/fol_0000105.smt2,timeout,100.0067081451416,card/cvc5_mapa/fol_0000105.smt2,sat,0.041349172592163086,bapa/card/fol_0000105.smt2,timeout,100.00937390327454,bapa/card/fol_0000105.smt2,timeout,100.00679397583008,card/cvc5_mapa/fol_0000105.smt2,sat,0.023,card/cvc5_mapa/fol_0000105.smt2,sat,0.017
bapa/card/fol_0000106.smt2,timeout,100.0054841041565,card/cvc5_mapa/fol_0000106.smt2,timeout,100.00520873069763,bapa/card/fol_0000106.smt2,timeout,100.01422882080078,bapa/card/fol_0000106.smt2,timeout,100.00637483596802,card/cvc5_mapa/fol_0000106.smt2,sat,0.025,card/cvc5_mapa/fol_0000106.smt2,sat,0.02
bapa/card/fol_0000107.smt2,timeout,100.00723791122437,card/cvc5_mapa/fol_0000107.smt2,timeout,100.00690913200378,bapa/card/fol_0000107.smt2,timeout,100.01146292686462,bapa/card/fol_0000107.smt2,timeout,100.00718188285828,card/cvc5_mapa/fol_0000107.smt2,timeout,100.0,card/cvc5_mapa/fol_0000107.smt2,timeout,100.0
bapa/card/fol_0000108.smt2,timeout,100.01443982124329,card/cvc5_mapa/fol_0000108.smt2,sat,0.03749871253967285,bapa/card/fol_0000108.smt2,timeout,100.00828886032104,bapa/card/fol_0000108.smt2,timeout,100.0063111782074,card/cvc5_mapa/fol_0000108.smt2,sat,0.024,card/cvc5_mapa/fol_0000108.smt2,sat,0.019
bapa/card/fol_0000109.smt2,timeout,100.01636576652527,card/cvc5_mapa/fol_0000109.smt2,sat,0.38278913497924805,bapa/card/fol_0000109.smt2,timeout,100.00901293754578,bapa/card/fol_0000109.smt2,timeout,100.00689005851746,card/cvc5_mapa/fol_0000109.smt2,sat,6.65,card/cvc5_mapa/fol_0000109.smt2,unknown,6.364
bapa/card/fol_0000110.smt2,unsat,1.9826350212097168,card/cvc5_mapa/fol_0000110.smt2,unsat,0.09236478805541992,bapa/card/fol_0000110.smt2,unsat,6.3474438190460205,bapa/card/fol_0000110.smt2,timeout,100.00595092773438,card/cvc5_mapa/fol_0000110.smt2,unsat,0.915,card/cvc5_mapa/fol_0000110.smt2,unsat,0.885
bapa/card/fol_0000111.smt2,timeout,100.0080668926239,card/cvc5_mapa/fol_0000111.smt2,unsat,0.11255812644958496,bapa/card/fol_0000111.smt2,unsat,86.8400387763977,bapa/card/fol_0000111.smt2,timeout,100.00566911697388,card/cvc5_mapa/fol_0000111.smt2,unsat,5.972,card/cvc5_mapa/fol_0000111.smt2,unsat,6.105
bapa/card/fol_0000112.smt2,timeout,100.00941896438599,card/cvc5_mapa/fol_0000112.smt2,unsat,0.3791537284851074,bapa/card/fol_0000112.smt2,timeout,100.00681495666504,bapa/card/fol_0000112.smt2,timeout,100.00655817985535,card/cvc5_mapa/fol_0000112.smt2,unsat,6.225,card/cvc5_mapa/fol_0000112.smt2,unsat,6.457
bapa/card/fol_0000113.smt2,timeout,100.006019115448,card/cvc5_mapa/fol_0000113.smt2,sat,0.5046460628509521,bapa/card/fol_0000113.smt2,timeout,100.00805902481079,bapa/card/fol_0000113.smt2,timeout,100.01017189025879,card/cvc5_mapa/fol_0000113.smt2,sat,43.024,card/cvc5_mapa/fol_0000113.smt2,unknown,41.443
bapa/card/fol_0000114.smt2,timeout,100.00584101676941,card/cvc5_mapa/fol_0000114.smt2,unsat,0.11664485931396484,bapa/card/fol_0000114.smt2,timeout,100.00784611701965,bapa/card/fol_0000114.smt2,timeout,100.00747895240784,card/cvc5_mapa/fol_0000114.smt2,unsat,5.511,card/cvc5_mapa/fol_0000114.smt2,unsat,6.037
bapa/card/fol_0000115.smt2,timeout,100.00821685791016,card/cvc5_mapa/fol_0000115.smt2,unsat,0.11206912994384766,bapa/card/fol_0000115.smt2,unsat,2.1353559494018555,bapa/card/fol_0000115.smt2,timeout,100.00665283203125,card/cvc5_mapa/fol_0000115.smt2,unsat,4.309,card/cvc5_mapa/fol_0000115.smt2,unsat,4.71
bapa/card/fol_0000116.smt2,timeout,100.00625801086426,card/cvc5_mapa/fol_0000116.smt2,unsat,0.5085241794586182,bapa/card/fol_0000116.smt2,timeout,100.00756096839905,bapa/card/fol_0000116.smt2,timeout,100.00606799125671,card/cvc5_mapa/fol_0000116.smt2,unsat,55.153,card/cvc5_mapa/fol_0000116.smt2,unsat,56.258
bapa/card/fol_0000117.smt2,timeout,100.00660920143127,card/cvc5_mapa/fol_0000117.smt2,sat,0.4849362373352051,bapa/card/fol_0000117.smt2,timeout,100.00731110572815,bapa/card/fol_0000117.smt2,timeout,100.00835514068604,card/cvc5_mapa/fol_0000117.smt2,sat,62.321,card/cvc5_mapa/fol_0000117.smt2,unknown,40.561
bapa/card/fol_0000118.smt2,timeout,100.00839185714722,card/cvc5_mapa/fol_0000118.smt2,sat,53.73375988006592,bapa/card/fol_0000118.smt2,timeout,100.0078649520874,bapa/card/fol_0000118.smt2,timeout,100.00603985786438,card/cvc5_mapa/fol_0000118.smt2,sat,50.146,card/cvc5_mapa/fol_0000118.smt2,unknown,51.895
bapa/card/fol_0000119.smt2,timeout,100.00931000709534,card/cvc5_mapa/fol_0000119.smt2,unsat,0.37195515632629395,bapa/card/fol_0000119.smt2,timeout,100.00501108169556,bapa/card/fol_0000119.smt2,timeout,100.00552773475647,card/cvc5_mapa/fol_0000119.smt2,unsat,5.018,card/cvc5_mapa/fol_0000119.smt2,unsat,4.789
bapa/card/fol_0000120.smt2,timeout,100.00709104537964,card/cvc5_mapa/fol_0000120.smt2,unsat,0.4720139503479004,bapa/card/fol_0000120.smt2,timeout,100.00661039352417,bapa/card/fol_0000120.smt2,timeout,100.0062689781189,card/cvc5_mapa/fol_0000120.smt2,unsat,34.856,card/cvc5_mapa/fol_0000120.smt2,unsat,36.808
sql/linear/calcite-query013-call-0.smt2,unsat,1.7818069458007812,sql/linear/calcite-query013-call-0.smt2,unsat,0.03734898567199707,sql/linear/calcite-query013-call-0.smt2,unsat,0.10076904296875,sql/linear/calcite-query013-call-0.smt2,unsat,0.08766818046569824,sql/linear/calcite-query013-call-0.smt2,unsat,0.067,sql/linear/calcite-query013-call-0.smt2,unsat,0.066
sql/linear/calcite-query039-call-0.smt2,unsat,0.4126560688018799,sql/linear/calcite-query039-call-0.smt2,unsat,0.1269090175628662,sql/linear/calcite-query039-call-0.smt2,unsat,0.23290801048278809,sql/linear/calcite-query039-call-0.smt2,timeout,100.00861692428589,sql/linear/calcite-query039-call-0.smt2,unsat,0.011,sql/linear/calcite-query039-call-0.smt2,unsat,0.01
sql/linear/calcite-query040-call-0.smt2,unsat,0.3558530807495117,sql/linear/calcite-query040-call-0.smt2,unsat,0.052523136138916016,sql/linear/calcite-query040-call-0.smt2,unsat,0.20451617240905762,sql/linear/calcite-query040-call-0.smt2,timeout,100.00478792190552,sql/linear/calcite-query040-call-0.smt2,unsat,0.009,sql/linear/calcite-query040-call-0.smt2,unsat,0.008
sql/linear/calcite-query044-call-0.smt2,unsat,0.19061589241027832,sql/linear/calcite-query044-call-0.smt2,unsat,0.3416330814361572,sql/linear/calcite-query044-call-0.smt2,unsat,0.25447916984558105,sql/linear/calcite-query044-call-0.smt2,timeout,100.00398278236389,sql/linear/calcite-query044-call-0.smt2,unsat,0.01,sql/linear/calcite-query044-call-0.smt2,unsat,0.01
sql/linear/calcite-query059-call-0.smt2,sat,0.6939420700073242,sql/linear/calcite-query059-call-0.smt2,sat,0.027736186981201172,sql/linear/calcite-query059-call-0.smt2,sat,0.7568778991699219,sql/linear/calcite-query059-call-0.smt2,sat,2.685652017593384,sql/linear/calcite-query059-call-0.smt2,sat,0.009,sql/linear/calcite-query059-call-0.smt2,sat,0.009
sql/linear/calcite-query076-call-0.smt2,unsat,0.41104841232299805,sql/linear/calcite-query076-call-0.smt2,unsat,0.03662896156311035,sql/linear/calcite-query076-call-0.smt2,unsat,1.0854449272155762,sql/linear/calcite-query076-call-0.smt2,unsat,0.4824788570404053,sql/linear/calcite-query076-call-0.smt2,unsat,0.074,sql/linear/calcite-query076-call-0.smt2,unsat,0.074
sql/linear/calcite-query088-call-0.smt2,unsat,0.1322009563446045,sql/linear/calcite-query088-call-0.smt2,unsat,0.0260467529296875,sql/linear/calcite-query088-call-0.smt2,unsat,0.13771605491638184,sql/linear/calcite-query088-call-0.smt2,unsat,0.13244962692260742,sql/linear/calcite-query088-call-0.smt2,unsat,0.03,sql/linear/calcite-query088-call-0.smt2,unsat,0.029
sql/linear/calcite-query120-call-0.smt2,unsat,0.11806988716125488,sql/linear/calcite-query120-call-0.smt2,unsat,0.19961214065551758,sql/linear/calcite-query120-call-0.smt2,unsat,0.24159574508666992,sql/linear/calcite-query120-call-0.smt2,timeout,100.00447392463684,sql/linear/calcite-query120-call-0.smt2,unsat,0.008,sql/linear/calcite-query120-call-0.smt2,unsat,0.008
sql/linear/calcite-query126-call-0.smt2,sat,0.22569990158081055,sql/linear/calcite-query126-call-0.smt2,sat,0.055400848388671875,sql/linear/calcite-query126-call-0.smt2,sat,0.21469902992248535,sql/linear/calcite-query126-call-0.smt2,sat,0.23784184455871582,sql/linear/calcite-query126-call-0.smt2,sat,0.011,sql/linear/calcite-query126-call-0.smt2,sat,0.011
sql/linear/calcite-query126-call-4.smt2,sat,0.22150683403015137,sql/linear/calcite-query126-call-4.smt2,sat,0.03535199165344238,sql/linear/calcite-query126-call-4.smt2,sat,0.21225380897521973,sql/linear/calcite-query126-call-4.smt2,sat,0.21422934532165527,sql/linear/calcite-query126-call-4.smt2,sat,0.01,sql/linear/calcite-query126-call-4.smt2,sat,0.01
sql/linear/calcite-query151-call-0.smt2,unsat,0.21647310256958008,sql/linear/calcite-query151-call-0.smt2,unsat,0.04262804985046387,sql/linear/calcite-query151-call-0.smt2,unsat,0.3662850856781006,sql/linear/calcite-query151-call-0.smt2,unsat,0.2168867588043213,sql/linear/calcite-query151-call-0.smt2,unsat,0.048,sql/linear/calcite-query151-call-0.smt2,unsat,0.048
sql/linear/calcite-query156-call-0.smt2,unsat,0.11771106719970703,sql/linear/calcite-query156-call-0.smt2,unsat,0.12822198867797852,sql/linear/calcite-query156-call-0.smt2,unsat,0.23162126541137695,sql/linear/calcite-query156-call-0.smt2,timeout,100.00688695907593,sql/linear/calcite-query156-call-0.smt2,unsat,0.008,sql/linear/calcite-query156-call-0.smt2,unsat,0.008
sql/linear/calcite-query162-call-0.smt2,unsat,0.7597029209136963,sql/linear/calcite-query162-call-0.smt2,unsat,0.038339853286743164,sql/linear/calcite-query162-call-0.smt2,unsat,0.429919958114624,sql/linear/calcite-query162-call-0.smt2,timeout,100.00491118431091,sql/linear/calcite-query162-call-0.smt2,unsat,0.068,sql/linear/calcite-query162-call-0.smt2,unsat,0.068
sql/linear/calcite-query172-call-0.smt2,unsat,0.14377284049987793,sql/linear/calcite-query172-call-0.smt2,unsat,0.026417255401611328,sql/linear/calcite-query172-call-0.smt2,unsat,0.16616606712341309,sql/linear/calcite-query172-call-0.smt2,timeout,100.00543403625488,sql/linear/calcite-query172-call-0.smt2,unsat,0.008,sql/linear/calcite-query172-call-0.smt2,unsat,0.008
sql/linear/calcite-query176-call-0.smt2,unsat,0.17259693145751953,sql/linear/calcite-query176-call-0.smt2,unsat,0.04279923439025879,sql/linear/calcite-query176-call-0.smt2,unsat,0.3415110111236572,sql/linear/calcite-query176-call-0.smt2,unsat,0.23335981369018555,sql/linear/calcite-query176-call-0.smt2,unsat,0.043,sql/linear/calcite-query176-call-0.smt2,unsat,0.044
sql/linear/calcite-query191-call-0.smt2,unsat,0.5746870040893555,sql/linear/calcite-query191-call-0.smt2,unsat,0.033457040786743164,sql/linear/calcite-query191-call-0.smt2,unsat,0.5005009174346924,sql/linear/calcite-query191-call-0.smt2,unsat,0.2401583194732666,sql/linear/calcite-query191-call-0.smt2,unsat,0.033,sql/linear/calcite-query191-call-0.smt2,unsat,0.033
sql/linear/calcite-query193-call-0.smt2,sat,0.13598990440368652,sql/linear/calcite-query193-call-0.smt2,sat,0.026018619537353516,sql/linear/calcite-query193-call-0.smt2,sat,0.4955151081085205,sql/linear/calcite-query193-call-0.smt2,sat,0.10977578163146973,sql/linear/calcite-query193-call-0.smt2,sat,0.005,sql/linear/calcite-query193-call-0.smt2,sat,0.005
sql/linear/calcite-query193-call-4.smt2,sat,0.23565411567687988,sql/linear/calcite-query193-call-4.smt2,sat,0.025849103927612305,sql/linear/calcite-query193-call-4.smt2,sat,0.5070500373840332,sql/linear/calcite-query193-call-4.smt2,sat,0.2044227123260498,sql/linear/calcite-query193-call-4.smt2,sat,0.005,sql/linear/calcite-query193-call-4.smt2,sat,0.005
sql/linear/calcite-query207-call-0.smt2,unsat,0.29178500175476074,sql/linear/calcite-query207-call-0.smt2,unsat,0.05739903450012207,sql/linear/calcite-query207-call-0.smt2,unsat,0.18884873390197754,sql/linear/calcite-query207-call-0.smt2,timeout,100.01008319854736,sql/linear/calcite-query207-call-0.smt2,unsat,1.328,sql/linear/calcite-query207-call-0.smt2,unsat,1.306
sql/linear/calcite-query211-call-0.smt2,unsat,0.5325419902801514,sql/linear/calcite-query211-call-0.smt2,unsat,0.03371310234069824,sql/linear/calcite-query211-call-0.smt2,unsat,0.3238379955291748,sql/linear/calcite-query211-call-0.smt2,unsat,0.2856910228729248,sql/linear/calcite-query211-call-0.smt2,unsat,0.032,sql/linear/calcite-query211-call-0.smt2,unsat,0.031
sql/linear/calcite-query218-call-0.smt2,unsat,0.9039397239685059,sql/linear/calcite-query218-call-0.smt2,unsat,0.053472042083740234,sql/linear/calcite-query218-call-0.smt2,unsat,0.9409520626068115,sql/linear/calcite-query218-call-0.smt2,unsat,2.132794141769409,sql/linear/calcite-query218-call-0.smt2,unsat,0.104,sql/linear/calcite-query218-call-0.smt2,unsat,0.094
sql/linear/calcite-query219-call-0.smt2,unsat,0.11788702011108398,sql/linear/calcite-query219-call-0.smt2,unsat,0.20776104927062988,sql/linear/calcite-query219-call-0.smt2,unsat,0.2360682487487793,sql/linear/calcite-query219-call-0.smt2,timeout,100.00557804107666,sql/linear/calcite-query219-call-0.smt2,unsat,0.008,sql/linear/calcite-query219-call-0.smt2,unsat,0.008
sql/linear/calcite-query222-call-0.smt2,sat,0.11708688735961914,sql/linear/calcite-query222-call-0.smt2,sat,0.027883052825927734,sql/linear/calcite-query222-call-0.smt2,sat,0.10748910903930664,sql/linear/calcite-query222-call-0.smt2,sat,0.11095499992370605,sql/linear/calcite-query222-call-0.smt2,sat,0.006,sql/linear/calcite-query222-call-0.smt2,sat,0.007
sql/linear/calcite-query222-call-2.smt2,sat,0.12154698371887207,sql/linear/calcite-query222-call-2.smt2,sat,0.02799224853515625,sql/linear/calcite-query222-call-2.smt2,sat,0.11079597473144531,sql/linear/calcite-query222-call-2.smt2,sat,0.1132500171661377,sql/linear/calcite-query222-call-2.smt2,sat,0.006,sql/linear/calcite-query222-call-2.smt2,sat,0.006
sql/linear/spark-query035-call-0.smt2,unsat,0.13225078582763672,sql/linear/spark-query035-call-0.smt2,unsat,0.03181791305541992,sql/linear/spark-query035-call-0.smt2,unsat,0.17017006874084473,sql/linear/spark-query035-call-0.smt2,unsat,0.10218691825866699,sql/linear/spark-query035-call-0.smt2,unsat,0.017,sql/linear/spark-query035-call-0.smt2,unsat,0.017
sql/linear/spark-query048-call-0.smt2,unsat,24.776782035827637,sql/linear/spark-query048-call-0.smt2,unsat,0.04925203323364258,sql/linear/spark-query048-call-0.smt2,unsat,2.3058507442474365,sql/linear/spark-query048-call-0.smt2,unsat,1.3951430320739746,sql/linear/spark-query048-call-0.smt2,unsat,0.102,sql/linear/spark-query048-call-0.smt2,unsat,0.102
sql/linear/spark-query054-call-0.smt2,sat,0.14384984970092773,sql/linear/spark-query054-call-0.smt2,sat,0.03185582160949707,sql/linear/spark-query054-call-0.smt2,sat,0.136732816696167,sql/linear/spark-query054-call-0.smt2,sat,0.13434886932373047,sql/linear/spark-query054-call-0.smt2,sat,0.006,sql/linear/spark-query054-call-0.smt2,sat,0.006
sql/linear/spark-query089-call-0.smt2,unsat,0.15990304946899414,sql/linear/spark-query089-call-0.smt2,unsat,0.025954723358154297,sql/linear/spark-query089-call-0.smt2,unsat,0.1871190071105957,sql/linear/spark-query089-call-0.smt2,unsat,0.9110090732574463,sql/linear/spark-query089-call-0.smt2,unsat,0.008,sql/linear/spark-query089-call-0.smt2,unsat,0.008
sql/linear/spark-query090-call-2.smt2,unsat,0.6496729850769043,sql/linear/spark-query090-call-2.smt2,unsat,0.04516887664794922,sql/linear/spark-query090-call-2.smt2,unsat,0.40964770317077637,sql/linear/spark-query090-call-2.smt2,unsat,0.3625319004058838,sql/linear/spark-query090-call-2.smt2,unsat,0.023,sql/linear/spark-query090-call-2.smt2,unsat,0.024
