unfold0 file,unfold0 result,unfold0 duration,cvc5 filename,cvc5 result,cvc5 duration,unfold5 file,unfold5 result,unfold5 duration,no_interp file,no_interp result,no_interp duration,sqlsolver filename,sqlsolver result,sqlsolver duration,modified_sqlsolver file,modified_sqlsolver result,modified_sqlsolver duration
bapa/arith/fol_0000001.smt2,sat,0.42969608306884766,arith/cvc5_bapa/fol_0000001.smt2,sat,0.013070106506347656,bapa/arith/fol_0000001.smt2,sat,1.0334482192993164,bapa/arith/fol_0000001.smt2,sat,0.11789798736572266,arith/cvc5_bapa/fol_0000001.smt2,sat,0.887,arith/cvc5_bapa/fol_0000001.smt2,sat,0.257
bapa/arith/fol_0000002.smt2,sat,0.11773300170898438,arith/cvc5_bapa/fol_0000002.smt2,sat,0.01013493537902832,bapa/arith/fol_0000002.smt2,sat,0.3500218391418457,bapa/arith/fol_0000002.smt2,sat,0.09072518348693848,arith/cvc5_bapa/fol_0000002.smt2,sat,0.017,arith/cvc5_bapa/fol_0000002.smt2,sat,0.01
bapa/arith/fol_0000003.smt2,sat,0.5990757942199707,arith/cvc5_bapa/fol_0000003.smt2,sat,0.010763883590698242,bapa/arith/fol_0000003.smt2,sat,0.14840984344482422,bapa/arith/fol_0000003.smt2,sat,0.3627488613128662,arith/cvc5_bapa/fol_0000003.smt2,sat,0.017,arith/cvc5_bapa/fol_0000003.smt2,sat,0.011
bapa/arith/fol_0000004.smt2,sat,0.1135549545288086,arith/cvc5_bapa/fol_0000004.smt2,sat,0.03829193115234375,bapa/arith/fol_0000004.smt2,sat,0.216583251953125,bapa/arith/fol_0000004.smt2,sat,0.09147500991821289,arith/cvc5_bapa/fol_0000004.smt2,sat,0.017,arith/cvc5_bapa/fol_0000004.smt2,sat,0.009
bapa/arith/fol_0000005.smt2,sat,0.1620020866394043,arith/cvc5_bapa/fol_0000005.smt2,sat,0.032073259353637695,bapa/arith/fol_0000005.smt2,sat,0.41442298889160156,bapa/arith/fol_0000005.smt2,sat,0.11851882934570312,arith/cvc5_bapa/fol_0000005.smt2,sat,0.015,arith/cvc5_bapa/fol_0000005.smt2,sat,0.009
bapa/arith/fol_0000006.smt2,sat,0.1162559986114502,arith/cvc5_bapa/fol_0000006.smt2,sat,0.03143906593322754,bapa/arith/fol_0000006.smt2,sat,0.1570909023284912,bapa/arith/fol_0000006.smt2,sat,0.27823591232299805,arith/cvc5_bapa/fol_0000006.smt2,sat,0.015,arith/cvc5_bapa/fol_0000006.smt2,sat,0.01
bapa/arith/fol_0000007.smt2,sat,0.19988179206848145,arith/cvc5_bapa/fol_0000007.smt2,sat,0.029588937759399414,bapa/arith/fol_0000007.smt2,sat,0.15215396881103516,bapa/arith/fol_0000007.smt2,sat,0.11951112747192383,arith/cvc5_bapa/fol_0000007.smt2,sat,0.186,arith/cvc5_bapa/fol_0000007.smt2,unknown,0.154
bapa/arith/fol_0000008.smt2,sat,0.15651512145996094,arith/cvc5_bapa/fol_0000008.smt2,sat,0.028947830200195312,bapa/arith/fol_0000008.smt2,sat,0.7052822113037109,bapa/arith/fol_0000008.smt2,sat,0.11924290657043457,arith/cvc5_bapa/fol_0000008.smt2,sat,0.016,arith/cvc5_bapa/fol_0000008.smt2,sat,0.014
bapa/arith/fol_0000009.smt2,sat,0.5837578773498535,arith/cvc5_bapa/fol_0000009.smt2,sat,0.02782583236694336,bapa/arith/fol_0000009.smt2,sat,0.5167901515960693,bapa/arith/fol_0000009.smt2,sat,0.11961197853088379,arith/cvc5_bapa/fol_0000009.smt2,sat,0.098,arith/cvc5_bapa/fol_0000009.smt2,unknown,0.098
bapa/arith/fol_0000010.smt2,sat,0.11367392539978027,arith/cvc5_bapa/fol_0000010.smt2,sat,0.02862715721130371,bapa/arith/fol_0000010.smt2,sat,0.27415990829467773,bapa/arith/fol_0000010.smt2,sat,0.11719083786010742,arith/cvc5_bapa/fol_0000010.smt2,sat,0.102,arith/cvc5_bapa/fol_0000010.smt2,unknown,0.098
bapa/arith/fol_0000011.smt2,sat,0.11988997459411621,arith/cvc5_bapa/fol_0000011.smt2,sat,0.03205585479736328,bapa/arith/fol_0000011.smt2,sat,0.21187996864318848,bapa/arith/fol_0000011.smt2,sat,0.09162306785583496,arith/cvc5_bapa/fol_0000011.smt2,sat,0.101,arith/cvc5_bapa/fol_0000011.smt2,unknown,0.095
bapa/arith/fol_0000012.smt2,sat,0.11831092834472656,arith/cvc5_bapa/fol_0000012.smt2,sat,0.028460979461669922,bapa/arith/fol_0000012.smt2,sat,0.6051697731018066,bapa/arith/fol_0000012.smt2,sat,0.0909569263458252,arith/cvc5_bapa/fol_0000012.smt2,sat,0.104,arith/cvc5_bapa/fol_0000012.smt2,unknown,0.096
bapa/arith/fol_0000013.smt2,sat,0.16249990463256836,arith/cvc5_bapa/fol_0000013.smt2,sat,0.03230905532836914,bapa/arith/fol_0000013.smt2,sat,0.20715880393981934,bapa/arith/fol_0000013.smt2,sat,0.09122467041015625,arith/cvc5_bapa/fol_0000013.smt2,sat,0.017,arith/cvc5_bapa/fol_0000013.smt2,sat,0.014
bapa/arith/fol_0000014.smt2,sat,0.11994004249572754,arith/cvc5_bapa/fol_0000014.smt2,sat,0.028133869171142578,bapa/arith/fol_0000014.smt2,sat,0.3446989059448242,bapa/arith/fol_0000014.smt2,sat,0.09323000907897949,arith/cvc5_bapa/fol_0000014.smt2,sat,0.012,arith/cvc5_bapa/fol_0000014.smt2,sat,0.013
bapa/arith/fol_0000015.smt2,sat,0.11660599708557129,arith/cvc5_bapa/fol_0000015.smt2,sat,0.03082895278930664,bapa/arith/fol_0000015.smt2,sat,0.15582680702209473,bapa/arith/fol_0000015.smt2,sat,0.09266519546508789,arith/cvc5_bapa/fol_0000015.smt2,sat,0.012,arith/cvc5_bapa/fol_0000015.smt2,sat,0.013
bapa/arith/fol_0000016.smt2,sat,0.15755009651184082,arith/cvc5_bapa/fol_0000016.smt2,sat,0.0285031795501709,bapa/arith/fol_0000016.smt2,sat,0.15870904922485352,bapa/arith/fol_0000016.smt2,sat,0.09119820594787598,arith/cvc5_bapa/fol_0000016.smt2,sat,0.011,arith/cvc5_bapa/fol_0000016.smt2,sat,0.012
bapa/arith/fol_0000017.smt2,sat,0.11821222305297852,arith/cvc5_bapa/fol_0000017.smt2,sat,0.028301715850830078,bapa/arith/fol_0000017.smt2,sat,0.3484621047973633,bapa/arith/fol_0000017.smt2,sat,0.12175107002258301,arith/cvc5_bapa/fol_0000017.smt2,sat,0.013,arith/cvc5_bapa/fol_0000017.smt2,sat,0.008
bapa/arith/fol_0000018.smt2,sat,0.15326786041259766,arith/cvc5_bapa/fol_0000018.smt2,sat,0.02806878089904785,bapa/arith/fol_0000018.smt2,sat,0.5397109985351562,bapa/arith/fol_0000018.smt2,sat,0.09079408645629883,arith/cvc5_bapa/fol_0000018.smt2,sat,0.012,arith/cvc5_bapa/fol_0000018.smt2,sat,0.012
bapa/arith/fol_0000019.smt2,sat,0.523367166519165,arith/cvc5_bapa/fol_0000019.smt2,sat,0.03362011909484863,bapa/arith/fol_0000019.smt2,sat,0.1764380931854248,bapa/arith/fol_0000019.smt2,sat,0.12125802040100098,arith/cvc5_bapa/fol_0000019.smt2,sat,0.097,arith/cvc5_bapa/fol_0000019.smt2,unknown,0.098
bapa/arith/fol_0000020.smt2,sat,0.1619548797607422,arith/cvc5_bapa/fol_0000020.smt2,sat,0.028414011001586914,bapa/arith/fol_0000020.smt2,sat,0.6519029140472412,bapa/arith/fol_0000020.smt2,sat,0.12599587440490723,arith/cvc5_bapa/fol_0000020.smt2,sat,0.098,arith/cvc5_bapa/fol_0000020.smt2,unknown,0.095
bapa/arith/fol_0000021.smt2,unsat,0.07984805107116699,arith/cvc5_bapa/fol_0000021.smt2,unsat,0.010171890258789062,bapa/arith/fol_0000021.smt2,unsat,0.09186387062072754,bapa/arith/fol_0000021.smt2,unsat,0.6415619850158691,arith/cvc5_bapa/fol_0000021.smt2,unsat,0.019,arith/cvc5_bapa/fol_0000021.smt2,unsat,0.017
bapa/arith/fol_0000022.smt2,sat,0.26877498626708984,arith/cvc5_bapa/fol_0000022.smt2,sat,0.02656412124633789,bapa/arith/fol_0000022.smt2,sat,0.16493010520935059,bapa/arith/fol_0000022.smt2,sat,0.09651517868041992,arith/cvc5_bapa/fol_0000022.smt2,sat,0.094,arith/cvc5_bapa/fol_0000022.smt2,unknown,0.093
bapa/arith/fol_0000023.smt2,unsat,0.08056402206420898,arith/cvc5_bapa/fol_0000023.smt2,unsat,0.011349201202392578,bapa/arith/fol_0000023.smt2,unsat,0.09389519691467285,bapa/arith/fol_0000023.smt2,unsat,0.6841311454772949,arith/cvc5_bapa/fol_0000023.smt2,unsat,0.017,arith/cvc5_bapa/fol_0000023.smt2,unsat,0.016
bapa/arith/fol_0000024.smt2,sat,0.37378621101379395,arith/cvc5_bapa/fol_0000024.smt2,sat,0.030869007110595703,bapa/arith/fol_0000024.smt2,sat,0.17709684371948242,bapa/arith/fol_0000024.smt2,sat,0.10036706924438477,arith/cvc5_bapa/fol_0000024.smt2,sat,0.099,arith/cvc5_bapa/fol_0000024.smt2,unknown,0.095
bapa/arith/fol_0000025.smt2,sat,0.11725425720214844,arith/cvc5_bapa/fol_0000025.smt2,sat,0.011050939559936523,bapa/arith/fol_0000025.smt2,sat,0.26839494705200195,bapa/arith/fol_0000025.smt2,sat,0.08885335922241211,arith/cvc5_bapa/fol_0000025.smt2,sat,0.016,arith/cvc5_bapa/fol_0000025.smt2,sat,0.013
bapa/arith/fol_0000026.smt2,sat,0.159041166305542,arith/cvc5_bapa/fol_0000026.smt2,sat,0.013489007949829102,bapa/arith/fol_0000026.smt2,sat,0.34712719917297363,bapa/arith/fol_0000026.smt2,sat,0.09273028373718262,arith/cvc5_bapa/fol_0000026.smt2,sat,0.012,arith/cvc5_bapa/fol_0000026.smt2,sat,0.012
bapa/arith/fol_0000027.smt2,sat,0.11852288246154785,arith/cvc5_bapa/fol_0000027.smt2,sat,0.01067805290222168,bapa/arith/fol_0000027.smt2,sat,0.2932307720184326,bapa/arith/fol_0000027.smt2,sat,0.09241986274719238,arith/cvc5_bapa/fol_0000027.smt2,sat,0.013,arith/cvc5_bapa/fol_0000027.smt2,sat,0.011
bapa/arith/fol_0000028.smt2,unsat,0.14421510696411133,arith/cvc5_bapa/fol_0000028.smt2,unsat,0.052307844161987305,bapa/arith/fol_0000028.smt2,unsat,0.1246640682220459,bapa/arith/fol_0000028.smt2,unsat,1.876671314239502,arith/cvc5_bapa/fol_0000028.smt2,unsat,0.114,arith/cvc5_bapa/fol_0000028.smt2,unsat,0.111
bapa/arith/fol_0000029.smt2,sat,0.458538293838501,arith/cvc5_bapa/fol_0000029.smt2,sat,0.058304786682128906,bapa/arith/fol_0000029.smt2,sat,0.468080997467041,bapa/arith/fol_0000029.smt2,sat,0.6111249923706055,arith/cvc5_bapa/fol_0000029.smt2,sat,0.117,arith/cvc5_bapa/fol_0000029.smt2,unknown,0.111
bapa/arith/fol_0000030.smt2,unsat,0.07634568214416504,arith/cvc5_bapa/fol_0000030.smt2,unsat,0.013108015060424805,bapa/arith/fol_0000030.smt2,unsat,0.09053897857666016,bapa/arith/fol_0000030.smt2,unsat,0.6271519660949707,arith/cvc5_bapa/fol_0000030.smt2,unsat,0.019,arith/cvc5_bapa/fol_0000030.smt2,unsat,0.017
bapa/arith/fol_0000031.smt2,sat,0.1199491024017334,arith/cvc5_bapa/fol_0000031.smt2,sat,0.028362035751342773,bapa/arith/fol_0000031.smt2,sat,0.2215561866760254,bapa/arith/fol_0000031.smt2,sat,0.30202388763427734,arith/cvc5_bapa/fol_0000031.smt2,sat,0.013,arith/cvc5_bapa/fol_0000031.smt2,sat,0.012
bapa/arith/fol_0000032.smt2,unsat,0.07690191268920898,arith/cvc5_bapa/fol_0000032.smt2,unsat,0.010257959365844727,bapa/arith/fol_0000032.smt2,unsat,0.09144091606140137,bapa/arith/fol_0000032.smt2,unsat,0.47170591354370117,arith/cvc5_bapa/fol_0000032.smt2,unsat,0.016,arith/cvc5_bapa/fol_0000032.smt2,unsat,0.016
bapa/arith/fol_0000033.smt2,sat,0.16228699684143066,arith/cvc5_bapa/fol_0000033.smt2,sat,0.03035902976989746,bapa/arith/fol_0000033.smt2,sat,0.17106199264526367,bapa/arith/fol_0000033.smt2,sat,0.09777998924255371,arith/cvc5_bapa/fol_0000033.smt2,sat,0.013,arith/cvc5_bapa/fol_0000033.smt2,sat,0.013
bapa/arith/fol_0000034.smt2,unsat,0.0761711597442627,arith/cvc5_bapa/fol_0000034.smt2,unsat,0.010247945785522461,bapa/arith/fol_0000034.smt2,unsat,0.09142684936523438,bapa/arith/fol_0000034.smt2,unsat,0.5413658618927002,arith/cvc5_bapa/fol_0000034.smt2,unsat,0.016,arith/cvc5_bapa/fol_0000034.smt2,unsat,0.015
bapa/arith/fol_0000035.smt2,sat,0.12114906311035156,arith/cvc5_bapa/fol_0000035.smt2,sat,0.030086994171142578,bapa/arith/fol_0000035.smt2,sat,0.7623751163482666,bapa/arith/fol_0000035.smt2,sat,0.11822080612182617,arith/cvc5_bapa/fol_0000035.smt2,sat,0.014,arith/cvc5_bapa/fol_0000035.smt2,sat,0.013
bapa/arith/fol_0000036.smt2,sat,0.11584997177124023,arith/cvc5_bapa/fol_0000036.smt2,sat,0.010775089263916016,bapa/arith/fol_0000036.smt2,sat,0.15014004707336426,bapa/arith/fol_0000036.smt2,sat,0.29172706604003906,arith/cvc5_bapa/fol_0000036.smt2,sat,0.012,arith/cvc5_bapa/fol_0000036.smt2,sat,0.012
bapa/arith/fol_0000037.smt2,sat,0.1195521354675293,arith/cvc5_bapa/fol_0000037.smt2,sat,0.0323638916015625,bapa/arith/fol_0000037.smt2,sat,0.34435606002807617,bapa/arith/fol_0000037.smt2,sat,0.0932610034942627,arith/cvc5_bapa/fol_0000037.smt2,sat,0.097,arith/cvc5_bapa/fol_0000037.smt2,unknown,0.093
bapa/arith/fol_0000038.smt2,unsat,0.0750741958618164,arith/cvc5_bapa/fol_0000038.smt2,unsat,0.010342836380004883,bapa/arith/fol_0000038.smt2,unsat,0.09048104286193848,bapa/arith/fol_0000038.smt2,unsat,0.6438360214233398,arith/cvc5_bapa/fol_0000038.smt2,unsat,0.016,arith/cvc5_bapa/fol_0000038.smt2,unsat,0.016
bapa/arith/fol_0000039.smt2,sat,0.5681860446929932,arith/cvc5_bapa/fol_0000039.smt2,sat,0.03078460693359375,bapa/arith/fol_0000039.smt2,sat,0.3561551570892334,bapa/arith/fol_0000039.smt2,sat,0.1874086856842041,arith/cvc5_bapa/fol_0000039.smt2,sat,0.097,arith/cvc5_bapa/fol_0000039.smt2,unknown,0.092
bapa/arith/fol_0000040.smt2,unsat,0.07920718193054199,arith/cvc5_bapa/fol_0000040.smt2,unsat,0.010473966598510742,bapa/arith/fol_0000040.smt2,unsat,0.09304976463317871,bapa/arith/fol_0000040.smt2,unsat,0.7283639907836914,arith/cvc5_bapa/fol_0000040.smt2,unsat,0.019,arith/cvc5_bapa/fol_0000040.smt2,unsat,0.017
bapa/arith/fol_0000041.smt2,sat,0.12121796607971191,arith/cvc5_bapa/fol_0000041.smt2,sat,0.029093027114868164,bapa/arith/fol_0000041.smt2,sat,0.16591191291809082,bapa/arith/fol_0000041.smt2,sat,0.09428119659423828,arith/cvc5_bapa/fol_0000041.smt2,sat,0.092,arith/cvc5_bapa/fol_0000041.smt2,unknown,0.092
bapa/arith/fol_0000042.smt2,sat,0.2503821849822998,arith/cvc5_bapa/fol_0000042.smt2,sat,0.010782957077026367,bapa/arith/fol_0000042.smt2,sat,0.2653501033782959,bapa/arith/fol_0000042.smt2,sat,0.08940482139587402,arith/cvc5_bapa/fol_0000042.smt2,sat,0.016,arith/cvc5_bapa/fol_0000042.smt2,sat,0.014
bapa/arith/fol_0000043.smt2,sat,0.9803919792175293,arith/cvc5_bapa/fol_0000043.smt2,sat,0.05400800704956055,bapa/arith/fol_0000043.smt2,sat,0.24660205841064453,bapa/arith/fol_0000043.smt2,sat,0.2522768974304199,arith/cvc5_bapa/fol_0000043.smt2,sat,0.11,arith/cvc5_bapa/fol_0000043.smt2,unknown,0.11
bapa/arith/fol_0000044.smt2,sat,0.12192416191101074,arith/cvc5_bapa/fol_0000044.smt2,sat,0.0317387580871582,bapa/arith/fol_0000044.smt2,sat,0.16115212440490723,bapa/arith/fol_0000044.smt2,sat,0.09245586395263672,arith/cvc5_bapa/fol_0000044.smt2,sat,0.016,arith/cvc5_bapa/fol_0000044.smt2,sat,0.013
bapa/arith/fol_0000045.smt2,unsat,0.2713770866394043,arith/cvc5_bapa/fol_0000045.smt2,unsat,0.052745819091796875,bapa/arith/fol_0000045.smt2,unsat,0.16652274131774902,bapa/arith/fol_0000045.smt2,unsat,1.603118658065796,arith/cvc5_bapa/fol_0000045.smt2,unsat,0.115,arith/cvc5_bapa/fol_0000045.smt2,unsat,0.113
bapa/arith/fol_0000046.smt2,sat,0.13207507133483887,arith/cvc5_bapa/fol_0000046.smt2,sat,0.05693173408508301,bapa/arith/fol_0000046.smt2,sat,0.4489901065826416,bapa/arith/fol_0000046.smt2,sat,0.3503732681274414,arith/cvc5_bapa/fol_0000046.smt2,sat,0.111,arith/cvc5_bapa/fol_0000046.smt2,unknown,0.111
bapa/arith/fol_0000047.smt2,unsat,0.22240996360778809,arith/cvc5_bapa/fol_0000047.smt2,unsat,0.05166506767272949,bapa/arith/fol_0000047.smt2,unsat,0.13659381866455078,bapa/arith/fol_0000047.smt2,unsat,1.518003225326538,arith/cvc5_bapa/fol_0000047.smt2,unsat,0.111,arith/cvc5_bapa/fol_0000047.smt2,unsat,0.113
bapa/arith/fol_0000048.smt2,sat,0.1418600082397461,arith/cvc5_bapa/fol_0000048.smt2,sat,0.054540157318115234,bapa/arith/fol_0000048.smt2,sat,0.13233184814453125,bapa/arith/fol_0000048.smt2,sat,0.11100125312805176,arith/cvc5_bapa/fol_0000048.smt2,sat,0.113,arith/cvc5_bapa/fol_0000048.smt2,unknown,0.113
bapa/arith/fol_0000049.smt2,sat,0.33686137199401855,arith/cvc5_bapa/fol_0000049.smt2,sat,0.05737113952636719,bapa/arith/fol_0000049.smt2,sat,0.1349477767944336,bapa/arith/fol_0000049.smt2,sat,0.19077086448669434,arith/cvc5_bapa/fol_0000049.smt2,sat,0.118,arith/cvc5_bapa/fol_0000049.smt2,unknown,0.112
bapa/arith/fol_0000050.smt2,sat,0.7648770809173584,arith/cvc5_bapa/fol_0000050.smt2,sat,0.012016057968139648,bapa/arith/fol_0000050.smt2,sat,0.19594502449035645,bapa/arith/fol_0000050.smt2,sat,0.13717198371887207,arith/cvc5_bapa/fol_0000050.smt2,sat,0.018,arith/cvc5_bapa/fol_0000050.smt2,sat,0.014
bapa/arith/fol_0000051.smt2,sat,0.1406571865081787,arith/cvc5_bapa/fol_0000051.smt2,sat,0.05464601516723633,bapa/arith/fol_0000051.smt2,sat,0.19208216667175293,bapa/arith/fol_0000051.smt2,sat,0.1431598663330078,arith/cvc5_bapa/fol_0000051.smt2,sat,0.111,arith/cvc5_bapa/fol_0000051.smt2,unknown,0.11
bapa/arith/fol_0000052.smt2,sat,0.18334269523620605,arith/cvc5_bapa/fol_0000052.smt2,sat,0.05653095245361328,bapa/arith/fol_0000052.smt2,sat,0.13950800895690918,bapa/arith/fol_0000052.smt2,sat,0.11019301414489746,arith/cvc5_bapa/fol_0000052.smt2,sat,0.11,arith/cvc5_bapa/fol_0000052.smt2,unknown,0.112
bapa/arith/fol_0000053.smt2,sat,0.14290094375610352,arith/cvc5_bapa/fol_0000053.smt2,sat,0.05449390411376953,bapa/arith/fol_0000053.smt2,sat,0.2069079875946045,bapa/arith/fol_0000053.smt2,sat,0.2353661060333252,arith/cvc5_bapa/fol_0000053.smt2,sat,0.112,arith/cvc5_bapa/fol_0000053.smt2,unknown,0.112
bapa/arith/fol_0000054.smt2,sat,0.10337686538696289,arith/cvc5_bapa/fol_0000054.smt2,sat,0.058511972427368164,bapa/arith/fol_0000054.smt2,sat,0.35724592208862305,bapa/arith/fol_0000054.smt2,sat,0.1091153621673584,arith/cvc5_bapa/fol_0000054.smt2,sat,0.115,arith/cvc5_bapa/fol_0000054.smt2,unknown,0.109
bapa/arith/fol_0000055.smt2,unsat,0.08307290077209473,arith/cvc5_bapa/fol_0000055.smt2,unsat,0.011560916900634766,bapa/arith/fol_0000055.smt2,unsat,0.09795594215393066,bapa/arith/fol_0000055.smt2,unsat,0.6303188800811768,arith/cvc5_bapa/fol_0000055.smt2,unsat,0.017,arith/cvc5_bapa/fol_0000055.smt2,unsat,0.017
bapa/arith/fol_0000056.smt2,sat,0.6345689296722412,arith/cvc5_bapa/fol_0000056.smt2,sat,0.03345012664794922,bapa/arith/fol_0000056.smt2,sat,0.3002009391784668,bapa/arith/fol_0000056.smt2,sat,0.23836278915405273,arith/cvc5_bapa/fol_0000056.smt2,sat,0.097,arith/cvc5_bapa/fol_0000056.smt2,unknown,0.093
bapa/arith/fol_0000057.smt2,sat,0.9198648929595947,arith/cvc5_bapa/fol_0000057.smt2,sat,0.052971839904785156,bapa/arith/fol_0000057.smt2,sat,0.9437429904937744,bapa/arith/fol_0000057.smt2,sat,0.19472217559814453,arith/cvc5_bapa/fol_0000057.smt2,sat,0.111,arith/cvc5_bapa/fol_0000057.smt2,unknown,0.114
bapa/arith/fol_0000058.smt2,unsat,0.14072608947753906,arith/cvc5_bapa/fol_0000058.smt2,unsat,0.04448580741882324,bapa/arith/fol_0000058.smt2,unsat,0.11797499656677246,bapa/arith/fol_0000058.smt2,unsat,1.741760015487671,arith/cvc5_bapa/fol_0000058.smt2,unsat,0.102,arith/cvc5_bapa/fol_0000058.smt2,unsat,0.106
bapa/arith/fol_0000059.smt2,unsat,0.07646989822387695,arith/cvc5_bapa/fol_0000059.smt2,unsat,0.010329008102416992,bapa/arith/fol_0000059.smt2,unsat,0.08919286727905273,bapa/arith/fol_0000059.smt2,unsat,0.5152320861816406,arith/cvc5_bapa/fol_0000059.smt2,unsat,0.013,arith/cvc5_bapa/fol_0000059.smt2,unsat,0.01
bapa/arith/fol_0000060.smt2,unsat,0.3455619812011719,arith/cvc5_bapa/fol_0000060.smt2,unsat,0.05581521987915039,bapa/arith/fol_0000060.smt2,unsat,0.16784000396728516,bapa/arith/fol_0000060.smt2,unsat,1.2185728549957275,arith/cvc5_bapa/fol_0000060.smt2,unsat,0.112,arith/cvc5_bapa/fol_0000060.smt2,unsat,0.105
bapa/arith/fol_0000061.smt2,unsat,0.41889309883117676,arith/cvc5_bapa/fol_0000061.smt2,unsat,0.058151960372924805,bapa/arith/fol_0000061.smt2,unsat,0.5060040950775146,bapa/arith/fol_0000061.smt2,unsat,2.07131290435791,arith/cvc5_bapa/fol_0000061.smt2,unsat,0.114,arith/cvc5_bapa/fol_0000061.smt2,unsat,0.109
bapa/arith/fol_0000062.smt2,sat,0.6551527976989746,arith/cvc5_bapa/fol_0000062.smt2,sat,0.05667614936828613,bapa/arith/fol_0000062.smt2,sat,0.2792351245880127,bapa/arith/fol_0000062.smt2,sat,0.2344059944152832,arith/cvc5_bapa/fol_0000062.smt2,sat,0.111,arith/cvc5_bapa/fol_0000062.smt2,unknown,0.112
bapa/arith/fol_0000063.smt2,unsat,0.29050707817077637,arith/cvc5_bapa/fol_0000063.smt2,unsat,0.055300235748291016,bapa/arith/fol_0000063.smt2,unsat,0.15547585487365723,bapa/arith/fol_0000063.smt2,unsat,1.1691970825195312,arith/cvc5_bapa/fol_0000063.smt2,unsat,0.111,arith/cvc5_bapa/fol_0000063.smt2,unsat,0.111
bapa/arith/fol_0000064.smt2,unsat,0.07363200187683105,arith/cvc5_bapa/fol_0000064.smt2,unsat,0.014734745025634766,bapa/arith/fol_0000064.smt2,unsat,0.0908806324005127,bapa/arith/fol_0000064.smt2,unsat,0.6189670562744141,arith/cvc5_bapa/fol_0000064.smt2,unsat,0.016,arith/cvc5_bapa/fol_0000064.smt2,unsat,0.016
bapa/arith/fol_0000065.smt2,unsat,0.21123790740966797,arith/cvc5_bapa/fol_0000065.smt2,unsat,0.0544581413269043,bapa/arith/fol_0000065.smt2,unsat,0.31650519371032715,bapa/arith/fol_0000065.smt2,unsat,1.4678258895874023,arith/cvc5_bapa/fol_0000065.smt2,unsat,0.115,arith/cvc5_bapa/fol_0000065.smt2,unsat,0.111
bapa/arith/fol_0000066.smt2,unsat,0.3033320903778076,arith/cvc5_bapa/fol_0000066.smt2,unsat,0.05555891990661621,bapa/arith/fol_0000066.smt2,unsat,0.14716291427612305,bapa/arith/fol_0000066.smt2,unsat,1.2502601146697998,arith/cvc5_bapa/fol_0000066.smt2,unsat,0.114,arith/cvc5_bapa/fol_0000066.smt2,unsat,0.111
bapa/arith/fol_0000067.smt2,unsat,0.15278005599975586,arith/cvc5_bapa/fol_0000067.smt2,unsat,0.05188393592834473,bapa/arith/fol_0000067.smt2,unsat,0.3736569881439209,bapa/arith/fol_0000067.smt2,unsat,1.3735170364379883,arith/cvc5_bapa/fol_0000067.smt2,unsat,0.113,arith/cvc5_bapa/fol_0000067.smt2,unsat,0.111
bapa/arith/fol_0000068.smt2,unsat,0.2597992420196533,arith/cvc5_bapa/fol_0000068.smt2,unsat,0.05448770523071289,bapa/arith/fol_0000068.smt2,unsat,0.3670840263366699,bapa/arith/fol_0000068.smt2,unsat,2.6339399814605713,arith/cvc5_bapa/fol_0000068.smt2,unsat,0.112,arith/cvc5_bapa/fol_0000068.smt2,unsat,0.112
bapa/arith/fol_0000069.smt2,sat,0.695523738861084,arith/cvc5_bapa/fol_0000069.smt2,sat,0.058036088943481445,bapa/arith/fol_0000069.smt2,sat,0.8354742527008057,bapa/arith/fol_0000069.smt2,sat,0.930290937423706,arith/cvc5_bapa/fol_0000069.smt2,sat,0.117,arith/cvc5_bapa/fol_0000069.smt2,unknown,0.11
bapa/arith/fol_0000070.smt2,unsat,0.16817831993103027,arith/cvc5_bapa/fol_0000070.smt2,unsat,0.05575990676879883,bapa/arith/fol_0000070.smt2,unsat,0.1659228801727295,bapa/arith/fol_0000070.smt2,unsat,1.4843847751617432,arith/cvc5_bapa/fol_0000070.smt2,unsat,0.114,arith/cvc5_bapa/fol_0000070.smt2,unsat,0.112
bapa/arith/fol_0000071.smt2,sat,0.1898040771484375,arith/cvc5_bapa/fol_0000071.smt2,sat,0.05576610565185547,bapa/arith/fol_0000071.smt2,sat,0.34964895248413086,bapa/arith/fol_0000071.smt2,sat,0.1425461769104004,arith/cvc5_bapa/fol_0000071.smt2,sat,0.111,arith/cvc5_bapa/fol_0000071.smt2,unknown,0.111
bapa/arith/fol_0000072.smt2,sat,0.27960205078125,arith/cvc5_bapa/fol_0000072.smt2,sat,0.05300498008728027,bapa/arith/fol_0000072.smt2,sat,0.7080731391906738,bapa/arith/fol_0000072.smt2,sat,0.14327788352966309,arith/cvc5_bapa/fol_0000072.smt2,sat,0.115,arith/cvc5_bapa/fol_0000072.smt2,unknown,0.112
bapa/arith/fol_0000073.smt2,sat,0.3505420684814453,arith/cvc5_bapa/fol_0000073.smt2,sat,0.012047052383422852,bapa/arith/fol_0000073.smt2,sat,0.1964550018310547,bapa/arith/fol_0000073.smt2,sat,0.301192045211792,arith/cvc5_bapa/fol_0000073.smt2,sat,0.015,arith/cvc5_bapa/fol_0000073.smt2,sat,0.015
bapa/arith/fol_0000074.smt2,sat,0.1446089744567871,arith/cvc5_bapa/fol_0000074.smt2,sat,0.057848215103149414,bapa/arith/fol_0000074.smt2,sat,0.2772648334503174,bapa/arith/fol_0000074.smt2,sat,0.1420607566833496,arith/cvc5_bapa/fol_0000074.smt2,sat,0.116,arith/cvc5_bapa/fol_0000074.smt2,unknown,0.111
bapa/arith/fol_0000075.smt2,sat,0.24558520317077637,arith/cvc5_bapa/fol_0000075.smt2,sat,0.05567789077758789,bapa/arith/fol_0000075.smt2,sat,0.36194825172424316,bapa/arith/fol_0000075.smt2,sat,0.17313885688781738,arith/cvc5_bapa/fol_0000075.smt2,sat,0.11,arith/cvc5_bapa/fol_0000075.smt2,unknown,0.111
bapa/arith/fol_0000076.smt2,sat,0.14226818084716797,arith/cvc5_bapa/fol_0000076.smt2,sat,0.05641007423400879,bapa/arith/fol_0000076.smt2,sat,0.21016335487365723,bapa/arith/fol_0000076.smt2,sat,0.1119241714477539,arith/cvc5_bapa/fol_0000076.smt2,sat,0.11,arith/cvc5_bapa/fol_0000076.smt2,unknown,0.111
bapa/arith/fol_0000077.smt2,sat,0.13860082626342773,arith/cvc5_bapa/fol_0000077.smt2,sat,0.05842089653015137,bapa/arith/fol_0000077.smt2,sat,0.27722811698913574,bapa/arith/fol_0000077.smt2,sat,0.1117560863494873,arith/cvc5_bapa/fol_0000077.smt2,sat,0.111,arith/cvc5_bapa/fol_0000077.smt2,unknown,0.11
bapa/arith/fol_0000078.smt2,unsat,0.08437490463256836,arith/cvc5_bapa/fol_0000078.smt2,unsat,0.011664152145385742,bapa/arith/fol_0000078.smt2,unsat,0.09969425201416016,bapa/arith/fol_0000078.smt2,unsat,0.7887251377105713,arith/cvc5_bapa/fol_0000078.smt2,unsat,0.012,arith/cvc5_bapa/fol_0000078.smt2,unsat,0.017
bapa/arith/fol_0000079.smt2,sat,0.28653717041015625,arith/cvc5_bapa/fol_0000079.smt2,sat,0.03539919853210449,bapa/arith/fol_0000079.smt2,sat,0.23846769332885742,bapa/arith/fol_0000079.smt2,sat,0.20308208465576172,arith/cvc5_bapa/fol_0000079.smt2,sat,0.095,arith/cvc5_bapa/fol_0000079.smt2,unknown,0.097
bapa/arith/fol_0000080.smt2,sat,0.1655280590057373,arith/cvc5_bapa/fol_0000080.smt2,sat,0.029942989349365234,bapa/arith/fol_0000080.smt2,sat,0.17801189422607422,bapa/arith/fol_0000080.smt2,sat,0.10103106498718262,arith/cvc5_bapa/fol_0000080.smt2,sat,0.092,arith/cvc5_bapa/fol_0000080.smt2,unknown,0.092
bapa/arith/fol_0000081.smt2,unsat,0.07993912696838379,arith/cvc5_bapa/fol_0000081.smt2,unsat,0.010483026504516602,bapa/arith/fol_0000081.smt2,unsat,0.09250497817993164,bapa/arith/fol_0000081.smt2,unsat,0.6896607875823975,arith/cvc5_bapa/fol_0000081.smt2,unsat,0.01,arith/cvc5_bapa/fol_0000081.smt2,unsat,0.015
bapa/arith/fol_0000082.smt2,sat,0.12371492385864258,arith/cvc5_bapa/fol_0000082.smt2,sat,0.029980182647705078,bapa/arith/fol_0000082.smt2,sat,0.6733040809631348,bapa/arith/fol_0000082.smt2,sat,0.23978304862976074,arith/cvc5_bapa/fol_0000082.smt2,sat,0.093,arith/cvc5_bapa/fol_0000082.smt2,unknown,0.095
bapa/arith/fol_0000083.smt2,unsat,0.07608723640441895,arith/cvc5_bapa/fol_0000083.smt2,unsat,0.010421991348266602,bapa/arith/fol_0000083.smt2,unsat,0.09281587600708008,bapa/arith/fol_0000083.smt2,unsat,0.5813820362091064,arith/cvc5_bapa/fol_0000083.smt2,unsat,0.011,arith/cvc5_bapa/fol_0000083.smt2,unsat,0.017
bapa/arith/fol_0000084.smt2,sat,0.8068079948425293,arith/cvc5_bapa/fol_0000084.smt2,sat,0.0572509765625,bapa/arith/fol_0000084.smt2,sat,1.0426149368286133,bapa/arith/fol_0000084.smt2,sat,0.5516312122344971,arith/cvc5_bapa/fol_0000084.smt2,sat,0.112,arith/cvc5_bapa/fol_0000084.smt2,unknown,0.109
bapa/arith/fol_0000085.smt2,unsat,0.5125019550323486,arith/cvc5_bapa/fol_0000085.smt2,unsat,0.05535888671875,bapa/arith/fol_0000085.smt2,unsat,1.0906157493591309,bapa/arith/fol_0000085.smt2,unsat,1.598639965057373,arith/cvc5_bapa/fol_0000085.smt2,unsat,0.11,arith/cvc5_bapa/fol_0000085.smt2,unsat,0.109
bapa/arith/fol_0000086.smt2,unsat,0.39006519317626953,arith/cvc5_bapa/fol_0000086.smt2,unsat,0.053981781005859375,bapa/arith/fol_0000086.smt2,unsat,0.30898284912109375,bapa/arith/fol_0000086.smt2,unsat,1.3543732166290283,arith/cvc5_bapa/fol_0000086.smt2,unsat,0.105,arith/cvc5_bapa/fol_0000086.smt2,unsat,0.11
bapa/arith/fol_0000087.smt2,unsat,0.08107900619506836,arith/cvc5_bapa/fol_0000087.smt2,unsat,0.011458873748779297,bapa/arith/fol_0000087.smt2,unsat,0.0954282283782959,bapa/arith/fol_0000087.smt2,unsat,0.5600171089172363,arith/cvc5_bapa/fol_0000087.smt2,unsat,0.017,arith/cvc5_bapa/fol_0000087.smt2,unsat,0.017
bapa/arith/fol_0000088.smt2,unsat,0.19411301612854004,arith/cvc5_bapa/fol_0000088.smt2,unsat,0.057054996490478516,bapa/arith/fol_0000088.smt2,unsat,0.3337242603302002,bapa/arith/fol_0000088.smt2,unsat,2.6338798999786377,arith/cvc5_bapa/fol_0000088.smt2,unsat,0.113,arith/cvc5_bapa/fol_0000088.smt2,unsat,0.111
bapa/arith/fol_0000089.smt2,unsat,0.3420839309692383,arith/cvc5_bapa/fol_0000089.smt2,unsat,0.055628061294555664,bapa/arith/fol_0000089.smt2,unsat,0.31610703468322754,bapa/arith/fol_0000089.smt2,unsat,1.0411961078643799,arith/cvc5_bapa/fol_0000089.smt2,unsat,0.113,arith/cvc5_bapa/fol_0000089.smt2,unsat,0.109
bapa/arith/fol_0000090.smt2,sat,0.2719430923461914,arith/cvc5_bapa/fol_0000090.smt2,sat,0.03319811820983887,bapa/arith/fol_0000090.smt2,sat,0.17546868324279785,bapa/arith/fol_0000090.smt2,sat,0.12445306777954102,arith/cvc5_bapa/fol_0000090.smt2,sat,0.098,arith/cvc5_bapa/fol_0000090.smt2,unknown,0.092
bapa/arith/fol_0000091.smt2,unsat,0.07911109924316406,arith/cvc5_bapa/fol_0000091.smt2,unsat,0.010297060012817383,bapa/arith/fol_0000091.smt2,unsat,0.0912330150604248,bapa/arith/fol_0000091.smt2,unsat,0.7401230335235596,arith/cvc5_bapa/fol_0000091.smt2,unsat,0.016,arith/cvc5_bapa/fol_0000091.smt2,unsat,0.015
bapa/arith/fol_0000092.smt2,unsat,0.08144879341125488,arith/cvc5_bapa/fol_0000092.smt2,unsat,0.011216163635253906,bapa/arith/fol_0000092.smt2,unsat,0.0941159725189209,bapa/arith/fol_0000092.smt2,unsat,0.6357569694519043,arith/cvc5_bapa/fol_0000092.smt2,unsat,0.016,arith/cvc5_bapa/fol_0000092.smt2,unsat,0.016
bapa/arith/fol_0000093.smt2,unsat,0.08136510848999023,arith/cvc5_bapa/fol_0000093.smt2,unsat,0.014219045639038086,bapa/arith/fol_0000093.smt2,unsat,0.0956571102142334,bapa/arith/fol_0000093.smt2,unsat,0.6459290981292725,arith/cvc5_bapa/fol_0000093.smt2,unsat,0.016,arith/cvc5_bapa/fol_0000093.smt2,unsat,0.016
bapa/arith/fol_0000094.smt2,unsat,0.2584869861602783,arith/cvc5_bapa/fol_0000094.smt2,unsat,0.05370807647705078,bapa/arith/fol_0000094.smt2,unsat,0.4186532497406006,bapa/arith/fol_0000094.smt2,unsat,1.091841697692871,arith/cvc5_bapa/fol_0000094.smt2,unsat,0.111,arith/cvc5_bapa/fol_0000094.smt2,unsat,0.111
bapa/arith/fol_0000095.smt2,unsat,0.20279884338378906,arith/cvc5_bapa/fol_0000095.smt2,unsat,0.054461002349853516,bapa/arith/fol_0000095.smt2,unsat,2.013685941696167,bapa/arith/fol_0000095.smt2,unsat,1.8419897556304932,arith/cvc5_bapa/fol_0000095.smt2,unsat,0.11,arith/cvc5_bapa/fol_0000095.smt2,unsat,0.109
bapa/arith/fol_0000096.smt2,sat,0.985126256942749,arith/cvc5_bapa/fol_0000096.smt2,sat,0.05551004409790039,bapa/arith/fol_0000096.smt2,sat,0.6903479099273682,bapa/arith/fol_0000096.smt2,sat,0.6882250308990479,arith/cvc5_bapa/fol_0000096.smt2,sat,0.113,arith/cvc5_bapa/fol_0000096.smt2,unknown,0.108
bapa/arith/fol_0000097.smt2,unsat,0.12353897094726562,arith/cvc5_bapa/fol_0000097.smt2,unsat,0.0523982048034668,bapa/arith/fol_0000097.smt2,unsat,0.8991868495941162,bapa/arith/fol_0000097.smt2,unsat,1.0122489929199219,arith/cvc5_bapa/fol_0000097.smt2,unsat,0.11,arith/cvc5_bapa/fol_0000097.smt2,unsat,0.11
bapa/arith/fol_0000098.smt2,unsat,0.45995283126831055,arith/cvc5_bapa/fol_0000098.smt2,unsat,0.051438093185424805,bapa/arith/fol_0000098.smt2,unsat,0.14126276969909668,bapa/arith/fol_0000098.smt2,unsat,1.464311122894287,arith/cvc5_bapa/fol_0000098.smt2,unsat,0.113,arith/cvc5_bapa/fol_0000098.smt2,unsat,0.11
bapa/arith/fol_0000099.smt2,sat,0.14653897285461426,arith/cvc5_bapa/fol_0000099.smt2,sat,0.052934885025024414,bapa/arith/fol_0000099.smt2,sat,0.26978111267089844,bapa/arith/fol_0000099.smt2,sat,0.10988616943359375,arith/cvc5_bapa/fol_0000099.smt2,sat,0.11,arith/cvc5_bapa/fol_0000099.smt2,unknown,0.111
bapa/arith/fol_0000100.smt2,sat,0.1500227451324463,arith/cvc5_bapa/fol_0000100.smt2,sat,0.053517818450927734,bapa/arith/fol_0000100.smt2,sat,0.36666393280029297,bapa/arith/fol_0000100.smt2,sat,0.15116286277770996,arith/cvc5_bapa/fol_0000100.smt2,sat,0.113,arith/cvc5_bapa/fol_0000100.smt2,unknown,0.114
bapa/arith/fol_0000101.smt2,sat,0.48903703689575195,arith/cvc5_bapa/fol_0000101.smt2,sat,0.015279769897460938,bapa/arith/fol_0000101.smt2,sat,0.12955594062805176,bapa/arith/fol_0000101.smt2,sat,0.14482808113098145,arith/cvc5_bapa/fol_0000101.smt2,sat,0.015,arith/cvc5_bapa/fol_0000101.smt2,sat,0.014
bapa/arith/fol_0000102.smt2,sat,0.2863612174987793,arith/cvc5_bapa/fol_0000102.smt2,sat,0.05345726013183594,bapa/arith/fol_0000102.smt2,sat,0.36177611351013184,bapa/arith/fol_0000102.smt2,sat,0.15058207511901855,arith/cvc5_bapa/fol_0000102.smt2,sat,0.116,arith/cvc5_bapa/fol_0000102.smt2,unknown,0.109
bapa/arith/fol_0000103.smt2,sat,0.18971824645996094,arith/cvc5_bapa/fol_0000103.smt2,sat,0.055655717849731445,bapa/arith/fol_0000103.smt2,sat,0.1293480396270752,bapa/arith/fol_0000103.smt2,sat,0.18289613723754883,arith/cvc5_bapa/fol_0000103.smt2,sat,0.111,arith/cvc5_bapa/fol_0000103.smt2,unknown,0.111
bapa/arith/fol_0000104.smt2,sat,0.3693408966064453,arith/cvc5_bapa/fol_0000104.smt2,sat,0.05684685707092285,bapa/arith/fol_0000104.smt2,sat,0.7768039703369141,bapa/arith/fol_0000104.smt2,sat,0.149932861328125,arith/cvc5_bapa/fol_0000104.smt2,sat,0.11,arith/cvc5_bapa/fol_0000104.smt2,unknown,0.111
bapa/arith/fol_0000105.smt2,sat,0.2656722068786621,arith/cvc5_bapa/fol_0000105.smt2,sat,0.05448508262634277,bapa/arith/fol_0000105.smt2,sat,0.13522887229919434,bapa/arith/fol_0000105.smt2,sat,0.19898509979248047,arith/cvc5_bapa/fol_0000105.smt2,sat,0.111,arith/cvc5_bapa/fol_0000105.smt2,unknown,0.109
bapa/arith/fol_0000106.smt2,sat,0.2806379795074463,arith/cvc5_bapa/fol_0000106.smt2,sat,0.05767393112182617,bapa/arith/fol_0000106.smt2,sat,0.36298084259033203,bapa/arith/fol_0000106.smt2,sat,0.4573221206665039,arith/cvc5_bapa/fol_0000106.smt2,sat,0.115,arith/cvc5_bapa/fol_0000106.smt2,unknown,0.111
bapa/arith/fol_0000107.smt2,unsat,0.08176469802856445,arith/cvc5_bapa/fol_0000107.smt2,unsat,0.011561155319213867,bapa/arith/fol_0000107.smt2,unsat,0.09644389152526855,bapa/arith/fol_0000107.smt2,unsat,0.6572611331939697,arith/cvc5_bapa/fol_0000107.smt2,unsat,0.02,arith/cvc5_bapa/fol_0000107.smt2,unsat,0.017
bapa/arith/fol_0000108.smt2,sat,0.2685980796813965,arith/cvc5_bapa/fol_0000108.smt2,sat,0.031157255172729492,bapa/arith/fol_0000108.smt2,sat,0.17844104766845703,bapa/arith/fol_0000108.smt2,sat,0.12494802474975586,arith/cvc5_bapa/fol_0000108.smt2,sat,0.094,arith/cvc5_bapa/fol_0000108.smt2,unknown,0.092
bapa/arith/fol_0000109.smt2,sat,0.592785120010376,arith/cvc5_bapa/fol_0000109.smt2,sat,0.05605506896972656,bapa/arith/fol_0000109.smt2,sat,0.8460781574249268,bapa/arith/fol_0000109.smt2,sat,0.18628668785095215,arith/cvc5_bapa/fol_0000109.smt2,sat,0.113,arith/cvc5_bapa/fol_0000109.smt2,unknown,0.109
bapa/arith/fol_0000110.smt2,unsat,0.2677428722381592,arith/cvc5_bapa/fol_0000110.smt2,unsat,0.05183911323547363,bapa/arith/fol_0000110.smt2,unsat,0.29076218605041504,bapa/arith/fol_0000110.smt2,unsat,1.1244471073150635,arith/cvc5_bapa/fol_0000110.smt2,unsat,0.113,arith/cvc5_bapa/fol_0000110.smt2,unsat,0.109
bapa/arith/fol_0000111.smt2,unsat,0.07825517654418945,arith/cvc5_bapa/fol_0000111.smt2,unsat,0.013964176177978516,bapa/arith/fol_0000111.smt2,unsat,0.09299588203430176,bapa/arith/fol_0000111.smt2,unsat,0.5408279895782471,arith/cvc5_bapa/fol_0000111.smt2,unsat,0.018,arith/cvc5_bapa/fol_0000111.smt2,unsat,0.017
bapa/arith/fol_0000112.smt2,unsat,0.19617319107055664,arith/cvc5_bapa/fol_0000112.smt2,unsat,0.05176281929016113,bapa/arith/fol_0000112.smt2,unsat,0.18422913551330566,bapa/arith/fol_0000112.smt2,unsat,1.4323718547821045,arith/cvc5_bapa/fol_0000112.smt2,unsat,0.108,arith/cvc5_bapa/fol_0000112.smt2,unsat,0.107
bapa/arith/fol_0000113.smt2,sat,0.2231297492980957,arith/cvc5_bapa/fol_0000113.smt2,sat,0.029140949249267578,bapa/arith/fol_0000113.smt2,sat,0.16718196868896484,bapa/arith/fol_0000113.smt2,sat,0.10204792022705078,arith/cvc5_bapa/fol_0000113.smt2,sat,0.093,arith/cvc5_bapa/fol_0000113.smt2,unknown,0.092
bapa/arith/fol_0000114.smt2,unsat,0.08080816268920898,arith/cvc5_bapa/fol_0000114.smt2,unsat,0.010847806930541992,bapa/arith/fol_0000114.smt2,unsat,0.09628486633300781,bapa/arith/fol_0000114.smt2,unsat,0.6450240612030029,arith/cvc5_bapa/fol_0000114.smt2,unsat,0.016,arith/cvc5_bapa/fol_0000114.smt2,unsat,0.017
bapa/arith/fol_0000115.smt2,unsat,0.07503199577331543,arith/cvc5_bapa/fol_0000115.smt2,unsat,0.01068115234375,bapa/arith/fol_0000115.smt2,unsat,0.09305286407470703,bapa/arith/fol_0000115.smt2,unsat,0.6758463382720947,arith/cvc5_bapa/fol_0000115.smt2,unsat,0.019,arith/cvc5_bapa/fol_0000115.smt2,unsat,0.015
bapa/arith/fol_0000116.smt2,unsat,0.07800412178039551,arith/cvc5_bapa/fol_0000116.smt2,unsat,0.010361909866333008,bapa/arith/fol_0000116.smt2,unsat,0.09446001052856445,bapa/arith/fol_0000116.smt2,unsat,0.7407820224761963,arith/cvc5_bapa/fol_0000116.smt2,unsat,0.014,arith/cvc5_bapa/fol_0000116.smt2,unsat,0.017
bapa/arith/fol_0000117.smt2,sat,0.27212023735046387,arith/cvc5_bapa/fol_0000117.smt2,sat,0.029652118682861328,bapa/arith/fol_0000117.smt2,sat,0.29741382598876953,bapa/arith/fol_0000117.smt2,sat,0.1265418529510498,arith/cvc5_bapa/fol_0000117.smt2,sat,0.09,arith/cvc5_bapa/fol_0000117.smt2,unknown,0.093
bapa/arith/fol_0000118.smt2,sat,0.7717888355255127,arith/cvc5_bapa/fol_0000118.smt2,sat,0.05537104606628418,bapa/arith/fol_0000118.smt2,sat,0.3820972442626953,bapa/arith/fol_0000118.smt2,sat,0.26659393310546875,arith/cvc5_bapa/fol_0000118.smt2,sat,0.111,arith/cvc5_bapa/fol_0000118.smt2,unknown,0.109
bapa/arith/fol_0000119.smt2,unsat,0.23988986015319824,arith/cvc5_bapa/fol_0000119.smt2,unsat,0.0535581111907959,bapa/arith/fol_0000119.smt2,unsat,0.6304731369018555,bapa/arith/fol_0000119.smt2,unsat,1.895230770111084,arith/cvc5_bapa/fol_0000119.smt2,unsat,0.108,arith/cvc5_bapa/fol_0000119.smt2,unsat,0.108
bapa/arith/fol_0000120.smt2,unsat,0.07623076438903809,arith/cvc5_bapa/fol_0000120.smt2,unsat,0.011060953140258789,bapa/arith/fol_0000120.smt2,unsat,0.09102106094360352,bapa/arith/fol_0000120.smt2,unsat,0.730938196182251,arith/cvc5_bapa/fol_0000120.smt2,unsat,0.016,arith/cvc5_bapa/fol_0000120.smt2,unsat,0.016
bapa/card/fol_0000001.smt2,sat,0.10649824142456055,card/cvc5_bapa/fol_0000001.smt2,sat,0.004666805267333984,bapa/card/fol_0000001.smt2,sat,0.5085239410400391,bapa/card/fol_0000001.smt2,sat,0.10992574691772461,card/cvc5_bapa/fol_0000001.smt2,sat,0.006,card/cvc5_bapa/fol_0000001.smt2,sat,0.006
bapa/card/fol_0000002.smt2,sat,0.10900688171386719,card/cvc5_bapa/fol_0000002.smt2,sat,0.004499912261962891,bapa/card/fol_0000002.smt2,sat,0.34274816513061523,bapa/card/fol_0000002.smt2,sat,0.08370399475097656,card/cvc5_bapa/fol_0000002.smt2,sat,0.006,card/cvc5_bapa/fol_0000002.smt2,sat,0.006
bapa/card/fol_0000003.smt2,sat,0.5874261856079102,card/cvc5_bapa/fol_0000003.smt2,sat,0.004279136657714844,bapa/card/fol_0000003.smt2,sat,0.1429290771484375,bapa/card/fol_0000003.smt2,sat,0.3570408821105957,card/cvc5_bapa/fol_0000003.smt2,sat,0.006,card/cvc5_bapa/fol_0000003.smt2,sat,0.006
bapa/card/fol_0000004.smt2,sat,0.10942792892456055,card/cvc5_bapa/fol_0000004.smt2,sat,0.02200794219970703,bapa/card/fol_0000004.smt2,sat,0.21135163307189941,bapa/card/fol_0000004.smt2,sat,0.08542799949645996,card/cvc5_bapa/fol_0000004.smt2,sat,0.006,card/cvc5_bapa/fol_0000004.smt2,sat,0.006
bapa/card/fol_0000005.smt2,sat,0.15347790718078613,card/cvc5_bapa/fol_0000005.smt2,sat,0.021168947219848633,bapa/card/fol_0000005.smt2,sat,0.40456700325012207,bapa/card/fol_0000005.smt2,sat,0.11125016212463379,card/cvc5_bapa/fol_0000005.smt2,sat,0.006,card/cvc5_bapa/fol_0000005.smt2,sat,0.006
bapa/card/fol_0000006.smt2,sat,0.10858607292175293,card/cvc5_bapa/fol_0000006.smt2,sat,0.02208709716796875,bapa/card/fol_0000006.smt2,sat,0.15170717239379883,bapa/card/fol_0000006.smt2,sat,0.272183895111084,card/cvc5_bapa/fol_0000006.smt2,sat,0.006,card/cvc5_bapa/fol_0000006.smt2,sat,0.005
bapa/card/fol_0000007.smt2,sat,0.19291400909423828,card/cvc5_bapa/fol_0000007.smt2,sat,0.021078824996948242,bapa/card/fol_0000007.smt2,sat,0.1473679542541504,bapa/card/fol_0000007.smt2,sat,0.11217522621154785,card/cvc5_bapa/fol_0000007.smt2,sat,0.087,card/cvc5_bapa/fol_0000007.smt2,unknown,0.084
bapa/card/fol_0000008.smt2,sat,0.14785194396972656,card/cvc5_bapa/fol_0000008.smt2,sat,0.021881103515625,bapa/card/fol_0000008.smt2,sat,0.7016150951385498,bapa/card/fol_0000008.smt2,sat,0.11092472076416016,card/cvc5_bapa/fol_0000008.smt2,sat,0.006,card/cvc5_bapa/fol_0000008.smt2,sat,0.006
bapa/card/fol_0000009.smt2,sat,0.5605950355529785,card/cvc5_bapa/fol_0000009.smt2,sat,0.020991086959838867,bapa/card/fol_0000009.smt2,sat,0.5094459056854248,bapa/card/fol_0000009.smt2,sat,0.1124262809753418,card/cvc5_bapa/fol_0000009.smt2,sat,0.086,card/cvc5_bapa/fol_0000009.smt2,unknown,0.085
bapa/card/fol_0000010.smt2,sat,0.10811614990234375,card/cvc5_bapa/fol_0000010.smt2,sat,0.02107715606689453,bapa/card/fol_0000010.smt2,sat,0.2654693126678467,bapa/card/fol_0000010.smt2,sat,0.11142897605895996,card/cvc5_bapa/fol_0000010.smt2,sat,0.084,card/cvc5_bapa/fol_0000010.smt2,unknown,0.083
bapa/card/fol_0000011.smt2,sat,0.1108701229095459,card/cvc5_bapa/fol_0000011.smt2,sat,0.02159571647644043,bapa/card/fol_0000011.smt2,sat,0.20601606369018555,bapa/card/fol_0000011.smt2,sat,0.08413004875183105,card/cvc5_bapa/fol_0000011.smt2,sat,0.085,card/cvc5_bapa/fol_0000011.smt2,unknown,0.084
bapa/card/fol_0000012.smt2,sat,0.21135473251342773,card/cvc5_bapa/fol_0000012.smt2,sat,0.021788835525512695,bapa/card/fol_0000012.smt2,sat,0.6036028861999512,bapa/card/fol_0000012.smt2,sat,0.08368611335754395,card/cvc5_bapa/fol_0000012.smt2,sat,0.084,card/cvc5_bapa/fol_0000012.smt2,unknown,0.084
bapa/card/fol_0000013.smt2,sat,0.15242290496826172,card/cvc5_bapa/fol_0000013.smt2,sat,0.021027088165283203,bapa/card/fol_0000013.smt2,sat,0.19985413551330566,bapa/card/fol_0000013.smt2,sat,0.08517718315124512,card/cvc5_bapa/fol_0000013.smt2,sat,0.007,card/cvc5_bapa/fol_0000013.smt2,sat,0.007
bapa/card/fol_0000014.smt2,sat,0.11521196365356445,card/cvc5_bapa/fol_0000014.smt2,sat,0.021842002868652344,bapa/card/fol_0000014.smt2,sat,0.34148097038269043,bapa/card/fol_0000014.smt2,sat,0.09253811836242676,card/cvc5_bapa/fol_0000014.smt2,sat,0.006,card/cvc5_bapa/fol_0000014.smt2,sat,0.006
bapa/card/fol_0000015.smt2,sat,0.19759416580200195,card/cvc5_bapa/fol_0000015.smt2,sat,0.0219879150390625,bapa/card/fol_0000015.smt2,sat,0.15569210052490234,bapa/card/fol_0000015.smt2,sat,0.09380006790161133,card/cvc5_bapa/fol_0000015.smt2,sat,0.006,card/cvc5_bapa/fol_0000015.smt2,sat,0.006
bapa/card/fol_0000016.smt2,sat,0.1508481502532959,card/cvc5_bapa/fol_0000016.smt2,sat,0.021206140518188477,bapa/card/fol_0000016.smt2,sat,0.15268611907958984,bapa/card/fol_0000016.smt2,sat,0.08386421203613281,card/cvc5_bapa/fol_0000016.smt2,sat,0.012,card/cvc5_bapa/fol_0000016.smt2,sat,0.006
bapa/card/fol_0000017.smt2,sat,0.11013007164001465,card/cvc5_bapa/fol_0000017.smt2,sat,0.022191762924194336,bapa/card/fol_0000017.smt2,sat,0.34395503997802734,bapa/card/fol_0000017.smt2,sat,0.11398196220397949,card/cvc5_bapa/fol_0000017.smt2,sat,0.006,card/cvc5_bapa/fol_0000017.smt2,sat,0.005
bapa/card/fol_0000018.smt2,sat,0.14549612998962402,card/cvc5_bapa/fol_0000018.smt2,sat,0.02185201644897461,bapa/card/fol_0000018.smt2,sat,0.5386569499969482,bapa/card/fol_0000018.smt2,sat,0.08484578132629395,card/cvc5_bapa/fol_0000018.smt2,sat,0.006,card/cvc5_bapa/fol_0000018.smt2,sat,0.006
bapa/card/fol_0000019.smt2,sat,0.5044729709625244,card/cvc5_bapa/fol_0000019.smt2,sat,0.022613048553466797,bapa/card/fol_0000019.smt2,sat,0.1703479290008545,bapa/card/fol_0000019.smt2,sat,0.11285710334777832,card/cvc5_bapa/fol_0000019.smt2,sat,0.085,card/cvc5_bapa/fol_0000019.smt2,unknown,0.084
bapa/card/fol_0000020.smt2,sat,0.15380620956420898,card/cvc5_bapa/fol_0000020.smt2,sat,0.023535966873168945,bapa/card/fol_0000020.smt2,sat,0.6417689323425293,bapa/card/fol_0000020.smt2,sat,0.11862707138061523,card/cvc5_bapa/fol_0000020.smt2,sat,0.084,card/cvc5_bapa/fol_0000020.smt2,unknown,0.084
bapa/card/fol_0000021.smt2,unsat,0.0700531005859375,card/cvc5_bapa/fol_0000021.smt2,unsat,0.00424504280090332,bapa/card/fol_0000021.smt2,unsat,0.08569097518920898,bapa/card/fol_0000021.smt2,unsat,0.638840913772583,card/cvc5_bapa/fol_0000021.smt2,unsat,0.009,card/cvc5_bapa/fol_0000021.smt2,unsat,0.009
bapa/card/fol_0000022.smt2,sat,0.2588338851928711,card/cvc5_bapa/fol_0000022.smt2,sat,0.0216519832611084,bapa/card/fol_0000022.smt2,sat,0.15933895111083984,bapa/card/fol_0000022.smt2,sat,0.09055113792419434,card/cvc5_bapa/fol_0000022.smt2,sat,0.086,card/cvc5_bapa/fol_0000022.smt2,unknown,0.086
bapa/card/fol_0000023.smt2,unsat,0.07265710830688477,card/cvc5_bapa/fol_0000023.smt2,unsat,0.0038442611694335938,bapa/card/fol_0000023.smt2,unsat,0.08935213088989258,bapa/card/fol_0000023.smt2,unsat,0.6740396022796631,card/cvc5_bapa/fol_0000023.smt2,unsat,0.01,card/cvc5_bapa/fol_0000023.smt2,unsat,0.009
bapa/card/fol_0000024.smt2,sat,0.3586103916168213,card/cvc5_bapa/fol_0000024.smt2,sat,0.022027015686035156,bapa/card/fol_0000024.smt2,sat,0.17061209678649902,bapa/card/fol_0000024.smt2,sat,0.0934903621673584,card/cvc5_bapa/fol_0000024.smt2,sat,0.086,card/cvc5_bapa/fol_0000024.smt2,unknown,0.085
bapa/card/fol_0000025.smt2,sat,0.1096341609954834,card/cvc5_bapa/fol_0000025.smt2,sat,0.004498958587646484,bapa/card/fol_0000025.smt2,sat,0.26261019706726074,bapa/card/fol_0000025.smt2,sat,0.08430218696594238,card/cvc5_bapa/fol_0000025.smt2,sat,0.006,card/cvc5_bapa/fol_0000025.smt2,sat,0.006
bapa/card/fol_0000026.smt2,sat,0.15142488479614258,card/cvc5_bapa/fol_0000026.smt2,sat,0.003927707672119141,bapa/card/fol_0000026.smt2,sat,0.33985400199890137,bapa/card/fol_0000026.smt2,sat,0.08618402481079102,card/cvc5_bapa/fol_0000026.smt2,sat,0.006,card/cvc5_bapa/fol_0000026.smt2,sat,0.005
bapa/card/fol_0000027.smt2,sat,0.11105203628540039,card/cvc5_bapa/fol_0000027.smt2,sat,0.004117012023925781,bapa/card/fol_0000027.smt2,sat,0.28614091873168945,bapa/card/fol_0000027.smt2,sat,0.08624601364135742,card/cvc5_bapa/fol_0000027.smt2,sat,0.006,card/cvc5_bapa/fol_0000027.smt2,sat,0.006
bapa/card/fol_0000028.smt2,unsat,0.1330409049987793,card/cvc5_bapa/fol_0000028.smt2,unsat,0.044090986251831055,bapa/card/fol_0000028.smt2,unsat,0.11754322052001953,bapa/card/fol_0000028.smt2,unsat,1.7705368995666504,card/cvc5_bapa/fol_0000028.smt2,unsat,0.102,card/cvc5_bapa/fol_0000028.smt2,unsat,0.101
bapa/card/fol_0000029.smt2,sat,0.4401581287384033,card/cvc5_bapa/fol_0000029.smt2,sat,0.0458219051361084,bapa/card/fol_0000029.smt2,sat,0.4625511169433594,bapa/card/fol_0000029.smt2,sat,0.605316162109375,card/cvc5_bapa/fol_0000029.smt2,sat,0.103,card/cvc5_bapa/fol_0000029.smt2,unknown,0.103
bapa/card/fol_0000030.smt2,unsat,0.06877994537353516,card/cvc5_bapa/fol_0000030.smt2,unsat,0.007139921188354492,bapa/card/fol_0000030.smt2,unsat,0.08347105979919434,bapa/card/fol_0000030.smt2,unsat,0.6209042072296143,card/cvc5_bapa/fol_0000030.smt2,unsat,0.009,card/cvc5_bapa/fol_0000030.smt2,unsat,0.009
bapa/card/fol_0000031.smt2,sat,0.11202406883239746,card/cvc5_bapa/fol_0000031.smt2,sat,0.022884130477905273,bapa/card/fol_0000031.smt2,sat,0.21819519996643066,bapa/card/fol_0000031.smt2,sat,0.292431116104126,card/cvc5_bapa/fol_0000031.smt2,sat,0.006,card/cvc5_bapa/fol_0000031.smt2,sat,0.006
bapa/card/fol_0000032.smt2,unsat,0.07053995132446289,card/cvc5_bapa/fol_0000032.smt2,unsat,0.0038590431213378906,bapa/card/fol_0000032.smt2,unsat,0.08630776405334473,bapa/card/fol_0000032.smt2,unsat,0.4582839012145996,card/cvc5_bapa/fol_0000032.smt2,unsat,0.009,card/cvc5_bapa/fol_0000032.smt2,unsat,0.008
bapa/card/fol_0000033.smt2,sat,0.15559697151184082,card/cvc5_bapa/fol_0000033.smt2,sat,0.021207809448242188,bapa/card/fol_0000033.smt2,sat,0.1622002124786377,bapa/card/fol_0000033.smt2,sat,0.0909719467163086,card/cvc5_bapa/fol_0000033.smt2,sat,0.006,card/cvc5_bapa/fol_0000033.smt2,sat,0.006
bapa/card/fol_0000034.smt2,unsat,0.06947779655456543,card/cvc5_bapa/fol_0000034.smt2,unsat,0.008154869079589844,bapa/card/fol_0000034.smt2,unsat,0.08476710319519043,bapa/card/fol_0000034.smt2,unsat,0.5346810817718506,card/cvc5_bapa/fol_0000034.smt2,unsat,0.009,card/cvc5_bapa/fol_0000034.smt2,unsat,0.008
bapa/card/fol_0000035.smt2,sat,0.1154642105102539,card/cvc5_bapa/fol_0000035.smt2,sat,0.03047013282775879,bapa/card/fol_0000035.smt2,sat,0.7644760608673096,bapa/card/fol_0000035.smt2,sat,0.11165380477905273,card/cvc5_bapa/fol_0000035.smt2,sat,0.006,card/cvc5_bapa/fol_0000035.smt2,sat,0.006
bapa/card/fol_0000036.smt2,sat,0.10782265663146973,card/cvc5_bapa/fol_0000036.smt2,sat,0.004451751708984375,bapa/card/fol_0000036.smt2,sat,0.143049955368042,bapa/card/fol_0000036.smt2,sat,0.28682899475097656,card/cvc5_bapa/fol_0000036.smt2,sat,0.005,card/cvc5_bapa/fol_0000036.smt2,sat,0.005
bapa/card/fol_0000037.smt2,sat,0.11291098594665527,card/cvc5_bapa/fol_0000037.smt2,sat,0.02146291732788086,bapa/card/fol_0000037.smt2,sat,0.3430469036102295,bapa/card/fol_0000037.smt2,sat,0.08697509765625,card/cvc5_bapa/fol_0000037.smt2,sat,0.085,card/cvc5_bapa/fol_0000037.smt2,unknown,0.084
bapa/card/fol_0000038.smt2,unsat,0.0680232048034668,card/cvc5_bapa/fol_0000038.smt2,unsat,0.01065969467163086,bapa/card/fol_0000038.smt2,unsat,0.08407402038574219,bapa/card/fol_0000038.smt2,unsat,0.6325411796569824,card/cvc5_bapa/fol_0000038.smt2,unsat,0.009,card/cvc5_bapa/fol_0000038.smt2,unsat,0.009
bapa/card/fol_0000039.smt2,sat,0.5655601024627686,card/cvc5_bapa/fol_0000039.smt2,sat,0.022249937057495117,bapa/card/fol_0000039.smt2,sat,0.34769511222839355,bapa/card/fol_0000039.smt2,sat,0.17893409729003906,card/cvc5_bapa/fol_0000039.smt2,sat,0.085,card/cvc5_bapa/fol_0000039.smt2,unknown,0.084
bapa/card/fol_0000040.smt2,unsat,0.07290863990783691,card/cvc5_bapa/fol_0000040.smt2,unsat,0.004032135009765625,bapa/card/fol_0000040.smt2,unsat,0.08599328994750977,bapa/card/fol_0000040.smt2,unsat,0.7253749370574951,card/cvc5_bapa/fol_0000040.smt2,unsat,0.009,card/cvc5_bapa/fol_0000040.smt2,unsat,0.009
bapa/card/fol_0000041.smt2,sat,0.11304712295532227,card/cvc5_bapa/fol_0000041.smt2,sat,0.022738933563232422,bapa/card/fol_0000041.smt2,sat,0.1582050323486328,bapa/card/fol_0000041.smt2,sat,0.0886237621307373,card/cvc5_bapa/fol_0000041.smt2,sat,0.085,card/cvc5_bapa/fol_0000041.smt2,unknown,0.085
bapa/card/fol_0000042.smt2,sat,0.23918390274047852,card/cvc5_bapa/fol_0000042.smt2,sat,0.004040241241455078,bapa/card/fol_0000042.smt2,sat,0.25893187522888184,bapa/card/fol_0000042.smt2,sat,0.0837409496307373,card/cvc5_bapa/fol_0000042.smt2,sat,0.006,card/cvc5_bapa/fol_0000042.smt2,sat,0.006
bapa/card/fol_0000043.smt2,sat,0.9598300457000732,card/cvc5_bapa/fol_0000043.smt2,sat,0.04506993293762207,bapa/card/fol_0000043.smt2,sat,0.23729300498962402,bapa/card/fol_0000043.smt2,sat,0.24600481986999512,card/cvc5_bapa/fol_0000043.smt2,sat,0.101,card/cvc5_bapa/fol_0000043.smt2,unknown,0.101
bapa/card/fol_0000044.smt2,sat,0.11263799667358398,card/cvc5_bapa/fol_0000044.smt2,sat,0.02147698402404785,bapa/card/fol_0000044.smt2,sat,0.1543722152709961,bapa/card/fol_0000044.smt2,sat,0.0863180160522461,card/cvc5_bapa/fol_0000044.smt2,sat,0.006,card/cvc5_bapa/fol_0000044.smt2,sat,0.006
bapa/card/fol_0000045.smt2,unsat,1.858860969543457,card/cvc5_bapa/fol_0000045.smt2,unsat,0.30521130561828613,bapa/card/fol_0000045.smt2,unsat,0.5525119304656982,bapa/card/fol_0000045.smt2,timeout,100.01155209541321,card/cvc5_bapa/fol_0000045.smt2,unsat,0.892,card/cvc5_bapa/fol_0000045.smt2,unsat,0.895
bapa/card/fol_0000046.smt2,timeout,100.00422191619873,card/cvc5_bapa/fol_0000046.smt2,sat,27.31854796409607,bapa/card/fol_0000046.smt2,timeout,100.0060133934021,bapa/card/fol_0000046.smt2,timeout,100.00630712509155,card/cvc5_bapa/fol_0000046.smt2,sat,9.857,card/cvc5_bapa/fol_0000046.smt2,unknown,9.823
bapa/card/fol_0000047.smt2,timeout,100.00364708900452,card/cvc5_bapa/fol_0000047.smt2,unsat,24.160706043243408,bapa/card/fol_0000047.smt2,unsat,31.4846031665802,bapa/card/fol_0000047.smt2,timeout,100.00606274604797,card/cvc5_bapa/fol_0000047.smt2,unsat,9.56,card/cvc5_bapa/fol_0000047.smt2,unsat,9.721
bapa/card/fol_0000048.smt2,timeout,100.00518608093262,card/cvc5_bapa/fol_0000048.smt2,timeout,100.0,bapa/card/fol_0000048.smt2,timeout,100.00720000267029,bapa/card/fol_0000048.smt2,timeout,100.00631213188171,card/cvc5_bapa/fol_0000048.smt2,timeout,100.0,card/cvc5_bapa/fol_0000048.smt2,timeout,100.0
bapa/card/fol_0000049.smt2,timeout,100.00616312026978,card/cvc5_bapa/fol_0000049.smt2,timeout,100.0,bapa/card/fol_0000049.smt2,timeout,100.00567293167114,bapa/card/fol_0000049.smt2,timeout,100.00747013092041,card/cvc5_bapa/fol_0000049.smt2,timeout,100.0,card/cvc5_bapa/fol_0000049.smt2,timeout,100.0
bapa/card/fol_0000050.smt2,timeout,100.00439286231995,card/cvc5_bapa/fol_0000050.smt2,sat,0.017319917678833008,bapa/card/fol_0000050.smt2,sat,12.735831022262573,bapa/card/fol_0000050.smt2,sat,12.935556173324585,card/cvc5_bapa/fol_0000050.smt2,sat,0.017,card/cvc5_bapa/fol_0000050.smt2,sat,0.017
bapa/card/fol_0000051.smt2,sat,91.30523204803467,card/cvc5_bapa/fol_0000051.smt2,sat,24.611416816711426,bapa/card/fol_0000051.smt2,timeout,100.00529479980469,bapa/card/fol_0000051.smt2,sat,0.8542683124542236,card/cvc5_bapa/fol_0000051.smt2,sat,9.757,card/cvc5_bapa/fol_0000051.smt2,unknown,9.631
bapa/card/fol_0000052.smt2,timeout,100.00530695915222,card/cvc5_bapa/fol_0000052.smt2,sat,24.601473093032837,bapa/card/fol_0000052.smt2,sat,3.915837287902832,bapa/card/fol_0000052.smt2,timeout,100.00743412971497,card/cvc5_bapa/fol_0000052.smt2,sat,9.652,card/cvc5_bapa/fol_0000052.smt2,unknown,9.815
bapa/card/fol_0000053.smt2,sat,3.3017101287841797,card/cvc5_bapa/fol_0000053.smt2,sat,24.535300970077515,bapa/card/fol_0000053.smt2,sat,0.44213294982910156,bapa/card/fol_0000053.smt2,sat,1.9218711853027344,card/cvc5_bapa/fol_0000053.smt2,sat,9.538,card/cvc5_bapa/fol_0000053.smt2,unknown,9.633
bapa/card/fol_0000054.smt2,sat,0.4195592403411865,card/cvc5_bapa/fol_0000054.smt2,sat,24.6791090965271,bapa/card/fol_0000054.smt2,sat,1.313326120376587,bapa/card/fol_0000054.smt2,sat,11.986822128295898,card/cvc5_bapa/fol_0000054.smt2,sat,9.978,card/cvc5_bapa/fol_0000054.smt2,unknown,9.938
bapa/card/fol_0000055.smt2,timeout,100.0055480003357,card/cvc5_bapa/fol_0000055.smt2,unsat,3.3768539428710938,bapa/card/fol_0000055.smt2,unsat,38.82322978973389,bapa/card/fol_0000055.smt2,timeout,100.00686192512512,card/cvc5_bapa/fol_0000055.smt2,sat,47.529,card/cvc5_bapa/fol_0000055.smt2,unknown,35.599
bapa/card/fol_0000056.smt2,timeout,100.00289702415466,card/cvc5_bapa/fol_0000056.smt2,sat,0.017448902130126953,bapa/card/fol_0000056.smt2,sat,5.365246772766113,bapa/card/fol_0000056.smt2,sat,0.22930598258972168,card/cvc5_bapa/fol_0000056.smt2,sat,0.018,card/cvc5_bapa/fol_0000056.smt2,sat,0.017
bapa/card/fol_0000057.smt2,timeout,100.005215883255,card/cvc5_bapa/fol_0000057.smt2,sat,0.31621789932250977,bapa/card/fol_0000057.smt2,sat,11.893621921539307,bapa/card/fol_0000057.smt2,timeout,100.00521421432495,card/cvc5_bapa/fol_0000057.smt2,sat,0.897,card/cvc5_bapa/fol_0000057.smt2,unknown,0.898
bapa/card/fol_0000058.smt2,unsat,0.10928487777709961,card/cvc5_bapa/fol_0000058.smt2,unsat,0.05304408073425293,bapa/card/fol_0000058.smt2,unsat,0.1398317813873291,bapa/card/fol_0000058.smt2,unsat,2.3420727252960205,card/cvc5_bapa/fol_0000058.smt2,unsat,0.106,card/cvc5_bapa/fol_0000058.smt2,unsat,0.11
bapa/card/fol_0000059.smt2,unsat,0.07817220687866211,card/cvc5_bapa/fol_0000059.smt2,unsat,0.010117769241333008,bapa/card/fol_0000059.smt2,unsat,0.11307692527770996,bapa/card/fol_0000059.smt2,timeout,100.0062370300293,card/cvc5_bapa/fol_0000059.smt2,unsat,0.011,card/cvc5_bapa/fol_0000059.smt2,unsat,0.015
bapa/card/fol_0000060.smt2,unsat,1.9120469093322754,card/cvc5_bapa/fol_0000060.smt2,unsat,0.32066893577575684,bapa/card/fol_0000060.smt2,unsat,3.5227818489074707,bapa/card/fol_0000060.smt2,timeout,100.00069212913513,card/cvc5_bapa/fol_0000060.smt2,unsat,0.89,card/cvc5_bapa/fol_0000060.smt2,unsat,0.893
bapa/card/fol_0000061.smt2,unsat,0.3492438793182373,card/cvc5_bapa/fol_0000061.smt2,unsat,0.31194376945495605,bapa/card/fol_0000061.smt2,unsat,0.21425414085388184,bapa/card/fol_0000061.smt2,timeout,100.00211095809937,card/cvc5_bapa/fol_0000061.smt2,unsat,0.879,card/cvc5_bapa/fol_0000061.smt2,unsat,0.883
bapa/card/fol_0000062.smt2,timeout,100.00537610054016,card/cvc5_bapa/fol_0000062.smt2,sat,0.3215911388397217,bapa/card/fol_0000062.smt2,sat,20.217622995376587,bapa/card/fol_0000062.smt2,sat,1.350132942199707,card/cvc5_bapa/fol_0000062.smt2,sat,0.887,card/cvc5_bapa/fol_0000062.smt2,unknown,0.886
bapa/card/fol_0000063.smt2,unsat,0.1500539779663086,card/cvc5_bapa/fol_0000063.smt2,unsat,0.05378103256225586,bapa/card/fol_0000063.smt2,unsat,0.24310708045959473,bapa/card/fol_0000063.smt2,unsat,1.8673532009124756,card/cvc5_bapa/fol_0000063.smt2,unsat,0.109,card/cvc5_bapa/fol_0000063.smt2,unsat,0.109
bapa/card/fol_0000064.smt2,unsat,0.07906889915466309,card/cvc5_bapa/fol_0000064.smt2,unsat,0.01342916488647461,bapa/card/fol_0000064.smt2,unsat,0.10957121849060059,bapa/card/fol_0000064.smt2,timeout,100.00551414489746,card/cvc5_bapa/fol_0000064.smt2,unsat,0.015,card/cvc5_bapa/fol_0000064.smt2,unsat,0.014
bapa/card/fol_0000065.smt2,unsat,1.3901381492614746,card/cvc5_bapa/fol_0000065.smt2,unsat,0.31441688537597656,bapa/card/fol_0000065.smt2,unsat,5.384966850280762,bapa/card/fol_0000065.smt2,timeout,100.00551223754883,card/cvc5_bapa/fol_0000065.smt2,unsat,0.844,card/cvc5_bapa/fol_0000065.smt2,unsat,0.85
bapa/card/fol_0000066.smt2,unsat,0.18420100212097168,card/cvc5_bapa/fol_0000066.smt2,unsat,0.3070080280303955,bapa/card/fol_0000066.smt2,unsat,0.5645389556884766,bapa/card/fol_0000066.smt2,timeout,100.00594162940979,card/cvc5_bapa/fol_0000066.smt2,unsat,0.86,card/cvc5_bapa/fol_0000066.smt2,unsat,0.86
bapa/card/fol_0000067.smt2,unsat,5.726370096206665,card/cvc5_bapa/fol_0000067.smt2,unsat,0.3137331008911133,bapa/card/fol_0000067.smt2,unsat,0.17680692672729492,bapa/card/fol_0000067.smt2,timeout,100.00730180740356,card/cvc5_bapa/fol_0000067.smt2,unsat,0.881,card/cvc5_bapa/fol_0000067.smt2,unsat,0.885
bapa/card/fol_0000068.smt2,unsat,0.6974620819091797,card/cvc5_bapa/fol_0000068.smt2,unsat,0.3085930347442627,bapa/card/fol_0000068.smt2,unsat,0.8096508979797363,bapa/card/fol_0000068.smt2,timeout,100.00655102729797,card/cvc5_bapa/fol_0000068.smt2,unsat,0.884,card/cvc5_bapa/fol_0000068.smt2,unsat,0.889
bapa/card/fol_0000069.smt2,timeout,100.00587105751038,card/cvc5_bapa/fol_0000069.smt2,sat,24.55817413330078,bapa/card/fol_0000069.smt2,timeout,100.00649499893188,bapa/card/fol_0000069.smt2,timeout,100.00567817687988,card/cvc5_bapa/fol_0000069.smt2,sat,10.035,card/cvc5_bapa/fol_0000069.smt2,unknown,9.66
bapa/card/fol_0000070.smt2,unsat,4.392411708831787,card/cvc5_bapa/fol_0000070.smt2,unsat,24.02419400215149,bapa/card/fol_0000070.smt2,timeout,100.00837421417236,bapa/card/fol_0000070.smt2,timeout,100.0061366558075,card/cvc5_bapa/fol_0000070.smt2,unsat,9.591,card/cvc5_bapa/fol_0000070.smt2,unsat,9.454
bapa/card/fol_0000071.smt2,timeout,100.00938487052917,card/cvc5_bapa/fol_0000071.smt2,timeout,100.0,bapa/card/fol_0000071.smt2,timeout,100.00653505325317,bapa/card/fol_0000071.smt2,timeout,100.00654077529907,card/cvc5_bapa/fol_0000071.smt2,timeout,100.0,card/cvc5_bapa/fol_0000071.smt2,timeout,100.0
bapa/card/fol_0000072.smt2,timeout,100.00308918952942,card/cvc5_bapa/fol_0000072.smt2,timeout,100.0,bapa/card/fol_0000072.smt2,timeout,100.00997805595398,bapa/card/fol_0000072.smt2,timeout,99.99905276298523,card/cvc5_bapa/fol_0000072.smt2,timeout,100.0,card/cvc5_bapa/fol_0000072.smt2,timeout,100.0
bapa/card/fol_0000073.smt2,timeout,100.0061571598053,card/cvc5_bapa/fol_0000073.smt2,sat,0.01774311065673828,bapa/card/fol_0000073.smt2,sat,0.9152889251708984,bapa/card/fol_0000073.smt2,timeout,100.00685691833496,card/cvc5_bapa/fol_0000073.smt2,sat,0.017,card/cvc5_bapa/fol_0000073.smt2,sat,0.016
bapa/card/fol_0000074.smt2,sat,0.3104538917541504,card/cvc5_bapa/fol_0000074.smt2,sat,24.82898497581482,bapa/card/fol_0000074.smt2,sat,0.2958188056945801,bapa/card/fol_0000074.smt2,sat,0.19698381423950195,card/cvc5_bapa/fol_0000074.smt2,sat,10.402,card/cvc5_bapa/fol_0000074.smt2,unknown,10.113
bapa/card/fol_0000075.smt2,sat,96.95681285858154,card/cvc5_bapa/fol_0000075.smt2,sat,24.646562099456787,bapa/card/fol_0000075.smt2,sat,5.535501956939697,bapa/card/fol_0000075.smt2,timeout,100.00757026672363,card/cvc5_bapa/fol_0000075.smt2,sat,9.895,card/cvc5_bapa/fol_0000075.smt2,unknown,10.135
bapa/card/fol_0000076.smt2,sat,0.15372514724731445,card/cvc5_bapa/fol_0000076.smt2,sat,24.611568927764893,bapa/card/fol_0000076.smt2,sat,3.519432783126831,bapa/card/fol_0000076.smt2,timeout,100.00691294670105,card/cvc5_bapa/fol_0000076.smt2,sat,10.068,card/cvc5_bapa/fol_0000076.smt2,unknown,10.086
bapa/card/fol_0000077.smt2,timeout,100.00474500656128,card/cvc5_bapa/fol_0000077.smt2,sat,24.646352291107178,bapa/card/fol_0000077.smt2,timeout,100.0055890083313,bapa/card/fol_0000077.smt2,timeout,100.00598406791687,card/cvc5_bapa/fol_0000077.smt2,sat,10.301,card/cvc5_bapa/fol_0000077.smt2,unknown,9.995
bapa/card/fol_0000078.smt2,timeout,100.00958609580994,card/cvc5_bapa/fol_0000078.smt2,unsat,3.4305849075317383,bapa/card/fol_0000078.smt2,timeout,100.00681066513062,bapa/card/fol_0000078.smt2,timeout,100.00544810295105,card/cvc5_bapa/fol_0000078.smt2,sat,55.353,card/cvc5_bapa/fol_0000078.smt2,unknown,84.245
bapa/card/fol_0000079.smt2,timeout,100.00951170921326,card/cvc5_bapa/fol_0000079.smt2,sat,0.01732778549194336,bapa/card/fol_0000079.smt2,timeout,100.00762891769409,bapa/card/fol_0000079.smt2,timeout,100.00818610191345,card/cvc5_bapa/fol_0000079.smt2,sat,0.017,card/cvc5_bapa/fol_0000079.smt2,sat,0.017
bapa/card/fol_0000080.smt2,sat,2.319348096847534,card/cvc5_bapa/fol_0000080.smt2,sat,0.3254997730255127,bapa/card/fol_0000080.smt2,sat,10.592301845550537,bapa/card/fol_0000080.smt2,sat,7.9379167556762695,card/cvc5_bapa/fol_0000080.smt2,sat,5.376,card/cvc5_bapa/fol_0000080.smt2,unknown,5.208
bapa/card/fol_0000081.smt2,unsat,0.08255696296691895,card/cvc5_bapa/fol_0000081.smt2,unsat,0.013952016830444336,bapa/card/fol_0000081.smt2,unsat,0.11422300338745117,bapa/card/fol_0000081.smt2,timeout,100.00511193275452,card/cvc5_bapa/fol_0000081.smt2,unsat,0.017,card/cvc5_bapa/fol_0000081.smt2,unsat,0.016
bapa/card/fol_0000082.smt2,timeout,100.00630617141724,card/cvc5_bapa/fol_0000082.smt2,sat,0.35111403465270996,bapa/card/fol_0000082.smt2,timeout,100.00905704498291,bapa/card/fol_0000082.smt2,timeout,100.00784111022949,card/cvc5_bapa/fol_0000082.smt2,sat,5.379,card/cvc5_bapa/fol_0000082.smt2,unknown,5.376
bapa/card/fol_0000083.smt2,timeout,100.00664901733398,card/cvc5_bapa/fol_0000083.smt2,unsat,0.31856513023376465,bapa/card/fol_0000083.smt2,unsat,1.202822208404541,bapa/card/fol_0000083.smt2,timeout,100.00559711456299,card/cvc5_bapa/fol_0000083.smt2,unsat,5.333,card/cvc5_bapa/fol_0000083.smt2,unsat,5.264
bapa/card/fol_0000084.smt2,timeout,100.00640511512756,card/cvc5_bapa/fol_0000084.smt2,sat,24.584017276763916,bapa/card/fol_0000084.smt2,timeout,100.01149225234985,bapa/card/fol_0000084.smt2,timeout,100.00213885307312,card/cvc5_bapa/fol_0000084.smt2,sat,10.554,card/cvc5_bapa/fol_0000084.smt2,unknown,9.616
bapa/card/fol_0000085.smt2,unsat,0.2646520137786865,card/cvc5_bapa/fol_0000085.smt2,unsat,0.30597662925720215,bapa/card/fol_0000085.smt2,unsat,0.17630696296691895,bapa/card/fol_0000085.smt2,timeout,100.00696802139282,card/cvc5_bapa/fol_0000085.smt2,unsat,0.856,card/cvc5_bapa/fol_0000085.smt2,unsat,0.851
bapa/card/fol_0000086.smt2,unsat,2.127216100692749,card/cvc5_bapa/fol_0000086.smt2,unsat,0.3075108528137207,bapa/card/fol_0000086.smt2,unsat,0.19200396537780762,bapa/card/fol_0000086.smt2,timeout,100.00612497329712,card/cvc5_bapa/fol_0000086.smt2,unsat,0.874,card/cvc5_bapa/fol_0000086.smt2,unsat,0.872
bapa/card/fol_0000087.smt2,unsat,6.961986064910889,card/cvc5_bapa/fol_0000087.smt2,unsat,0.31633687019348145,bapa/card/fol_0000087.smt2,unsat,1.8123650550842285,bapa/card/fol_0000087.smt2,timeout,100.00656986236572,card/cvc5_bapa/fol_0000087.smt2,unsat,5.218,card/cvc5_bapa/fol_0000087.smt2,unsat,5.423
bapa/card/fol_0000088.smt2,timeout,100.00652194023132,card/cvc5_bapa/fol_0000088.smt2,unsat,24.037373304367065,bapa/card/fol_0000088.smt2,unsat,10.860285997390747,bapa/card/fol_0000088.smt2,timeout,100.0089499950409,card/cvc5_bapa/fol_0000088.smt2,unsat,10.174,card/cvc5_bapa/fol_0000088.smt2,unsat,10.164
bapa/card/fol_0000089.smt2,timeout,100.00542712211609,card/cvc5_bapa/fol_0000089.smt2,unsat,24.030680656433105,bapa/card/fol_0000089.smt2,unsat,39.49663591384888,bapa/card/fol_0000089.smt2,timeout,100.00585508346558,card/cvc5_bapa/fol_0000089.smt2,unsat,10.006,card/cvc5_bapa/fol_0000089.smt2,unsat,10.097
bapa/card/fol_0000090.smt2,sat,0.82651686668396,card/cvc5_bapa/fol_0000090.smt2,sat,0.3164072036743164,bapa/card/fol_0000090.smt2,sat,3.4571220874786377,bapa/card/fol_0000090.smt2,timeout,100.00680708885193,card/cvc5_bapa/fol_0000090.smt2,sat,5.272,card/cvc5_bapa/fol_0000090.smt2,unknown,5.359
bapa/card/fol_0000091.smt2,unsat,0.08356785774230957,card/cvc5_bapa/fol_0000091.smt2,unsat,0.014456748962402344,bapa/card/fol_0000091.smt2,unsat,0.10811376571655273,bapa/card/fol_0000091.smt2,timeout,100.00692105293274,card/cvc5_bapa/fol_0000091.smt2,unsat,0.018,card/cvc5_bapa/fol_0000091.smt2,unsat,0.018
bapa/card/fol_0000092.smt2,unsat,5.150759935379028,card/cvc5_bapa/fol_0000092.smt2,unsat,0.31009411811828613,bapa/card/fol_0000092.smt2,unsat,0.986159086227417,bapa/card/fol_0000092.smt2,timeout,100.00696802139282,card/cvc5_bapa/fol_0000092.smt2,unsat,5.209,card/cvc5_bapa/fol_0000092.smt2,unsat,4.991
bapa/card/fol_0000093.smt2,unsat,11.370429992675781,card/cvc5_bapa/fol_0000093.smt2,unsat,0.315640926361084,bapa/card/fol_0000093.smt2,unsat,1.3412978649139404,bapa/card/fol_0000093.smt2,timeout,100.02401995658875,card/cvc5_bapa/fol_0000093.smt2,unsat,5.312,card/cvc5_bapa/fol_0000093.smt2,unsat,5.177
bapa/card/fol_0000094.smt2,unsat,0.8999941349029541,card/cvc5_bapa/fol_0000094.smt2,unsat,0.30684804916381836,bapa/card/fol_0000094.smt2,unsat,0.17604398727416992,bapa/card/fol_0000094.smt2,timeout,100.00627827644348,card/cvc5_bapa/fol_0000094.smt2,unsat,0.885,card/cvc5_bapa/fol_0000094.smt2,unsat,0.882
bapa/card/fol_0000095.smt2,timeout,100.00529885292053,card/cvc5_bapa/fol_0000095.smt2,unsat,24.08978509902954,bapa/card/fol_0000095.smt2,timeout,100.005939245224,bapa/card/fol_0000095.smt2,timeout,100.00600075721741,card/cvc5_bapa/fol_0000095.smt2,unsat,10.015,card/cvc5_bapa/fol_0000095.smt2,unsat,9.434
bapa/card/fol_0000096.smt2,timeout,100.00858807563782,card/cvc5_bapa/fol_0000096.smt2,timeout,100.0,bapa/card/fol_0000096.smt2,timeout,100.0062928199768,bapa/card/fol_0000096.smt2,timeout,100.00798106193542,card/cvc5_bapa/fol_0000096.smt2,timeout,100.0,card/cvc5_bapa/fol_0000096.smt2,timeout,100.0
bapa/card/fol_0000097.smt2,timeout,100.00728917121887,card/cvc5_bapa/fol_0000097.smt2,timeout,100.0,bapa/card/fol_0000097.smt2,timeout,100.00687098503113,bapa/card/fol_0000097.smt2,timeout,100.0068027973175,card/cvc5_bapa/fol_0000097.smt2,timeout,100.0,card/cvc5_bapa/fol_0000097.smt2,timeout,100.0
bapa/card/fol_0000098.smt2,timeout,100.01064324378967,card/cvc5_bapa/fol_0000098.smt2,timeout,100.0,bapa/card/fol_0000098.smt2,timeout,100.00780487060547,bapa/card/fol_0000098.smt2,timeout,100.00686407089233,card/cvc5_bapa/fol_0000098.smt2,timeout,100.0,card/cvc5_bapa/fol_0000098.smt2,timeout,100.0
bapa/card/fol_0000099.smt2,timeout,100.00753712654114,card/cvc5_bapa/fol_0000099.smt2,timeout,100.0,bapa/card/fol_0000099.smt2,timeout,100.0067310333252,bapa/card/fol_0000099.smt2,timeout,100.00597095489502,card/cvc5_bapa/fol_0000099.smt2,timeout,100.0,card/cvc5_bapa/fol_0000099.smt2,timeout,100.0
bapa/card/fol_0000100.smt2,timeout,100.00585985183716,card/cvc5_bapa/fol_0000100.smt2,timeout,100.0,bapa/card/fol_0000100.smt2,timeout,100.00665593147278,bapa/card/fol_0000100.smt2,timeout,100.00536298751831,card/cvc5_bapa/fol_0000100.smt2,timeout,100.0,card/cvc5_bapa/fol_0000100.smt2,timeout,100.0
bapa/card/fol_0000101.smt2,timeout,100.00451493263245,card/cvc5_bapa/fol_0000101.smt2,sat,0.018821001052856445,bapa/card/fol_0000101.smt2,timeout,100.00968503952026,bapa/card/fol_0000101.smt2,timeout,100.00739812850952,card/cvc5_bapa/fol_0000101.smt2,sat,0.02,card/cvc5_bapa/fol_0000101.smt2,sat,0.021
bapa/card/fol_0000102.smt2,timeout,100.00593900680542,card/cvc5_bapa/fol_0000102.smt2,timeout,100.0,bapa/card/fol_0000102.smt2,timeout,100.00744390487671,bapa/card/fol_0000102.smt2,timeout,100.00714802742004,card/cvc5_bapa/fol_0000102.smt2,timeout,100.0,card/cvc5_bapa/fol_0000102.smt2,timeout,100.0
bapa/card/fol_0000103.smt2,timeout,100.00905704498291,card/cvc5_bapa/fol_0000103.smt2,timeout,100.0,bapa/card/fol_0000103.smt2,sat,7.007638931274414,bapa/card/fol_0000103.smt2,timeout,100.02188491821289,card/cvc5_bapa/fol_0000103.smt2,timeout,100.0,card/cvc5_bapa/fol_0000103.smt2,timeout,100.0
bapa/card/fol_0000104.smt2,timeout,100.0068690776825,card/cvc5_bapa/fol_0000104.smt2,timeout,100.0,bapa/card/fol_0000104.smt2,timeout,100.0068130493164,bapa/card/fol_0000104.smt2,timeout,100.00679612159729,card/cvc5_bapa/fol_0000104.smt2,timeout,100.0,card/cvc5_bapa/fol_0000104.smt2,timeout,100.0
bapa/card/fol_0000105.smt2,sat,4.195166826248169,card/cvc5_bapa/fol_0000105.smt2,timeout,100.0,bapa/card/fol_0000105.smt2,timeout,100.00959992408752,bapa/card/fol_0000105.smt2,sat,11.055325031280518,card/cvc5_bapa/fol_0000105.smt2,timeout,100.0,card/cvc5_bapa/fol_0000105.smt2,timeout,100.0
bapa/card/fol_0000106.smt2,timeout,100.00685524940491,card/cvc5_bapa/fol_0000106.smt2,timeout,100.0,bapa/card/fol_0000106.smt2,timeout,100.00640916824341,bapa/card/fol_0000106.smt2,timeout,100.00580286979675,card/cvc5_bapa/fol_0000106.smt2,timeout,100.0,card/cvc5_bapa/fol_0000106.smt2,timeout,100.0
bapa/card/fol_0000107.smt2,timeout,100.00655484199524,card/cvc5_bapa/fol_0000107.smt2,timeout,100.0,bapa/card/fol_0000107.smt2,timeout,100.00700497627258,bapa/card/fol_0000107.smt2,timeout,100.00560212135315,card/cvc5_bapa/fol_0000107.smt2,timeout,100.0,card/cvc5_bapa/fol_0000107.smt2,timeout,100.0
bapa/card/fol_0000108.smt2,sat,0.6932508945465088,card/cvc5_bapa/fol_0000108.smt2,sat,0.015843868255615234,bapa/card/fol_0000108.smt2,timeout,100.00722885131836,bapa/card/fol_0000108.smt2,sat,0.31377100944519043,card/cvc5_bapa/fol_0000108.smt2,sat,0.02,card/cvc5_bapa/fol_0000108.smt2,sat,0.019
bapa/card/fol_0000109.smt2,timeout,100.00513005256653,card/cvc5_bapa/fol_0000109.smt2,sat,27.723901987075806,bapa/card/fol_0000109.smt2,timeout,100.00072383880615,bapa/card/fol_0000109.smt2,timeout,100.00648021697998,card/cvc5_bapa/fol_0000109.smt2,sat,9.675,card/cvc5_bapa/fol_0000109.smt2,unknown,9.748
bapa/card/fol_0000110.smt2,unsat,0.823218822479248,card/cvc5_bapa/fol_0000110.smt2,unsat,0.3158261775970459,bapa/card/fol_0000110.smt2,unsat,3.945017099380493,bapa/card/fol_0000110.smt2,timeout,100.0062928199768,card/cvc5_bapa/fol_0000110.smt2,unsat,0.88,card/cvc5_bapa/fol_0000110.smt2,unsat,0.883
bapa/card/fol_0000111.smt2,unsat,2.4716219902038574,card/cvc5_bapa/fol_0000111.smt2,unsat,0.3157312870025635,bapa/card/fol_0000111.smt2,timeout,100.00706696510315,bapa/card/fol_0000111.smt2,timeout,100.00655698776245,card/cvc5_bapa/fol_0000111.smt2,unsat,5.189,card/cvc5_bapa/fol_0000111.smt2,unsat,5.198
bapa/card/fol_0000112.smt2,timeout,100.00525736808777,card/cvc5_bapa/fol_0000112.smt2,unsat,24.25743007659912,bapa/card/fol_0000112.smt2,timeout,100.00625205039978,bapa/card/fol_0000112.smt2,timeout,100.00970196723938,card/cvc5_bapa/fol_0000112.smt2,unsat,10.046,card/cvc5_bapa/fol_0000112.smt2,unsat,10.258
bapa/card/fol_0000113.smt2,timeout,100.00708293914795,card/cvc5_bapa/fol_0000113.smt2,sat,3.9156222343444824,bapa/card/fol_0000113.smt2,timeout,100.00714707374573,bapa/card/fol_0000113.smt2,timeout,100.00628304481506,card/cvc5_bapa/fol_0000113.smt2,sat,59.752,card/cvc5_bapa/fol_0000113.smt2,unknown,51.036
bapa/card/fol_0000114.smt2,unsat,8.319340944290161,card/cvc5_bapa/fol_0000114.smt2,unsat,0.32108306884765625,bapa/card/fol_0000114.smt2,unsat,2.654006004333496,bapa/card/fol_0000114.smt2,timeout,99.99692702293396,card/cvc5_bapa/fol_0000114.smt2,unsat,5.344,card/cvc5_bapa/fol_0000114.smt2,unsat,5.349
bapa/card/fol_0000115.smt2,unsat,2.6082329750061035,card/cvc5_bapa/fol_0000115.smt2,unsat,0.33002185821533203,bapa/card/fol_0000115.smt2,unsat,1.3524389266967773,bapa/card/fol_0000115.smt2,timeout,100.00512313842773,card/cvc5_bapa/fol_0000115.smt2,unsat,5.333,card/cvc5_bapa/fol_0000115.smt2,unsat,5.221
bapa/card/fol_0000116.smt2,timeout,100.00905299186707,card/cvc5_bapa/fol_0000116.smt2,unsat,3.474158763885498,bapa/card/fol_0000116.smt2,timeout,100.00697302818298,bapa/card/fol_0000116.smt2,timeout,100.00738406181335,card/cvc5_bapa/fol_0000116.smt2,sat,45.935,card/cvc5_bapa/fol_0000116.smt2,unknown,45.466
bapa/card/fol_0000117.smt2,timeout,100.00870990753174,card/cvc5_bapa/fol_0000117.smt2,sat,3.936304807662964,bapa/card/fol_0000117.smt2,timeout,100.00623321533203,bapa/card/fol_0000117.smt2,timeout,100.0081570148468,card/cvc5_bapa/fol_0000117.smt2,sat,62.916,card/cvc5_bapa/fol_0000117.smt2,unknown,30.646
bapa/card/fol_0000118.smt2,timeout,100.00569438934326,card/cvc5_bapa/fol_0000118.smt2,timeout,100.0,bapa/card/fol_0000118.smt2,timeout,100.00662994384766,bapa/card/fol_0000118.smt2,timeout,100.00659084320068,card/cvc5_bapa/fol_0000118.smt2,timeout,100.0,card/cvc5_bapa/fol_0000118.smt2,timeout,100.0
bapa/card/fol_0000119.smt2,timeout,100.0055468082428,card/cvc5_bapa/fol_0000119.smt2,unsat,24.412748098373413,bapa/card/fol_0000119.smt2,unsat,30.454421758651733,bapa/card/fol_0000119.smt2,timeout,100.00819206237793,card/cvc5_bapa/fol_0000119.smt2,unsat,9.734,card/cvc5_bapa/fol_0000119.smt2,unsat,10.502
bapa/card/fol_0000120.smt2,timeout,100.00617599487305,card/cvc5_bapa/fol_0000120.smt2,unsat,3.470561981201172,bapa/card/fol_0000120.smt2,timeout,100.00763392448425,bapa/card/fol_0000120.smt2,timeout,100.00716495513916,card/cvc5_bapa/fol_0000120.smt2,sat,43.304,card/cvc5_bapa/fol_0000120.smt2,unknown,80.128
bapa/arith/fol_0000001.smt2,sat,0.6949858665466309,arith/cvc5_mapa/fol_0000001.smt2,sat,0.011368036270141602,bapa/arith/fol_0000001.smt2,sat,0.242966890335083,bapa/arith/fol_0000001.smt2,sat,0.10495686531066895,arith/cvc5_mapa/fol_0000001.smt2,sat,0.304,arith/cvc5_mapa/fol_0000001.smt2,sat,0.068
bapa/arith/fol_0000002.smt2,sat,0.08328890800476074,arith/cvc5_mapa/fol_0000002.smt2,sat,0.010360002517700195,bapa/arith/fol_0000002.smt2,sat,0.21318387985229492,bapa/arith/fol_0000002.smt2,sat,0.1063838005065918,arith/cvc5_mapa/fol_0000002.smt2,sat,0.01,arith/cvc5_mapa/fol_0000002.smt2,sat,0.007
bapa/arith/fol_0000003.smt2,sat,0.14990901947021484,arith/cvc5_mapa/fol_0000003.smt2,sat,0.009652137756347656,bapa/arith/fol_0000003.smt2,sat,0.2161271572113037,bapa/arith/fol_0000003.smt2,sat,0.10560989379882812,arith/cvc5_mapa/fol_0000003.smt2,sat,0.011,arith/cvc5_mapa/fol_0000003.smt2,sat,0.006
bapa/arith/fol_0000004.smt2,sat,0.14427518844604492,arith/cvc5_mapa/fol_0000004.smt2,sat,0.00939798355102539,bapa/arith/fol_0000004.smt2,sat,0.21567678451538086,bapa/arith/fol_0000004.smt2,sat,0.10786986351013184,arith/cvc5_mapa/fol_0000004.smt2,sat,0.011,arith/cvc5_mapa/fol_0000004.smt2,sat,0.006
bapa/arith/fol_0000005.smt2,sat,0.13972878456115723,arith/cvc5_mapa/fol_0000005.smt2,sat,0.010088920593261719,bapa/arith/fol_0000005.smt2,sat,0.11123108863830566,bapa/arith/fol_0000005.smt2,sat,0.10644793510437012,arith/cvc5_mapa/fol_0000005.smt2,sat,0.011,arith/cvc5_mapa/fol_0000005.smt2,sat,0.006
bapa/arith/fol_0000006.smt2,sat,0.0890510082244873,arith/cvc5_mapa/fol_0000006.smt2,sat,0.009796857833862305,bapa/arith/fol_0000006.smt2,sat,0.21637701988220215,bapa/arith/fol_0000006.smt2,sat,0.10775589942932129,arith/cvc5_mapa/fol_0000006.smt2,sat,0.01,arith/cvc5_mapa/fol_0000006.smt2,sat,0.006
bapa/arith/fol_0000007.smt2,sat,0.14647579193115234,arith/cvc5_mapa/fol_0000007.smt2,sat,0.008799076080322266,bapa/arith/fol_0000007.smt2,sat,0.21976804733276367,bapa/arith/fol_0000007.smt2,sat,0.10711479187011719,arith/cvc5_mapa/fol_0000007.smt2,sat,0.012,arith/cvc5_mapa/fol_0000007.smt2,sat,0.005
bapa/arith/fol_0000008.smt2,sat,0.14110088348388672,arith/cvc5_mapa/fol_0000008.smt2,sat,0.00977778434753418,bapa/arith/fol_0000008.smt2,sat,0.21744513511657715,bapa/arith/fol_0000008.smt2,sat,0.10640311241149902,arith/cvc5_mapa/fol_0000008.smt2,sat,0.011,arith/cvc5_mapa/fol_0000008.smt2,sat,0.006
bapa/arith/fol_0000009.smt2,sat,0.14545011520385742,arith/cvc5_mapa/fol_0000009.smt2,sat,0.008471012115478516,bapa/arith/fol_0000009.smt2,sat,0.20991086959838867,bapa/arith/fol_0000009.smt2,sat,0.10735607147216797,arith/cvc5_mapa/fol_0000009.smt2,sat,0.012,arith/cvc5_mapa/fol_0000009.smt2,sat,0.006
bapa/arith/fol_0000010.smt2,sat,0.14215612411499023,arith/cvc5_mapa/fol_0000010.smt2,sat,0.008851289749145508,bapa/arith/fol_0000010.smt2,sat,0.1058039665222168,bapa/arith/fol_0000010.smt2,sat,0.10552501678466797,arith/cvc5_mapa/fol_0000010.smt2,sat,0.012,arith/cvc5_mapa/fol_0000010.smt2,sat,0.005
bapa/arith/fol_0000011.smt2,sat,0.1460890769958496,arith/cvc5_mapa/fol_0000011.smt2,sat,0.009416818618774414,bapa/arith/fol_0000011.smt2,sat,0.21970891952514648,bapa/arith/fol_0000011.smt2,sat,0.10864615440368652,arith/cvc5_mapa/fol_0000011.smt2,sat,0.012,arith/cvc5_mapa/fol_0000011.smt2,sat,0.005
bapa/arith/fol_0000012.smt2,sat,0.1457688808441162,arith/cvc5_mapa/fol_0000012.smt2,sat,0.009474992752075195,bapa/arith/fol_0000012.smt2,sat,0.21879291534423828,bapa/arith/fol_0000012.smt2,sat,0.10721993446350098,arith/cvc5_mapa/fol_0000012.smt2,sat,0.012,arith/cvc5_mapa/fol_0000012.smt2,sat,0.005
bapa/arith/fol_0000013.smt2,sat,0.15070104598999023,arith/cvc5_mapa/fol_0000013.smt2,sat,0.009737968444824219,bapa/arith/fol_0000013.smt2,sat,0.7126719951629639,bapa/arith/fol_0000013.smt2,sat,0.10921096801757812,arith/cvc5_mapa/fol_0000013.smt2,sat,0.013,arith/cvc5_mapa/fol_0000013.smt2,sat,0.005
bapa/arith/fol_0000014.smt2,sat,0.14775395393371582,arith/cvc5_mapa/fol_0000014.smt2,sat,0.009389162063598633,bapa/arith/fol_0000014.smt2,sat,0.11054110527038574,bapa/arith/fol_0000014.smt2,sat,0.10986590385437012,arith/cvc5_mapa/fol_0000014.smt2,sat,0.012,arith/cvc5_mapa/fol_0000014.smt2,sat,0.005
bapa/arith/fol_0000015.smt2,sat,0.14974474906921387,arith/cvc5_mapa/fol_0000015.smt2,sat,0.009525775909423828,bapa/arith/fol_0000015.smt2,sat,0.11117386817932129,bapa/arith/fol_0000015.smt2,sat,0.10910892486572266,arith/cvc5_mapa/fol_0000015.smt2,sat,0.011,arith/cvc5_mapa/fol_0000015.smt2,sat,0.005
bapa/arith/fol_0000016.smt2,sat,0.08273005485534668,arith/cvc5_mapa/fol_0000016.smt2,sat,0.009697914123535156,bapa/arith/fol_0000016.smt2,sat,0.2141561508178711,bapa/arith/fol_0000016.smt2,sat,0.10732102394104004,arith/cvc5_mapa/fol_0000016.smt2,sat,0.012,arith/cvc5_mapa/fol_0000016.smt2,sat,0.006
bapa/arith/fol_0000017.smt2,sat,0.08430004119873047,arith/cvc5_mapa/fol_0000017.smt2,sat,0.009459972381591797,bapa/arith/fol_0000017.smt2,sat,0.2249288558959961,bapa/arith/fol_0000017.smt2,sat,0.1099710464477539,arith/cvc5_mapa/fol_0000017.smt2,sat,0.009,arith/cvc5_mapa/fol_0000017.smt2,sat,0.005
bapa/arith/fol_0000018.smt2,sat,0.14885210990905762,arith/cvc5_mapa/fol_0000018.smt2,sat,0.009312152862548828,bapa/arith/fol_0000018.smt2,sat,0.2174370288848877,bapa/arith/fol_0000018.smt2,sat,0.10824823379516602,arith/cvc5_mapa/fol_0000018.smt2,sat,0.012,arith/cvc5_mapa/fol_0000018.smt2,sat,0.005
bapa/arith/fol_0000019.smt2,sat,0.15550494194030762,arith/cvc5_mapa/fol_0000019.smt2,sat,0.010591983795166016,bapa/arith/fol_0000019.smt2,sat,0.11953902244567871,bapa/arith/fol_0000019.smt2,sat,0.11594390869140625,arith/cvc5_mapa/fol_0000019.smt2,sat,0.012,arith/cvc5_mapa/fol_0000019.smt2,sat,0.006
bapa/arith/fol_0000020.smt2,sat,0.08646297454833984,arith/cvc5_mapa/fol_0000020.smt2,sat,0.010864973068237305,bapa/arith/fol_0000020.smt2,sat,0.2223801612854004,bapa/arith/fol_0000020.smt2,sat,0.11219310760498047,arith/cvc5_mapa/fol_0000020.smt2,sat,0.012,arith/cvc5_mapa/fol_0000020.smt2,sat,0.005
bapa/arith/fol_0000021.smt2,unsat,0.0730891227722168,arith/cvc5_mapa/fol_0000021.smt2,unsat,0.010828971862792969,bapa/arith/fol_0000021.smt2,unsat,0.09311318397521973,bapa/arith/fol_0000021.smt2,unsat,0.1506948471069336,arith/cvc5_mapa/fol_0000021.smt2,unsat,0.051,arith/cvc5_mapa/fol_0000021.smt2,unsat,0.017
bapa/arith/fol_0000022.smt2,sat,0.14945006370544434,arith/cvc5_mapa/fol_0000022.smt2,sat,0.01030874252319336,bapa/arith/fol_0000022.smt2,sat,0.22891712188720703,bapa/arith/fol_0000022.smt2,sat,0.11298298835754395,arith/cvc5_mapa/fol_0000022.smt2,sat,0.011,arith/cvc5_mapa/fol_0000022.smt2,sat,0.006
bapa/arith/fol_0000023.smt2,unsat,0.0747079849243164,arith/cvc5_mapa/fol_0000023.smt2,unsat,0.009708166122436523,bapa/arith/fol_0000023.smt2,unsat,0.0938720703125,bapa/arith/fol_0000023.smt2,unsat,0.15216493606567383,arith/cvc5_mapa/fol_0000023.smt2,unsat,0.015,arith/cvc5_mapa/fol_0000023.smt2,unsat,0.01
bapa/arith/fol_0000024.smt2,sat,0.08937907218933105,arith/cvc5_mapa/fol_0000024.smt2,sat,0.010516881942749023,bapa/arith/fol_0000024.smt2,sat,0.1220400333404541,bapa/arith/fol_0000024.smt2,sat,0.11753511428833008,arith/cvc5_mapa/fol_0000024.smt2,sat,0.011,arith/cvc5_mapa/fol_0000024.smt2,sat,0.005
bapa/arith/fol_0000025.smt2,sat,0.143449068069458,arith/cvc5_mapa/fol_0000025.smt2,sat,0.01081395149230957,bapa/arith/fol_0000025.smt2,sat,0.20921707153320312,bapa/arith/fol_0000025.smt2,sat,0.10699915885925293,arith/cvc5_mapa/fol_0000025.smt2,sat,0.012,arith/cvc5_mapa/fol_0000025.smt2,sat,0.005
bapa/arith/fol_0000026.smt2,sat,0.15024876594543457,arith/cvc5_mapa/fol_0000026.smt2,sat,0.009556055068969727,bapa/arith/fol_0000026.smt2,sat,0.21802592277526855,bapa/arith/fol_0000026.smt2,sat,0.11127710342407227,arith/cvc5_mapa/fol_0000026.smt2,sat,0.012,arith/cvc5_mapa/fol_0000026.smt2,sat,0.005
bapa/arith/fol_0000027.smt2,sat,0.14650988578796387,arith/cvc5_mapa/fol_0000027.smt2,sat,0.009569883346557617,bapa/arith/fol_0000027.smt2,sat,0.21975302696228027,bapa/arith/fol_0000027.smt2,sat,0.10921812057495117,arith/cvc5_mapa/fol_0000027.smt2,sat,0.012,arith/cvc5_mapa/fol_0000027.smt2,sat,0.005
bapa/arith/fol_0000028.smt2,unsat,0.07770514488220215,arith/cvc5_mapa/fol_0000028.smt2,unsat,0.023795127868652344,bapa/arith/fol_0000028.smt2,unsat,0.7583820819854736,bapa/arith/fol_0000028.smt2,unsat,0.12355780601501465,arith/cvc5_mapa/fol_0000028.smt2,unsat,0.096,arith/cvc5_mapa/fol_0000028.smt2,unsat,0.054
bapa/arith/fol_0000029.smt2,sat,0.16785979270935059,arith/cvc5_mapa/fol_0000029.smt2,sat,0.012633085250854492,bapa/arith/fol_0000029.smt2,sat,0.19489216804504395,bapa/arith/fol_0000029.smt2,sat,0.09573793411254883,arith/cvc5_mapa/fol_0000029.smt2,sat,0.014,arith/cvc5_mapa/fol_0000029.smt2,sat,0.006
bapa/arith/fol_0000030.smt2,unsat,0.07237792015075684,arith/cvc5_mapa/fol_0000030.smt2,unsat,0.009798049926757812,bapa/arith/fol_0000030.smt2,unsat,0.09184789657592773,bapa/arith/fol_0000030.smt2,unsat,0.14361023902893066,arith/cvc5_mapa/fol_0000030.smt2,unsat,0.014,arith/cvc5_mapa/fol_0000030.smt2,unsat,0.009
bapa/arith/fol_0000031.smt2,sat,0.14751696586608887,arith/cvc5_mapa/fol_0000031.smt2,sat,0.009319305419921875,bapa/arith/fol_0000031.smt2,sat,0.2230820655822754,bapa/arith/fol_0000031.smt2,sat,0.11063694953918457,arith/cvc5_mapa/fol_0000031.smt2,sat,0.012,arith/cvc5_mapa/fol_0000031.smt2,sat,0.005
bapa/arith/fol_0000032.smt2,unsat,0.07265686988830566,arith/cvc5_mapa/fol_0000032.smt2,unsat,0.008852005004882812,bapa/arith/fol_0000032.smt2,unsat,0.09251904487609863,bapa/arith/fol_0000032.smt2,unsat,0.14721083641052246,arith/cvc5_mapa/fol_0000032.smt2,unsat,0.015,arith/cvc5_mapa/fol_0000032.smt2,unsat,0.008
bapa/arith/fol_0000033.smt2,sat,0.15465998649597168,arith/cvc5_mapa/fol_0000033.smt2,sat,0.009556770324707031,bapa/arith/fol_0000033.smt2,sat,0.23279500007629395,bapa/arith/fol_0000033.smt2,sat,0.11601018905639648,arith/cvc5_mapa/fol_0000033.smt2,sat,0.012,arith/cvc5_mapa/fol_0000033.smt2,sat,0.005
bapa/arith/fol_0000034.smt2,unsat,0.07262992858886719,arith/cvc5_mapa/fol_0000034.smt2,unsat,0.00909113883972168,bapa/arith/fol_0000034.smt2,unsat,0.09096312522888184,bapa/arith/fol_0000034.smt2,unsat,0.1456890106201172,arith/cvc5_mapa/fol_0000034.smt2,unsat,0.016,arith/cvc5_mapa/fol_0000034.smt2,unsat,0.008
bapa/arith/fol_0000035.smt2,sat,0.15118813514709473,arith/cvc5_mapa/fol_0000035.smt2,sat,0.009910106658935547,bapa/arith/fol_0000035.smt2,sat,0.22761297225952148,bapa/arith/fol_0000035.smt2,sat,0.11308813095092773,arith/cvc5_mapa/fol_0000035.smt2,sat,0.013,arith/cvc5_mapa/fol_0000035.smt2,sat,0.005
bapa/arith/fol_0000036.smt2,sat,0.14636993408203125,arith/cvc5_mapa/fol_0000036.smt2,sat,0.009246110916137695,bapa/arith/fol_0000036.smt2,sat,0.2018899917602539,bapa/arith/fol_0000036.smt2,sat,0.1054542064666748,arith/cvc5_mapa/fol_0000036.smt2,sat,0.012,arith/cvc5_mapa/fol_0000036.smt2,sat,0.005
bapa/arith/fol_0000037.smt2,sat,0.14574193954467773,arith/cvc5_mapa/fol_0000037.smt2,sat,0.009645938873291016,bapa/arith/fol_0000037.smt2,sat,0.2176661491394043,bapa/arith/fol_0000037.smt2,sat,0.11120414733886719,arith/cvc5_mapa/fol_0000037.smt2,sat,0.012,arith/cvc5_mapa/fol_0000037.smt2,sat,0.005
bapa/arith/fol_0000038.smt2,unsat,0.07178688049316406,arith/cvc5_mapa/fol_0000038.smt2,unsat,0.009754180908203125,bapa/arith/fol_0000038.smt2,unsat,0.09027624130249023,bapa/arith/fol_0000038.smt2,unsat,0.1480400562286377,arith/cvc5_mapa/fol_0000038.smt2,unsat,0.014,arith/cvc5_mapa/fol_0000038.smt2,unsat,0.008
bapa/arith/fol_0000039.smt2,sat,0.08679509162902832,arith/cvc5_mapa/fol_0000039.smt2,sat,0.010154008865356445,bapa/arith/fol_0000039.smt2,sat,0.22182393074035645,bapa/arith/fol_0000039.smt2,sat,0.11144018173217773,arith/cvc5_mapa/fol_0000039.smt2,sat,0.012,arith/cvc5_mapa/fol_0000039.smt2,sat,0.005
bapa/arith/fol_0000040.smt2,unsat,0.07361888885498047,arith/cvc5_mapa/fol_0000040.smt2,unsat,0.009348154067993164,bapa/arith/fol_0000040.smt2,unsat,0.0926358699798584,bapa/arith/fol_0000040.smt2,unsat,0.15041208267211914,arith/cvc5_mapa/fol_0000040.smt2,unsat,0.016,arith/cvc5_mapa/fol_0000040.smt2,unsat,0.008
bapa/arith/fol_0000041.smt2,sat,0.14762330055236816,arith/cvc5_mapa/fol_0000041.smt2,sat,0.009034872055053711,bapa/arith/fol_0000041.smt2,sat,0.2236027717590332,bapa/arith/fol_0000041.smt2,sat,0.1102149486541748,arith/cvc5_mapa/fol_0000041.smt2,sat,0.013,arith/cvc5_mapa/fol_0000041.smt2,sat,0.005
bapa/arith/fol_0000042.smt2,sat,0.1442699432373047,arith/cvc5_mapa/fol_0000042.smt2,sat,0.008693218231201172,bapa/arith/fol_0000042.smt2,sat,0.21068072319030762,bapa/arith/fol_0000042.smt2,sat,0.10372090339660645,arith/cvc5_mapa/fol_0000042.smt2,sat,0.012,arith/cvc5_mapa/fol_0000042.smt2,sat,0.005
bapa/arith/fol_0000043.smt2,sat,0.11365199089050293,arith/cvc5_mapa/fol_0000043.smt2,sat,0.009779930114746094,bapa/arith/fol_0000043.smt2,sat,0.25163793563842773,bapa/arith/fol_0000043.smt2,sat,0.09143996238708496,arith/cvc5_mapa/fol_0000043.smt2,sat,0.012,arith/cvc5_mapa/fol_0000043.smt2,sat,0.005
bapa/arith/fol_0000044.smt2,sat,0.08590888977050781,arith/cvc5_mapa/fol_0000044.smt2,sat,0.010084152221679688,bapa/arith/fol_0000044.smt2,sat,0.22380805015563965,bapa/arith/fol_0000044.smt2,sat,0.10890889167785645,arith/cvc5_mapa/fol_0000044.smt2,sat,0.013,arith/cvc5_mapa/fol_0000044.smt2,sat,0.005
bapa/arith/fol_0000045.smt2,unsat,0.1484992504119873,arith/cvc5_mapa/fol_0000045.smt2,unsat,0.024988174438476562,bapa/arith/fol_0000045.smt2,unsat,0.14264917373657227,bapa/arith/fol_0000045.smt2,unsat,0.13025689125061035,arith/cvc5_mapa/fol_0000045.smt2,unsat,0.056,arith/cvc5_mapa/fol_0000045.smt2,unsat,0.046
bapa/arith/fol_0000046.smt2,sat,0.13230490684509277,arith/cvc5_mapa/fol_0000046.smt2,sat,0.013159751892089844,bapa/arith/fol_0000046.smt2,sat,0.20120477676391602,bapa/arith/fol_0000046.smt2,sat,0.10310721397399902,arith/cvc5_mapa/fol_0000046.smt2,sat,0.016,arith/cvc5_mapa/fol_0000046.smt2,sat,0.005
bapa/arith/fol_0000047.smt2,unsat,0.08865809440612793,arith/cvc5_mapa/fol_0000047.smt2,unsat,0.024023056030273438,bapa/arith/fol_0000047.smt2,unsat,0.18261098861694336,bapa/arith/fol_0000047.smt2,unsat,0.1378018856048584,arith/cvc5_mapa/fol_0000047.smt2,unsat,0.053,arith/cvc5_mapa/fol_0000047.smt2,unsat,0.047
bapa/arith/fol_0000048.smt2,sat,0.1868739128112793,arith/cvc5_mapa/fol_0000048.smt2,sat,0.012674808502197266,bapa/arith/fol_0000048.smt2,sat,0.21407818794250488,bapa/arith/fol_0000048.smt2,sat,0.1073598861694336,arith/cvc5_mapa/fol_0000048.smt2,sat,0.013,arith/cvc5_mapa/fol_0000048.smt2,sat,0.005
bapa/arith/fol_0000049.smt2,sat,0.19811296463012695,arith/cvc5_mapa/fol_0000049.smt2,sat,0.013591766357421875,bapa/arith/fol_0000049.smt2,sat,0.2968709468841553,bapa/arith/fol_0000049.smt2,sat,0.11165022850036621,arith/cvc5_mapa/fol_0000049.smt2,sat,0.012,arith/cvc5_mapa/fol_0000049.smt2,sat,0.005
bapa/arith/fol_0000050.smt2,sat,0.07276010513305664,arith/cvc5_mapa/fol_0000050.smt2,sat,0.011942148208618164,bapa/arith/fol_0000050.smt2,sat,0.07511615753173828,bapa/arith/fol_0000050.smt2,sat,0.07530879974365234,arith/cvc5_mapa/fol_0000050.smt2,sat,0.012,arith/cvc5_mapa/fol_0000050.smt2,sat,0.006
bapa/arith/fol_0000051.smt2,sat,0.18199610710144043,arith/cvc5_mapa/fol_0000051.smt2,sat,0.011705875396728516,bapa/arith/fol_0000051.smt2,sat,0.20317792892456055,bapa/arith/fol_0000051.smt2,sat,0.10390591621398926,arith/cvc5_mapa/fol_0000051.smt2,sat,0.01,arith/cvc5_mapa/fol_0000051.smt2,sat,0.005
bapa/arith/fol_0000052.smt2,sat,0.18013811111450195,arith/cvc5_mapa/fol_0000052.smt2,sat,0.011544227600097656,bapa/arith/fol_0000052.smt2,sat,0.2844228744506836,bapa/arith/fol_0000052.smt2,sat,0.10617494583129883,arith/cvc5_mapa/fol_0000052.smt2,sat,0.012,arith/cvc5_mapa/fol_0000052.smt2,sat,0.005
bapa/arith/fol_0000053.smt2,sat,0.18506312370300293,arith/cvc5_mapa/fol_0000053.smt2,sat,0.011445999145507812,bapa/arith/fol_0000053.smt2,sat,0.20914697647094727,bapa/arith/fol_0000053.smt2,sat,0.10510730743408203,arith/cvc5_mapa/fol_0000053.smt2,sat,0.012,arith/cvc5_mapa/fol_0000053.smt2,sat,0.005
bapa/arith/fol_0000054.smt2,sat,0.1828770637512207,arith/cvc5_mapa/fol_0000054.smt2,sat,0.011727333068847656,bapa/arith/fol_0000054.smt2,sat,0.2842128276824951,bapa/arith/fol_0000054.smt2,sat,0.12837719917297363,arith/cvc5_mapa/fol_0000054.smt2,sat,0.012,arith/cvc5_mapa/fol_0000054.smt2,sat,0.005
bapa/arith/fol_0000055.smt2,unsat,0.08011126518249512,arith/cvc5_mapa/fol_0000055.smt2,unsat,0.011173248291015625,bapa/arith/fol_0000055.smt2,unsat,0.09945392608642578,bapa/arith/fol_0000055.smt2,unsat,0.15934491157531738,arith/cvc5_mapa/fol_0000055.smt2,unsat,0.015,arith/cvc5_mapa/fol_0000055.smt2,unsat,0.008
bapa/arith/fol_0000056.smt2,sat,0.15884089469909668,arith/cvc5_mapa/fol_0000056.smt2,sat,0.00983881950378418,bapa/arith/fol_0000056.smt2,sat,0.23517298698425293,bapa/arith/fol_0000056.smt2,sat,0.11885809898376465,arith/cvc5_mapa/fol_0000056.smt2,sat,0.016,arith/cvc5_mapa/fol_0000056.smt2,sat,0.005
bapa/arith/fol_0000057.smt2,sat,0.1750621795654297,arith/cvc5_mapa/fol_0000057.smt2,sat,0.010684013366699219,bapa/arith/fol_0000057.smt2,sat,0.19350600242614746,bapa/arith/fol_0000057.smt2,sat,0.09660792350769043,arith/cvc5_mapa/fol_0000057.smt2,sat,0.013,arith/cvc5_mapa/fol_0000057.smt2,sat,0.005
bapa/arith/fol_0000058.smt2,unsat,0.07231402397155762,arith/cvc5_mapa/fol_0000058.smt2,unsat,0.017667055130004883,bapa/arith/fol_0000058.smt2,unsat,0.7477579116821289,bapa/arith/fol_0000058.smt2,unsat,0.11744999885559082,arith/cvc5_mapa/fol_0000058.smt2,unsat,0.046,arith/cvc5_mapa/fol_0000058.smt2,unsat,0.044
bapa/arith/fol_0000059.smt2,unsat,0.07187891006469727,arith/cvc5_mapa/fol_0000059.smt2,unsat,0.010178089141845703,bapa/arith/fol_0000059.smt2,unsat,0.08812904357910156,bapa/arith/fol_0000059.smt2,unsat,0.14574503898620605,arith/cvc5_mapa/fol_0000059.smt2,unsat,0.015,arith/cvc5_mapa/fol_0000059.smt2,unsat,0.007
bapa/arith/fol_0000060.smt2,unsat,0.15112924575805664,arith/cvc5_mapa/fol_0000060.smt2,unsat,0.023087263107299805,bapa/arith/fol_0000060.smt2,unsat,0.36505722999572754,bapa/arith/fol_0000060.smt2,unsat,0.1283719539642334,arith/cvc5_mapa/fol_0000060.smt2,unsat,0.052,arith/cvc5_mapa/fol_0000060.smt2,unsat,0.044
bapa/arith/fol_0000061.smt2,unsat,0.14328813552856445,arith/cvc5_mapa/fol_0000061.smt2,unsat,0.02421092987060547,bapa/arith/fol_0000061.smt2,unsat,0.32364916801452637,bapa/arith/fol_0000061.smt2,unsat,0.12630915641784668,arith/cvc5_mapa/fol_0000061.smt2,unsat,0.051,arith/cvc5_mapa/fol_0000061.smt2,unsat,0.043
bapa/arith/fol_0000062.smt2,sat,0.17766118049621582,arith/cvc5_mapa/fol_0000062.smt2,sat,0.01273798942565918,bapa/arith/fol_0000062.smt2,sat,0.26767897605895996,bapa/arith/fol_0000062.smt2,sat,0.10082387924194336,arith/cvc5_mapa/fol_0000062.smt2,sat,0.017,arith/cvc5_mapa/fol_0000062.smt2,sat,0.005
bapa/arith/fol_0000063.smt2,unsat,0.1401381492614746,arith/cvc5_mapa/fol_0000063.smt2,unsat,0.023216962814331055,bapa/arith/fol_0000063.smt2,unsat,0.16393303871154785,bapa/arith/fol_0000063.smt2,unsat,0.1268002986907959,arith/cvc5_mapa/fol_0000063.smt2,unsat,0.051,arith/cvc5_mapa/fol_0000063.smt2,unsat,0.042
bapa/arith/fol_0000064.smt2,unsat,0.07378578186035156,arith/cvc5_mapa/fol_0000064.smt2,unsat,0.010437250137329102,bapa/arith/fol_0000064.smt2,unsat,0.09125900268554688,bapa/arith/fol_0000064.smt2,unsat,0.1510300636291504,arith/cvc5_mapa/fol_0000064.smt2,unsat,0.014,arith/cvc5_mapa/fol_0000064.smt2,unsat,0.007
bapa/arith/fol_0000065.smt2,unsat,0.0815420150756836,arith/cvc5_mapa/fol_0000065.smt2,unsat,0.02367877960205078,bapa/arith/fol_0000065.smt2,unsat,0.14283227920532227,bapa/arith/fol_0000065.smt2,unsat,0.12882590293884277,arith/cvc5_mapa/fol_0000065.smt2,unsat,0.054,arith/cvc5_mapa/fol_0000065.smt2,unsat,0.044
bapa/arith/fol_0000066.smt2,unsat,0.1487259864807129,arith/cvc5_mapa/fol_0000066.smt2,unsat,0.024093151092529297,bapa/arith/fol_0000066.smt2,unsat,0.2916722297668457,bapa/arith/fol_0000066.smt2,unsat,0.1309800148010254,arith/cvc5_mapa/fol_0000066.smt2,unsat,0.056,arith/cvc5_mapa/fol_0000066.smt2,unsat,0.042
bapa/arith/fol_0000067.smt2,unsat,0.14394593238830566,arith/cvc5_mapa/fol_0000067.smt2,unsat,0.023521900177001953,bapa/arith/fol_0000067.smt2,unsat,0.37568187713623047,bapa/arith/fol_0000067.smt2,unsat,0.1282808780670166,arith/cvc5_mapa/fol_0000067.smt2,unsat,0.048,arith/cvc5_mapa/fol_0000067.smt2,unsat,0.043
bapa/arith/fol_0000068.smt2,unsat,0.08126616477966309,arith/cvc5_mapa/fol_0000068.smt2,unsat,0.02320384979248047,bapa/arith/fol_0000068.smt2,unsat,2.4661707878112793,bapa/arith/fol_0000068.smt2,unsat,0.13019108772277832,arith/cvc5_mapa/fol_0000068.smt2,unsat,0.054,arith/cvc5_mapa/fol_0000068.smt2,unsat,0.042
bapa/arith/fol_0000069.smt2,sat,0.17416691780090332,arith/cvc5_mapa/fol_0000069.smt2,sat,0.012271881103515625,bapa/arith/fol_0000069.smt2,sat,0.2626941204071045,bapa/arith/fol_0000069.smt2,sat,0.10167479515075684,arith/cvc5_mapa/fol_0000069.smt2,sat,0.017,arith/cvc5_mapa/fol_0000069.smt2,sat,0.005
bapa/arith/fol_0000070.smt2,unsat,0.15909337997436523,arith/cvc5_mapa/fol_0000070.smt2,unsat,0.022136926651000977,bapa/arith/fol_0000070.smt2,unsat,0.5565271377563477,bapa/arith/fol_0000070.smt2,unsat,0.1366569995880127,arith/cvc5_mapa/fol_0000070.smt2,unsat,0.052,arith/cvc5_mapa/fol_0000070.smt2,unsat,0.043
bapa/arith/fol_0000071.smt2,sat,0.21404790878295898,arith/cvc5_mapa/fol_0000071.smt2,sat,0.011460065841674805,bapa/arith/fol_0000071.smt2,sat,0.2862839698791504,bapa/arith/fol_0000071.smt2,sat,0.10441303253173828,arith/cvc5_mapa/fol_0000071.smt2,sat,0.014,arith/cvc5_mapa/fol_0000071.smt2,sat,0.005
bapa/arith/fol_0000072.smt2,sat,0.1837148666381836,arith/cvc5_mapa/fol_0000072.smt2,sat,0.01247406005859375,bapa/arith/fol_0000072.smt2,sat,0.2792477607727051,bapa/arith/fol_0000072.smt2,sat,0.10464906692504883,arith/cvc5_mapa/fol_0000072.smt2,sat,0.017,arith/cvc5_mapa/fol_0000072.smt2,sat,0.005
bapa/arith/fol_0000073.smt2,sat,0.07268905639648438,arith/cvc5_mapa/fol_0000073.smt2,sat,0.011137008666992188,bapa/arith/fol_0000073.smt2,sat,0.07429194450378418,bapa/arith/fol_0000073.smt2,sat,0.0746469497680664,arith/cvc5_mapa/fol_0000073.smt2,sat,0.014,arith/cvc5_mapa/fol_0000073.smt2,sat,0.005
bapa/arith/fol_0000074.smt2,sat,0.18479394912719727,arith/cvc5_mapa/fol_0000074.smt2,sat,0.012422800064086914,bapa/arith/fol_0000074.smt2,sat,0.2104959487915039,bapa/arith/fol_0000074.smt2,sat,0.10455608367919922,arith/cvc5_mapa/fol_0000074.smt2,sat,0.013,arith/cvc5_mapa/fol_0000074.smt2,sat,0.005
bapa/arith/fol_0000075.smt2,sat,0.12843084335327148,arith/cvc5_mapa/fol_0000075.smt2,sat,0.011495828628540039,bapa/arith/fol_0000075.smt2,sat,0.1970841884613037,bapa/arith/fol_0000075.smt2,sat,0.09731602668762207,arith/cvc5_mapa/fol_0000075.smt2,sat,0.012,arith/cvc5_mapa/fol_0000075.smt2,sat,0.005
bapa/arith/fol_0000076.smt2,sat,0.20128512382507324,arith/cvc5_mapa/fol_0000076.smt2,sat,0.01320505142211914,bapa/arith/fol_0000076.smt2,sat,0.28762388229370117,bapa/arith/fol_0000076.smt2,sat,0.1079568862915039,arith/cvc5_mapa/fol_0000076.smt2,sat,0.012,arith/cvc5_mapa/fol_0000076.smt2,sat,0.005
bapa/arith/fol_0000077.smt2,sat,0.18615198135375977,arith/cvc5_mapa/fol_0000077.smt2,sat,0.013217926025390625,bapa/arith/fol_0000077.smt2,sat,0.28317689895629883,bapa/arith/fol_0000077.smt2,sat,0.1065988540649414,arith/cvc5_mapa/fol_0000077.smt2,sat,0.012,arith/cvc5_mapa/fol_0000077.smt2,sat,0.005
bapa/arith/fol_0000078.smt2,unsat,0.08106422424316406,arith/cvc5_mapa/fol_0000078.smt2,unsat,0.011760950088500977,bapa/arith/fol_0000078.smt2,unsat,0.10024714469909668,bapa/arith/fol_0000078.smt2,unsat,0.16088104248046875,arith/cvc5_mapa/fol_0000078.smt2,unsat,0.014,arith/cvc5_mapa/fol_0000078.smt2,unsat,0.008
bapa/arith/fol_0000079.smt2,sat,0.16945695877075195,arith/cvc5_mapa/fol_0000079.smt2,sat,0.011390924453735352,bapa/arith/fol_0000079.smt2,sat,0.24755311012268066,bapa/arith/fol_0000079.smt2,sat,0.12207484245300293,arith/cvc5_mapa/fol_0000079.smt2,sat,0.013,arith/cvc5_mapa/fol_0000079.smt2,sat,0.005
bapa/arith/fol_0000080.smt2,sat,0.16280412673950195,arith/cvc5_mapa/fol_0000080.smt2,sat,0.011144876480102539,bapa/arith/fol_0000080.smt2,sat,0.23728394508361816,bapa/arith/fol_0000080.smt2,sat,0.11704492568969727,arith/cvc5_mapa/fol_0000080.smt2,sat,0.012,arith/cvc5_mapa/fol_0000080.smt2,sat,0.005
bapa/arith/fol_0000081.smt2,unsat,0.07537698745727539,arith/cvc5_mapa/fol_0000081.smt2,unsat,0.009262800216674805,bapa/arith/fol_0000081.smt2,unsat,0.09293198585510254,bapa/arith/fol_0000081.smt2,unsat,0.15370488166809082,arith/cvc5_mapa/fol_0000081.smt2,unsat,0.014,arith/cvc5_mapa/fol_0000081.smt2,unsat,0.007
bapa/arith/fol_0000082.smt2,sat,0.1560688018798828,arith/cvc5_mapa/fol_0000082.smt2,sat,0.010712623596191406,bapa/arith/fol_0000082.smt2,sat,0.2370448112487793,bapa/arith/fol_0000082.smt2,sat,0.11735296249389648,arith/cvc5_mapa/fol_0000082.smt2,sat,0.012,arith/cvc5_mapa/fol_0000082.smt2,sat,0.005
bapa/arith/fol_0000083.smt2,unsat,0.0737447738647461,arith/cvc5_mapa/fol_0000083.smt2,unsat,0.010323286056518555,bapa/arith/fol_0000083.smt2,unsat,0.09298419952392578,bapa/arith/fol_0000083.smt2,unsat,0.14972496032714844,arith/cvc5_mapa/fol_0000083.smt2,unsat,0.015,arith/cvc5_mapa/fol_0000083.smt2,unsat,0.007
bapa/arith/fol_0000084.smt2,sat,0.17774391174316406,arith/cvc5_mapa/fol_0000084.smt2,sat,0.010007858276367188,bapa/arith/fol_0000084.smt2,sat,0.27262210845947266,bapa/arith/fol_0000084.smt2,sat,0.10248994827270508,arith/cvc5_mapa/fol_0000084.smt2,sat,0.014,arith/cvc5_mapa/fol_0000084.smt2,sat,0.005
bapa/arith/fol_0000085.smt2,unsat,0.14425086975097656,arith/cvc5_mapa/fol_0000085.smt2,unsat,0.023215055465698242,bapa/arith/fol_0000085.smt2,unsat,0.4885690212249756,bapa/arith/fol_0000085.smt2,unsat,0.12597084045410156,arith/cvc5_mapa/fol_0000085.smt2,unsat,0.054,arith/cvc5_mapa/fol_0000085.smt2,unsat,0.044
bapa/arith/fol_0000086.smt2,unsat,0.19250106811523438,arith/cvc5_mapa/fol_0000086.smt2,unsat,0.020634889602661133,bapa/arith/fol_0000086.smt2,unsat,0.32282400131225586,bapa/arith/fol_0000086.smt2,unsat,0.12578272819519043,arith/cvc5_mapa/fol_0000086.smt2,unsat,0.053,arith/cvc5_mapa/fol_0000086.smt2,unsat,0.042
bapa/arith/fol_0000087.smt2,unsat,0.07731819152832031,arith/cvc5_mapa/fol_0000087.smt2,unsat,0.00935816764831543,bapa/arith/fol_0000087.smt2,unsat,0.09560990333557129,bapa/arith/fol_0000087.smt2,unsat,0.1528022289276123,arith/cvc5_mapa/fol_0000087.smt2,unsat,0.016,arith/cvc5_mapa/fol_0000087.smt2,unsat,0.008
bapa/arith/fol_0000088.smt2,unsat,0.08215022087097168,arith/cvc5_mapa/fol_0000088.smt2,unsat,0.02071404457092285,bapa/arith/fol_0000088.smt2,unsat,0.7191901206970215,bapa/arith/fol_0000088.smt2,unsat,0.1299581527709961,arith/cvc5_mapa/fol_0000088.smt2,unsat,0.05,arith/cvc5_mapa/fol_0000088.smt2,unsat,0.042
bapa/arith/fol_0000089.smt2,unsat,0.16075801849365234,arith/cvc5_mapa/fol_0000089.smt2,unsat,0.022138118743896484,bapa/arith/fol_0000089.smt2,unsat,0.2864980697631836,bapa/arith/fol_0000089.smt2,unsat,0.13417506217956543,arith/cvc5_mapa/fol_0000089.smt2,unsat,0.051,arith/cvc5_mapa/fol_0000089.smt2,unsat,0.042
bapa/arith/fol_0000090.smt2,sat,0.15182995796203613,arith/cvc5_mapa/fol_0000090.smt2,sat,0.011081933975219727,bapa/arith/fol_0000090.smt2,sat,0.22540593147277832,bapa/arith/fol_0000090.smt2,sat,0.11181426048278809,arith/cvc5_mapa/fol_0000090.smt2,sat,0.012,arith/cvc5_mapa/fol_0000090.smt2,sat,0.005
bapa/arith/fol_0000091.smt2,unsat,0.07292008399963379,arith/cvc5_mapa/fol_0000091.smt2,unsat,0.009963035583496094,bapa/arith/fol_0000091.smt2,unsat,0.09347414970397949,bapa/arith/fol_0000091.smt2,unsat,0.1470019817352295,arith/cvc5_mapa/fol_0000091.smt2,unsat,0.014,arith/cvc5_mapa/fol_0000091.smt2,unsat,0.007
bapa/arith/fol_0000092.smt2,unsat,0.07528090476989746,arith/cvc5_mapa/fol_0000092.smt2,unsat,0.009924173355102539,bapa/arith/fol_0000092.smt2,unsat,0.0957648754119873,bapa/arith/fol_0000092.smt2,unsat,0.153594970703125,arith/cvc5_mapa/fol_0000092.smt2,unsat,0.014,arith/cvc5_mapa/fol_0000092.smt2,unsat,0.008
bapa/arith/fol_0000093.smt2,unsat,0.07659792900085449,arith/cvc5_mapa/fol_0000093.smt2,unsat,0.01005101203918457,bapa/arith/fol_0000093.smt2,unsat,0.09534597396850586,bapa/arith/fol_0000093.smt2,unsat,0.15601205825805664,arith/cvc5_mapa/fol_0000093.smt2,unsat,0.015,arith/cvc5_mapa/fol_0000093.smt2,unsat,0.008
bapa/arith/fol_0000094.smt2,unsat,0.08297610282897949,arith/cvc5_mapa/fol_0000094.smt2,unsat,0.022350072860717773,bapa/arith/fol_0000094.smt2,unsat,1.2752130031585693,bapa/arith/fol_0000094.smt2,unsat,0.12729907035827637,arith/cvc5_mapa/fol_0000094.smt2,unsat,0.051,arith/cvc5_mapa/fol_0000094.smt2,unsat,0.042
bapa/arith/fol_0000095.smt2,unsat,0.08200788497924805,arith/cvc5_mapa/fol_0000095.smt2,unsat,0.02252793312072754,bapa/arith/fol_0000095.smt2,unsat,2.5901267528533936,bapa/arith/fol_0000095.smt2,unsat,0.12828493118286133,arith/cvc5_mapa/fol_0000095.smt2,unsat,0.05,arith/cvc5_mapa/fol_0000095.smt2,unsat,0.041
bapa/arith/fol_0000096.smt2,sat,0.1762380599975586,arith/cvc5_mapa/fol_0000096.smt2,sat,0.011773824691772461,bapa/arith/fol_0000096.smt2,sat,0.26119184494018555,bapa/arith/fol_0000096.smt2,sat,0.0974268913269043,arith/cvc5_mapa/fol_0000096.smt2,sat,0.013,arith/cvc5_mapa/fol_0000096.smt2,sat,0.005
bapa/arith/fol_0000097.smt2,unsat,0.08827590942382812,arith/cvc5_mapa/fol_0000097.smt2,unsat,0.02295684814453125,bapa/arith/fol_0000097.smt2,unsat,0.5994241237640381,bapa/arith/fol_0000097.smt2,unsat,0.13513970375061035,arith/cvc5_mapa/fol_0000097.smt2,unsat,0.054,arith/cvc5_mapa/fol_0000097.smt2,unsat,0.041
bapa/arith/fol_0000098.smt2,unsat,0.08737993240356445,arith/cvc5_mapa/fol_0000098.smt2,unsat,0.023223161697387695,bapa/arith/fol_0000098.smt2,unsat,9.509116888046265,bapa/arith/fol_0000098.smt2,unsat,0.1371450424194336,arith/cvc5_mapa/fol_0000098.smt2,unsat,0.051,arith/cvc5_mapa/fol_0000098.smt2,unsat,0.043
bapa/arith/fol_0000099.smt2,sat,0.20016694068908691,arith/cvc5_mapa/fol_0000099.smt2,sat,0.011574029922485352,bapa/arith/fol_0000099.smt2,sat,0.20790886878967285,bapa/arith/fol_0000099.smt2,sat,0.10480999946594238,arith/cvc5_mapa/fol_0000099.smt2,sat,0.014,arith/cvc5_mapa/fol_0000099.smt2,sat,0.005
bapa/arith/fol_0000100.smt2,sat,0.19240999221801758,arith/cvc5_mapa/fol_0000100.smt2,sat,0.012811899185180664,bapa/arith/fol_0000100.smt2,sat,0.2880997657775879,bapa/arith/fol_0000100.smt2,sat,0.1107950210571289,arith/cvc5_mapa/fol_0000100.smt2,sat,0.013,arith/cvc5_mapa/fol_0000100.smt2,sat,0.005
bapa/arith/fol_0000101.smt2,sat,0.07269692420959473,arith/cvc5_mapa/fol_0000101.smt2,sat,0.011389970779418945,bapa/arith/fol_0000101.smt2,sat,0.07397198677062988,bapa/arith/fol_0000101.smt2,sat,0.07387804985046387,arith/cvc5_mapa/fol_0000101.smt2,sat,0.014,arith/cvc5_mapa/fol_0000101.smt2,sat,0.005
bapa/arith/fol_0000102.smt2,sat,0.19451308250427246,arith/cvc5_mapa/fol_0000102.smt2,sat,0.01161503791809082,bapa/arith/fol_0000102.smt2,sat,0.27793002128601074,bapa/arith/fol_0000102.smt2,sat,0.10997581481933594,arith/cvc5_mapa/fol_0000102.smt2,sat,0.013,arith/cvc5_mapa/fol_0000102.smt2,sat,0.006
bapa/arith/fol_0000103.smt2,sat,0.2106609344482422,arith/cvc5_mapa/fol_0000103.smt2,sat,0.011412858963012695,bapa/arith/fol_0000103.smt2,sat,0.2695341110229492,bapa/arith/fol_0000103.smt2,sat,0.10535120964050293,arith/cvc5_mapa/fol_0000103.smt2,sat,0.012,arith/cvc5_mapa/fol_0000103.smt2,sat,0.005
bapa/arith/fol_0000104.smt2,sat,0.19339704513549805,arith/cvc5_mapa/fol_0000104.smt2,sat,0.011439323425292969,bapa/arith/fol_0000104.smt2,sat,0.2784430980682373,bapa/arith/fol_0000104.smt2,sat,0.13481497764587402,arith/cvc5_mapa/fol_0000104.smt2,sat,0.012,arith/cvc5_mapa/fol_0000104.smt2,sat,0.005
bapa/arith/fol_0000105.smt2,sat,0.19172000885009766,arith/cvc5_mapa/fol_0000105.smt2,sat,0.012595891952514648,bapa/arith/fol_0000105.smt2,sat,0.28874993324279785,bapa/arith/fol_0000105.smt2,sat,0.1087639331817627,arith/cvc5_mapa/fol_0000105.smt2,sat,0.012,arith/cvc5_mapa/fol_0000105.smt2,sat,0.005
bapa/arith/fol_0000106.smt2,sat,0.18314480781555176,arith/cvc5_mapa/fol_0000106.smt2,sat,0.012233972549438477,bapa/arith/fol_0000106.smt2,sat,0.27643299102783203,bapa/arith/fol_0000106.smt2,sat,0.10661196708679199,arith/cvc5_mapa/fol_0000106.smt2,sat,0.013,arith/cvc5_mapa/fol_0000106.smt2,sat,0.005
bapa/arith/fol_0000107.smt2,unsat,0.07874202728271484,arith/cvc5_mapa/fol_0000107.smt2,unsat,0.009716987609863281,bapa/arith/fol_0000107.smt2,unsat,0.09812593460083008,bapa/arith/fol_0000107.smt2,unsat,0.15485405921936035,arith/cvc5_mapa/fol_0000107.smt2,unsat,0.014,arith/cvc5_mapa/fol_0000107.smt2,unsat,0.007
bapa/arith/fol_0000108.smt2,sat,0.09389901161193848,arith/cvc5_mapa/fol_0000108.smt2,sat,0.010795116424560547,bapa/arith/fol_0000108.smt2,sat,0.12382102012634277,bapa/arith/fol_0000108.smt2,sat,0.1191720962524414,arith/cvc5_mapa/fol_0000108.smt2,sat,0.011,arith/cvc5_mapa/fol_0000108.smt2,sat,0.005
bapa/arith/fol_0000109.smt2,sat,0.17740297317504883,arith/cvc5_mapa/fol_0000109.smt2,sat,0.011582136154174805,bapa/arith/fol_0000109.smt2,sat,0.27698516845703125,bapa/arith/fol_0000109.smt2,sat,0.10052204132080078,arith/cvc5_mapa/fol_0000109.smt2,sat,0.012,arith/cvc5_mapa/fol_0000109.smt2,sat,0.005
bapa/arith/fol_0000110.smt2,unsat,0.08271312713623047,arith/cvc5_mapa/fol_0000110.smt2,unsat,0.022528648376464844,bapa/arith/fol_0000110.smt2,unsat,0.14182090759277344,bapa/arith/fol_0000110.smt2,unsat,0.1293642520904541,arith/cvc5_mapa/fol_0000110.smt2,unsat,0.049,arith/cvc5_mapa/fol_0000110.smt2,unsat,0.042
bapa/arith/fol_0000111.smt2,unsat,0.07367181777954102,arith/cvc5_mapa/fol_0000111.smt2,unsat,0.009215831756591797,bapa/arith/fol_0000111.smt2,unsat,0.09414982795715332,bapa/arith/fol_0000111.smt2,unsat,0.14909791946411133,arith/cvc5_mapa/fol_0000111.smt2,unsat,0.015,arith/cvc5_mapa/fol_0000111.smt2,unsat,0.007
bapa/arith/fol_0000112.smt2,unsat,0.08203601837158203,arith/cvc5_mapa/fol_0000112.smt2,unsat,0.02147674560546875,bapa/arith/fol_0000112.smt2,timeout,100.0064308643341,bapa/arith/fol_0000112.smt2,unsat,0.12693238258361816,arith/cvc5_mapa/fol_0000112.smt2,unsat,0.05,arith/cvc5_mapa/fol_0000112.smt2,unsat,0.041
bapa/arith/fol_0000113.smt2,sat,0.16689300537109375,arith/cvc5_mapa/fol_0000113.smt2,sat,0.01079106330871582,bapa/arith/fol_0000113.smt2,sat,0.2274761199951172,bapa/arith/fol_0000113.smt2,sat,0.1202239990234375,arith/cvc5_mapa/fol_0000113.smt2,sat,0.016,arith/cvc5_mapa/fol_0000113.smt2,sat,0.005
bapa/arith/fol_0000114.smt2,unsat,0.07852578163146973,arith/cvc5_mapa/fol_0000114.smt2,unsat,0.01103520393371582,bapa/arith/fol_0000114.smt2,unsat,0.09823894500732422,bapa/arith/fol_0000114.smt2,unsat,0.1551978588104248,arith/cvc5_mapa/fol_0000114.smt2,unsat,0.015,arith/cvc5_mapa/fol_0000114.smt2,unsat,0.008
bapa/arith/fol_0000115.smt2,unsat,0.07309985160827637,arith/cvc5_mapa/fol_0000115.smt2,unsat,0.008889913558959961,bapa/arith/fol_0000115.smt2,unsat,0.0927269458770752,bapa/arith/fol_0000115.smt2,unsat,0.14840292930603027,arith/cvc5_mapa/fol_0000115.smt2,unsat,0.015,arith/cvc5_mapa/fol_0000115.smt2,unsat,0.007
bapa/arith/fol_0000116.smt2,unsat,0.07576608657836914,arith/cvc5_mapa/fol_0000116.smt2,unsat,0.009893178939819336,bapa/arith/fol_0000116.smt2,unsat,0.09518098831176758,bapa/arith/fol_0000116.smt2,unsat,0.15318679809570312,arith/cvc5_mapa/fol_0000116.smt2,unsat,0.016,arith/cvc5_mapa/fol_0000116.smt2,unsat,0.007
bapa/arith/fol_0000117.smt2,sat,0.15537309646606445,arith/cvc5_mapa/fol_0000117.smt2,sat,0.009212255477905273,bapa/arith/fol_0000117.smt2,sat,0.22687721252441406,bapa/arith/fol_0000117.smt2,sat,0.11286091804504395,arith/cvc5_mapa/fol_0000117.smt2,sat,0.012,arith/cvc5_mapa/fol_0000117.smt2,sat,0.005
bapa/arith/fol_0000118.smt2,sat,0.17359495162963867,arith/cvc5_mapa/fol_0000118.smt2,sat,0.010098934173583984,bapa/arith/fol_0000118.smt2,sat,0.2633969783782959,bapa/arith/fol_0000118.smt2,sat,0.09678173065185547,arith/cvc5_mapa/fol_0000118.smt2,sat,0.013,arith/cvc5_mapa/fol_0000118.smt2,sat,0.005
bapa/arith/fol_0000119.smt2,unsat,0.08214688301086426,arith/cvc5_mapa/fol_0000119.smt2,unsat,0.022087812423706055,bapa/arith/fol_0000119.smt2,unsat,0.5438878536224365,bapa/arith/fol_0000119.smt2,unsat,0.12677621841430664,arith/cvc5_mapa/fol_0000119.smt2,unsat,0.051,arith/cvc5_mapa/fol_0000119.smt2,unsat,0.041
bapa/arith/fol_0000120.smt2,unsat,0.07162904739379883,arith/cvc5_mapa/fol_0000120.smt2,unsat,0.009107112884521484,bapa/arith/fol_0000120.smt2,unsat,0.0904381275177002,bapa/arith/fol_0000120.smt2,unsat,0.14855194091796875,arith/cvc5_mapa/fol_0000120.smt2,unsat,0.015,arith/cvc5_mapa/fol_0000120.smt2,unsat,0.007
bapa/card/fol_0000001.smt2,sat,0.14220690727233887,card/cvc5_mapa/fol_0000001.smt2,sat,0.0052089691162109375,bapa/card/fol_0000001.smt2,sat,0.2126779556274414,bapa/card/fol_0000001.smt2,sat,0.10399293899536133,card/cvc5_mapa/fol_0000001.smt2,sat,0.009,card/cvc5_mapa/fol_0000001.smt2,sat,0.005
bapa/card/fol_0000002.smt2,sat,0.07645177841186523,card/cvc5_mapa/fol_0000002.smt2,sat,0.004087924957275391,bapa/card/fol_0000002.smt2,sat,0.20574307441711426,bapa/card/fol_0000002.smt2,sat,0.10035300254821777,card/cvc5_mapa/fol_0000002.smt2,sat,0.005,card/cvc5_mapa/fol_0000002.smt2,sat,0.004
bapa/card/fol_0000003.smt2,sat,0.1406261920928955,card/cvc5_mapa/fol_0000003.smt2,sat,0.00459599494934082,bapa/card/fol_0000003.smt2,sat,0.2098407745361328,bapa/card/fol_0000003.smt2,sat,0.09849786758422852,card/cvc5_mapa/fol_0000003.smt2,sat,0.006,card/cvc5_mapa/fol_0000003.smt2,sat,0.004
bapa/card/fol_0000004.smt2,sat,0.13718485832214355,card/cvc5_mapa/fol_0000004.smt2,sat,0.004858970642089844,bapa/card/fol_0000004.smt2,sat,0.20876598358154297,bapa/card/fol_0000004.smt2,sat,0.10108780860900879,card/cvc5_mapa/fol_0000004.smt2,sat,0.006,card/cvc5_mapa/fol_0000004.smt2,sat,0.005
bapa/card/fol_0000005.smt2,sat,0.13427186012268066,card/cvc5_mapa/fol_0000005.smt2,sat,0.004164695739746094,bapa/card/fol_0000005.smt2,sat,0.10485577583312988,bapa/card/fol_0000005.smt2,sat,0.09897804260253906,card/cvc5_mapa/fol_0000005.smt2,sat,0.005,card/cvc5_mapa/fol_0000005.smt2,sat,0.004
bapa/card/fol_0000006.smt2,sat,0.07674002647399902,card/cvc5_mapa/fol_0000006.smt2,sat,0.0044689178466796875,bapa/card/fol_0000006.smt2,sat,0.21103692054748535,bapa/card/fol_0000006.smt2,sat,0.10064888000488281,card/cvc5_mapa/fol_0000006.smt2,sat,0.005,card/cvc5_mapa/fol_0000006.smt2,sat,0.005
bapa/card/fol_0000007.smt2,sat,0.1373908519744873,card/cvc5_mapa/fol_0000007.smt2,sat,0.004296064376831055,bapa/card/fol_0000007.smt2,sat,0.2115788459777832,bapa/card/fol_0000007.smt2,sat,0.10110092163085938,card/cvc5_mapa/fol_0000007.smt2,sat,0.005,card/cvc5_mapa/fol_0000007.smt2,sat,0.004
bapa/card/fol_0000008.smt2,sat,0.13631725311279297,card/cvc5_mapa/fol_0000008.smt2,sat,0.004240989685058594,bapa/card/fol_0000008.smt2,sat,0.21121716499328613,bapa/card/fol_0000008.smt2,sat,0.10132908821105957,card/cvc5_mapa/fol_0000008.smt2,sat,0.006,card/cvc5_mapa/fol_0000008.smt2,sat,0.005
bapa/card/fol_0000009.smt2,sat,0.1401228904724121,card/cvc5_mapa/fol_0000009.smt2,sat,0.004235982894897461,bapa/card/fol_0000009.smt2,sat,0.20320892333984375,bapa/card/fol_0000009.smt2,sat,0.10046911239624023,card/cvc5_mapa/fol_0000009.smt2,sat,0.006,card/cvc5_mapa/fol_0000009.smt2,sat,0.005
bapa/card/fol_0000010.smt2,sat,0.13725709915161133,card/cvc5_mapa/fol_0000010.smt2,sat,0.004057884216308594,bapa/card/fol_0000010.smt2,sat,0.099395751953125,bapa/card/fol_0000010.smt2,sat,0.09886908531188965,card/cvc5_mapa/fol_0000010.smt2,sat,0.005,card/cvc5_mapa/fol_0000010.smt2,sat,0.005
bapa/card/fol_0000011.smt2,sat,0.14081096649169922,card/cvc5_mapa/fol_0000011.smt2,sat,0.0041599273681640625,bapa/card/fol_0000011.smt2,sat,0.2105560302734375,bapa/card/fol_0000011.smt2,sat,0.10242581367492676,card/cvc5_mapa/fol_0000011.smt2,sat,0.005,card/cvc5_mapa/fol_0000011.smt2,sat,0.005
bapa/card/fol_0000012.smt2,sat,0.14048290252685547,card/cvc5_mapa/fol_0000012.smt2,sat,0.003809690475463867,bapa/card/fol_0000012.smt2,sat,0.20985698699951172,bapa/card/fol_0000012.smt2,sat,0.10137701034545898,card/cvc5_mapa/fol_0000012.smt2,sat,0.006,card/cvc5_mapa/fol_0000012.smt2,sat,0.005
bapa/card/fol_0000013.smt2,sat,0.14320087432861328,card/cvc5_mapa/fol_0000013.smt2,sat,0.004082202911376953,bapa/card/fol_0000013.smt2,sat,0.20997405052185059,bapa/card/fol_0000013.smt2,sat,0.10197877883911133,card/cvc5_mapa/fol_0000013.smt2,sat,0.006,card/cvc5_mapa/fol_0000013.smt2,sat,0.005
bapa/card/fol_0000014.smt2,sat,0.1427440643310547,card/cvc5_mapa/fol_0000014.smt2,sat,0.004541873931884766,bapa/card/fol_0000014.smt2,sat,0.10405397415161133,bapa/card/fol_0000014.smt2,sat,0.10278892517089844,card/cvc5_mapa/fol_0000014.smt2,sat,0.006,card/cvc5_mapa/fol_0000014.smt2,sat,0.005
bapa/card/fol_0000015.smt2,sat,0.14253973960876465,card/cvc5_mapa/fol_0000015.smt2,sat,0.003899812698364258,bapa/card/fol_0000015.smt2,sat,0.10453104972839355,bapa/card/fol_0000015.smt2,sat,0.10275077819824219,card/cvc5_mapa/fol_0000015.smt2,sat,0.006,card/cvc5_mapa/fol_0000015.smt2,sat,0.005
bapa/card/fol_0000016.smt2,sat,0.08211517333984375,card/cvc5_mapa/fol_0000016.smt2,sat,0.0042421817779541016,bapa/card/fol_0000016.smt2,sat,0.26694393157958984,bapa/card/fol_0000016.smt2,sat,0.10135674476623535,card/cvc5_mapa/fol_0000016.smt2,sat,0.005,card/cvc5_mapa/fol_0000016.smt2,sat,0.005
bapa/card/fol_0000017.smt2,sat,0.0795447826385498,card/cvc5_mapa/fol_0000017.smt2,sat,0.0044400691986083984,bapa/card/fol_0000017.smt2,sat,0.21812224388122559,bapa/card/fol_0000017.smt2,sat,0.10199904441833496,card/cvc5_mapa/fol_0000017.smt2,sat,0.005,card/cvc5_mapa/fol_0000017.smt2,sat,0.005
bapa/card/fol_0000018.smt2,sat,0.14200305938720703,card/cvc5_mapa/fol_0000018.smt2,sat,0.004251003265380859,bapa/card/fol_0000018.smt2,sat,0.21019315719604492,bapa/card/fol_0000018.smt2,sat,0.1008303165435791,card/cvc5_mapa/fol_0000018.smt2,sat,0.005,card/cvc5_mapa/fol_0000018.smt2,sat,0.005
bapa/card/fol_0000019.smt2,sat,0.15072274208068848,card/cvc5_mapa/fol_0000019.smt2,sat,0.004968881607055664,bapa/card/fol_0000019.smt2,sat,0.11370301246643066,bapa/card/fol_0000019.smt2,sat,0.10959386825561523,card/cvc5_mapa/fol_0000019.smt2,sat,0.006,card/cvc5_mapa/fol_0000019.smt2,sat,0.005
bapa/card/fol_0000020.smt2,sat,0.08083891868591309,card/cvc5_mapa/fol_0000020.smt2,sat,0.004334688186645508,bapa/card/fol_0000020.smt2,sat,0.2184770107269287,bapa/card/fol_0000020.smt2,sat,0.1068120002746582,card/cvc5_mapa/fol_0000020.smt2,sat,0.006,card/cvc5_mapa/fol_0000020.smt2,sat,0.005
bapa/card/fol_0000021.smt2,unsat,0.06659317016601562,card/cvc5_mapa/fol_0000021.smt2,unsat,0.0038909912109375,bapa/card/fol_0000021.smt2,unsat,0.08637714385986328,bapa/card/fol_0000021.smt2,unsat,0.14288806915283203,card/cvc5_mapa/fol_0000021.smt2,unsat,0.008,card/cvc5_mapa/fol_0000021.smt2,unsat,0.009
bapa/card/fol_0000022.smt2,sat,0.14330005645751953,card/cvc5_mapa/fol_0000022.smt2,sat,0.004333972930908203,bapa/card/fol_0000022.smt2,sat,0.22216296195983887,bapa/card/fol_0000022.smt2,sat,0.1059572696685791,card/cvc5_mapa/fol_0000022.smt2,sat,0.006,card/cvc5_mapa/fol_0000022.smt2,sat,0.005
bapa/card/fol_0000023.smt2,unsat,0.0683441162109375,card/cvc5_mapa/fol_0000023.smt2,unsat,0.00384521484375,bapa/card/fol_0000023.smt2,unsat,0.08766508102416992,bapa/card/fol_0000023.smt2,unsat,0.14649200439453125,card/cvc5_mapa/fol_0000023.smt2,unsat,0.016,card/cvc5_mapa/fol_0000023.smt2,unsat,0.009
bapa/card/fol_0000024.smt2,sat,0.08435773849487305,card/cvc5_mapa/fol_0000024.smt2,sat,0.005400180816650391,bapa/card/fol_0000024.smt2,sat,0.11544322967529297,bapa/card/fol_0000024.smt2,sat,0.11105585098266602,card/cvc5_mapa/fol_0000024.smt2,sat,0.006,card/cvc5_mapa/fol_0000024.smt2,sat,0.005
bapa/card/fol_0000025.smt2,sat,0.1375563144683838,card/cvc5_mapa/fol_0000025.smt2,sat,0.003724813461303711,bapa/card/fol_0000025.smt2,sat,0.20397329330444336,bapa/card/fol_0000025.smt2,sat,0.09940600395202637,card/cvc5_mapa/fol_0000025.smt2,sat,0.005,card/cvc5_mapa/fol_0000025.smt2,sat,0.005
bapa/card/fol_0000026.smt2,sat,0.14345788955688477,card/cvc5_mapa/fol_0000026.smt2,sat,0.003918170928955078,bapa/card/fol_0000026.smt2,sat,0.21271800994873047,bapa/card/fol_0000026.smt2,sat,0.10494494438171387,card/cvc5_mapa/fol_0000026.smt2,sat,0.006,card/cvc5_mapa/fol_0000026.smt2,sat,0.006
bapa/card/fol_0000027.smt2,sat,0.14176321029663086,card/cvc5_mapa/fol_0000027.smt2,sat,0.003875732421875,bapa/card/fol_0000027.smt2,sat,0.2154080867767334,bapa/card/fol_0000027.smt2,sat,0.10333395004272461,card/cvc5_mapa/fol_0000027.smt2,sat,0.006,card/cvc5_mapa/fol_0000027.smt2,sat,0.005
bapa/card/fol_0000028.smt2,unsat,0.0728921890258789,card/cvc5_mapa/fol_0000028.smt2,unsat,0.014280319213867188,bapa/card/fol_0000028.smt2,unsat,0.7492518424987793,bapa/card/fol_0000028.smt2,unsat,0.11578774452209473,card/cvc5_mapa/fol_0000028.smt2,unsat,0.043,card/cvc5_mapa/fol_0000028.smt2,unsat,0.042
bapa/card/fol_0000029.smt2,sat,0.162855863571167,card/cvc5_mapa/fol_0000029.smt2,sat,0.0057048797607421875,bapa/card/fol_0000029.smt2,sat,0.188554048538208,bapa/card/fol_0000029.smt2,sat,0.0891108512878418,card/cvc5_mapa/fol_0000029.smt2,sat,0.007,card/cvc5_mapa/fol_0000029.smt2,sat,0.005
bapa/card/fol_0000030.smt2,unsat,0.0657649040222168,card/cvc5_mapa/fol_0000030.smt2,unsat,0.004544973373413086,bapa/card/fol_0000030.smt2,unsat,0.08482670783996582,bapa/card/fol_0000030.smt2,unsat,0.1443631649017334,card/cvc5_mapa/fol_0000030.smt2,unsat,0.009,card/cvc5_mapa/fol_0000030.smt2,unsat,0.008
bapa/card/fol_0000031.smt2,sat,0.14262890815734863,card/cvc5_mapa/fol_0000031.smt2,sat,0.0039331912994384766,bapa/card/fol_0000031.smt2,sat,0.21606111526489258,bapa/card/fol_0000031.smt2,sat,0.10481929779052734,card/cvc5_mapa/fol_0000031.smt2,sat,0.006,card/cvc5_mapa/fol_0000031.smt2,sat,0.005
bapa/card/fol_0000032.smt2,unsat,0.06651687622070312,card/cvc5_mapa/fol_0000032.smt2,unsat,0.0036389827728271484,bapa/card/fol_0000032.smt2,unsat,0.08609986305236816,bapa/card/fol_0000032.smt2,unsat,0.13930487632751465,card/cvc5_mapa/fol_0000032.smt2,unsat,0.008,card/cvc5_mapa/fol_0000032.smt2,unsat,0.008
bapa/card/fol_0000033.smt2,sat,0.14969110488891602,card/cvc5_mapa/fol_0000033.smt2,sat,0.004094123840332031,bapa/card/fol_0000033.smt2,sat,0.22802281379699707,bapa/card/fol_0000033.smt2,sat,0.1096639633178711,card/cvc5_mapa/fol_0000033.smt2,sat,0.006,card/cvc5_mapa/fol_0000033.smt2,sat,0.005
bapa/card/fol_0000034.smt2,unsat,0.06652212142944336,card/cvc5_mapa/fol_0000034.smt2,unsat,0.0037488937377929688,bapa/card/fol_0000034.smt2,unsat,0.08450484275817871,bapa/card/fol_0000034.smt2,unsat,0.14031577110290527,card/cvc5_mapa/fol_0000034.smt2,unsat,0.009,card/cvc5_mapa/fol_0000034.smt2,unsat,0.008
bapa/card/fol_0000035.smt2,sat,0.1448369026184082,card/cvc5_mapa/fol_0000035.smt2,sat,0.004210948944091797,bapa/card/fol_0000035.smt2,sat,0.2216320037841797,bapa/card/fol_0000035.smt2,sat,0.10558891296386719,card/cvc5_mapa/fol_0000035.smt2,sat,0.005,card/cvc5_mapa/fol_0000035.smt2,sat,0.005
bapa/card/fol_0000036.smt2,sat,0.1402587890625,card/cvc5_mapa/fol_0000036.smt2,sat,0.003922224044799805,bapa/card/fol_0000036.smt2,sat,0.19400405883789062,bapa/card/fol_0000036.smt2,sat,0.09845685958862305,card/cvc5_mapa/fol_0000036.smt2,sat,0.006,card/cvc5_mapa/fol_0000036.smt2,sat,0.005
bapa/card/fol_0000037.smt2,sat,0.14027118682861328,card/cvc5_mapa/fol_0000037.smt2,sat,0.003854036331176758,bapa/card/fol_0000037.smt2,sat,0.21159791946411133,bapa/card/fol_0000037.smt2,sat,0.10460019111633301,card/cvc5_mapa/fol_0000037.smt2,sat,0.005,card/cvc5_mapa/fol_0000037.smt2,sat,0.006
bapa/card/fol_0000038.smt2,unsat,0.06564807891845703,card/cvc5_mapa/fol_0000038.smt2,unsat,0.0035729408264160156,bapa/card/fol_0000038.smt2,unsat,0.08375024795532227,bapa/card/fol_0000038.smt2,unsat,0.14008688926696777,card/cvc5_mapa/fol_0000038.smt2,unsat,0.008,card/cvc5_mapa/fol_0000038.smt2,unsat,0.011
bapa/card/fol_0000039.smt2,sat,0.08133101463317871,card/cvc5_mapa/fol_0000039.smt2,sat,0.0043218135833740234,bapa/card/fol_0000039.smt2,sat,0.21560311317443848,bapa/card/fol_0000039.smt2,sat,0.10483694076538086,card/cvc5_mapa/fol_0000039.smt2,sat,0.005,card/cvc5_mapa/fol_0000039.smt2,sat,0.005
bapa/card/fol_0000040.smt2,unsat,0.06779885292053223,card/cvc5_mapa/fol_0000040.smt2,unsat,0.0040929317474365234,bapa/card/fol_0000040.smt2,unsat,0.08665585517883301,bapa/card/fol_0000040.smt2,unsat,0.14406704902648926,card/cvc5_mapa/fol_0000040.smt2,unsat,0.008,card/cvc5_mapa/fol_0000040.smt2,unsat,0.008
bapa/card/fol_0000041.smt2,sat,0.1437528133392334,card/cvc5_mapa/fol_0000041.smt2,sat,0.004063129425048828,bapa/card/fol_0000041.smt2,sat,0.21712017059326172,bapa/card/fol_0000041.smt2,sat,0.10510802268981934,card/cvc5_mapa/fol_0000041.smt2,sat,0.005,card/cvc5_mapa/fol_0000041.smt2,sat,0.005
bapa/card/fol_0000042.smt2,sat,0.13724994659423828,card/cvc5_mapa/fol_0000042.smt2,sat,0.003625154495239258,bapa/card/fol_0000042.smt2,sat,0.20269107818603516,bapa/card/fol_0000042.smt2,sat,0.09859728813171387,card/cvc5_mapa/fol_0000042.smt2,sat,0.005,card/cvc5_mapa/fol_0000042.smt2,sat,0.005
bapa/card/fol_0000043.smt2,sat,0.1108849048614502,card/cvc5_mapa/fol_0000043.smt2,sat,0.004188060760498047,bapa/card/fol_0000043.smt2,sat,0.24525713920593262,bapa/card/fol_0000043.smt2,sat,0.08548498153686523,card/cvc5_mapa/fol_0000043.smt2,sat,0.005,card/cvc5_mapa/fol_0000043.smt2,sat,0.005
bapa/card/fol_0000044.smt2,sat,0.0790410041809082,card/cvc5_mapa/fol_0000044.smt2,sat,0.004180908203125,bapa/card/fol_0000044.smt2,sat,0.2185368537902832,bapa/card/fol_0000044.smt2,sat,0.10228872299194336,card/cvc5_mapa/fol_0000044.smt2,sat,0.005,card/cvc5_mapa/fol_0000044.smt2,sat,0.005
bapa/card/fol_0000045.smt2,unsat,0.17329812049865723,card/cvc5_mapa/fol_0000045.smt2,unsat,0.05389523506164551,bapa/card/fol_0000045.smt2,unsat,7.675499200820923,bapa/card/fol_0000045.smt2,timeout,100.01418709754944,card/cvc5_mapa/fol_0000045.smt2,unsat,0.206,card/cvc5_mapa/fol_0000045.smt2,unsat,0.196
bapa/card/fol_0000046.smt2,timeout,100.00850105285645,card/cvc5_mapa/fol_0000046.smt2,sat,0.40046000480651855,bapa/card/fol_0000046.smt2,timeout,100.00608205795288,bapa/card/fol_0000046.smt2,timeout,100.00590586662292,card/cvc5_mapa/fol_0000046.smt2,sat,2.162,card/cvc5_mapa/fol_0000046.smt2,unknown,2.149
bapa/card/fol_0000047.smt2,timeout,100.01176238059998,card/cvc5_mapa/fol_0000047.smt2,unsat,0.39379215240478516,bapa/card/fol_0000047.smt2,unsat,15.856177806854248,bapa/card/fol_0000047.smt2,timeout,100.00533819198608,card/cvc5_mapa/fol_0000047.smt2,unsat,2.155,card/cvc5_mapa/fol_0000047.smt2,unsat,2.077
bapa/card/fol_0000048.smt2,timeout,100.01253199577332,card/cvc5_mapa/fol_0000048.smt2,timeout,100.0,bapa/card/fol_0000048.smt2,timeout,100.0073652267456,bapa/card/fol_0000048.smt2,timeout,100.00565886497498,card/cvc5_mapa/fol_0000048.smt2,sat,0.025,card/cvc5_mapa/fol_0000048.smt2,sat,0.012
bapa/card/fol_0000049.smt2,timeout,100.00638699531555,card/cvc5_mapa/fol_0000049.smt2,sat,75.37036490440369,bapa/card/fol_0000049.smt2,timeout,100.00687599182129,bapa/card/fol_0000049.smt2,timeout,100.0040020942688,card/cvc5_mapa/fol_0000049.smt2,sat,0.017,card/cvc5_mapa/fol_0000049.smt2,sat,0.01
bapa/card/fol_0000050.smt2,timeout,100.00684118270874,card/cvc5_mapa/fol_0000050.smt2,sat,0.01455998420715332,bapa/card/fol_0000050.smt2,timeout,100.01091408729553,bapa/card/fol_0000050.smt2,timeout,100.00530624389648,card/cvc5_mapa/fol_0000050.smt2,sat,0.016,card/cvc5_mapa/fol_0000050.smt2,sat,0.008
bapa/card/fol_0000051.smt2,timeout,100.00741505622864,card/cvc5_mapa/fol_0000051.smt2,sat,0.012865066528320312,bapa/card/fol_0000051.smt2,timeout,100.0106041431427,bapa/card/fol_0000051.smt2,timeout,100.00619697570801,card/cvc5_mapa/fol_0000051.smt2,sat,0.015,card/cvc5_mapa/fol_0000051.smt2,sat,0.007
bapa/card/fol_0000052.smt2,timeout,100.00712275505066,card/cvc5_mapa/fol_0000052.smt2,sat,0.3875091075897217,bapa/card/fol_0000052.smt2,timeout,100.00692915916443,bapa/card/fol_0000052.smt2,timeout,100.0057590007782,card/cvc5_mapa/fol_0000052.smt2,sat,0.015,card/cvc5_mapa/fol_0000052.smt2,sat,0.008
bapa/card/fol_0000053.smt2,timeout,99.99772071838379,card/cvc5_mapa/fol_0000053.smt2,sat,0.018091201782226562,bapa/card/fol_0000053.smt2,sat,3.7534241676330566,bapa/card/fol_0000053.smt2,timeout,100.00604605674744,card/cvc5_mapa/fol_0000053.smt2,sat,0.015,card/cvc5_mapa/fol_0000053.smt2,sat,0.007
bapa/card/fol_0000054.smt2,timeout,100.00689816474915,card/cvc5_mapa/fol_0000054.smt2,sat,0.4012458324432373,bapa/card/fol_0000054.smt2,timeout,100.01144027709961,bapa/card/fol_0000054.smt2,timeout,100.01400184631348,card/cvc5_mapa/fol_0000054.smt2,sat,0.018,card/cvc5_mapa/fol_0000054.smt2,sat,0.007
bapa/card/fol_0000055.smt2,timeout,100.00686693191528,card/cvc5_mapa/fol_0000055.smt2,unsat,0.3422379493713379,bapa/card/fol_0000055.smt2,timeout,100.0065770149231,bapa/card/fol_0000055.smt2,timeout,100.0082619190216,card/cvc5_mapa/fol_0000055.smt2,unsat,31.312,card/cvc5_mapa/fol_0000055.smt2,unsat,25.251
bapa/card/fol_0000056.smt2,timeout,100.00644874572754,card/cvc5_mapa/fol_0000056.smt2,sat,0.017370939254760742,bapa/card/fol_0000056.smt2,sat,3.860107898712158,bapa/card/fol_0000056.smt2,sat,1.0374720096588135,card/cvc5_mapa/fol_0000056.smt2,sat,0.018,card/cvc5_mapa/fol_0000056.smt2,sat,0.009
bapa/card/fol_0000057.smt2,timeout,100.01297378540039,card/cvc5_mapa/fol_0000057.smt2,sat,0.05579400062561035,bapa/card/fol_0000057.smt2,sat,2.835860013961792,bapa/card/fol_0000057.smt2,sat,1.473712682723999,card/cvc5_mapa/fol_0000057.smt2,sat,0.013,card/cvc5_mapa/fol_0000057.smt2,sat,0.006
bapa/card/fol_0000058.smt2,unsat,0.07756304740905762,card/cvc5_mapa/fol_0000058.smt2,unsat,0.021582841873168945,bapa/card/fol_0000058.smt2,unsat,0.3582162857055664,bapa/card/fol_0000058.smt2,unsat,0.12029099464416504,card/cvc5_mapa/fol_0000058.smt2,unsat,0.047,card/cvc5_mapa/fol_0000058.smt2,unsat,0.041
bapa/card/fol_0000059.smt2,unsat,0.0702660083770752,card/cvc5_mapa/fol_0000059.smt2,unsat,0.010796070098876953,bapa/card/fol_0000059.smt2,unsat,0.11124920845031738,bapa/card/fol_0000059.smt2,unsat,2.3414299488067627,card/cvc5_mapa/fol_0000059.smt2,unsat,0.018,card/cvc5_mapa/fol_0000059.smt2,unsat,0.006
bapa/card/fol_0000060.smt2,unsat,0.5544078350067139,card/cvc5_mapa/fol_0000060.smt2,unsat,0.05287599563598633,bapa/card/fol_0000060.smt2,unsat,10.704423904418945,bapa/card/fol_0000060.smt2,timeout,100.00591206550598,card/cvc5_mapa/fol_0000060.smt2,unsat,0.201,card/cvc5_mapa/fol_0000060.smt2,unsat,0.195
bapa/card/fol_0000061.smt2,unsat,1.7463178634643555,card/cvc5_mapa/fol_0000061.smt2,unsat,0.053594112396240234,bapa/card/fol_0000061.smt2,unsat,4.603941917419434,bapa/card/fol_0000061.smt2,timeout,100.00664281845093,card/cvc5_mapa/fol_0000061.smt2,unsat,0.202,card/cvc5_mapa/fol_0000061.smt2,unsat,0.192
bapa/card/fol_0000062.smt2,timeout,100.01111030578613,card/cvc5_mapa/fol_0000062.smt2,sat,0.05779075622558594,bapa/card/fol_0000062.smt2,sat,2.5960512161254883,bapa/card/fol_0000062.smt2,sat,4.150829076766968,card/cvc5_mapa/fol_0000062.smt2,sat,0.016,card/cvc5_mapa/fol_0000062.smt2,sat,0.006
bapa/card/fol_0000063.smt2,unsat,0.14184999465942383,card/cvc5_mapa/fol_0000063.smt2,unsat,0.02520918846130371,bapa/card/fol_0000063.smt2,unsat,0.2279980182647705,bapa/card/fol_0000063.smt2,unsat,0.12257099151611328,card/cvc5_mapa/fol_0000063.smt2,unsat,0.048,card/cvc5_mapa/fol_0000063.smt2,unsat,0.041
bapa/card/fol_0000064.smt2,unsat,0.0785679817199707,card/cvc5_mapa/fol_0000064.smt2,unsat,0.010979175567626953,bapa/card/fol_0000064.smt2,unsat,0.11966896057128906,bapa/card/fol_0000064.smt2,timeout,100.00576686859131,card/cvc5_mapa/fol_0000064.smt2,unsat,0.014,card/cvc5_mapa/fol_0000064.smt2,unsat,0.006
bapa/card/fol_0000065.smt2,unsat,0.31157875061035156,card/cvc5_mapa/fol_0000065.smt2,unsat,0.05289816856384277,bapa/card/fol_0000065.smt2,unsat,11.986350774765015,bapa/card/fol_0000065.smt2,timeout,100.00651216506958,card/cvc5_mapa/fol_0000065.smt2,unsat,0.201,card/cvc5_mapa/fol_0000065.smt2,unsat,0.193
bapa/card/fol_0000066.smt2,unsat,0.7591471672058105,card/cvc5_mapa/fol_0000066.smt2,unsat,0.05660510063171387,bapa/card/fol_0000066.smt2,unsat,5.4212071895599365,bapa/card/fol_0000066.smt2,unsat,4.2478249073028564,card/cvc5_mapa/fol_0000066.smt2,unsat,0.201,card/cvc5_mapa/fol_0000066.smt2,unsat,0.193
bapa/card/fol_0000067.smt2,unsat,3.278057098388672,card/cvc5_mapa/fol_0000067.smt2,unsat,0.05598282814025879,bapa/card/fol_0000067.smt2,unsat,0.25069212913513184,bapa/card/fol_0000067.smt2,timeout,100.00607800483704,card/cvc5_mapa/fol_0000067.smt2,unsat,0.201,card/cvc5_mapa/fol_0000067.smt2,unsat,0.195
bapa/card/fol_0000068.smt2,timeout,100.01260924339294,card/cvc5_mapa/fol_0000068.smt2,unsat,0.0568699836730957,bapa/card/fol_0000068.smt2,unsat,0.4148850440979004,bapa/card/fol_0000068.smt2,unsat,2.529608964920044,card/cvc5_mapa/fol_0000068.smt2,unsat,0.201,card/cvc5_mapa/fol_0000068.smt2,unsat,0.193
bapa/card/fol_0000069.smt2,timeout,100.00582766532898,card/cvc5_mapa/fol_0000069.smt2,sat,0.41654300689697266,bapa/card/fol_0000069.smt2,timeout,99.99829697608948,bapa/card/fol_0000069.smt2,timeout,100.00645303726196,card/cvc5_mapa/fol_0000069.smt2,sat,2.057,card/cvc5_mapa/fol_0000069.smt2,unknown,2.064
bapa/card/fol_0000070.smt2,timeout,100.00612688064575,card/cvc5_mapa/fol_0000070.smt2,unsat,0.4139080047607422,bapa/card/fol_0000070.smt2,timeout,100.00513792037964,bapa/card/fol_0000070.smt2,timeout,100.0065050125122,card/cvc5_mapa/fol_0000070.smt2,unsat,2.146,card/cvc5_mapa/fol_0000070.smt2,unsat,2.14
bapa/card/fol_0000071.smt2,timeout,100.00547885894775,card/cvc5_mapa/fol_0000071.smt2,timeout,100.0,bapa/card/fol_0000071.smt2,timeout,100.0062608718872,bapa/card/fol_0000071.smt2,timeout,100.00624513626099,card/cvc5_mapa/fol_0000071.smt2,sat,27.471,card/cvc5_mapa/fol_0000071.smt2,unknown,27.559
bapa/card/fol_0000072.smt2,timeout,100.0051097869873,card/cvc5_mapa/fol_0000072.smt2,sat,83.17540693283081,bapa/card/fol_0000072.smt2,timeout,100.0085518360138,bapa/card/fol_0000072.smt2,timeout,99.99704217910767,card/cvc5_mapa/fol_0000072.smt2,sat,0.021,card/cvc5_mapa/fol_0000072.smt2,sat,0.011
bapa/card/fol_0000073.smt2,timeout,100.0072410106659,card/cvc5_mapa/fol_0000073.smt2,sat,0.01857733726501465,bapa/card/fol_0000073.smt2,timeout,100.00994205474854,bapa/card/fol_0000073.smt2,timeout,100.00598502159119,card/cvc5_mapa/fol_0000073.smt2,sat,0.017,card/cvc5_mapa/fol_0000073.smt2,sat,0.008
bapa/card/fol_0000074.smt2,sat,13.803847312927246,card/cvc5_mapa/fol_0000074.smt2,sat,0.013616800308227539,bapa/card/fol_0000074.smt2,timeout,100.0101728439331,bapa/card/fol_0000074.smt2,timeout,100.00611901283264,card/cvc5_mapa/fol_0000074.smt2,sat,0.016,card/cvc5_mapa/fol_0000074.smt2,sat,0.008
bapa/card/fol_0000075.smt2,timeout,100.00634789466858,card/cvc5_mapa/fol_0000075.smt2,sat,0.39345622062683105,bapa/card/fol_0000075.smt2,timeout,100.00834488868713,bapa/card/fol_0000075.smt2,timeout,100.00574684143066,card/cvc5_mapa/fol_0000075.smt2,sat,0.016,card/cvc5_mapa/fol_0000075.smt2,sat,0.008
bapa/card/fol_0000076.smt2,timeout,100.00719404220581,card/cvc5_mapa/fol_0000076.smt2,sat,0.018623828887939453,bapa/card/fol_0000076.smt2,timeout,100.00926184654236,bapa/card/fol_0000076.smt2,timeout,100.00578308105469,card/cvc5_mapa/fol_0000076.smt2,sat,0.013,card/cvc5_mapa/fol_0000076.smt2,sat,0.007
bapa/card/fol_0000077.smt2,timeout,100.00578808784485,card/cvc5_mapa/fol_0000077.smt2,sat,0.40266895294189453,bapa/card/fol_0000077.smt2,sat,6.348312139511108,bapa/card/fol_0000077.smt2,timeout,100.00588011741638,card/cvc5_mapa/fol_0000077.smt2,sat,0.016,card/cvc5_mapa/fol_0000077.smt2,sat,0.007
bapa/card/fol_0000078.smt2,timeout,100.00697922706604,card/cvc5_mapa/fol_0000078.smt2,unsat,0.39267921447753906,bapa/card/fol_0000078.smt2,unsat,35.280709981918335,bapa/card/fol_0000078.smt2,timeout,100.00756812095642,card/cvc5_mapa/fol_0000078.smt2,unsat,20.222,card/cvc5_mapa/fol_0000078.smt2,unsat,20.369
bapa/card/fol_0000079.smt2,timeout,100.01060390472412,card/cvc5_mapa/fol_0000079.smt2,sat,0.01706099510192871,bapa/card/fol_0000079.smt2,timeout,100.00895833969116,bapa/card/fol_0000079.smt2,timeout,100.0072991847992,card/cvc5_mapa/fol_0000079.smt2,sat,0.017,card/cvc5_mapa/fol_0000079.smt2,sat,0.007
bapa/card/fol_0000080.smt2,timeout,100.00803399085999,card/cvc5_mapa/fol_0000080.smt2,sat,0.08128714561462402,bapa/card/fol_0000080.smt2,sat,4.326973915100098,bapa/card/fol_0000080.smt2,timeout,100.00576591491699,card/cvc5_mapa/fol_0000080.smt2,sat,0.013,card/cvc5_mapa/fol_0000080.smt2,sat,0.007
bapa/card/fol_0000081.smt2,unsat,0.07934403419494629,card/cvc5_mapa/fol_0000081.smt2,unsat,0.014430999755859375,bapa/card/fol_0000081.smt2,unsat,0.19359683990478516,bapa/card/fol_0000081.smt2,timeout,99.99600720405579,card/cvc5_mapa/fol_0000081.smt2,unsat,0.013,card/cvc5_mapa/fol_0000081.smt2,unsat,0.006
bapa/card/fol_0000082.smt2,timeout,100.00569605827332,card/cvc5_mapa/fol_0000082.smt2,sat,0.0861198902130127,bapa/card/fol_0000082.smt2,sat,3.9953370094299316,bapa/card/fol_0000082.smt2,timeout,100.0042622089386,card/cvc5_mapa/fol_0000082.smt2,sat,0.014,card/cvc5_mapa/fol_0000082.smt2,sat,0.007
bapa/card/fol_0000083.smt2,timeout,100.01953411102295,card/cvc5_mapa/fol_0000083.smt2,unsat,0.07433795928955078,bapa/card/fol_0000083.smt2,timeout,99.99876499176025,bapa/card/fol_0000083.smt2,timeout,100.00789999961853,card/cvc5_mapa/fol_0000083.smt2,unsat,1.77,card/cvc5_mapa/fol_0000083.smt2,unsat,1.762
bapa/card/fol_0000084.smt2,timeout,100.00726199150085,card/cvc5_mapa/fol_0000084.smt2,sat,0.4165780544281006,bapa/card/fol_0000084.smt2,timeout,100.0044150352478,bapa/card/fol_0000084.smt2,timeout,100.00627183914185,card/cvc5_mapa/fol_0000084.smt2,sat,2.164,card/cvc5_mapa/fol_0000084.smt2,unknown,2.16
bapa/card/fol_0000085.smt2,timeout,100.01415181159973,card/cvc5_mapa/fol_0000085.smt2,unsat,0.05526614189147949,bapa/card/fol_0000085.smt2,unsat,0.33829593658447266,bapa/card/fol_0000085.smt2,timeout,100.00652980804443,card/cvc5_mapa/fol_0000085.smt2,unsat,0.203,card/cvc5_mapa/fol_0000085.smt2,unsat,0.193
bapa/card/fol_0000086.smt2,unsat,0.6756961345672607,card/cvc5_mapa/fol_0000086.smt2,unsat,0.0544281005859375,bapa/card/fol_0000086.smt2,unsat,1.3549041748046875,bapa/card/fol_0000086.smt2,timeout,100.00594997406006,card/cvc5_mapa/fol_0000086.smt2,unsat,0.205,card/cvc5_mapa/fol_0000086.smt2,unsat,0.192
bapa/card/fol_0000087.smt2,timeout,100.00695085525513,card/cvc5_mapa/fol_0000087.smt2,unsat,0.07931089401245117,bapa/card/fol_0000087.smt2,unsat,22.05753493309021,bapa/card/fol_0000087.smt2,timeout,100.00571584701538,card/cvc5_mapa/fol_0000087.smt2,unsat,1.783,card/cvc5_mapa/fol_0000087.smt2,unsat,1.774
bapa/card/fol_0000088.smt2,timeout,100.00692200660706,card/cvc5_mapa/fol_0000088.smt2,unsat,0.37789201736450195,bapa/card/fol_0000088.smt2,timeout,100.0056209564209,bapa/card/fol_0000088.smt2,timeout,100.0057020187378,card/cvc5_mapa/fol_0000088.smt2,unsat,2.22,card/cvc5_mapa/fol_0000088.smt2,unsat,2.226
bapa/card/fol_0000089.smt2,timeout,100.00990581512451,card/cvc5_mapa/fol_0000089.smt2,unsat,0.41817212104797363,bapa/card/fol_0000089.smt2,unsat,4.0205371379852295,bapa/card/fol_0000089.smt2,timeout,100.00520586967468,card/cvc5_mapa/fol_0000089.smt2,unsat,2.143,card/cvc5_mapa/fol_0000089.smt2,unsat,2.135
bapa/card/fol_0000090.smt2,timeout,100.00731110572815,card/cvc5_mapa/fol_0000090.smt2,sat,0.08195090293884277,bapa/card/fol_0000090.smt2,timeout,100.01156497001648,bapa/card/fol_0000090.smt2,timeout,100.0055251121521,card/cvc5_mapa/fol_0000090.smt2,sat,0.017,card/cvc5_mapa/fol_0000090.smt2,sat,0.007
bapa/card/fol_0000091.smt2,unsat,0.07401585578918457,card/cvc5_mapa/fol_0000091.smt2,unsat,0.012262821197509766,bapa/card/fol_0000091.smt2,unsat,0.10759902000427246,bapa/card/fol_0000091.smt2,unsat,1.323986291885376,card/cvc5_mapa/fol_0000091.smt2,unsat,0.02,card/cvc5_mapa/fol_0000091.smt2,unsat,0.008
bapa/card/fol_0000092.smt2,timeout,100.00839495658875,card/cvc5_mapa/fol_0000092.smt2,unsat,0.07889008522033691,bapa/card/fol_0000092.smt2,timeout,100.00534987449646,bapa/card/fol_0000092.smt2,timeout,100.00865197181702,card/cvc5_mapa/fol_0000092.smt2,unsat,1.688,card/cvc5_mapa/fol_0000092.smt2,unsat,1.688
bapa/card/fol_0000093.smt2,timeout,100.00728917121887,card/cvc5_mapa/fol_0000093.smt2,unsat,0.08239126205444336,bapa/card/fol_0000093.smt2,unsat,22.381020069122314,bapa/card/fol_0000093.smt2,timeout,100.00706315040588,card/cvc5_mapa/fol_0000093.smt2,unsat,1.77,card/cvc5_mapa/fol_0000093.smt2,unsat,1.752
bapa/card/fol_0000094.smt2,unsat,0.7687249183654785,card/cvc5_mapa/fol_0000094.smt2,unsat,0.05616307258605957,bapa/card/fol_0000094.smt2,unsat,0.2529940605163574,bapa/card/fol_0000094.smt2,timeout,100.0057008266449,card/cvc5_mapa/fol_0000094.smt2,unsat,0.202,card/cvc5_mapa/fol_0000094.smt2,unsat,0.192
bapa/card/fol_0000095.smt2,timeout,100.0052580833435,card/cvc5_mapa/fol_0000095.smt2,unsat,0.41460680961608887,bapa/card/fol_0000095.smt2,timeout,100.00515508651733,bapa/card/fol_0000095.smt2,timeout,100.0057430267334,card/cvc5_mapa/fol_0000095.smt2,unsat,2.074,card/cvc5_mapa/fol_0000095.smt2,unsat,2.071
bapa/card/fol_0000096.smt2,timeout,100.0043420791626,card/cvc5_mapa/fol_0000096.smt2,sat,56.37927293777466,bapa/card/fol_0000096.smt2,timeout,100.00641012191772,bapa/card/fol_0000096.smt2,timeout,100.00607514381409,card/cvc5_mapa/fol_0000096.smt2,sat,25.062,card/cvc5_mapa/fol_0000096.smt2,unknown,33.237
bapa/card/fol_0000097.smt2,timeout,100.00794124603271,card/cvc5_mapa/fol_0000097.smt2,timeout,100.0,bapa/card/fol_0000097.smt2,timeout,100.0066647529602,bapa/card/fol_0000097.smt2,timeout,100.00711822509766,card/cvc5_mapa/fol_0000097.smt2,unsat,28.387,card/cvc5_mapa/fol_0000097.smt2,unsat,27.821
bapa/card/fol_0000098.smt2,timeout,100.00560569763184,card/cvc5_mapa/fol_0000098.smt2,timeout,100.0,bapa/card/fol_0000098.smt2,timeout,100.007159948349,bapa/card/fol_0000098.smt2,timeout,100.00670981407166,card/cvc5_mapa/fol_0000098.smt2,timeout,100.0,card/cvc5_mapa/fol_0000098.smt2,timeout,100.0
bapa/card/fol_0000099.smt2,timeout,100.00722813606262,card/cvc5_mapa/fol_0000099.smt2,timeout,100.0,bapa/card/fol_0000099.smt2,timeout,100.00438594818115,bapa/card/fol_0000099.smt2,timeout,100.00558686256409,card/cvc5_mapa/fol_0000099.smt2,timeout,100.0,card/cvc5_mapa/fol_0000099.smt2,timeout,100.0
bapa/card/fol_0000100.smt2,timeout,100.00645780563354,card/cvc5_mapa/fol_0000100.smt2,timeout,100.0,bapa/card/fol_0000100.smt2,timeout,100.00668621063232,bapa/card/fol_0000100.smt2,timeout,100.00617122650146,card/cvc5_mapa/fol_0000100.smt2,timeout,100.0,card/cvc5_mapa/fol_0000100.smt2,timeout,100.0
bapa/card/fol_0000101.smt2,timeout,100.0051748752594,card/cvc5_mapa/fol_0000101.smt2,sat,0.018902063369750977,bapa/card/fol_0000101.smt2,timeout,100.00711512565613,bapa/card/fol_0000101.smt2,timeout,100.00671982765198,card/cvc5_mapa/fol_0000101.smt2,sat,0.022,card/cvc5_mapa/fol_0000101.smt2,sat,0.011
bapa/card/fol_0000102.smt2,timeout,100.00471591949463,card/cvc5_mapa/fol_0000102.smt2,timeout,100.0,bapa/card/fol_0000102.smt2,timeout,100.00676107406616,bapa/card/fol_0000102.smt2,timeout,100.00822496414185,card/cvc5_mapa/fol_0000102.smt2,timeout,100.0,card/cvc5_mapa/fol_0000102.smt2,timeout,100.0
bapa/card/fol_0000103.smt2,timeout,100.01102685928345,card/cvc5_mapa/fol_0000103.smt2,sat,0.018069028854370117,bapa/card/fol_0000103.smt2,timeout,100.00778603553772,bapa/card/fol_0000103.smt2,timeout,100.00667309761047,card/cvc5_mapa/fol_0000103.smt2,sat,0.019,card/cvc5_mapa/fol_0000103.smt2,sat,0.01
bapa/card/fol_0000104.smt2,timeout,100.00596833229065,card/cvc5_mapa/fol_0000104.smt2,timeout,100.0,bapa/card/fol_0000104.smt2,timeout,100.00649929046631,bapa/card/fol_0000104.smt2,timeout,100.00733184814453,card/cvc5_mapa/fol_0000104.smt2,timeout,100.0,card/cvc5_mapa/fol_0000104.smt2,timeout,100.0
bapa/card/fol_0000105.smt2,timeout,99.99253106117249,card/cvc5_mapa/fol_0000105.smt2,sat,0.0209200382232666,bapa/card/fol_0000105.smt2,timeout,100.00733804702759,bapa/card/fol_0000105.smt2,timeout,100.00747323036194,card/cvc5_mapa/fol_0000105.smt2,sat,0.018,card/cvc5_mapa/fol_0000105.smt2,sat,0.01
bapa/card/fol_0000106.smt2,timeout,100.00647902488708,card/cvc5_mapa/fol_0000106.smt2,timeout,100.0,bapa/card/fol_0000106.smt2,timeout,100.01022911071777,bapa/card/fol_0000106.smt2,timeout,100.00554490089417,card/cvc5_mapa/fol_0000106.smt2,sat,0.022,card/cvc5_mapa/fol_0000106.smt2,sat,0.013
bapa/card/fol_0000107.smt2,timeout,100.00704574584961,card/cvc5_mapa/fol_0000107.smt2,timeout,100.0,bapa/card/fol_0000107.smt2,timeout,100.00685286521912,bapa/card/fol_0000107.smt2,timeout,100.00680613517761,card/cvc5_mapa/fol_0000107.smt2,sat,14.01,card/cvc5_mapa/fol_0000107.smt2,unknown,17.997
bapa/card/fol_0000108.smt2,timeout,100.01092100143433,card/cvc5_mapa/fol_0000108.smt2,sat,0.017899036407470703,bapa/card/fol_0000108.smt2,timeout,100.00531315803528,bapa/card/fol_0000108.smt2,timeout,100.00615787506104,card/cvc5_mapa/fol_0000108.smt2,sat,0.02,card/cvc5_mapa/fol_0000108.smt2,sat,0.011
bapa/card/fol_0000109.smt2,timeout,100.00647497177124,card/cvc5_mapa/fol_0000109.smt2,sat,0.4059302806854248,bapa/card/fol_0000109.smt2,timeout,100.02327609062195,bapa/card/fol_0000109.smt2,timeout,100.00626683235168,card/cvc5_mapa/fol_0000109.smt2,sat,2.085,card/cvc5_mapa/fol_0000109.smt2,unknown,2.106
bapa/card/fol_0000110.smt2,unsat,1.5075719356536865,card/cvc5_mapa/fol_0000110.smt2,unsat,0.057721853256225586,bapa/card/fol_0000110.smt2,unsat,4.883856296539307,bapa/card/fol_0000110.smt2,timeout,100.00541520118713,card/cvc5_mapa/fol_0000110.smt2,unsat,0.202,card/cvc5_mapa/fol_0000110.smt2,unsat,0.196
bapa/card/fol_0000111.smt2,timeout,100.00981497764587,card/cvc5_mapa/fol_0000111.smt2,unsat,0.07475614547729492,bapa/card/fol_0000111.smt2,unsat,65.81353712081909,bapa/card/fol_0000111.smt2,timeout,100.0157208442688,card/cvc5_mapa/fol_0000111.smt2,unsat,1.631,card/cvc5_mapa/fol_0000111.smt2,unsat,1.648
bapa/card/fol_0000112.smt2,timeout,100.00851106643677,card/cvc5_mapa/fol_0000112.smt2,unsat,0.39017796516418457,bapa/card/fol_0000112.smt2,timeout,100.00631809234619,bapa/card/fol_0000112.smt2,timeout,100.00842118263245,card/cvc5_mapa/fol_0000112.smt2,unsat,2.157,card/cvc5_mapa/fol_0000112.smt2,unsat,2.183
bapa/card/fol_0000113.smt2,timeout,100.00715208053589,card/cvc5_mapa/fol_0000113.smt2,sat,0.37328600883483887,bapa/card/fol_0000113.smt2,timeout,100.00632905960083,bapa/card/fol_0000113.smt2,timeout,100.00747108459473,card/cvc5_mapa/fol_0000113.smt2,sat,20.876,card/cvc5_mapa/fol_0000113.smt2,unknown,22.224
bapa/card/fol_0000114.smt2,timeout,100.00610589981079,card/cvc5_mapa/fol_0000114.smt2,unsat,0.07699108123779297,bapa/card/fol_0000114.smt2,timeout,100.00392389297485,bapa/card/fol_0000114.smt2,timeout,100.00889205932617,card/cvc5_mapa/fol_0000114.smt2,unsat,1.754,card/cvc5_mapa/fol_0000114.smt2,unsat,1.764
bapa/card/fol_0000115.smt2,timeout,100.00764489173889,card/cvc5_mapa/fol_0000115.smt2,unsat,0.07354593276977539,bapa/card/fol_0000115.smt2,unsat,1.639172077178955,bapa/card/fol_0000115.smt2,timeout,100.0061719417572,card/cvc5_mapa/fol_0000115.smt2,unsat,1.803,card/cvc5_mapa/fol_0000115.smt2,unsat,1.799
bapa/card/fol_0000116.smt2,timeout,100.00534319877625,card/cvc5_mapa/fol_0000116.smt2,unsat,0.3511381149291992,bapa/card/fol_0000116.smt2,timeout,100.00644993782043,bapa/card/fol_0000116.smt2,timeout,100.00707507133484,card/cvc5_mapa/fol_0000116.smt2,unsat,39.736,card/cvc5_mapa/fol_0000116.smt2,unsat,40.564
bapa/card/fol_0000117.smt2,timeout,100.00562477111816,card/cvc5_mapa/fol_0000117.smt2,sat,0.3557620048522949,bapa/card/fol_0000117.smt2,timeout,100.00581002235413,bapa/card/fol_0000117.smt2,timeout,100.00620198249817,card/cvc5_mapa/fol_0000117.smt2,sat,19.025,card/cvc5_mapa/fol_0000117.smt2,unknown,33.141
bapa/card/fol_0000118.smt2,timeout,100.01052713394165,card/cvc5_mapa/fol_0000118.smt2,sat,69.90837931632996,bapa/card/fol_0000118.smt2,timeout,100.00682377815247,bapa/card/fol_0000118.smt2,timeout,100.00649785995483,card/cvc5_mapa/fol_0000118.smt2,sat,26.973,card/cvc5_mapa/fol_0000118.smt2,unknown,27.471
bapa/card/fol_0000119.smt2,timeout,100.01053214073181,card/cvc5_mapa/fol_0000119.smt2,unsat,0.38921189308166504,bapa/card/fol_0000119.smt2,timeout,100.00625681877136,bapa/card/fol_0000119.smt2,timeout,100.00706195831299,card/cvc5_mapa/fol_0000119.smt2,unsat,2.157,card/cvc5_mapa/fol_0000119.smt2,unsat,2.193
bapa/card/fol_0000120.smt2,timeout,100.00709676742554,card/cvc5_mapa/fol_0000120.smt2,unsat,0.3442409038543701,bapa/card/fol_0000120.smt2,timeout,100.00609469413757,bapa/card/fol_0000120.smt2,timeout,100.00567293167114,card/cvc5_mapa/fol_0000120.smt2,unsat,21.216,card/cvc5_mapa/fol_0000120.smt2,unsat,21.022
sql/linear/calcite-query013-call-0.smt2,unsat,0.2158527374267578,sql/linear/calcite-query013-call-0.smt2,unsat,0.003036022186279297,sql/linear/calcite-query013-call-0.smt2,unsat,0.1043100357055664,sql/linear/calcite-query013-call-0.smt2,unsat,0.08853507041931152,sql/linear/calcite-query013-call-0.smt2,unsat,0.262,sql/linear/calcite-query013-call-0.smt2,unsat,0.072
sql/linear/calcite-query039-call-0.smt2,unsat,0.16191816329956055,sql/linear/calcite-query039-call-0.smt2,unsat,0.12289214134216309,sql/linear/calcite-query039-call-0.smt2,unsat,0.23931097984313965,sql/linear/calcite-query039-call-0.smt2,timeout,100.00736904144287,sql/linear/calcite-query039-call-0.smt2,unsat,0.012,sql/linear/calcite-query039-call-0.smt2,unsat,0.012
sql/linear/calcite-query040-call-0.smt2,unsat,0.14316797256469727,sql/linear/calcite-query040-call-0.smt2,unsat,0.032737016677856445,sql/linear/calcite-query040-call-0.smt2,unsat,0.21737408638000488,sql/linear/calcite-query040-call-0.smt2,unsat,0.14824128150939941,sql/linear/calcite-query040-call-0.smt2,unsat,0.01,sql/linear/calcite-query040-call-0.smt2,unsat,0.009
sql/linear/calcite-query044-call-0.smt2,unsat,0.18018722534179688,sql/linear/calcite-query044-call-0.smt2,unsat,0.3867359161376953,sql/linear/calcite-query044-call-0.smt2,unsat,0.27328014373779297,sql/linear/calcite-query044-call-0.smt2,timeout,100.00624990463257,sql/linear/calcite-query044-call-0.smt2,unsat,0.011,sql/linear/calcite-query044-call-0.smt2,unsat,0.011
sql/linear/calcite-query059-call-0.smt2,timeout,100.00830388069153,sql/linear/calcite-query059-call-0.smt2,sat,1.354823112487793,sql/linear/calcite-query059-call-0.smt2,sat,2.416728973388672,sql/linear/calcite-query059-call-0.smt2,timeout,100.00529980659485,sql/linear/calcite-query059-call-0.smt2,sat,0.008,sql/linear/calcite-query059-call-0.smt2,sat,0.009
sql/linear/calcite-query076-call-0.smt2,unsat,0.5948028564453125,sql/linear/calcite-query076-call-0.smt2,unsat,0.016547203063964844,sql/linear/calcite-query076-call-0.smt2,unsat,1.0505409240722656,sql/linear/calcite-query076-call-0.smt2,unsat,0.5131447315216064,sql/linear/calcite-query076-call-0.smt2,unsat,0.084,sql/linear/calcite-query076-call-0.smt2,unsat,0.052
sql/linear/calcite-query088-call-0.smt2,unsat,0.13496780395507812,sql/linear/calcite-query088-call-0.smt2,unsat,0.0032341480255126953,sql/linear/calcite-query088-call-0.smt2,unsat,0.1430981159210205,sql/linear/calcite-query088-call-0.smt2,unsat,0.13437294960021973,sql/linear/calcite-query088-call-0.smt2,unsat,0.02,sql/linear/calcite-query088-call-0.smt2,unsat,0.021
sql/linear/calcite-query120-call-0.smt2,unsat,0.16233086585998535,sql/linear/calcite-query120-call-0.smt2,unsat,0.20150208473205566,sql/linear/calcite-query120-call-0.smt2,unsat,0.24375295639038086,sql/linear/calcite-query120-call-0.smt2,timeout,100.00385594367981,sql/linear/calcite-query120-call-0.smt2,unsat,0.009,sql/linear/calcite-query120-call-0.smt2,unsat,0.009
sql/linear/calcite-query126-call-0.smt2,sat,0.23121380805969238,sql/linear/calcite-query126-call-0.smt2,sat,0.04378390312194824,sql/linear/calcite-query126-call-0.smt2,sat,0.22142696380615234,sql/linear/calcite-query126-call-0.smt2,sat,0.22739720344543457,sql/linear/calcite-query126-call-0.smt2,sat,0.011,sql/linear/calcite-query126-call-0.smt2,sat,0.011
sql/linear/calcite-query126-call-4.smt2,sat,0.6400508880615234,sql/linear/calcite-query126-call-4.smt2,sat,0.013218164443969727,sql/linear/calcite-query126-call-4.smt2,sat,0.4977579116821289,sql/linear/calcite-query126-call-4.smt2,sat,0.36675477027893066,sql/linear/calcite-query126-call-4.smt2,sat,0.012,sql/linear/calcite-query126-call-4.smt2,sat,0.012
sql/linear/calcite-query151-call-0.smt2,unsat,0.23160505294799805,sql/linear/calcite-query151-call-0.smt2,unsat,0.01971912384033203,sql/linear/calcite-query151-call-0.smt2,unsat,0.43736910820007324,sql/linear/calcite-query151-call-0.smt2,unsat,0.22048687934875488,sql/linear/calcite-query151-call-0.smt2,unsat,0.032,sql/linear/calcite-query151-call-0.smt2,unsat,0.033
sql/linear/calcite-query156-call-0.smt2,unsat,0.16431379318237305,sql/linear/calcite-query156-call-0.smt2,unsat,0.12708091735839844,sql/linear/calcite-query156-call-0.smt2,unsat,0.23660635948181152,sql/linear/calcite-query156-call-0.smt2,timeout,100.00554609298706,sql/linear/calcite-query156-call-0.smt2,unsat,0.009,sql/linear/calcite-query156-call-0.smt2,unsat,0.009
sql/linear/calcite-query162-call-0.smt2,unsat,91.9967999458313,sql/linear/calcite-query162-call-0.smt2,unsat,0.0057070255279541016,sql/linear/calcite-query162-call-0.smt2,unsat,0.4534492492675781,sql/linear/calcite-query162-call-0.smt2,timeout,100.00518083572388,sql/linear/calcite-query162-call-0.smt2,unsat,0.238,sql/linear/calcite-query162-call-0.smt2,unsat,0.235
sql/linear/calcite-query172-call-0.smt2,unsat,0.1518688201904297,sql/linear/calcite-query172-call-0.smt2,unsat,0.0032930374145507812,sql/linear/calcite-query172-call-0.smt2,unsat,0.17113208770751953,sql/linear/calcite-query172-call-0.smt2,timeout,100.00545406341553,sql/linear/calcite-query172-call-0.smt2,unsat,0.009,sql/linear/calcite-query172-call-0.smt2,unsat,0.021
sql/linear/calcite-query176-call-0.smt2,unsat,0.16742777824401855,sql/linear/calcite-query176-call-0.smt2,unsat,0.02057027816772461,sql/linear/calcite-query176-call-0.smt2,unsat,0.32572293281555176,sql/linear/calcite-query176-call-0.smt2,unsat,0.23300814628601074,sql/linear/calcite-query176-call-0.smt2,unsat,0.028,sql/linear/calcite-query176-call-0.smt2,unsat,0.032
sql/linear/calcite-query191-call-0.smt2,unsat,0.6435949802398682,sql/linear/calcite-query191-call-0.smt2,unsat,0.011348962783813477,sql/linear/calcite-query191-call-0.smt2,unsat,0.5614609718322754,sql/linear/calcite-query191-call-0.smt2,unsat,0.24188518524169922,sql/linear/calcite-query191-call-0.smt2,unsat,0.023,sql/linear/calcite-query191-call-0.smt2,unsat,0.024
sql/linear/calcite-query193-call-0.smt2,sat,0.24829506874084473,sql/linear/calcite-query193-call-0.smt2,sat,0.0029540061950683594,sql/linear/calcite-query193-call-0.smt2,sat,0.22520709037780762,sql/linear/calcite-query193-call-0.smt2,sat,0.16274380683898926,sql/linear/calcite-query193-call-0.smt2,sat,0.005,sql/linear/calcite-query193-call-0.smt2,sat,0.005
sql/linear/calcite-query193-call-4.smt2,timeout,100.00898313522339,sql/linear/calcite-query193-call-4.smt2,sat,0.0029191970825195312,sql/linear/calcite-query193-call-4.smt2,sat,0.39081811904907227,sql/linear/calcite-query193-call-4.smt2,sat,0.2545609474182129,sql/linear/calcite-query193-call-4.smt2,sat,0.005,sql/linear/calcite-query193-call-4.smt2,sat,0.005
sql/linear/calcite-query207-call-0.smt2,unsat,0.6091938018798828,sql/linear/calcite-query207-call-0.smt2,unsat,0.03832697868347168,sql/linear/calcite-query207-call-0.smt2,unsat,0.19110584259033203,sql/linear/calcite-query207-call-0.smt2,timeout,100.0074360370636,sql/linear/calcite-query207-call-0.smt2,unsat,0.563,sql/linear/calcite-query207-call-0.smt2,unsat,0.563
sql/linear/calcite-query211-call-0.smt2,unsat,0.2709980010986328,sql/linear/calcite-query211-call-0.smt2,unsat,0.007581949234008789,sql/linear/calcite-query211-call-0.smt2,unsat,0.32926392555236816,sql/linear/calcite-query211-call-0.smt2,unsat,0.28095197677612305,sql/linear/calcite-query211-call-0.smt2,unsat,0.023,sql/linear/calcite-query211-call-0.smt2,unsat,0.023
sql/linear/calcite-query218-call-0.smt2,unsat,4.199344158172607,sql/linear/calcite-query218-call-0.smt2,unsat,0.039751291275024414,sql/linear/calcite-query218-call-0.smt2,unsat,1.388413906097412,sql/linear/calcite-query218-call-0.smt2,unsat,2.4167399406433105,sql/linear/calcite-query218-call-0.smt2,unsat,0.06,sql/linear/calcite-query218-call-0.smt2,unsat,0.06
sql/linear/calcite-query219-call-0.smt2,unsat,0.2025458812713623,sql/linear/calcite-query219-call-0.smt2,unsat,0.22232699394226074,sql/linear/calcite-query219-call-0.smt2,unsat,0.24656295776367188,sql/linear/calcite-query219-call-0.smt2,timeout,100.01135325431824,sql/linear/calcite-query219-call-0.smt2,unsat,0.008,sql/linear/calcite-query219-call-0.smt2,unsat,0.008
sql/linear/calcite-query222-call-0.smt2,sat,0.12456393241882324,sql/linear/calcite-query222-call-0.smt2,sat,0.004244089126586914,sql/linear/calcite-query222-call-0.smt2,sat,0.11084389686584473,sql/linear/calcite-query222-call-0.smt2,sat,0.11168622970581055,sql/linear/calcite-query222-call-0.smt2,sat,0.006,sql/linear/calcite-query222-call-0.smt2,sat,0.006
sql/linear/calcite-query222-call-2.smt2,sat,0.12675929069519043,sql/linear/calcite-query222-call-2.smt2,sat,0.2526888847351074,sql/linear/calcite-query222-call-2.smt2,sat,0.11309003829956055,sql/linear/calcite-query222-call-2.smt2,sat,0.1131279468536377,sql/linear/calcite-query222-call-2.smt2,sat,0.007,sql/linear/calcite-query222-call-2.smt2,sat,0.007
sql/linear/spark-query035-call-0.smt2,unsat,0.13664913177490234,sql/linear/spark-query035-call-0.smt2,unsat,0.005684852600097656,sql/linear/spark-query035-call-0.smt2,unsat,0.16948604583740234,sql/linear/spark-query035-call-0.smt2,unsat,0.10326981544494629,sql/linear/spark-query035-call-0.smt2,unsat,0.035,sql/linear/spark-query035-call-0.smt2,unsat,0.014
sql/linear/spark-query048-call-0.smt2,unsat,19.852097988128662,sql/linear/spark-query048-call-0.smt2,unsat,0.0275728702545166,sql/linear/spark-query048-call-0.smt2,unsat,2.518162965774536,sql/linear/spark-query048-call-0.smt2,unsat,1.419015884399414,sql/linear/spark-query048-call-0.smt2,unsat,0.07,sql/linear/spark-query048-call-0.smt2,unsat,0.069
sql/linear/spark-query054-call-0.smt2,sat,0.15199589729309082,sql/linear/spark-query054-call-0.smt2,sat,0.005034923553466797,sql/linear/spark-query054-call-0.smt2,sat,0.13610529899597168,sql/linear/spark-query054-call-0.smt2,sat,0.1343388557434082,sql/linear/spark-query054-call-0.smt2,sat,0.007,sql/linear/spark-query054-call-0.smt2,sat,0.007
sql/linear/spark-query089-call-0.smt2,unsat,0.1670060157775879,sql/linear/spark-query089-call-0.smt2,unsat,0.0034170150756835938,sql/linear/spark-query089-call-0.smt2,unsat,0.19603514671325684,sql/linear/spark-query089-call-0.smt2,timeout,100.00821018218994,sql/linear/spark-query089-call-0.smt2,unsat,0.009,sql/linear/spark-query089-call-0.smt2,unsat,0.009
sql/linear/spark-query090-call-2.smt2,unsat,0.47303295135498047,sql/linear/spark-query090-call-2.smt2,unsat,0.020138978958129883,sql/linear/spark-query090-call-2.smt2,unsat,0.41540002822875977,sql/linear/spark-query090-call-2.smt2,unsat,0.45615100860595703,sql/linear/spark-query090-call-2.smt2,unsat,0.088,sql/linear/spark-query090-call-2.smt2,unsat,0.088
