benchmark,answer,wall_seconds,DefaultModel::ee::constantTermsCount,DefaultModel::ee::functionTermsCount,DefaultModel::ee::mergesCount,DefaultModel::ee::termsCount,Instantiate::Duplicate_Inst,Instantiate::Duplicate_Inst_Entailed,Instantiate::Duplicate_Inst_Eq,Instantiate::Instantiations_Total,JustifyStrategy::MaxAssertionsSize,JustifyStrategy::MaxSkolemDefsSize,JustifyStrategy::MaxStackSize,JustifyStrategy::StatusBacktrack,JustifyStrategy::StatusDecision,JustifyStrategy::StatusNoDecision,JustifyStrategy::getNextTime,LearnedRewrite::lrewCount,Normalize::pass_time,QuantConflictFind::Entailment_Checks,QuantConflictFind::Inst_Rounds,QuantifiersEngine::Num_Quantifiers,QuantifiersEngine::Reductions_Alpha_Equivalence,QuantifiersEngine::Rounds_Instantiation_Full,QuantifiersEngine::Rounds_Instantiation_Last_Call,QuantifiersEngine::Triggers,QuantifiersEngine::Triggers_Multi,QuantifiersEngine::Triggers_Simple,TheoryEngine::Checks_Full,TheoryEngine::Checks_Last_Call,TheoryEngine::Checks_Standard,TheoryEngine::combineTheoriesCalls,TheoryEngine::combineTheoriesTime,arith::ee::constantTermsCount,arith::ee::functionTermsCount,arith::ee::mergesCount,arith::ee::termsCount,cvc5::CONSTANT,cvc5::TERM,cvc5::VARIABLE,driver::filename,global::totalTime,nl::checkRuns,nl::mbrRuns,preprocessing::ackermann,preprocessing::apply-substs,preprocessing::bool-to-bv,preprocessing::bv-eager-atoms,preprocessing::bv-gauss,preprocessing::bv-intro-pow2,preprocessing::bv-to-bool,preprocessing::bv-to-int,preprocessing::ext-rew-pre,preprocessing::ff-bitsum,preprocessing::ff-disjunctive-bit,preprocessing::foreign-theory-rewrite,preprocessing::fun-def-fmf,preprocessing::global-negate,preprocessing::ho-elim,preprocessing::int-to-bv,preprocessing::ite-removal,preprocessing::ite-simp,preprocessing::learned-rewrite,preprocessing::miplib-trick,preprocessing::nl-ext-purify,preprocessing::non-clausal-simp,preprocessing::normalize,preprocessing::passes::BVToBool::NumAtomsLifted,preprocessing::passes::BVToBool::NumTermsForcedLifted,preprocessing::passes::BVToBool::NumTermsLifted,preprocessing::passes::BoolToBV::NumIteToBvite,preprocessing::passes::BoolToBV::NumTermsForcedLowered,preprocessing::passes::ITESimp::ArithSubstitutionsAdded,preprocessing::passes::MipLibTrick::numMiplibAssertionsRemoved,preprocessing::passes::NonClausalSimp::NumConstantProps,preprocessing::passes:BoolToBV::NumTermsLowered,preprocessing::pseudo-boolean-processor,preprocessing::quantifiers-preprocess,preprocessing::real-to-int,preprocessing::rewrite,preprocessing::sep-skolem-emp,preprocessing::sort-inference,preprocessing::static-learning,preprocessing::static-rewrite,preprocessing::strings-eager-pp,preprocessing::sygus-infer,preprocessing::synth-rr,preprocessing::theory-preprocess,preprocessing::unconstrained-simplifier,preprocessor::number of unconstrained elims,prop::CnfStream::cnfConversionTime,prop::CnfStream::numAtoms,prop::PropEngine::numInputAtoms,resource::resourceUnitsUsed,resource::spendResourceCalls,resource::steps::inference-id,resource::steps::resource,sat::clauses_literals,sat::conflicts,sat::decisions,sat::learnts_literals,sat::max_literals,sat::propagations,sat::rnd_decisions,sat::starts,sat::tot_literals,shared::ee::constantTermsCount,shared::ee::functionTermsCount,shared::ee::mergesCount,shared::ee::termsCount,smt::SolverEngine::checkModelTime,smt::SolverEngine::checkUnsatCoreTime,smt::SolverEngine::definitionExpansionTime,smt::SolverEngine::numAssertionsPostITERemoval,smt::SolverEngine::numAssertionsPreITERemoval,smt::SolverEngine::numConstantProps,smt::SolverEngine::processAssertionsTime,smt::SolverEngine::pushPopTime,smt::SolverEngine::simplifiedToFalse,smt::SolverEngine::solveTime,theory::QuantifiersEngine::time,theory::QuantifiersEngine::time_conflict_based_inst,theory::QuantifiersEngine::time_ematching,theory::arith::AssertLowerConflicts,theory::arith::AssertUpperConflicts,theory::arith::AuxiliaryVariables,theory::arith::DisequalityConflicts,theory::arith::DisequalitySplits,theory::arith::FC::Construction,theory::arith::FC::FoundSat,theory::arith::FC::FoundUnsat,theory::arith::FC::Missed,theory::arith::FC::Timer,theory::arith::FC::UpdateConflicts,theory::arith::FC::initialProcessTime,theory::arith::FC::lastPivots,theory::arith::FC::selectUpdateForDualLike,theory::arith::FC::selectUpdateForPrimal,theory::arith::SOIConfMin::num,theory::arith::SOIConflict::Minimization,theory::arith::SOIConstruction,theory::arith::SOIFoundSat,theory::arith::SOIFoundUnsat,theory::arith::SOIHasToBeMin,theory::arith::SOIMaybeNotMin,theory::arith::SOIMissed,theory::arith::SOITime,theory::arith::SOIUpdateConflicts,theory::arith::SOIinitialProcessTime,theory::arith::SOIlastPivots,theory::arith::SOIselectSOI,theory::arith::UserVariables,theory::arith::adjTime,theory::arith::attempt::conflicts,theory::arith::attempt::queueTime,theory::arith::attempt::searchTime,theory::arith::bound::boundComputations,theory::arith::bound::boundPropagations,theory::arith::bound::time,theory::arith::cd::unatePropagateCalls,theory::arith::cd::unatePropagateImplications,theory::arith::checkTime,theory::arith::computeCareGraphTime,theory::arith::conflicts,theory::arith::congruence::conflicts,theory::arith::congruence::equalsConstantCalls,theory::arith::congruence::propagateConstraints,theory::arith::congruence::propagations,theory::arith::congruence::watchedVariableIsNotZero,theory::arith::congruence::watchedVariableIsZero,theory::arith::congruence::watchedVariables,theory::arith::currSetToSmaller,theory::arith::dio::conflictCalls,theory::arith::dio::conflictTimer,theory::arith::dio::conflicts,theory::arith::dio::cutCalls,theory::arith::dio::cutTimer,theory::arith::dio::cuts,theory::arith::dual::UpdateConflicts,theory::arith::dual::findConflictOnTheQueueTime,theory::arith::dual::lastPivots,theory::arith::dual::recentViolationCatches,theory::arith::dual::searchTime,theory::arith::dual::simplexConflicts,theory::arith::externalBranchAndBounds,theory::arith::forcing::time,theory::arith::inferencesConflict,theory::arith::inferencesFact,theory::arith::inferencesLemma,theory::arith::initialTableauSize,theory::arith::iteConstantApplications,theory::arith::iteMinMaxApplications,theory::arith::lemmas,theory::arith::liastar::checkFullEffortTime,theory::arith::liastar::checkRuns,theory::arith::liastar::conesEmpty,theory::arith::liastar::conesNonempty,theory::arith::liastar::cvc5SubSolverTime,theory::arith::liastar::dimensionMax,theory::arith::liastar::disjunctsPrunedUnsat,theory::arith::liastar::distributeTime,theory::arith::liastar::dnfCalls,theory::arith::liastar::dnfDisjuncts,theory::arith::liastar::dnfDisjunctsMax,theory::arith::liastar::getConesTime,theory::arith::liastar::getLiaTime,theory::arith::liastar::getMatricesTime,theory::arith::liastar::hilbertBasisMax,theory::arith::liastar::hilbertBasisTotal,theory::arith::liastar::itesRemoved,theory::arith::liastar::modelValueChecks,theory::arith::liastar::modelValueSolved,theory::arith::liastar::modelValueTime,theory::arith::liastar::moduleGeneratorsMax,theory::arith::liastar::moduleGeneratorsTotal,theory::arith::liastar::normalizCalls,theory::arith::liastar::normalizComputeTime,theory::arith::liastar::normalizInputTime,theory::arith::liastar::normalizSubSolverTime,theory::arith::liastar::removeItesTime,theory::arith::liastar::removeNotTime,theory::arith::liastar::starContainsLiterals,theory::arith::liastar::starTermsReduced,theory::arith::liastar::subSolverCalls,theory::arith::liastar::subSolverSat,theory::arith::liastar::subSolverTime,theory::arith::liastar::subSolverUnknown,theory::arith::liastar::subSolverUnsat,theory::arith::liastar::toDnfTime,theory::arith::newPropTimer,theory::arith::pivotTime,theory::arith::pivots,theory::arith::pivots::sat,theory::arith::pivots::unknown,theory::arith::pivots::unsat,theory::arith::ppRewriteTimer,theory::arith::pqueue::enqueues,theory::arith::pqueue::enqueuesCollection,theory::arith::pqueue::enqueuesCollectionDuplicates,theory::arith::pqueue::enqueuesDiffMode,theory::arith::pqueue::enqueuesVarOrderMode,theory::arith::pqueue::enqueuesVarOrderModeDuplicates,theory::arith::preferPhase,theory::arith::presolveTime,theory::arith::propagations,theory::arith::restartTimer,theory::arith::simplifyTimer,theory::arith::smallerSetToCurr,theory::arith::staticLearningTimer,theory::arith::status::avgUnknownsInARow,theory::arith::status::commitsOnConflicts,theory::arith::status::maxUnknownsInARow,theory::arith::status::nontrivialSatChecks,theory::arith::status::revertsOnConflicts,theory::arith::status::unknowns,theory::arith::trustedConflicts,theory::arith::trustedLemmas,theory::arith::updates,theory::arith::weakening::attempts,theory::arith::weakening::success,theory::arith::weakening::time,theory::arith::weakening::total,theory::arith::z::approx::cuts::branch::attempted,theory::arith::z::approx::cuts::gmi::attempted,theory::arith::z::approx::cuts::mir::attempted,theory::arith::z::approx::cuts::proofs,theory::arith::z::approx::cuts::proofs::failed,theory::arith::z::approx::cuts::reconstructed,theory::arith::z::approx::cuts::reconstructed::failed,theory::arith::z::approx::exhausted::branches,theory::arith::z::approx::exhausted::exec,theory::arith::z::approx::exhausted::pivots,theory::arith::z::approx::external::branches,theory::arith::z::approx::external::calls,theory::arith::z::approx::external::cuts,theory::arith::z::approx::external::cuts::rejected,theory::arith::z::approx::inSolverInteger,theory::arith::z::approx::lp::timer,theory::arith::z::approx::mip::timer,theory::arith::z::approx::replay::cuts::rejected,theory::arith::z::approx::replay::log::timer,theory::arith::z::approx::replay::rec,theory::arith::z::approx::replay::rec::branch::closefailures,theory::arith::z::approx::replay::rec::branch::skips,theory::arith::z::approx::replay::rec::earlyexit,theory::arith::z::approx::replay::rec::escalation,theory::arith::z::approx::replay::rec::leaf::closefailures,theory::arith::z::approx::replay::simplex::timer,theory::arith::z::approxDisabled,theory::arith::z::arith::cuts::applyRowsDeleted,theory::arith::z::arith::paniclemmas,theory::arith::z::arith::relax::calls,theory::arith::z::arith::relax::exhausted,theory::arith::z::arith::relax::feasible::failures,theory::arith::z::arith::relax::feasible::res,theory::arith::z::arith::relax::infeasible,theory::arith::z::arith::relax::infeasible::failures,theory::arith::z::arith::relax::other,theory::arith::z::mip::branch::proof::failed,theory::arith::z::mip::proofs::attempted,theory::arith::z::mip::proofs::successful,theory::arith::z::replayAttemptFailed,theory::arith::z::solveInt::calls,theory::arith::z::solveInt::calls::standardEffort,theory::arith::z::solveInt::models::attempts,theory::arith::z::solveInt::timer,theory::arith::z::solveRealRelax::timer,theory::arith::zzz::solveInt::models::successful,theory::arrays::avgInStoresListLength,theory::arrays::avgIndexListLength,theory::arrays::avgStoresListLength,theory::arrays::callsMergeInfo,theory::arrays::conflicts,theory::arrays::ee::constantTermsCount,theory::arrays::ee::functionTermsCount,theory::arrays::ee::mergesCount,theory::arrays::ee::termsCount,theory::arrays::inferencesConflict,theory::arrays::inferencesFact,theory::arrays::inferencesLemma,theory::arrays::infoTableSize,theory::arrays::lemmas,theory::arrays::listsCount,theory::arrays::maxList,theory::arrays::mayEqual::constantTermsCount,theory::arrays::mayEqual::functionTermsCount,theory::arrays::mayEqual::mergesCount,theory::arrays::mayEqual::termsCount,theory::arrays::mergeInfoTimer,theory::arrays::number of Ext lemmas,theory::arrays::number of Row lemmas,theory::arrays::number of calls to setNonLinear,theory::arrays::number of explanations,theory::arrays::number of getModelVal conflicts,theory::arrays::number of getModelVal splits,theory::arrays::number of propagations,theory::arrays::number of setModelVal conflicts,theory::arrays::number of setModelVal splits,theory::arrays::number of shared array var splits,theory::arrays::pp::constantTermsCount,theory::arrays::pp::functionTermsCount,theory::arrays::pp::mergesCount,theory::arrays::pp::termsCount,theory::arrays::preferPhase,theory::arrays::propagations,theory::arrays::theory::arrays::checkTime,theory::arrays::theory::arrays::computeCareGraphTime,theory::arrays::trustedConflicts,theory::arrays::trustedLemmas,theory::bags::checkTime,theory::bags::computeCareGraphTime,theory::bags::conflicts,theory::bags::ee::constantTermsCount,theory::bags::ee::functionTermsCount,theory::bags::ee::mergesCount,theory::bags::ee::termsCount,theory::bags::inferencesConflict,theory::bags::inferencesFact,theory::bags::inferencesLemma,theory::bags::lemmas,theory::bags::preferPhase,theory::bags::propagations,theory::bags::rewrites,theory::bags::trustedConflicts,theory::bags::trustedLemmas,theory::bool::checkTime,theory::bool::computeCareGraphTime,theory::bool::conflicts,theory::bool::inferencesConflict,theory::bool::inferencesFact,theory::bool::inferencesLemma,theory::bool::lemmas,theory::bool::preferPhase,theory::bool::propagations,theory::bool::trustedConflicts,theory::bool::trustedLemmas,theory::builtin::checkTime,theory::builtin::computeCareGraphTime,theory::builtin::conflicts,theory::builtin::inferencesConflict,theory::builtin::inferencesFact,theory::builtin::inferencesLemma,theory::builtin::lemmas,theory::builtin::preferPhase,theory::builtin::propagations,theory::builtin::trustedConflicts,theory::builtin::trustedLemmas,theory::bv::BVSolverBitblast::CnfStream::cnfConversionTime,theory::bv::BVSolverBitblast::CnfStream::numAtoms,theory::bv::BVSolverBitblast::cadical::calls_to_solve,theory::bv::BVSolverBitblast::cadical::clauses,theory::bv::BVSolverBitblast::cadical::solve_time,theory::bv::BVSolverBitblast::cadical::variables,theory::bv::NumSolveSubstitutions,theory::bv::checkTime,theory::bv::computeCareGraphTime,theory::bv::conflicts,theory::bv::ee::constantTermsCount,theory::bv::ee::functionTermsCount,theory::bv::ee::mergesCount,theory::bv::ee::termsCount,theory::bv::inferencesConflict,theory::bv::inferencesFact,theory::bv::inferencesLemma,theory::bv::lemmas,theory::bv::preferPhase,theory::bv::propagations,theory::bv::trustedConflicts,theory::bv::trustedLemmas,theory::datatypes::checkTime,theory::datatypes::computeCareGraphTime,theory::datatypes::conflicts,theory::datatypes::ee::constantTermsCount,theory::datatypes::ee::functionTermsCount,theory::datatypes::ee::mergesCount,theory::datatypes::ee::termsCount,theory::datatypes::inferencesConflict,theory::datatypes::inferencesFact,theory::datatypes::inferencesLemma,theory::datatypes::lemmas,theory::datatypes::preferPhase,theory::datatypes::propagations,theory::datatypes::trustedConflicts,theory::datatypes::trustedLemmas,theory::ff::checkTime,theory::ff::computeCareGraphTime,theory::ff::conflicts,theory::ff::ee::constantTermsCount,theory::ff::ee::functionTermsCount,theory::ff::ee::mergesCount,theory::ff::ee::termsCount,theory::ff::inferencesConflict,theory::ff::inferencesFact,theory::ff::inferencesLemma,theory::ff::lemmas,theory::ff::model_construction_time,theory::ff::num_construction_errors,theory::ff::num_gb_runs,theory::ff::num_ideal_min_poly,theory::ff::num_ideal_pos_dim,theory::ff::num_trivial_unsat,theory::ff::preferPhase,theory::ff::propagations,theory::ff::time_gb_runs,theory::ff::trustedConflicts,theory::ff::trustedLemmas,theory::fp::checkTime,theory::fp::computeCareGraphTime,theory::fp::conflicts,theory::fp::ee::constantTermsCount,theory::fp::ee::functionTermsCount,theory::fp::ee::mergesCount,theory::fp::ee::termsCount,theory::fp::inferencesConflict,theory::fp::inferencesFact,theory::fp::inferencesLemma,theory::fp::lemmas,theory::fp::preferPhase,theory::fp::propagations,theory::fp::trustedConflicts,theory::fp::trustedLemmas,theory::master::constantTermsCount,theory::master::functionTermsCount,theory::master::mergesCount,theory::master::termsCount,theory::quantifiers::checkTime,theory::quantifiers::computeCareGraphTime,theory::quantifiers::conflicts,theory::quantifiers::inferencesConflict,theory::quantifiers::inferencesFact,theory::quantifiers::inferencesLemma,theory::quantifiers::lemmas,theory::quantifiers::preferPhase,theory::quantifiers::propagations,theory::quantifiers::trustedConflicts,theory::quantifiers::trustedLemmas,theory::sep::checkTime,theory::sep::computeCareGraphTime,theory::sep::conflicts,theory::sep::ee::constantTermsCount,theory::sep::ee::functionTermsCount,theory::sep::ee::mergesCount,theory::sep::ee::termsCount,theory::sep::inferencesConflict,theory::sep::inferencesFact,theory::sep::inferencesLemma,theory::sep::lemmas,theory::sep::preferPhase,theory::sep::propagations,theory::sep::trustedConflicts,theory::sep::trustedLemmas,theory::sets::checkTime,theory::sets::computeCareGraphTime,theory::sets::conflicts,theory::sets::ee::constantTermsCount,theory::sets::ee::functionTermsCount,theory::sets::ee::mergesCount,theory::sets::ee::termsCount,theory::sets::inferencesConflict,theory::sets::inferencesFact,theory::sets::inferencesLemma,theory::sets::lemmas,theory::sets::preferPhase,theory::sets::propagations,theory::sets::trustedConflicts,theory::sets::trustedLemmas,theory::shared_terms,theory::strings::cdSimplifications,theory::strings::checkRuns,theory::strings::checkTime,theory::strings::computeCareGraphTime,theory::strings::conflicts,theory::strings::conflictsEager,theory::strings::conflictsEqEngine,theory::strings::conflictsInfer,theory::strings::ee::constantTermsCount,theory::strings::ee::functionTermsCount,theory::strings::ee::mergesCount,theory::strings::ee::termsCount,theory::strings::inferencesConflict,theory::strings::inferencesFact,theory::strings::inferencesLemma,theory::strings::lemmas,theory::strings::preferPhase,theory::strings::propagations,theory::strings::reductions,theory::strings::regexpUnfoldingsNeg,theory::strings::regexpUnfoldingsPos,theory::strings::rewrites,theory::strings::strategyRuns,theory::strings::trustedConflicts,theory::strings::trustedLemmas,theory::uf::checkTime,theory::uf::computeCareGraphTime,theory::uf::conflicts,theory::uf::ee::constantTermsCount,theory::uf::ee::functionTermsCount,theory::uf::ee::mergesCount,theory::uf::ee::termsCount,theory::uf::inferencesConflict,theory::uf::inferencesFact,theory::uf::inferencesLemma,theory::uf::lemmas,theory::uf::preferPhase,theory::uf::propagations,theory::uf::symmetry_breaker::clauses,theory::uf::symmetry_breaker::permutationSetsConsidered,theory::uf::symmetry_breaker::permutationSetsInvariant,theory::uf::symmetry_breaker::timers::initNormalization,theory::uf::symmetry_breaker::timers::invariantByPermutations,theory::uf::symmetry_breaker::timers::selectTerms,theory::uf::symmetry_breaker::units,theory::uf::trustedConflicts,theory::uf::trustedLemmas
arith/cvc5_bapa/fol_0000001.smt2,sat,0.007,0,0,8,12,0,0,0,0,3,3,2,0,1,2,0,{  },0,0,0,0,0,0,0,0,0,0,2,1,9,1,0,0,1,9,13,{  },{  },{  },,6,0,0,0,0,0,0,0,0,0,0,0,0,0,0,0,0,0,0,0,0,0,0,0,0,0,0,0,0,0,0,0,0,0,0,0,0,0,0,0,0,0,0,0,0,0,0,0,0,0,23,9,1380,1380,"{ ARITH_CONF_SIMPLEX: 1, ARITH_LIA_STAR_NONNEGATIVE: 1, ARITH_LIA_STAR_SPLIT: 1, ARITH_SPLIT_DEQ: 1 }","{ ArithPivotStep: 4, BvSatStep: 1, CnfStep: 27, DecisionStep: 7, LemmaStep: 3, PreprocessStep: 18, RewriteStep: 1270, SatConflictStep: 9, TheoryCheckStep: 35, TheoryFullCheckStep: 2 }",28,0,5,0,0,27,0,1,0,0,8,16,17,0,0,0,0,0,0,0,0,0,0,0,0,0,0,0,6,0,0,0,0,0,0,0,0,0,0,0,0,0,0,0,0,0,0,0,0,0,0,0,0,0,8,0,0,0,0,0,0,0,16,4,0,0,1,0,5,0,0,1,2,5,0,0,0,0,0,0,0,0,0,0,1,0,0,0,0,{ ARITH_CONF_SIMPLEX: 1 },{  },"{ ARITH_LIA_STAR_NONNEGATIVE: 1, ARITH_LIA_STAR_SPLIT: 1, ARITH_SPLIT_DEQ: 1 }",9,0,0,3,0,2,0,0,0,0,0,0,0,0,0,0,0,0,0,0,0,1,1,0,0,0,0,0,0,0,0,0,2,0,0,0,0,0,0,0,0,0,4,{  },{  },{  },0,0,0,0,0,0,0,0,0,4,0,0,0,0,0.0,1,0,9,0,0,0,0,10,1,1,0,1,0,0,0,0,0,0,0,0,0,0,0,0,0,0,0,0,0,0,0,0,0,0,0,0,0,0,0,0,0,0,0,0,0,0,0,0,0,0,0,0,0,0,0,0,0,0,nan,nan,nan,0,0,0,0,0,2,{  },{  },{  },0,0,0,0,0,0,0,2,0,0,0,0,0,0,0,0,0,0,0,0,0,0,2,0,0,0,0,0,0,0,0,0,0,0,0,2,{  },{  },{  },0,0,0,{  },0,0,0,0,0,{  },{  },{  },0,0,0,0,0,0,0,0,{  },{  },{  },0,0,10,0,0,0,0,2,0,0,2,0,0,0,0,0,0,0,2,{  },{  },{  },0,0,0,0,0,0,0,0,0,0,0,2,{  },{  },{  },0,0,0,0,0,0,0,0,0,0,0,2,{  },{  },{  },0,0,0,0,0,0,0,0,0,0,0,0,0,0,0,0,0,0,2,{  },{  },{  },0,0,0,0,0,0,1,9,13,0,0,0,{  },{  },{  },0,0,0,0,0,0,0,0,0,0,0,2,{  },{  },{  },0,0,0,0,0,0,0,0,0,0,0,2,{  },{  },{  },0,0,0,0,0,0,{  },1,0,0,0,0,0,0,0,0,0,2,{  },{  },{  },0,0,0,{  },{  },{  },{  },1,0,0,0,0,0,0,0,0,2,{  },{  },{  },0,0,0,0,0,0,0,0,0,0,0,0
arith/cvc5_bapa/fol_0000002.smt2,sat,0.006,0,0,8,12,0,0,0,0,3,3,2,0,1,2,0,{  },0,0,0,0,0,0,0,0,0,0,2,1,9,1,0,0,0,8,11,{  },{  },{  },,6,0,0,0,0,0,0,0,0,0,0,0,0,0,0,0,0,0,0,0,0,0,0,0,0,0,0,0,0,0,0,0,0,0,0,0,0,0,0,0,0,0,0,0,0,0,0,0,0,0,23,9,1386,1386,"{ ARITH_CONF_SIMPLEX: 1, ARITH_LIA_STAR_NONNEGATIVE: 1, ARITH_LIA_STAR_SPLIT: 1, ARITH_SPLIT_DEQ: 1 }","{ ArithPivotStep: 4, BvSatStep: 1, CnfStep: 26, DecisionStep: 7, LemmaStep: 3, PreprocessStep: 18, RewriteStep: 1277, SatConflictStep: 9, TheoryCheckStep: 35, TheoryFullCheckStep: 2 }",28,0,5,0,0,27,0,1,0,0,8,16,17,0,0,0,0,0,0,0,0,0,0,0,0,0,0,0,6,0,0,0,0,0,0,0,0,0,0,0,0,0,0,0,0,0,0,0,0,0,0,0,0,0,8,0,0,0,0,0,0,0,16,4,0,0,1,0,5,0,0,0,2,4,0,0,0,0,0,0,0,0,0,0,1,0,0,0,0,{ ARITH_CONF_SIMPLEX: 1 },{  },"{ ARITH_LIA_STAR_NONNEGATIVE: 1, ARITH_LIA_STAR_SPLIT: 1, ARITH_SPLIT_DEQ: 1 }",9,0,0,3,0,2,0,0,0,0,0,0,0,0,0,0,0,0,0,0,0,1,1,0,0,0,0,0,0,0,0,0,2,0,0,0,0,0,0,0,0,0,4,{  },{  },{  },0,0,0,0,0,0,0,0,0,4,0,0,0,0,0.0,1,0,9,0,0,0,0,10,1,1,0,1,0,0,0,0,0,0,0,0,0,0,0,0,0,0,0,0,0,0,0,0,0,0,0,0,0,0,0,0,0,0,0,0,0,0,0,0,0,0,0,0,0,0,0,0,0,0,nan,nan,nan,0,0,0,0,0,2,{  },{  },{  },0,0,0,0,0,0,0,2,0,0,0,0,0,0,0,0,0,0,0,0,0,0,2,0,0,0,0,0,0,0,0,0,0,0,0,2,{  },{  },{  },0,0,0,{  },0,0,0,0,0,{  },{  },{  },0,0,0,0,0,0,0,0,{  },{  },{  },0,0,10,0,0,0,0,2,0,0,2,0,0,0,0,0,0,0,2,{  },{  },{  },0,0,0,0,0,0,0,0,0,0,0,2,{  },{  },{  },0,0,0,0,0,0,0,0,0,0,0,2,{  },{  },{  },0,0,0,0,0,0,0,0,0,0,0,0,0,0,0,0,0,0,2,{  },{  },{  },0,0,0,0,0,0,0,8,11,0,0,0,{  },{  },{  },0,0,0,0,0,0,0,0,0,0,0,2,{  },{  },{  },0,0,0,0,0,0,0,0,0,0,0,2,{  },{  },{  },0,0,0,0,0,0,{  },1,0,0,0,0,0,0,0,0,0,2,{  },{  },{  },0,0,0,{  },{  },{  },{  },1,0,0,0,0,0,0,0,0,2,{  },{  },{  },0,0,0,0,0,0,0,0,0,0,0,0
arith/cvc5_bapa/fol_0000003.smt2,sat,0.006,0,0,8,12,0,0,0,0,3,3,2,0,1,2,0,{  },0,0,0,0,0,0,0,0,0,0,2,1,9,1,0,0,0,8,11,{  },{  },{  },,5,0,0,0,0,0,0,0,0,0,0,0,0,0,0,0,0,0,0,0,0,0,0,0,0,0,0,0,0,0,0,0,0,0,0,0,0,0,0,0,0,0,0,0,0,0,0,0,0,0,23,9,1388,1388,"{ ARITH_CONF_SIMPLEX: 1, ARITH_LIA_STAR_NONNEGATIVE: 1, ARITH_LIA_STAR_SPLIT: 1, ARITH_SPLIT_DEQ: 1 }","{ ArithPivotStep: 4, BvSatStep: 1, CnfStep: 27, DecisionStep: 7, LemmaStep: 3, PreprocessStep: 18, RewriteStep: 1278, SatConflictStep: 9, TheoryCheckStep: 35, TheoryFullCheckStep: 2 }",28,0,5,0,0,27,0,1,0,0,8,16,17,0,0,0,0,0,0,0,0,0,0,0,0,0,0,0,6,0,0,0,0,0,0,0,0,0,0,0,0,0,0,0,0,0,0,0,0,0,0,0,0,0,8,0,0,0,0,0,0,0,16,4,0,0,1,0,5,0,0,0,2,5,0,0,0,0,0,0,0,0,0,0,1,0,0,0,0,{ ARITH_CONF_SIMPLEX: 1 },{  },"{ ARITH_LIA_STAR_NONNEGATIVE: 1, ARITH_LIA_STAR_SPLIT: 1, ARITH_SPLIT_DEQ: 1 }",9,0,0,3,0,2,0,0,0,0,0,0,0,0,0,0,0,0,0,0,0,1,1,0,0,0,0,0,0,0,0,0,2,0,0,0,0,0,0,0,0,0,4,{  },{  },{  },0,0,0,0,0,0,0,0,0,4,0,0,0,0,0.0,1,0,9,0,0,0,0,10,1,1,0,1,0,0,0,0,0,0,0,0,0,0,0,0,0,0,0,0,0,0,0,0,0,0,0,0,0,0,0,0,0,0,0,0,0,0,0,0,0,0,0,0,0,0,0,0,0,0,nan,nan,nan,0,0,0,0,0,2,{  },{  },{  },0,0,0,0,0,0,0,2,0,0,0,0,0,0,0,0,0,0,0,0,0,0,2,0,0,0,0,0,0,0,0,0,0,0,0,2,{  },{  },{  },0,0,0,{  },0,0,0,0,0,{  },{  },{  },0,0,0,0,0,0,0,0,{  },{  },{  },0,0,10,0,0,0,0,2,0,0,2,0,0,0,0,0,0,0,2,{  },{  },{  },0,0,0,0,0,0,0,0,0,0,0,2,{  },{  },{  },0,0,0,0,0,0,0,0,0,0,0,2,{  },{  },{  },0,0,0,0,0,0,0,0,0,0,0,0,0,0,0,0,0,0,2,{  },{  },{  },0,0,0,0,0,0,0,8,11,0,0,0,{  },{  },{  },0,0,0,0,0,0,0,0,0,0,0,2,{  },{  },{  },0,0,0,0,0,0,0,0,0,0,0,2,{  },{  },{  },0,0,0,0,0,0,{  },1,0,0,0,0,0,0,0,0,0,2,{  },{  },{  },0,0,0,{  },{  },{  },{  },1,0,0,0,0,0,0,0,0,2,{  },{  },{  },0,0,0,0,0,0,0,0,0,0,0,0
arith/cvc5_bapa/fol_0000004.smt2,sat,0.026,0,0,19,25,0,0,0,0,19,3,3,3,7,45,0,{  },0,0,0,0,0,0,0,0,0,0,5,1,39,1,0,0,4,30,43,{  },{  },{  },,25,0,0,0,0,0,0,0,0,0,0,0,0,0,0,0,0,0,0,0,0,0,0,0,0,0,0,0,0,0,0,0,0,0,0,0,0,0,0,0,0,0,0,0,0,0,0,0,0,0,65,9,3240,3240,"{ ARITH_BB_LEMMA: 1, ARITH_CONF_SIMPLEX: 6, ARITH_DIO_CUT: 1, ARITH_LIA_STAR_EXISTS: 1, ARITH_LIA_STAR_NONNEGATIVE: 1, ARITH_LIA_STAR_SPLIT: 1, ARITH_ROW_IMPL: 3, ARITH_SPLIT_DEQ: 6 }","{ ArithPivotStep: 14, BvSatStep: 1, CnfStep: 43, DecisionStep: 25, LemmaStep: 14, PreprocessStep: 18, RewriteStep: 2967, SatConflictStep: 27, TheoryCheckStep: 106, TheoryFullCheckStep: 5 }",155,1,20,5,2,125,0,1,2,0,49,73,101,0,0,0,0,0,0,0,0,0,0,0,0,0,0,0,11,0,0,0,0,0,0,0,0,0,0,0,0,0,0,0,0,0,0,0,0,0,0,0,0,0,19,0,0,0,0,0,0,0,73,22,18,0,6,0,23,0,0,8,2,4,0,2,0,0,1,0,1,0,0,0,6,0,0,1,0,{ ARITH_CONF_SIMPLEX: 6 },{  },"{ ARITH_BB_LEMMA: 1, ARITH_DIO_CUT: 1, ARITH_LIA_STAR_EXISTS: 1, ARITH_LIA_STAR_NONNEGATIVE: 1, ARITH_LIA_STAR_SPLIT: 1, ARITH_ROW_IMPL: 3, ARITH_SPLIT_DEQ: 6 }",9,0,0,14,18,3,0,5,13,5,3,13,1,5,5,3,0,0,2,6,3,2,0,0,1,5,5,2,0,0,0,0,3,1,25,22,13,0,3,13,0,0,14,{  },{  },{  },0,0,0,0,0,0,0,1,0,18,0,0,0,0,0.0,6,0,39,0,0,0,0,26,6,4,0,4,0,0,0,0,0,0,0,0,0,0,0,0,0,0,0,0,0,0,0,0,0,0,0,0,0,0,0,0,0,0,0,0,0,0,0,0,0,0,0,0,0,0,0,0,0,0,nan,nan,nan,0,0,0,0,0,2,{  },{  },{  },0,0,0,0,0,0,0,2,0,0,0,0,0,0,0,0,0,0,0,0,0,0,2,0,0,0,0,0,0,0,0,0,0,0,0,2,{  },{  },{  },0,0,0,{  },0,0,0,0,0,{  },{  },{  },0,0,0,0,0,0,0,0,{  },{  },{  },0,0,49,0,0,0,0,5,0,0,2,0,0,0,0,0,0,0,2,{  },{  },{  },0,0,0,0,0,0,0,0,0,0,0,2,{  },{  },{  },0,0,0,0,0,0,0,0,0,0,0,2,{  },{  },{  },0,0,0,0,0,0,0,0,0,0,0,0,0,0,0,0,0,0,2,{  },{  },{  },0,0,0,0,0,0,4,30,43,0,0,0,{  },{  },{  },0,0,0,0,0,0,0,0,0,0,0,2,{  },{  },{  },0,0,0,0,0,0,0,0,0,0,0,2,{  },{  },{  },0,0,0,0,0,0,{  },1,0,0,0,0,0,0,0,0,0,2,{  },{  },{  },0,0,0,{  },{  },{  },{  },1,0,0,0,0,0,0,0,0,2,{  },{  },{  },0,0,0,0,0,0,0,0,0,0,0,0
arith/cvc5_bapa/fol_0000005.smt2,sat,0.028,0,0,19,25,0,0,0,0,14,3,3,2,6,23,0,{  },0,0,0,0,0,0,0,0,0,0,3,1,35,1,0,0,8,33,48,{  },{  },{  },,28,0,0,0,0,0,0,0,0,0,0,0,0,0,0,0,0,0,0,0,0,0,0,0,0,0,0,0,0,0,0,0,0,0,0,0,0,0,0,0,0,0,0,0,0,0,0,0,0,0,61,9,3069,3069,"{ ARITH_CONF_SIMPLEX: 4, ARITH_LIA_STAR_EXISTS: 1, ARITH_LIA_STAR_NONNEGATIVE: 1, ARITH_LIA_STAR_SPLIT: 1, ARITH_ROW_IMPL: 3, ARITH_SPLIT_DEQ: 5 }","{ ArithPivotStep: 12, BvSatStep: 1, CnfStep: 38, DecisionStep: 21, LemmaStep: 11, PreprocessStep: 18, RewriteStep: 2851, SatConflictStep: 23, TheoryCheckStep: 76, TheoryFullCheckStep: 3 }",144,1,18,5,2,105,0,1,2,0,47,67,99,0,0,0,0,0,0,0,0,0,0,0,0,0,0,0,11,0,0,0,0,0,0,0,0,0,0,0,0,0,0,0,0,0,0,0,0,0,0,0,0,0,19,0,0,0,0,0,0,0,64,13,18,0,4,0,22,0,0,16,2,5,0,0,0,0,0,0,0,0,0,0,4,0,0,0,0,{ ARITH_CONF_SIMPLEX: 4 },{  },"{ ARITH_LIA_STAR_EXISTS: 1, ARITH_LIA_STAR_NONNEGATIVE: 1, ARITH_LIA_STAR_SPLIT: 1, ARITH_ROW_IMPL: 3, ARITH_SPLIT_DEQ: 5 }",9,0,0,11,18,3,0,5,14,5,3,14,1,5,5,3,0,0,2,6,3,2,0,0,1,5,5,2,0,0,0,0,3,1,25,22,14,0,3,14,0,0,12,{  },{  },{  },0,0,0,0,0,0,0,0,0,16,0,0,0,0,0.0,4,0,35,0,0,0,0,22,4,2,0,3,0,0,0,0,0,0,0,0,0,0,0,0,0,0,0,0,0,0,0,0,0,0,0,0,0,0,0,0,0,0,0,0,0,0,0,0,0,0,0,0,0,0,0,0,0,0,nan,nan,nan,0,0,0,0,0,2,{  },{  },{  },0,0,0,0,0,0,0,2,0,0,0,0,0,0,0,0,0,0,0,0,0,0,2,0,0,0,0,0,0,0,0,0,0,0,0,2,{  },{  },{  },0,0,0,{  },0,0,0,0,0,{  },{  },{  },0,0,0,0,0,0,0,0,{  },{  },{  },0,0,44,0,0,0,0,3,0,0,2,0,0,0,0,0,0,0,2,{  },{  },{  },0,0,0,0,0,0,0,0,0,0,0,2,{  },{  },{  },0,0,0,0,0,0,0,0,0,0,0,2,{  },{  },{  },0,0,0,0,0,0,0,0,0,0,0,0,0,0,0,0,0,0,2,{  },{  },{  },0,0,0,0,0,0,8,33,48,0,0,0,{  },{  },{  },0,0,0,0,0,0,0,0,0,0,0,2,{  },{  },{  },0,0,0,0,0,0,0,0,0,0,0,2,{  },{  },{  },0,0,0,0,0,0,{  },1,0,0,0,0,0,0,0,0,0,2,{  },{  },{  },0,0,0,{  },{  },{  },{  },1,0,0,0,0,0,0,0,0,2,{  },{  },{  },0,0,0,0,0,0,0,0,0,0,0,0
arith/cvc5_bapa/fol_0000006.smt2,sat,0.030,0,0,19,25,0,0,0,0,19,3,3,3,7,45,0,{  },0,0,0,0,0,0,0,0,0,0,5,1,39,1,0,0,4,30,43,{  },{  },{  },,29,0,0,0,0,0,0,0,0,0,0,0,0,0,0,0,0,0,0,0,0,0,0,0,0,0,0,0,0,0,0,0,0,0,0,0,0,0,0,0,0,0,0,0,0,0,0,0,0,0,65,9,3240,3240,"{ ARITH_BB_LEMMA: 1, ARITH_CONF_SIMPLEX: 6, ARITH_DIO_CUT: 1, ARITH_LIA_STAR_EXISTS: 1, ARITH_LIA_STAR_NONNEGATIVE: 1, ARITH_LIA_STAR_SPLIT: 1, ARITH_ROW_IMPL: 3, ARITH_SPLIT_DEQ: 6 }","{ ArithPivotStep: 14, BvSatStep: 1, CnfStep: 43, DecisionStep: 25, LemmaStep: 14, PreprocessStep: 18, RewriteStep: 2967, SatConflictStep: 27, TheoryCheckStep: 106, TheoryFullCheckStep: 5 }",155,1,20,5,2,125,0,1,2,0,49,73,101,0,0,0,0,0,0,0,0,0,0,0,0,0,0,0,11,0,0,0,0,0,0,0,0,0,0,0,0,0,0,0,0,0,0,0,0,0,0,0,0,0,19,0,0,0,0,0,0,0,73,22,19,0,6,0,23,0,0,8,2,4,0,2,0,0,1,0,1,0,0,0,6,0,0,1,0,{ ARITH_CONF_SIMPLEX: 6 },{  },"{ ARITH_BB_LEMMA: 1, ARITH_DIO_CUT: 1, ARITH_LIA_STAR_EXISTS: 1, ARITH_LIA_STAR_NONNEGATIVE: 1, ARITH_LIA_STAR_SPLIT: 1, ARITH_ROW_IMPL: 3, ARITH_SPLIT_DEQ: 6 }",9,0,0,14,18,3,0,5,14,5,3,14,1,5,5,3,0,0,2,6,3,2,0,0,1,5,5,2,0,0,0,0,3,1,25,22,14,0,3,14,0,0,14,{  },{  },{  },0,0,0,0,0,0,0,1,0,18,0,0,0,0,0.0,6,0,39,0,0,0,0,26,6,4,0,4,0,0,0,0,0,0,0,0,0,0,0,0,0,0,0,0,0,0,0,0,0,0,0,0,0,0,0,0,0,0,0,0,0,0,0,0,0,0,0,0,0,0,0,0,0,0,nan,nan,nan,0,0,0,0,0,2,{  },{  },{  },0,0,0,0,0,0,0,2,0,0,0,0,0,0,0,0,0,0,0,0,0,0,2,0,0,0,0,0,0,0,0,0,0,0,0,2,{  },{  },{  },0,0,0,{  },0,0,0,0,0,{  },{  },{  },0,0,0,0,0,0,0,0,{  },{  },{  },0,0,49,0,0,0,0,5,0,0,2,0,0,0,0,0,0,0,2,{  },{  },{  },0,0,0,0,0,0,0,0,0,0,0,2,{  },{  },{  },0,0,0,0,0,0,0,0,0,0,0,2,{  },{  },{  },0,0,0,0,0,0,0,0,0,0,0,0,0,0,0,0,0,0,2,{  },{  },{  },0,0,0,0,0,0,4,30,43,0,0,0,{  },{  },{  },0,0,0,0,0,0,0,0,0,0,0,2,{  },{  },{  },0,0,0,0,0,0,0,0,0,0,0,2,{  },{  },{  },0,0,0,0,0,0,{  },1,0,0,0,0,0,0,0,0,0,2,{  },{  },{  },0,0,0,{  },{  },{  },{  },1,0,0,0,0,0,0,0,0,2,{  },{  },{  },0,0,0,0,0,0,0,0,0,0,0,0
arith/cvc5_bapa/fol_0000007.smt2,sat,0.029,0,0,19,25,0,0,0,0,13,3,3,2,2,23,0,{  },0,0,0,0,0,0,0,0,0,0,3,1,32,1,0,0,1,26,34,{  },{  },{  },,28,0,0,0,0,0,0,0,0,0,0,0,0,0,0,0,0,0,0,0,0,0,0,0,0,0,0,0,0,0,0,0,0,0,0,0,0,0,0,0,0,0,0,0,0,0,0,0,0,0,61,9,2928,2928,"{ ARITH_CONF_SIMPLEX: 4, ARITH_LIA_STAR_EXISTS: 1, ARITH_LIA_STAR_NONNEGATIVE: 1, ARITH_LIA_STAR_SPLIT: 1, ARITH_ROW_IMPL: 2, ARITH_SPLIT_DEQ: 5 }","{ ArithPivotStep: 8, BvSatStep: 1, CnfStep: 37, DecisionStep: 17, LemmaStep: 9, PreprocessStep: 18, RewriteStep: 2729, SatConflictStep: 19, TheoryCheckStep: 73, TheoryFullCheckStep: 3 }",141,1,14,0,1,91,0,1,1,0,39,64,83,0,0,0,0,0,0,0,0,0,0,0,0,0,0,0,10,0,0,0,0,0,0,0,0,0,0,0,0,0,0,0,0,0,0,0,0,0,0,0,0,0,19,0,0,0,0,0,0,0,55,13,18,0,4,0,22,0,0,3,2,4,0,0,0,0,0,0,0,0,0,0,4,0,0,0,0,{ ARITH_CONF_SIMPLEX: 4 },{  },"{ ARITH_LIA_STAR_EXISTS: 1, ARITH_LIA_STAR_NONNEGATIVE: 1, ARITH_LIA_STAR_SPLIT: 1, ARITH_ROW_IMPL: 2, ARITH_SPLIT_DEQ: 5 }",6,0,0,10,18,3,0,5,14,5,3,14,1,5,5,3,0,0,2,6,3,2,0,0,1,5,5,2,0,0,0,0,3,1,25,22,14,0,3,14,0,0,8,{  },{  },{  },0,0,0,0,0,0,0,0,0,17,0,0,0,0,0.0,4,0,32,0,0,0,0,19,4,2,0,3,0,0,0,0,0,0,0,0,0,0,0,0,0,0,0,0,0,0,0,0,0,0,0,0,0,0,0,0,0,0,0,0,0,0,0,0,0,0,0,0,0,0,0,0,0,0,nan,nan,nan,0,0,0,0,0,2,{  },{  },{  },0,0,0,0,0,0,0,2,0,0,0,0,0,0,0,0,0,0,0,0,0,0,2,0,0,0,0,0,0,0,0,0,0,0,0,2,{  },{  },{  },0,0,0,{  },0,0,0,0,0,{  },{  },{  },0,0,0,0,0,0,0,0,{  },{  },{  },0,0,41,0,0,0,0,3,0,0,2,0,0,0,0,0,0,0,2,{  },{  },{  },0,0,0,0,0,0,0,0,0,0,0,2,{  },{  },{  },0,0,0,0,0,0,0,0,0,0,0,2,{  },{  },{  },0,0,0,0,0,0,0,0,0,0,0,0,0,0,0,0,0,0,2,{  },{  },{  },0,0,0,0,0,0,1,26,34,0,0,0,{  },{  },{  },0,0,0,0,0,0,0,0,0,0,0,2,{  },{  },{  },0,0,0,0,0,0,0,0,0,0,0,2,{  },{  },{  },0,0,0,0,0,0,{  },1,0,0,0,0,0,0,0,0,0,2,{  },{  },{  },0,0,0,{  },{  },{  },{  },1,0,0,0,0,0,0,0,0,2,{  },{  },{  },0,0,0,0,0,0,0,0,0,0,0,0
arith/cvc5_bapa/fol_0000008.smt2,sat,0.028,0,0,19,25,0,0,0,0,14,3,3,2,6,23,0,{  },0,0,0,0,0,0,0,0,0,0,3,1,35,1,0,0,8,33,48,{  },{  },{  },,28,0,0,0,0,0,0,0,0,0,0,0,0,0,0,0,0,0,0,0,0,0,0,0,0,0,0,0,0,0,0,0,0,0,0,0,0,0,0,0,0,0,0,0,0,0,0,0,0,0,61,9,3069,3069,"{ ARITH_CONF_SIMPLEX: 4, ARITH_LIA_STAR_EXISTS: 1, ARITH_LIA_STAR_NONNEGATIVE: 1, ARITH_LIA_STAR_SPLIT: 1, ARITH_ROW_IMPL: 3, ARITH_SPLIT_DEQ: 5 }","{ ArithPivotStep: 12, BvSatStep: 1, CnfStep: 38, DecisionStep: 21, LemmaStep: 11, PreprocessStep: 18, RewriteStep: 2851, SatConflictStep: 23, TheoryCheckStep: 76, TheoryFullCheckStep: 3 }",144,1,18,5,2,105,0,1,2,0,47,67,99,0,0,0,0,0,0,0,0,0,0,0,0,0,0,0,11,0,0,0,0,0,0,0,0,0,0,0,0,0,0,0,0,0,0,0,0,0,0,0,0,0,19,0,0,0,0,0,0,0,64,13,18,0,4,0,22,0,0,16,2,5,0,0,0,0,0,0,0,0,0,0,4,0,0,0,0,{ ARITH_CONF_SIMPLEX: 4 },{  },"{ ARITH_LIA_STAR_EXISTS: 1, ARITH_LIA_STAR_NONNEGATIVE: 1, ARITH_LIA_STAR_SPLIT: 1, ARITH_ROW_IMPL: 3, ARITH_SPLIT_DEQ: 5 }",9,0,0,11,18,3,0,5,13,5,3,14,1,5,5,3,0,0,2,6,3,2,0,0,1,5,5,2,0,0,0,0,3,1,25,22,14,0,3,14,0,0,12,{  },{  },{  },0,0,0,0,0,0,0,0,0,16,0,0,0,0,0.0,4,0,35,0,0,0,0,22,4,2,0,3,0,0,0,0,0,0,0,0,0,0,0,0,0,0,0,0,0,0,0,0,0,0,0,0,0,0,0,0,0,0,0,0,0,0,0,0,0,0,0,0,0,0,0,0,0,0,nan,nan,nan,0,0,0,0,0,2,{  },{  },{  },0,0,0,0,0,0,0,2,0,0,0,0,0,0,0,0,0,0,0,0,0,0,2,0,0,0,0,0,0,0,0,0,0,0,0,2,{  },{  },{  },0,0,0,{  },0,0,0,0,0,{  },{  },{  },0,0,0,0,0,0,0,0,{  },{  },{  },0,0,44,0,0,0,0,3,0,0,2,0,0,0,0,0,0,0,2,{  },{  },{  },0,0,0,0,0,0,0,0,0,0,0,2,{  },{  },{  },0,0,0,0,0,0,0,0,0,0,0,2,{  },{  },{  },0,0,0,0,0,0,0,0,0,0,0,0,0,0,0,0,0,0,2,{  },{  },{  },0,0,0,0,0,0,8,33,48,0,0,0,{  },{  },{  },0,0,0,0,0,0,0,0,0,0,0,2,{  },{  },{  },0,0,0,0,0,0,0,0,0,0,0,2,{  },{  },{  },0,0,0,0,0,0,{  },1,0,0,0,0,0,0,0,0,0,2,{  },{  },{  },0,0,0,{  },{  },{  },{  },1,0,0,0,0,0,0,0,0,2,{  },{  },{  },0,0,0,0,0,0,0,0,0,0,0,0
arith/cvc5_bapa/fol_0000009.smt2,sat,0.028,0,0,19,25,0,0,0,0,13,3,3,2,2,23,0,{  },0,0,0,0,0,0,0,0,0,0,3,1,32,1,0,0,1,26,34,{  },{  },{  },,28,0,0,0,0,0,0,0,0,0,0,0,0,0,0,0,0,0,0,0,0,0,0,0,0,0,0,0,0,0,0,0,0,0,0,0,0,0,0,0,0,0,0,0,0,0,0,0,0,0,61,9,2928,2928,"{ ARITH_CONF_SIMPLEX: 4, ARITH_LIA_STAR_EXISTS: 1, ARITH_LIA_STAR_NONNEGATIVE: 1, ARITH_LIA_STAR_SPLIT: 1, ARITH_ROW_IMPL: 2, ARITH_SPLIT_DEQ: 5 }","{ ArithPivotStep: 8, BvSatStep: 1, CnfStep: 37, DecisionStep: 17, LemmaStep: 9, PreprocessStep: 18, RewriteStep: 2729, SatConflictStep: 19, TheoryCheckStep: 73, TheoryFullCheckStep: 3 }",141,1,14,0,1,91,0,1,1,0,39,64,83,0,0,0,0,0,0,0,0,0,0,0,0,0,0,0,10,0,0,0,0,0,0,0,0,0,0,0,0,0,0,0,0,0,0,0,0,0,0,0,0,0,19,0,0,0,0,0,0,0,55,13,19,0,4,0,22,0,0,3,2,4,0,0,0,0,0,0,0,0,0,0,4,0,0,0,0,{ ARITH_CONF_SIMPLEX: 4 },{  },"{ ARITH_LIA_STAR_EXISTS: 1, ARITH_LIA_STAR_NONNEGATIVE: 1, ARITH_LIA_STAR_SPLIT: 1, ARITH_ROW_IMPL: 2, ARITH_SPLIT_DEQ: 5 }",6,0,0,10,18,3,0,5,14,5,3,14,1,5,5,3,0,0,2,6,3,2,0,0,1,5,5,2,0,0,0,0,3,1,25,22,14,0,3,14,0,0,8,{  },{  },{  },0,0,0,0,0,0,0,0,0,17,0,0,0,0,0.0,4,0,32,0,0,0,0,19,4,2,0,3,0,0,0,0,0,0,0,0,0,0,0,0,0,0,0,0,0,0,0,0,0,0,0,0,0,0,0,0,0,0,0,0,0,0,0,0,0,0,0,0,0,0,0,0,0,0,nan,nan,nan,0,0,0,0,0,2,{  },{  },{  },0,0,0,0,0,0,0,2,0,0,0,0,0,0,0,0,0,0,0,0,0,0,2,0,0,0,0,0,0,0,0,0,0,0,0,2,{  },{  },{  },0,0,0,{  },0,0,0,0,0,{  },{  },{  },0,0,0,0,0,0,0,0,{  },{  },{  },0,0,41,0,0,0,0,3,0,0,2,0,0,0,0,0,0,0,2,{  },{  },{  },0,0,0,0,0,0,0,0,0,0,0,2,{  },{  },{  },0,0,0,0,0,0,0,0,0,0,0,2,{  },{  },{  },0,0,0,0,0,0,0,0,0,0,0,0,0,0,0,0,0,0,2,{  },{  },{  },0,0,0,0,0,0,1,26,34,0,0,0,{  },{  },{  },0,0,0,0,0,0,0,0,0,0,0,2,{  },{  },{  },0,0,0,0,0,0,0,0,0,0,0,2,{  },{  },{  },0,0,0,0,0,0,{  },1,0,0,0,0,0,0,0,0,0,2,{  },{  },{  },0,0,0,{  },{  },{  },{  },1,0,0,0,0,0,0,0,0,2,{  },{  },{  },0,0,0,0,0,0,0,0,0,0,0,0
arith/cvc5_bapa/fol_0000010.smt2,sat,0.029,0,0,19,25,0,0,0,0,11,3,3,2,2,21,0,{  },0,0,0,0,0,0,0,0,0,0,3,1,30,1,0,0,2,27,35,{  },{  },{  },,29,0,0,0,0,0,0,0,0,0,0,0,0,0,0,0,0,0,0,0,0,0,0,0,0,0,0,0,0,0,0,0,0,0,0,0,0,0,0,0,0,0,0,0,0,0,0,0,0,0,60,10,2879,2879,"{ ARITH_CONF_SIMPLEX: 4, ARITH_LIA_STAR_EXISTS: 1, ARITH_LIA_STAR_NONNEGATIVE: 1, ARITH_LIA_STAR_SPLIT: 1, ARITH_ROW_IMPL: 1, ARITH_SPLIT_DEQ: 4 }","{ ArithPivotStep: 11, BvSatStep: 1, CnfStep: 36, DecisionStep: 17, LemmaStep: 8, PreprocessStep: 19, RewriteStep: 2682, SatConflictStep: 19, TheoryCheckStep: 71, TheoryFullCheckStep: 3 }",139,1,14,0,1,90,0,1,1,0,38,63,81,0,0,0,0,0,0,0,0,0,0,0,0,0,0,0,11,0,0,0,0,0,0,0,0,0,0,0,0,0,0,0,0,0,0,0,0,0,0,0,0,0,19,0,0,0,0,0,0,0,55,13,18,0,4,0,22,0,0,4,2,5,0,0,0,0,0,0,0,0,0,0,4,0,0,0,0,{ ARITH_CONF_SIMPLEX: 4 },{  },"{ ARITH_LIA_STAR_EXISTS: 1, ARITH_LIA_STAR_NONNEGATIVE: 1, ARITH_LIA_STAR_SPLIT: 1, ARITH_ROW_IMPL: 1, ARITH_SPLIT_DEQ: 4 }",9,0,0,8,18,3,0,5,14,5,3,14,1,5,5,3,0,0,2,6,3,2,0,0,1,5,5,2,0,0,0,0,3,1,25,22,14,0,3,14,0,0,9,{  },{  },{  },0,0,0,0,0,0,0,0,0,16,0,0,0,0,0.0,4,0,30,0,0,0,0,20,4,2,0,2,0,0,0,0,0,0,0,0,0,0,0,0,0,0,0,0,0,0,0,0,0,0,0,0,0,0,0,0,0,0,0,0,0,0,0,0,0,0,0,0,0,0,0,0,0,0,nan,nan,nan,0,0,0,0,0,2,{  },{  },{  },0,0,0,0,0,0,0,2,0,0,0,0,0,0,0,0,0,0,0,0,0,0,2,0,0,0,0,0,0,0,0,0,0,0,0,2,{  },{  },{  },0,0,0,{  },0,0,0,0,0,{  },{  },{  },0,0,0,0,0,0,0,0,{  },{  },{  },0,0,40,0,0,0,0,3,0,0,2,0,0,0,0,0,0,0,2,{  },{  },{  },0,0,0,0,0,0,0,0,0,0,0,2,{  },{  },{  },0,0,0,0,0,0,0,0,0,0,0,2,{  },{  },{  },0,0,0,0,0,0,0,0,0,0,0,0,0,0,0,0,0,0,2,{  },{  },{  },0,0,0,0,0,0,2,27,35,0,0,0,{  },{  },{  },0,0,0,0,0,0,0,0,0,0,0,2,{  },{  },{  },0,0,0,0,0,0,0,0,0,0,0,2,{  },{  },{  },0,0,0,0,0,0,{  },1,0,0,0,0,0,0,0,0,0,2,{  },{  },{  },0,0,0,{  },{  },{  },{  },1,0,0,0,0,0,0,0,0,2,{  },{  },{  },0,0,0,0,0,0,0,0,0,0,0,0
arith/cvc5_bapa/fol_0000011.smt2,sat,0.028,0,0,19,25,0,0,0,0,11,3,3,2,2,21,0,{  },0,0,0,0,0,0,0,0,0,0,3,1,30,1,0,0,1,26,34,{  },{  },{  },,27,0,0,0,0,0,0,0,0,0,0,0,0,0,0,0,0,0,0,0,0,0,0,0,0,0,0,0,0,0,0,0,0,0,0,0,0,0,0,0,0,0,0,0,0,0,0,0,0,0,60,10,2891,2891,"{ ARITH_CONF_SIMPLEX: 4, ARITH_LIA_STAR_EXISTS: 1, ARITH_LIA_STAR_NONNEGATIVE: 1, ARITH_LIA_STAR_SPLIT: 1, ARITH_ROW_IMPL: 1, ARITH_SPLIT_DEQ: 4 }","{ ArithPivotStep: 9, BvSatStep: 1, CnfStep: 35, DecisionStep: 17, LemmaStep: 8, PreprocessStep: 19, RewriteStep: 2697, SatConflictStep: 19, TheoryCheckStep: 71, TheoryFullCheckStep: 3 }",139,1,14,0,1,90,0,1,1,0,38,63,81,0,0,0,0,0,0,0,0,0,0,0,0,0,0,0,11,0,0,0,0,0,0,0,0,0,0,0,0,0,0,0,0,0,0,0,0,0,0,0,0,0,19,0,0,0,0,0,0,0,55,13,18,0,4,0,22,0,0,3,2,4,0,0,0,0,0,0,0,0,0,0,4,0,0,0,0,{ ARITH_CONF_SIMPLEX: 4 },{  },"{ ARITH_LIA_STAR_EXISTS: 1, ARITH_LIA_STAR_NONNEGATIVE: 1, ARITH_LIA_STAR_SPLIT: 1, ARITH_ROW_IMPL: 1, ARITH_SPLIT_DEQ: 4 }",9,0,0,8,17,3,0,5,13,5,3,13,1,5,5,3,0,0,2,6,3,2,0,0,1,5,5,2,0,0,0,0,3,1,25,22,13,0,3,13,0,0,8,{  },{  },{  },0,0,0,0,0,0,0,0,0,16,0,0,0,0,0.0,4,0,30,0,0,0,0,19,4,2,0,2,0,0,0,0,0,0,0,0,0,0,0,0,0,0,0,0,0,0,0,0,0,0,0,0,0,0,0,0,0,0,0,0,0,0,0,0,0,0,0,0,0,0,0,0,0,0,nan,nan,nan,0,0,0,0,0,2,{  },{  },{  },0,0,0,0,0,0,0,2,0,0,0,0,0,0,0,0,0,0,0,0,0,0,2,0,0,0,0,0,0,0,0,0,0,0,0,2,{  },{  },{  },0,0,0,{  },0,0,0,0,0,{  },{  },{  },0,0,0,0,0,0,0,0,{  },{  },{  },0,0,40,0,0,0,0,3,0,0,2,0,0,0,0,0,0,0,2,{  },{  },{  },0,0,0,0,0,0,0,0,0,0,0,2,{  },{  },{  },0,0,0,0,0,0,0,0,0,0,0,2,{  },{  },{  },0,0,0,0,0,0,0,0,0,0,0,0,0,0,0,0,0,0,2,{  },{  },{  },0,0,0,0,0,0,1,26,34,0,0,0,{  },{  },{  },0,0,0,0,0,0,0,0,0,0,0,2,{  },{  },{  },0,0,0,0,0,0,0,0,0,0,0,2,{  },{  },{  },0,0,0,0,0,0,{  },1,0,0,0,0,0,0,0,0,0,2,{  },{  },{  },0,0,0,{  },{  },{  },{  },1,0,0,0,0,0,0,0,0,2,{  },{  },{  },0,0,0,0,0,0,0,0,0,0,0,0
arith/cvc5_bapa/fol_0000012.smt2,sat,0.027,0,0,19,25,0,0,0,0,11,3,3,2,2,21,0,{  },0,0,0,0,0,0,0,0,0,0,3,1,30,1,0,0,1,26,34,{  },{  },{  },,26,0,0,0,0,0,0,0,0,0,0,0,0,0,0,0,0,0,0,0,0,0,0,0,0,0,0,0,0,0,0,0,0,0,0,0,0,0,0,0,0,0,0,0,0,0,0,0,0,0,60,10,2885,2885,"{ ARITH_CONF_SIMPLEX: 4, ARITH_LIA_STAR_EXISTS: 1, ARITH_LIA_STAR_NONNEGATIVE: 1, ARITH_LIA_STAR_SPLIT: 1, ARITH_ROW_IMPL: 1, ARITH_SPLIT_DEQ: 4 }","{ ArithPivotStep: 9, BvSatStep: 1, CnfStep: 36, DecisionStep: 17, LemmaStep: 8, PreprocessStep: 19, RewriteStep: 2690, SatConflictStep: 19, TheoryCheckStep: 71, TheoryFullCheckStep: 3 }",139,1,14,0,1,90,0,1,1,0,38,63,81,0,0,0,0,0,0,0,0,0,0,0,0,0,0,0,11,0,0,0,0,0,0,0,0,0,0,0,0,0,0,0,0,0,0,0,0,0,0,0,0,0,19,0,0,0,0,0,0,0,55,13,18,0,4,0,22,0,0,3,2,5,0,0,0,0,0,0,0,0,0,0,4,0,0,0,0,{ ARITH_CONF_SIMPLEX: 4 },{  },"{ ARITH_LIA_STAR_EXISTS: 1, ARITH_LIA_STAR_NONNEGATIVE: 1, ARITH_LIA_STAR_SPLIT: 1, ARITH_ROW_IMPL: 1, ARITH_SPLIT_DEQ: 4 }",9,0,0,8,17,3,0,5,13,5,3,13,1,5,5,3,0,0,2,6,3,2,0,0,1,5,5,2,0,0,0,0,3,1,25,22,13,0,3,13,0,0,8,{  },{  },{  },0,0,0,0,0,0,0,0,0,16,0,0,0,0,0.0,4,0,30,0,0,0,0,19,4,2,0,2,0,0,0,0,0,0,0,0,0,0,0,0,0,0,0,0,0,0,0,0,0,0,0,0,0,0,0,0,0,0,0,0,0,0,0,0,0,0,0,0,0,0,0,0,0,0,nan,nan,nan,0,0,0,0,0,2,{  },{  },{  },0,0,0,0,0,0,0,2,0,0,0,0,0,0,0,0,0,0,0,0,0,0,2,0,0,0,0,0,0,0,0,0,0,0,0,2,{  },{  },{  },0,0,0,{  },0,0,0,0,0,{  },{  },{  },0,0,0,0,0,0,0,0,{  },{  },{  },0,0,40,0,0,0,0,3,0,0,2,0,0,0,0,0,0,0,2,{  },{  },{  },0,0,0,0,0,0,0,0,0,0,0,2,{  },{  },{  },0,0,0,0,0,0,0,0,0,0,0,2,{  },{  },{  },0,0,0,0,0,0,0,0,0,0,0,0,0,0,0,0,0,0,2,{  },{  },{  },0,0,0,0,0,0,1,26,34,0,0,0,{  },{  },{  },0,0,0,0,0,0,0,0,0,0,0,2,{  },{  },{  },0,0,0,0,0,0,0,0,0,0,0,2,{  },{  },{  },0,0,0,0,0,0,{  },1,0,0,0,0,0,0,0,0,0,2,{  },{  },{  },0,0,0,{  },{  },{  },{  },1,0,0,0,0,0,0,0,0,2,{  },{  },{  },0,0,0,0,0,0,0,0,0,0,0,0
arith/cvc5_bapa/fol_0000013.smt2,sat,0.028,0,0,19,25,0,0,0,0,11,3,3,2,2,21,0,{  },0,0,0,0,0,0,0,0,0,0,3,1,30,1,0,0,2,27,35,{  },{  },{  },,28,0,0,0,0,0,0,0,0,0,0,0,0,0,0,0,0,0,0,0,0,0,0,0,0,0,0,0,0,0,0,0,0,0,0,0,0,0,0,0,0,0,0,0,0,0,0,0,0,0,60,10,2909,2909,"{ ARITH_CONF_SIMPLEX: 4, ARITH_LIA_STAR_EXISTS: 1, ARITH_LIA_STAR_NONNEGATIVE: 1, ARITH_LIA_STAR_SPLIT: 1, ARITH_ROW_IMPL: 1, ARITH_SPLIT_DEQ: 4 }","{ ArithPivotStep: 11, BvSatStep: 1, CnfStep: 37, DecisionStep: 17, LemmaStep: 8, PreprocessStep: 19, RewriteStep: 2711, SatConflictStep: 19, TheoryCheckStep: 71, TheoryFullCheckStep: 3 }",139,1,14,0,1,90,0,1,1,0,38,63,81,0,0,0,0,0,0,0,0,0,0,0,0,0,0,0,11,0,0,0,0,0,0,0,0,0,0,0,0,0,0,0,0,0,0,0,0,0,0,0,0,0,19,0,0,0,0,0,0,0,55,13,18,0,4,0,22,0,0,4,2,5,0,0,0,0,0,0,0,0,0,0,4,0,0,0,0,{ ARITH_CONF_SIMPLEX: 4 },{  },"{ ARITH_LIA_STAR_EXISTS: 1, ARITH_LIA_STAR_NONNEGATIVE: 1, ARITH_LIA_STAR_SPLIT: 1, ARITH_ROW_IMPL: 1, ARITH_SPLIT_DEQ: 4 }",9,0,0,8,17,3,0,5,13,5,3,13,1,5,5,3,0,0,2,6,3,2,0,0,1,5,5,2,0,0,0,0,3,1,25,22,13,0,3,13,0,0,9,{  },{  },{  },0,0,0,0,0,0,0,0,0,16,0,0,0,0,0.0,4,0,30,0,0,0,0,19,4,2,0,3,0,0,0,0,0,0,0,0,0,0,0,0,0,0,0,0,0,0,0,0,0,0,0,0,0,0,0,0,0,0,0,0,0,0,0,0,0,0,0,0,0,0,0,0,0,0,nan,nan,nan,0,0,0,0,0,2,{  },{  },{  },0,0,0,0,0,0,0,2,0,0,0,0,0,0,0,0,0,0,0,0,0,0,2,0,0,0,0,0,0,0,0,0,0,0,0,2,{  },{  },{  },0,0,0,{  },0,0,0,0,0,{  },{  },{  },0,0,0,0,0,0,0,0,{  },{  },{  },0,0,40,0,0,0,0,3,0,0,2,0,0,0,0,0,0,0,2,{  },{  },{  },0,0,0,0,0,0,0,0,0,0,0,2,{  },{  },{  },0,0,0,0,0,0,0,0,0,0,0,2,{  },{  },{  },0,0,0,0,0,0,0,0,0,0,0,0,0,0,0,0,0,0,2,{  },{  },{  },0,0,0,0,0,0,2,27,35,0,0,0,{  },{  },{  },0,0,0,0,0,0,0,0,0,0,0,2,{  },{  },{  },0,0,0,0,0,0,0,0,0,0,0,2,{  },{  },{  },0,0,0,0,0,0,{  },1,0,0,0,0,0,0,0,0,0,2,{  },{  },{  },0,0,0,{  },{  },{  },{  },1,0,0,0,0,0,0,0,0,2,{  },{  },{  },0,0,0,0,0,0,0,0,0,0,0,0
arith/cvc5_bapa/fol_0000014.smt2,sat,0.028,0,0,19,25,0,0,0,0,11,3,3,2,2,21,0,{  },0,0,0,0,0,0,0,0,0,0,3,1,30,1,0,0,1,26,34,{  },{  },{  },,27,0,0,0,0,0,0,0,0,0,0,0,0,0,0,0,0,0,0,0,0,0,0,0,0,0,0,0,0,0,0,0,0,0,0,0,0,0,0,0,0,0,0,0,0,0,0,0,0,0,60,10,2904,2904,"{ ARITH_CONF_SIMPLEX: 4, ARITH_LIA_STAR_EXISTS: 1, ARITH_LIA_STAR_NONNEGATIVE: 1, ARITH_LIA_STAR_SPLIT: 1, ARITH_ROW_IMPL: 1, ARITH_SPLIT_DEQ: 4 }","{ ArithPivotStep: 11, BvSatStep: 1, CnfStep: 36, DecisionStep: 17, LemmaStep: 8, PreprocessStep: 19, RewriteStep: 2707, SatConflictStep: 19, TheoryCheckStep: 71, TheoryFullCheckStep: 3 }",139,1,14,0,1,90,0,1,1,0,38,63,81,0,0,0,0,0,0,0,0,0,0,0,0,0,0,0,11,0,0,0,0,0,0,0,0,0,0,0,0,0,0,0,0,0,0,0,0,0,0,0,0,0,19,0,0,0,0,0,0,0,55,13,18,0,4,0,22,0,0,3,2,4,0,0,0,0,0,0,0,0,0,0,4,0,0,0,0,{ ARITH_CONF_SIMPLEX: 4 },{  },"{ ARITH_LIA_STAR_EXISTS: 1, ARITH_LIA_STAR_NONNEGATIVE: 1, ARITH_LIA_STAR_SPLIT: 1, ARITH_ROW_IMPL: 1, ARITH_SPLIT_DEQ: 4 }",9,0,0,8,17,3,0,5,13,5,3,13,1,5,5,3,0,0,2,6,3,2,0,0,1,5,5,2,0,0,0,0,3,1,25,22,13,0,3,13,0,0,9,{  },{  },{  },0,0,0,0,0,0,0,0,0,16,0,0,0,0,0.0,4,0,30,0,0,0,0,19,4,2,0,3,0,0,0,0,0,0,0,0,0,0,0,0,0,0,0,0,0,0,0,0,0,0,0,0,0,0,0,0,0,0,0,0,0,0,0,0,0,0,0,0,0,0,0,0,0,0,nan,nan,nan,0,0,0,0,0,2,{  },{  },{  },0,0,0,0,0,0,0,2,0,0,0,0,0,0,0,0,0,0,0,0,0,0,2,0,0,0,0,0,0,0,0,0,0,0,0,2,{  },{  },{  },0,0,0,{  },0,0,0,0,0,{  },{  },{  },0,0,0,0,0,0,0,0,{  },{  },{  },0,0,40,0,0,0,0,3,0,0,2,0,0,0,0,0,0,0,2,{  },{  },{  },0,0,0,0,0,0,0,0,0,0,0,2,{  },{  },{  },0,0,0,0,0,0,0,0,0,0,0,2,{  },{  },{  },0,0,0,0,0,0,0,0,0,0,0,0,0,0,0,0,0,0,2,{  },{  },{  },0,0,0,0,0,0,1,26,34,0,0,0,{  },{  },{  },0,0,0,0,0,0,0,0,0,0,0,2,{  },{  },{  },0,0,0,0,0,0,0,0,0,0,0,2,{  },{  },{  },0,0,0,0,0,0,{  },1,0,0,0,0,0,0,0,0,0,2,{  },{  },{  },0,0,0,{  },{  },{  },{  },1,0,0,0,0,0,0,0,0,2,{  },{  },{  },0,0,0,0,0,0,0,0,0,0,0,0
arith/cvc5_bapa/fol_0000015.smt2,sat,0.028,0,0,19,25,0,0,0,0,11,3,3,2,2,21,0,{  },0,0,0,0,0,0,0,0,0,0,3,1,30,1,0,0,1,26,34,{  },{  },{  },,27,0,0,0,0,0,0,0,0,0,0,0,0,0,0,0,0,0,0,0,0,0,0,0,0,0,0,0,0,0,0,0,0,0,0,0,0,0,0,0,0,0,0,0,0,0,0,0,0,0,60,10,2917,2917,"{ ARITH_CONF_SIMPLEX: 4, ARITH_LIA_STAR_EXISTS: 1, ARITH_LIA_STAR_NONNEGATIVE: 1, ARITH_LIA_STAR_SPLIT: 1, ARITH_ROW_IMPL: 1, ARITH_SPLIT_DEQ: 4 }","{ ArithPivotStep: 11, BvSatStep: 1, CnfStep: 37, DecisionStep: 17, LemmaStep: 8, PreprocessStep: 19, RewriteStep: 2719, SatConflictStep: 19, TheoryCheckStep: 71, TheoryFullCheckStep: 3 }",139,1,14,0,1,90,0,1,1,0,38,63,81,0,0,0,0,0,0,0,0,0,0,0,0,0,0,0,11,0,0,0,0,0,0,0,0,0,0,0,0,0,0,0,0,0,0,0,0,0,0,0,0,0,19,0,0,0,0,0,0,0,55,13,18,0,4,0,22,0,0,3,2,5,0,0,0,0,0,0,0,0,0,0,4,0,0,0,0,{ ARITH_CONF_SIMPLEX: 4 },{  },"{ ARITH_LIA_STAR_EXISTS: 1, ARITH_LIA_STAR_NONNEGATIVE: 1, ARITH_LIA_STAR_SPLIT: 1, ARITH_ROW_IMPL: 1, ARITH_SPLIT_DEQ: 4 }",9,0,0,8,17,3,0,5,13,5,3,13,1,5,5,3,0,0,2,6,3,2,0,0,1,5,5,2,0,0,0,0,3,1,25,22,13,0,3,13,0,0,9,{  },{  },{  },0,0,0,0,0,0,0,0,0,16,0,0,0,0,0.0,4,0,30,0,0,0,0,19,4,2,0,3,0,0,0,0,0,0,0,0,0,0,0,0,0,0,0,0,0,0,0,0,0,0,0,0,0,0,0,0,0,0,0,0,0,0,0,0,0,0,0,0,0,0,0,0,0,0,nan,nan,nan,0,0,0,0,0,2,{  },{  },{  },0,0,0,0,0,0,0,2,0,0,0,0,0,0,0,0,0,0,0,0,0,0,2,0,0,0,0,0,0,0,0,0,0,0,0,2,{  },{  },{  },0,0,0,{  },0,0,0,0,0,{  },{  },{  },0,0,0,0,0,0,0,0,{  },{  },{  },0,0,40,0,0,0,0,3,0,0,2,0,0,0,0,0,0,0,2,{  },{  },{  },0,0,0,0,0,0,0,0,0,0,0,2,{  },{  },{  },0,0,0,0,0,0,0,0,0,0,0,2,{  },{  },{  },0,0,0,0,0,0,0,0,0,0,0,0,0,0,0,0,0,0,2,{  },{  },{  },0,0,0,0,0,0,1,26,34,0,0,0,{  },{  },{  },0,0,0,0,0,0,0,0,0,0,0,2,{  },{  },{  },0,0,0,0,0,0,0,0,0,0,0,2,{  },{  },{  },0,0,0,0,0,0,{  },1,0,0,0,0,0,0,0,0,0,2,{  },{  },{  },0,0,0,{  },{  },{  },{  },1,0,0,0,0,0,0,0,0,2,{  },{  },{  },0,0,0,0,0,0,0,0,0,0,0,0
arith/cvc5_bapa/fol_0000016.smt2,sat,0.029,0,0,19,24,0,0,0,0,14,3,3,3,6,19,0,{  },0,0,0,0,0,0,0,0,0,0,4,1,37,1,0,0,2,34,43,{  },{  },{  },,28,0,0,0,0,0,0,0,0,0,0,0,0,0,0,0,0,0,0,0,0,0,0,0,0,0,0,0,0,0,0,0,0,0,0,0,0,0,0,0,0,0,0,0,0,0,0,0,0,0,63,10,3094,3094,"{ ARITH_BB_LEMMA: 1, ARITH_CONF_SIMPLEX: 4, ARITH_LIA_STAR_EXISTS: 1, ARITH_LIA_STAR_NONNEGATIVE: 1, ARITH_LIA_STAR_SPLIT: 1, ARITH_ROW_IMPL: 3, ARITH_SPLIT_DEQ: 4 }","{ ArithPivotStep: 14, BvSatStep: 1, CnfStep: 39, DecisionStep: 20, LemmaStep: 10, PreprocessStep: 19, RewriteStep: 2861, SatConflictStep: 22, TheoryCheckStep: 89, TheoryFullCheckStep: 4 }",144,1,16,5,2,106,0,1,2,0,47,79,97,0,0,0,0,0,0,0,0,0,0,0,0,0,0,0,12,0,0,0,0,0,0,0,0,0,0,0,0,0,0,0,0,0,0,0,0,0,0,0,0,0,19,0,0,0,0,0,0,0,65,17,18,0,4,0,30,0,0,9,1,5,0,1,0,0,0,0,0,0,0,0,4,0,0,1,0,{ ARITH_CONF_SIMPLEX: 4 },{  },"{ ARITH_BB_LEMMA: 1, ARITH_LIA_STAR_EXISTS: 1, ARITH_LIA_STAR_NONNEGATIVE: 1, ARITH_LIA_STAR_SPLIT: 1, ARITH_ROW_IMPL: 3, ARITH_SPLIT_DEQ: 4 }",12,0,0,11,17,3,0,5,13,5,3,13,1,5,5,3,0,0,2,6,3,2,0,0,1,5,5,2,0,0,0,0,3,1,25,22,13,0,3,13,0,0,11,{  },{  },{  },0,0,0,0,0,0,0,1,0,18,0,0,0,0,0.0,3,0,37,0,0,0,0,19,4,2,0,4,0,0,0,0,0,0,0,0,0,0,0,0,0,0,0,0,0,0,0,0,0,0,0,0,0,0,0,0,0,0,0,0,0,0,0,0,0,0,0,0,0,0,0,0,0,0,nan,nan,nan,0,0,0,0,0,2,{  },{  },{  },0,0,0,0,0,0,0,2,0,0,0,0,0,0,0,0,0,0,0,0,0,0,2,0,0,0,0,0,0,0,0,0,0,0,0,2,{  },{  },{  },0,0,0,{  },0,0,0,0,0,{  },{  },{  },0,0,0,0,0,0,0,0,{  },{  },{  },0,0,49,0,0,0,0,4,0,0,2,0,0,0,0,0,0,0,2,{  },{  },{  },0,0,0,0,0,0,0,0,0,0,0,2,{  },{  },{  },0,0,0,0,0,0,0,0,0,0,0,2,{  },{  },{  },0,0,0,0,0,0,0,0,0,0,0,0,0,0,0,0,0,0,2,{  },{  },{  },0,0,0,0,0,0,2,34,43,0,0,0,{  },{  },{  },0,0,0,0,0,0,0,0,0,0,0,2,{  },{  },{  },0,0,0,0,0,0,0,0,0,0,0,2,{  },{  },{  },0,0,0,0,0,0,{  },1,0,0,0,0,0,0,0,0,0,2,{  },{  },{  },0,0,0,{  },{  },{  },{  },1,0,0,0,0,0,0,0,0,2,{  },{  },{  },0,0,0,0,0,0,0,0,0,0,0,0
arith/cvc5_bapa/fol_0000017.smt2,sat,0.027,0,0,19,24,0,0,0,0,14,3,3,3,6,19,0,{  },0,0,0,0,0,0,0,0,0,0,4,1,37,1,0,0,1,33,44,{  },{  },{  },,27,0,0,0,0,0,0,0,0,0,0,0,0,0,0,0,0,0,0,0,0,0,0,0,0,0,0,0,0,0,0,0,0,0,0,0,0,0,0,0,0,0,0,0,0,0,0,0,0,0,63,10,3106,3106,"{ ARITH_BB_LEMMA: 1, ARITH_CONF_SIMPLEX: 4, ARITH_LIA_STAR_EXISTS: 1, ARITH_LIA_STAR_NONNEGATIVE: 1, ARITH_LIA_STAR_SPLIT: 1, ARITH_ROW_IMPL: 3, ARITH_SPLIT_DEQ: 4 }","{ ArithPivotStep: 12, BvSatStep: 1, CnfStep: 38, DecisionStep: 20, LemmaStep: 10, PreprocessStep: 19, RewriteStep: 2876, SatConflictStep: 22, TheoryCheckStep: 89, TheoryFullCheckStep: 4 }",144,1,16,5,2,106,0,1,2,0,47,79,97,0,0,0,0,0,0,0,0,0,0,0,0,0,0,0,12,0,0,0,0,0,0,0,0,0,0,0,0,0,0,0,0,0,0,0,0,0,0,0,0,0,19,0,0,0,0,0,0,0,65,17,17,0,4,0,30,0,0,8,1,4,0,1,0,0,0,0,0,0,0,0,4,0,0,1,0,{ ARITH_CONF_SIMPLEX: 4 },{  },"{ ARITH_BB_LEMMA: 1, ARITH_LIA_STAR_EXISTS: 1, ARITH_LIA_STAR_NONNEGATIVE: 1, ARITH_LIA_STAR_SPLIT: 1, ARITH_ROW_IMPL: 3, ARITH_SPLIT_DEQ: 4 }",12,0,0,11,17,3,0,5,13,5,3,13,1,5,5,3,0,0,2,6,3,2,0,0,1,5,5,2,0,0,0,0,3,1,25,22,13,0,3,13,0,0,10,{  },{  },{  },0,0,0,0,0,0,0,1,0,18,0,0,0,0,0.0,3,0,37,0,0,0,0,18,4,2,0,4,0,0,0,0,0,0,0,0,0,0,0,0,0,0,0,0,0,0,0,0,0,0,0,0,0,0,0,0,0,0,0,0,0,0,0,0,0,0,0,0,0,0,0,0,0,0,nan,nan,nan,0,0,0,0,0,2,{  },{  },{  },0,0,0,0,0,0,0,2,0,0,0,0,0,0,0,0,0,0,0,0,0,0,2,0,0,0,0,0,0,0,0,0,0,0,0,2,{  },{  },{  },0,0,0,{  },0,0,0,0,0,{  },{  },{  },0,0,0,0,0,0,0,0,{  },{  },{  },0,0,49,0,0,0,0,4,0,0,2,0,0,0,0,0,0,0,2,{  },{  },{  },0,0,0,0,0,0,0,0,0,0,0,2,{  },{  },{  },0,0,0,0,0,0,0,0,0,0,0,2,{  },{  },{  },0,0,0,0,0,0,0,0,0,0,0,0,0,0,0,0,0,0,2,{  },{  },{  },0,0,0,0,0,0,1,33,44,0,0,0,{  },{  },{  },0,0,0,0,0,0,0,0,0,0,0,2,{  },{  },{  },0,0,0,0,0,0,0,0,0,0,0,2,{  },{  },{  },0,0,0,0,0,0,{  },1,0,0,0,0,0,0,0,0,0,2,{  },{  },{  },0,0,0,{  },{  },{  },{  },1,0,0,0,0,0,0,0,0,2,{  },{  },{  },0,0,0,0,0,0,0,0,0,0,0,0
arith/cvc5_bapa/fol_0000018.smt2,sat,0.029,0,0,19,24,0,0,0,0,14,3,3,3,6,19,0,{  },0,0,0,0,0,0,0,0,0,0,4,1,37,1,0,0,1,33,44,{  },{  },{  },,28,0,0,0,0,0,0,0,0,0,0,0,0,0,0,0,0,0,0,0,0,0,0,0,0,0,0,0,0,0,0,0,0,0,0,0,0,0,0,0,0,0,0,0,0,0,0,0,0,0,63,10,3092,3092,"{ ARITH_BB_LEMMA: 1, ARITH_CONF_SIMPLEX: 4, ARITH_LIA_STAR_EXISTS: 1, ARITH_LIA_STAR_NONNEGATIVE: 1, ARITH_LIA_STAR_SPLIT: 1, ARITH_ROW_IMPL: 3, ARITH_SPLIT_DEQ: 4 }","{ ArithPivotStep: 12, BvSatStep: 1, CnfStep: 39, DecisionStep: 20, LemmaStep: 10, PreprocessStep: 19, RewriteStep: 2861, SatConflictStep: 22, TheoryCheckStep: 89, TheoryFullCheckStep: 4 }",144,1,16,5,2,106,0,1,2,0,47,79,97,0,0,0,0,0,0,0,0,0,0,0,0,0,0,0,12,0,0,0,0,0,0,0,0,0,0,0,0,0,0,0,0,0,0,0,0,0,0,0,0,0,19,0,0,0,0,0,0,0,65,17,17,0,4,0,30,0,0,8,1,5,0,1,0,0,0,0,0,0,0,0,4,0,0,1,0,{ ARITH_CONF_SIMPLEX: 4 },{  },"{ ARITH_BB_LEMMA: 1, ARITH_LIA_STAR_EXISTS: 1, ARITH_LIA_STAR_NONNEGATIVE: 1, ARITH_LIA_STAR_SPLIT: 1, ARITH_ROW_IMPL: 3, ARITH_SPLIT_DEQ: 4 }",12,0,0,11,17,3,0,5,13,5,3,13,1,5,5,3,0,0,2,6,3,2,0,0,1,5,5,2,0,0,0,0,3,1,25,22,13,0,3,13,0,0,10,{  },{  },{  },0,0,0,0,0,0,0,1,0,18,0,0,0,0,0.0,3,0,37,0,0,0,0,18,4,2,0,4,0,0,0,0,0,0,0,0,0,0,0,0,0,0,0,0,0,0,0,0,0,0,0,0,0,0,0,0,0,0,0,0,0,0,0,0,0,0,0,0,0,0,0,0,0,0,nan,nan,nan,0,0,0,0,0,2,{  },{  },{  },0,0,0,0,0,0,0,2,0,0,0,0,0,0,0,0,0,0,0,0,0,0,2,0,0,0,0,0,0,0,0,0,0,0,0,2,{  },{  },{  },0,0,0,{  },0,0,0,0,0,{  },{  },{  },0,0,0,0,0,0,0,0,{  },{  },{  },0,0,49,0,0,0,0,4,0,0,2,0,0,0,0,0,0,0,2,{  },{  },{  },0,0,0,0,0,0,0,0,0,0,0,2,{  },{  },{  },0,0,0,0,0,0,0,0,0,0,0,2,{  },{  },{  },0,0,0,0,0,0,0,0,0,0,0,0,0,0,0,0,0,0,2,{  },{  },{  },0,0,0,0,0,0,1,33,44,0,0,0,{  },{  },{  },0,0,0,0,0,0,0,0,0,0,0,2,{  },{  },{  },0,0,0,0,0,0,0,0,0,0,0,2,{  },{  },{  },0,0,0,0,0,0,{  },1,0,0,0,0,0,0,0,0,0,2,{  },{  },{  },0,0,0,{  },{  },{  },{  },1,0,0,0,0,0,0,0,0,2,{  },{  },{  },0,0,0,0,0,0,0,0,0,0,0,0
arith/cvc5_bapa/fol_0000019.smt2,sat,0.029,0,0,20,26,0,0,0,0,24,3,3,3,11,46,0,{  },0,0,0,0,0,0,0,0,0,0,7,1,42,1,0,0,2,28,39,{  },{  },{  },,28,0,0,0,0,0,0,0,0,0,0,0,0,0,0,0,0,0,0,0,0,0,0,0,0,0,0,0,0,0,0,0,0,0,0,0,0,0,0,0,0,0,0,0,0,0,0,0,0,0,71,13,3674,3674,"{ ARITH_BB_LEMMA: 1, ARITH_CONF_SIMPLEX: 10, ARITH_DIO_CUT: 3, ARITH_LIA_STAR_EXISTS: 1, ARITH_LIA_STAR_NONNEGATIVE: 1, ARITH_LIA_STAR_SPLIT: 1, ARITH_ROW_IMPL: 3, ARITH_SPLIT_DEQ: 5 }","{ ArithPivotStep: 26, BvSatStep: 1, CnfStep: 51, DecisionStep: 31, LemmaStep: 13, PreprocessStep: 22, RewriteStep: 3332, SatConflictStep: 33, TheoryCheckStep: 133, TheoryFullCheckStep: 7 }",158,1,24,0,2,113,0,1,2,0,47,67,97,0,0,0,0,0,0,0,0,0,0,0,0,0,0,0,15,0,0,0,0,0,0,0,0,0,0,0,0,0,0,0,0,0,0,0,0,0,0,0,0,0,20,0,0,0,0,0,0,0,69,20,19,0,10,0,23,0,0,4,2,5,0,4,0,0,3,0,3,0,0,0,10,0,0,1,0,{ ARITH_CONF_SIMPLEX: 10 },{  },"{ ARITH_BB_LEMMA: 1, ARITH_DIO_CUT: 3, ARITH_LIA_STAR_EXISTS: 1, ARITH_LIA_STAR_NONNEGATIVE: 1, ARITH_LIA_STAR_SPLIT: 1, ARITH_ROW_IMPL: 3, ARITH_SPLIT_DEQ: 5 }",20,0,0,15,17,3,0,5,13,5,3,13,1,5,5,3,0,0,2,6,3,2,0,0,1,5,5,2,0,0,0,0,3,1,25,22,13,0,3,13,0,0,21,{  },{  },{  },0,0,0,0,0,0,0,1,0,20,0,0,0,0,0.0,6,0,42,0,0,0,0,34,10,6,0,8,0,0,0,0,0,0,0,0,0,0,0,0,0,0,0,0,0,0,0,0,0,0,0,0,0,0,0,0,0,0,0,0,0,0,0,0,0,0,0,0,0,0,0,0,0,0,nan,nan,nan,0,0,0,0,0,2,{  },{  },{  },0,0,0,0,0,0,0,2,0,0,0,0,0,0,0,0,0,0,0,0,0,0,2,0,0,0,0,0,0,0,0,0,0,0,0,2,{  },{  },{  },0,0,0,{  },0,0,0,0,0,{  },{  },{  },0,0,0,0,0,0,0,0,{  },{  },{  },0,0,43,0,0,0,0,7,0,0,2,0,0,0,0,0,0,0,2,{  },{  },{  },0,0,0,0,0,0,0,0,0,0,0,2,{  },{  },{  },0,0,0,0,0,0,0,0,0,0,0,2,{  },{  },{  },0,0,0,0,0,0,0,0,0,0,0,0,0,0,0,0,0,0,2,{  },{  },{  },0,0,0,0,0,0,2,28,39,0,0,0,{  },{  },{  },0,0,0,0,0,0,0,0,0,0,0,2,{  },{  },{  },0,0,0,0,0,0,0,0,0,0,0,2,{  },{  },{  },0,0,0,0,0,0,{  },1,0,0,0,0,0,0,0,0,0,2,{  },{  },{  },0,0,0,{  },{  },{  },{  },1,0,0,0,0,0,0,0,0,2,{  },{  },{  },0,0,0,0,0,0,0,0,0,0,0,0
arith/cvc5_bapa/fol_0000020.smt2,sat,0.028,0,0,20,27,0,0,0,0,11,3,3,2,2,21,0,{  },0,0,0,0,0,0,0,0,0,0,3,1,30,1,0,0,2,27,35,{  },{  },{  },,27,0,0,0,0,0,0,0,0,0,0,0,0,0,0,0,0,0,0,0,0,0,0,0,0,0,0,0,0,0,0,0,0,0,0,0,0,0,0,0,0,0,0,0,0,0,0,0,0,0,63,13,3110,3110,"{ ARITH_CONF_SIMPLEX: 4, ARITH_LIA_STAR_EXISTS: 1, ARITH_LIA_STAR_NONNEGATIVE: 1, ARITH_LIA_STAR_SPLIT: 1, ARITH_ROW_IMPL: 1, ARITH_SPLIT_DEQ: 4 }","{ ArithPivotStep: 13, BvSatStep: 1, CnfStep: 41, DecisionStep: 17, LemmaStep: 8, PreprocessStep: 22, RewriteStep: 2903, SatConflictStep: 19, TheoryCheckStep: 71, TheoryFullCheckStep: 3 }",139,1,14,0,1,93,0,1,1,0,38,63,81,0,0,0,0,0,0,0,0,0,0,0,0,0,0,0,14,0,0,0,0,0,0,0,0,0,0,0,0,0,0,0,0,0,0,0,0,0,0,0,0,0,20,0,0,0,0,0,0,0,58,13,18,0,4,0,22,0,0,4,2,6,0,0,0,0,0,0,0,0,0,0,4,0,0,0,0,{ ARITH_CONF_SIMPLEX: 4 },{  },"{ ARITH_LIA_STAR_EXISTS: 1, ARITH_LIA_STAR_NONNEGATIVE: 1, ARITH_LIA_STAR_SPLIT: 1, ARITH_ROW_IMPL: 1, ARITH_SPLIT_DEQ: 4 }",20,0,0,8,18,3,0,5,13,5,3,13,1,5,5,3,0,0,2,6,3,2,0,0,1,5,5,2,0,0,0,0,3,1,25,22,13,0,3,13,0,0,10,{  },{  },{  },0,0,0,0,0,0,0,0,0,16,0,0,0,0,0.0,4,0,30,0,0,0,0,20,4,2,0,3,0,0,0,0,0,0,0,0,0,0,0,0,0,0,0,0,0,0,0,0,0,0,0,0,0,0,0,0,0,0,0,0,0,0,0,0,0,0,0,0,0,0,0,0,0,0,nan,nan,nan,0,0,0,0,0,2,{  },{  },{  },0,0,0,0,0,0,0,2,0,0,0,0,0,0,0,0,0,0,0,0,0,0,2,0,0,0,0,0,0,0,0,0,0,0,0,2,{  },{  },{  },0,0,0,{  },0,0,0,0,0,{  },{  },{  },0,0,0,0,0,0,0,0,{  },{  },{  },0,0,40,0,0,0,0,3,0,0,2,0,0,0,0,0,0,0,2,{  },{  },{  },0,0,0,0,0,0,0,0,0,0,0,2,{  },{  },{  },0,0,0,0,0,0,0,0,0,0,0,2,{  },{  },{  },0,0,0,0,0,0,0,0,0,0,0,0,0,0,0,0,0,0,2,{  },{  },{  },0,0,0,0,0,0,2,27,35,0,0,0,{  },{  },{  },0,0,0,0,0,0,0,0,0,0,0,2,{  },{  },{  },0,0,0,0,0,0,0,0,0,0,0,2,{  },{  },{  },0,0,0,0,0,0,{  },1,0,0,0,0,0,0,0,0,0,2,{  },{  },{  },0,0,0,{  },{  },{  },{  },1,0,0,0,0,0,0,0,0,2,{  },{  },{  },0,0,0,0,0,0,0,0,0,0,0,0
arith/cvc5_bapa/fol_0000022.smt2,sat,0.028,0,0,20,27,0,0,0,0,11,3,3,2,2,21,0,{  },0,0,0,0,0,0,0,0,0,0,3,1,30,1,0,0,2,27,35,{  },{  },{  },,28,0,0,0,0,0,0,0,0,0,0,0,0,0,0,0,0,0,0,0,0,0,0,0,0,0,0,0,0,0,0,0,0,0,0,0,0,0,0,0,0,0,0,0,0,0,0,0,0,0,63,13,3099,3099,"{ ARITH_CONF_SIMPLEX: 4, ARITH_LIA_STAR_EXISTS: 1, ARITH_LIA_STAR_NONNEGATIVE: 1, ARITH_LIA_STAR_SPLIT: 1, ARITH_ROW_IMPL: 1, ARITH_SPLIT_DEQ: 4 }","{ ArithPivotStep: 15, BvSatStep: 1, CnfStep: 40, DecisionStep: 17, LemmaStep: 8, PreprocessStep: 22, RewriteStep: 2891, SatConflictStep: 19, TheoryCheckStep: 71, TheoryFullCheckStep: 3 }",139,1,14,0,1,93,0,1,1,0,38,63,81,0,0,0,0,0,0,0,0,0,0,0,0,0,0,0,14,0,0,0,0,0,0,0,0,0,0,0,0,0,0,0,0,0,0,0,0,0,0,0,0,0,20,0,0,0,0,0,0,0,58,13,18,0,4,0,22,0,0,4,2,6,0,0,0,0,0,0,0,0,0,0,4,0,0,0,0,{ ARITH_CONF_SIMPLEX: 4 },{  },"{ ARITH_LIA_STAR_EXISTS: 1, ARITH_LIA_STAR_NONNEGATIVE: 1, ARITH_LIA_STAR_SPLIT: 1, ARITH_ROW_IMPL: 1, ARITH_SPLIT_DEQ: 4 }",20,0,0,8,18,3,0,5,13,5,3,13,1,5,5,3,0,0,2,6,3,2,0,0,1,5,5,2,0,0,0,0,3,1,25,22,13,0,3,13,0,0,11,{  },{  },{  },0,0,0,0,0,0,0,0,0,16,0,0,0,0,0.0,4,0,30,0,0,0,0,21,4,2,0,3,0,0,0,0,0,0,0,0,0,0,0,0,0,0,0,0,0,0,0,0,0,0,0,0,0,0,0,0,0,0,0,0,0,0,0,0,0,0,0,0,0,0,0,0,0,0,nan,nan,nan,0,0,0,0,0,2,{  },{  },{  },0,0,0,0,0,0,0,2,0,0,0,0,0,0,0,0,0,0,0,0,0,0,2,0,0,0,0,0,0,0,0,0,0,0,0,2,{  },{  },{  },0,0,0,{  },0,0,0,0,0,{  },{  },{  },0,0,0,0,0,0,0,0,{  },{  },{  },0,0,40,0,0,0,0,3,0,0,2,0,0,0,0,0,0,0,2,{  },{  },{  },0,0,0,0,0,0,0,0,0,0,0,2,{  },{  },{  },0,0,0,0,0,0,0,0,0,0,0,2,{  },{  },{  },0,0,0,0,0,0,0,0,0,0,0,0,0,0,0,0,0,0,2,{  },{  },{  },0,0,0,0,0,0,2,27,35,0,0,0,{  },{  },{  },0,0,0,0,0,0,0,0,0,0,0,2,{  },{  },{  },0,0,0,0,0,0,0,0,0,0,0,2,{  },{  },{  },0,0,0,0,0,0,{  },1,0,0,0,0,0,0,0,0,0,2,{  },{  },{  },0,0,0,{  },{  },{  },{  },1,0,0,0,0,0,0,0,0,2,{  },{  },{  },0,0,0,0,0,0,0,0,0,0,0,0
arith/cvc5_bapa/fol_0000024.smt2,sat,0.029,0,0,20,27,0,0,0,0,23,3,3,5,9,71,0,{  },0,0,0,0,0,0,0,0,0,0,7,1,43,1,0,0,1,29,40,{  },{  },{  },,28,0,0,0,0,0,0,0,0,0,0,0,0,0,0,0,0,0,0,0,0,0,0,0,0,0,0,0,0,0,0,0,0,0,0,0,0,0,0,0,0,0,0,0,0,0,0,0,0,0,69,13,3633,3633,"{ ARITH_BB_LEMMA: 1, ARITH_CONF_SIMPLEX: 10, ARITH_DIO_CUT: 3, ARITH_LIA_STAR_EXISTS: 1, ARITH_LIA_STAR_NONNEGATIVE: 1, ARITH_LIA_STAR_SPLIT: 1, ARITH_ROW_IMPL: 2, ARITH_SPLIT_DEQ: 5 }","{ ArithPivotStep: 25, BvSatStep: 1, CnfStep: 50, DecisionStep: 33, LemmaStep: 17, PreprocessStep: 22, RewriteStep: 3281, SatConflictStep: 35, TheoryCheckStep: 138, TheoryFullCheckStep: 7 }",153,3,26,0,4,115,0,1,4,0,47,66,97,0,0,0,0,0,0,0,0,0,0,0,0,0,0,0,14,0,0,0,0,0,0,0,0,0,0,0,0,0,0,0,0,0,0,0,0,0,0,0,0,0,20,0,0,0,0,0,0,0,71,24,19,0,10,0,25,0,0,3,2,5,0,4,0,0,3,0,3,0,0,0,10,0,0,1,0,{ ARITH_CONF_SIMPLEX: 10 },{  },"{ ARITH_BB_LEMMA: 1, ARITH_DIO_CUT: 3, ARITH_LIA_STAR_EXISTS: 1, ARITH_LIA_STAR_NONNEGATIVE: 1, ARITH_LIA_STAR_SPLIT: 1, ARITH_ROW_IMPL: 2, ARITH_SPLIT_DEQ: 5 }",20,0,0,14,18,3,0,5,14,5,3,14,1,5,5,3,0,0,2,6,3,2,0,0,1,5,5,2,0,0,0,0,3,1,25,22,14,0,3,14,0,0,20,{  },{  },{  },0,0,0,0,0,0,0,1,0,16,0,0,0,0,0.0,10,0,43,0,0,0,0,34,10,6,0,9,0,0,0,0,0,0,0,0,0,0,0,0,0,0,0,0,0,0,0,0,0,0,0,0,0,0,0,0,0,0,0,0,0,0,0,0,0,0,0,0,0,0,0,0,0,0,nan,nan,nan,0,0,0,0,0,2,{  },{  },{  },0,0,0,0,0,0,0,2,0,0,0,0,0,0,0,0,0,0,0,0,0,0,2,0,0,0,0,0,0,0,0,0,0,0,0,2,{  },{  },{  },0,0,0,{  },0,0,0,0,0,{  },{  },{  },0,0,0,0,0,0,0,0,{  },{  },{  },0,0,42,0,0,0,0,7,0,0,2,0,0,0,0,0,0,0,2,{  },{  },{  },0,0,0,0,0,0,0,0,0,0,0,2,{  },{  },{  },0,0,0,0,0,0,0,0,0,0,0,2,{  },{  },{  },0,0,0,0,0,0,0,0,0,0,0,0,0,0,0,0,0,0,2,{  },{  },{  },0,0,0,0,0,0,1,29,40,0,0,0,{  },{  },{  },0,0,0,0,0,0,0,0,0,0,0,2,{  },{  },{  },0,0,0,0,0,0,0,0,0,0,0,2,{  },{  },{  },0,0,0,0,0,0,{  },1,0,0,0,0,0,0,0,0,0,2,{  },{  },{  },0,0,0,{  },{  },{  },{  },1,0,0,0,0,0,0,0,0,2,{  },{  },{  },0,0,0,0,0,0,0,0,0,0,0,0
arith/cvc5_bapa/fol_0000025.smt2,sat,0.010,0,0,8,12,0,0,0,0,3,3,2,0,1,2,0,{  },0,0,0,0,0,0,0,0,0,0,2,1,9,1,0,0,1,9,13,{  },{  },{  },,9,0,0,0,0,0,0,0,0,0,0,0,0,0,0,0,0,0,0,0,0,0,0,0,0,0,0,0,0,0,0,0,0,0,0,0,0,0,0,0,0,0,0,0,0,0,0,0,0,0,24,10,1435,1435,"{ ARITH_CONF_SIMPLEX: 1, ARITH_LIA_STAR_NONNEGATIVE: 1, ARITH_LIA_STAR_SPLIT: 1, ARITH_SPLIT_DEQ: 1 }","{ ArithPivotStep: 4, BvSatStep: 1, CnfStep: 29, DecisionStep: 7, LemmaStep: 3, PreprocessStep: 19, RewriteStep: 1322, SatConflictStep: 9, TheoryCheckStep: 35, TheoryFullCheckStep: 2 }",28,0,5,0,0,28,0,1,0,0,8,16,17,0,0,0,0,0,0,0,0,0,0,0,0,0,0,0,7,0,0,0,0,0,0,0,0,0,0,0,0,0,0,0,0,0,0,0,0,0,0,0,0,0,8,0,0,0,0,0,0,0,17,4,0,0,1,0,5,0,0,1,2,5,0,0,0,0,0,0,0,0,0,0,1,0,0,0,0,{ ARITH_CONF_SIMPLEX: 1 },{  },"{ ARITH_LIA_STAR_NONNEGATIVE: 1, ARITH_LIA_STAR_SPLIT: 1, ARITH_SPLIT_DEQ: 1 }",13,0,0,3,0,2,0,0,0,0,0,0,0,0,0,0,0,0,0,0,0,1,1,0,0,0,0,0,0,0,0,0,2,0,0,0,0,0,0,0,0,0,4,{  },{  },{  },0,0,0,0,0,0,0,0,0,4,0,0,0,0,0.0,1,0,9,0,0,0,0,10,1,1,0,1,0,0,0,0,0,0,0,0,0,0,0,0,0,0,0,0,0,0,0,0,0,0,0,0,0,0,0,0,0,0,0,0,0,0,0,0,0,0,0,0,0,0,0,0,0,0,nan,nan,nan,0,0,0,0,0,2,{  },{  },{  },0,0,0,0,0,0,0,2,0,0,0,0,0,0,0,0,0,0,0,0,0,0,2,0,0,0,0,0,0,0,0,0,0,0,0,2,{  },{  },{  },0,0,0,{  },0,0,0,0,0,{  },{  },{  },0,0,0,0,0,0,0,0,{  },{  },{  },0,0,10,0,0,0,0,2,0,0,2,0,0,0,0,0,0,0,2,{  },{  },{  },0,0,0,0,0,0,0,0,0,0,0,2,{  },{  },{  },0,0,0,0,0,0,0,0,0,0,0,2,{  },{  },{  },0,0,0,0,0,0,0,0,0,0,0,0,0,0,0,0,0,0,2,{  },{  },{  },0,0,0,0,0,0,1,9,13,0,0,0,{  },{  },{  },0,0,0,0,0,0,0,0,0,0,0,2,{  },{  },{  },0,0,0,0,0,0,0,0,0,0,0,2,{  },{  },{  },0,0,0,0,0,0,{  },1,0,0,0,0,0,0,0,0,0,2,{  },{  },{  },0,0,0,{  },{  },{  },{  },1,0,0,0,0,0,0,0,0,2,{  },{  },{  },0,0,0,0,0,0,0,0,0,0,0,0
arith/cvc5_bapa/fol_0000026.smt2,sat,0.009,0,0,8,12,0,0,0,0,3,3,2,0,1,2,0,{  },0,0,0,0,0,0,0,0,0,0,2,1,9,1,0,0,0,8,11,{  },{  },{  },,9,0,0,0,0,0,0,0,0,0,0,0,0,0,0,0,0,0,0,0,0,0,0,0,0,0,0,0,0,0,0,0,0,0,0,0,0,0,0,0,0,0,0,0,0,0,0,0,0,0,24,10,1467,1467,"{ ARITH_CONF_SIMPLEX: 1, ARITH_LIA_STAR_NONNEGATIVE: 1, ARITH_LIA_STAR_SPLIT: 1, ARITH_SPLIT_DEQ: 1 }","{ ArithPivotStep: 4, BvSatStep: 1, CnfStep: 28, DecisionStep: 7, LemmaStep: 3, PreprocessStep: 19, RewriteStep: 1355, SatConflictStep: 9, TheoryCheckStep: 35, TheoryFullCheckStep: 2 }",28,0,5,0,0,28,0,1,0,0,8,16,17,0,0,0,0,0,0,0,0,0,0,0,0,0,0,0,7,0,0,0,0,0,0,0,0,0,0,0,0,0,0,0,0,0,0,0,0,0,0,0,0,0,8,0,0,0,0,0,0,0,17,4,0,0,1,0,5,0,0,0,2,4,0,0,0,0,0,0,0,0,0,0,1,0,0,0,0,{ ARITH_CONF_SIMPLEX: 1 },{  },"{ ARITH_LIA_STAR_NONNEGATIVE: 1, ARITH_LIA_STAR_SPLIT: 1, ARITH_SPLIT_DEQ: 1 }",13,0,0,3,0,2,0,0,0,0,0,0,0,0,0,0,0,0,0,0,0,1,1,0,0,0,0,0,0,0,0,0,2,0,0,0,0,0,0,0,0,0,4,{  },{  },{  },0,0,0,0,0,0,0,0,0,4,0,0,0,0,0.0,1,0,9,0,0,0,0,10,1,1,0,1,0,0,0,0,0,0,0,0,0,0,0,0,0,0,0,0,0,0,0,0,0,0,0,0,0,0,0,0,0,0,0,0,0,0,0,0,0,0,0,0,0,0,0,0,0,0,nan,nan,nan,0,0,0,0,0,2,{  },{  },{  },0,0,0,0,0,0,0,2,0,0,0,0,0,0,0,0,0,0,0,0,0,0,2,0,0,0,0,0,0,0,0,0,0,0,0,2,{  },{  },{  },0,0,0,{  },0,0,0,0,0,{  },{  },{  },0,0,0,0,0,0,0,0,{  },{  },{  },0,0,10,0,0,0,0,2,0,0,2,0,0,0,0,0,0,0,2,{  },{  },{  },0,0,0,0,0,0,0,0,0,0,0,2,{  },{  },{  },0,0,0,0,0,0,0,0,0,0,0,2,{  },{  },{  },0,0,0,0,0,0,0,0,0,0,0,0,0,0,0,0,0,0,2,{  },{  },{  },0,0,0,0,0,0,0,8,11,0,0,0,{  },{  },{  },0,0,0,0,0,0,0,0,0,0,0,2,{  },{  },{  },0,0,0,0,0,0,0,0,0,0,0,2,{  },{  },{  },0,0,0,0,0,0,{  },1,0,0,0,0,0,0,0,0,0,2,{  },{  },{  },0,0,0,{  },{  },{  },{  },1,0,0,0,0,0,0,0,0,2,{  },{  },{  },0,0,0,0,0,0,0,0,0,0,0,0
arith/cvc5_bapa/fol_0000027.smt2,sat,0.010,0,0,8,12,0,0,0,0,3,3,2,0,1,2,0,{  },0,0,0,0,0,0,0,0,0,0,2,1,9,1,0,0,0,8,11,{  },{  },{  },,9,0,0,0,0,0,0,0,0,0,0,0,0,0,0,0,0,0,0,0,0,0,0,0,0,0,0,0,0,0,0,0,0,0,0,0,0,0,0,0,0,0,0,0,0,0,0,0,0,0,24,10,1461,1461,"{ ARITH_CONF_SIMPLEX: 1, ARITH_LIA_STAR_NONNEGATIVE: 1, ARITH_LIA_STAR_SPLIT: 1, ARITH_SPLIT_DEQ: 1 }","{ ArithPivotStep: 6, BvSatStep: 1, CnfStep: 29, DecisionStep: 7, LemmaStep: 3, PreprocessStep: 19, RewriteStep: 1346, SatConflictStep: 9, TheoryCheckStep: 35, TheoryFullCheckStep: 2 }",28,0,5,0,0,28,0,1,0,0,8,16,17,0,0,0,0,0,0,0,0,0,0,0,0,0,0,0,7,0,0,0,0,0,0,0,0,0,0,0,0,0,0,0,0,0,0,0,0,0,0,0,0,0,8,0,0,0,0,0,0,0,17,4,0,0,1,0,5,0,0,0,2,5,0,0,0,0,0,0,0,0,0,0,1,0,0,0,0,{ ARITH_CONF_SIMPLEX: 1 },{  },"{ ARITH_LIA_STAR_NONNEGATIVE: 1, ARITH_LIA_STAR_SPLIT: 1, ARITH_SPLIT_DEQ: 1 }",13,0,0,3,0,2,0,0,0,0,0,0,0,0,0,0,0,0,0,0,0,1,1,0,0,0,0,0,0,0,0,0,2,0,0,0,0,0,0,0,0,0,6,{  },{  },{  },0,0,0,0,0,0,0,0,0,4,0,0,0,0,0.0,1,0,9,0,0,0,0,12,1,1,0,2,0,0,0,0,0,0,0,0,0,0,0,0,0,0,0,0,0,0,0,0,0,0,0,0,0,0,0,0,0,0,0,0,0,0,0,0,0,0,0,0,0,0,0,0,0,0,nan,nan,nan,0,0,0,0,0,2,{  },{  },{  },0,0,0,0,0,0,0,2,0,0,0,0,0,0,0,0,0,0,0,0,0,0,2,0,0,0,0,0,0,0,0,0,0,0,0,2,{  },{  },{  },0,0,0,{  },0,0,0,0,0,{  },{  },{  },0,0,0,0,0,0,0,0,{  },{  },{  },0,0,10,0,0,0,0,2,0,0,2,0,0,0,0,0,0,0,2,{  },{  },{  },0,0,0,0,0,0,0,0,0,0,0,2,{  },{  },{  },0,0,0,0,0,0,0,0,0,0,0,2,{  },{  },{  },0,0,0,0,0,0,0,0,0,0,0,0,0,0,0,0,0,0,2,{  },{  },{  },0,0,0,0,0,0,0,8,11,0,0,0,{  },{  },{  },0,0,0,0,0,0,0,0,0,0,0,2,{  },{  },{  },0,0,0,0,0,0,0,0,0,0,0,2,{  },{  },{  },0,0,0,0,0,0,{  },1,0,0,0,0,0,0,0,0,0,2,{  },{  },{  },0,0,0,{  },{  },{  },{  },1,0,0,0,0,0,0,0,0,2,{  },{  },{  },0,0,0,0,0,0,0,0,0,0,0,0
arith/cvc5_bapa/fol_0000029.smt2,sat,0.052,0,0,32,41,0,0,0,0,25,5,3,4,9,69,0,{  },0,0,0,0,0,0,0,0,0,0,3,1,95,1,0,0,10,72,87,{  },{  },{  },,52,0,0,0,0,0,0,0,0,0,0,0,0,0,0,0,0,0,0,0,0,0,0,0,0,0,0,0,0,0,0,0,0,0,0,0,0,0,0,0,0,0,0,0,0,0,0,0,0,0,102,11,5161,5161,"{ ARITH_CONF_SIMPLEX: 10, ARITH_LIA_STAR_EXISTS: 1, ARITH_LIA_STAR_NONNEGATIVE: 1, ARITH_LIA_STAR_SPLIT: 1, ARITH_ROW_IMPL: 3, ARITH_SPLIT_DEQ: 10 }","{ ArithPivotStep: 26, BvSatStep: 1, CnfStep: 54, DecisionStep: 57, LemmaStep: 16, PreprocessStep: 20, RewriteStep: 4757, SatConflictStep: 59, TheoryCheckStep: 142, TheoryFullCheckStep: 3 }",258,2,54,4,5,233,0,1,5,0,63,175,129,0,0,0,0,0,0,0,0,0,0,0,0,0,0,0,15,0,0,0,0,0,0,0,0,0,0,0,0,0,0,0,0,0,0,0,0,0,0,0,0,0,32,0,0,0,0,0,0,0,140,66,41,0,10,0,56,0,0,12,5,5,0,0,0,0,0,0,0,0,0,0,10,0,0,0,0,{ ARITH_CONF_SIMPLEX: 10 },{  },"{ ARITH_LIA_STAR_EXISTS: 1, ARITH_LIA_STAR_NONNEGATIVE: 1, ARITH_LIA_STAR_SPLIT: 1, ARITH_ROW_IMPL: 3, ARITH_SPLIT_DEQ: 10 }",13,0,0,16,40,3,0,10,30,6,12,30,1,10,10,7,0,0,2,11,5,2,0,0,1,10,10,5,0,0,0,0,3,1,58,46,30,0,12,30,0,0,25,{  },{  },{  },0,0,0,0,0,0,0,0,0,53,0,0,0,0,0.0,10,0,95,0,0,0,0,48,10,5,0,6,0,0,0,0,0,0,0,0,0,0,0,0,0,0,0,0,0,0,0,0,0,0,0,0,0,0,0,0,0,0,0,0,0,0,0,0,0,0,0,0,0,0,0,0,0,0,nan,nan,nan,0,0,0,0,0,2,{  },{  },{  },0,0,0,0,0,0,0,2,0,0,0,0,0,0,0,0,0,0,0,0,0,0,2,0,0,0,0,0,0,0,0,0,0,0,0,2,{  },{  },{  },0,0,0,{  },0,0,0,0,0,{  },{  },{  },0,0,0,0,0,0,0,0,{  },{  },{  },0,0,117,0,0,0,0,3,0,0,2,0,0,0,0,0,0,0,2,{  },{  },{  },0,0,0,0,0,0,0,0,0,0,0,2,{  },{  },{  },0,0,0,0,0,0,0,0,0,0,0,2,{  },{  },{  },0,0,0,0,0,0,0,0,0,0,0,0,0,0,0,0,0,0,2,{  },{  },{  },0,0,0,0,0,0,10,72,87,0,0,0,{  },{  },{  },0,0,0,0,0,0,0,0,0,0,0,2,{  },{  },{  },0,0,0,0,0,0,0,0,0,0,0,2,{  },{  },{  },0,0,0,0,0,0,{  },1,0,0,0,0,0,0,0,0,0,2,{  },{  },{  },0,0,0,{  },{  },{  },{  },1,0,0,0,0,0,0,0,0,2,{  },{  },{  },0,0,0,0,0,0,0,0,0,0,0,0
arith/cvc5_bapa/fol_0000031.smt2,sat,0.031,0,0,20,27,0,0,0,0,11,3,3,2,2,21,0,{  },0,0,0,0,0,0,0,0,0,0,3,1,30,1,0,0,2,27,35,{  },{  },{  },,30,0,0,0,0,0,0,0,0,0,0,0,0,0,0,0,0,0,0,0,0,0,0,0,0,0,0,0,0,0,0,0,0,0,0,0,0,0,0,0,0,0,0,0,0,0,0,0,0,0,63,13,3059,3059,"{ ARITH_CONF_SIMPLEX: 4, ARITH_LIA_STAR_EXISTS: 1, ARITH_LIA_STAR_NONNEGATIVE: 1, ARITH_LIA_STAR_SPLIT: 1, ARITH_ROW_IMPL: 1, ARITH_SPLIT_DEQ: 4 }","{ ArithPivotStep: 12, BvSatStep: 1, CnfStep: 40, DecisionStep: 17, LemmaStep: 8, PreprocessStep: 22, RewriteStep: 2854, SatConflictStep: 19, TheoryCheckStep: 71, TheoryFullCheckStep: 3 }",139,1,14,0,1,93,0,1,1,0,38,63,81,0,0,0,0,0,0,0,0,0,0,0,0,0,0,0,13,0,0,0,0,0,0,0,0,0,0,0,0,0,0,0,0,0,0,0,0,0,0,0,0,0,20,0,0,0,0,0,0,0,58,13,19,0,4,0,22,0,0,4,2,6,0,0,0,0,0,0,0,0,0,0,4,0,0,0,0,{ ARITH_CONF_SIMPLEX: 4 },{  },"{ ARITH_LIA_STAR_EXISTS: 1, ARITH_LIA_STAR_NONNEGATIVE: 1, ARITH_LIA_STAR_SPLIT: 1, ARITH_ROW_IMPL: 1, ARITH_SPLIT_DEQ: 4 }",16,0,0,8,18,3,0,5,14,5,3,14,1,5,5,3,0,0,2,6,3,2,0,0,1,5,5,2,0,0,0,0,3,1,25,22,14,0,3,14,0,0,10,{  },{  },{  },0,0,0,0,0,0,0,0,0,16,0,0,0,0,0.0,4,0,30,0,0,0,0,21,4,2,0,3,0,0,0,0,0,0,0,0,0,0,0,0,0,0,0,0,0,0,0,0,0,0,0,0,0,0,0,0,0,0,0,0,0,0,0,0,0,0,0,0,0,0,0,0,0,0,nan,nan,nan,0,0,0,0,0,2,{  },{  },{  },0,0,0,0,0,0,0,2,0,0,0,0,0,0,0,0,0,0,0,0,0,0,2,0,0,0,0,0,0,0,0,0,0,0,0,2,{  },{  },{  },0,0,0,{  },0,0,0,0,0,{  },{  },{  },0,0,0,0,0,0,0,0,{  },{  },{  },0,0,40,0,0,0,0,3,0,0,2,0,0,0,0,0,0,0,2,{  },{  },{  },0,0,0,0,0,0,0,0,0,0,0,2,{  },{  },{  },0,0,0,0,0,0,0,0,0,0,0,2,{  },{  },{  },0,0,0,0,0,0,0,0,0,0,0,0,0,0,0,0,0,0,2,{  },{  },{  },0,0,0,0,0,0,2,27,35,0,0,0,{  },{  },{  },0,0,0,0,0,0,0,0,0,0,0,2,{  },{  },{  },0,0,0,0,0,0,0,0,0,0,0,2,{  },{  },{  },0,0,0,0,0,0,{  },1,0,0,0,0,0,0,0,0,0,2,{  },{  },{  },0,0,0,{  },{  },{  },{  },1,0,0,0,0,0,0,0,0,2,{  },{  },{  },0,0,0,0,0,0,0,0,0,0,0,0
arith/cvc5_bapa/fol_0000033.smt2,sat,0.029,0,0,20,25,0,0,0,0,14,3,3,3,6,19,0,{  },0,0,0,0,0,0,0,0,0,0,4,1,37,1,0,0,1,33,44,{  },{  },{  },,28,0,0,0,0,0,0,0,0,0,0,0,0,0,0,0,0,0,0,0,0,0,0,0,0,0,0,0,0,0,0,0,0,0,0,0,0,0,0,0,0,0,0,0,0,0,0,0,0,0,66,13,3300,3300,"{ ARITH_BB_LEMMA: 1, ARITH_CONF_SIMPLEX: 4, ARITH_LIA_STAR_EXISTS: 1, ARITH_LIA_STAR_NONNEGATIVE: 1, ARITH_LIA_STAR_SPLIT: 1, ARITH_ROW_IMPL: 3, ARITH_SPLIT_DEQ: 4 }","{ ArithPivotStep: 12, BvSatStep: 1, CnfStep: 41, DecisionStep: 20, LemmaStep: 10, PreprocessStep: 22, RewriteStep: 3064, SatConflictStep: 22, TheoryCheckStep: 89, TheoryFullCheckStep: 4 }",144,1,16,5,2,109,0,1,2,0,47,79,97,0,0,0,0,0,0,0,0,0,0,0,0,0,0,0,13,0,0,0,0,0,0,0,0,0,0,0,0,0,0,0,0,0,0,0,0,0,0,0,0,0,20,0,0,0,0,0,0,0,68,17,19,0,4,0,30,0,0,8,1,5,0,1,0,0,0,0,0,0,0,0,4,0,0,1,0,{ ARITH_CONF_SIMPLEX: 4 },{  },"{ ARITH_BB_LEMMA: 1, ARITH_LIA_STAR_EXISTS: 1, ARITH_LIA_STAR_NONNEGATIVE: 1, ARITH_LIA_STAR_SPLIT: 1, ARITH_ROW_IMPL: 3, ARITH_SPLIT_DEQ: 4 }",16,0,0,11,18,3,0,5,14,5,3,14,1,5,5,3,0,0,2,6,3,2,0,0,1,5,5,2,0,0,0,0,3,1,25,22,14,0,3,14,0,0,10,{  },{  },{  },0,0,0,0,0,0,0,1,0,18,0,0,0,0,0.0,3,0,37,0,0,0,0,19,4,2,0,4,0,0,0,0,0,0,0,0,0,0,0,0,0,0,0,0,0,0,0,0,0,0,0,0,0,0,0,0,0,0,0,0,0,0,0,0,0,0,0,0,0,0,0,0,0,0,nan,nan,nan,0,0,0,0,0,2,{  },{  },{  },0,0,0,0,0,0,0,2,0,0,0,0,0,0,0,0,0,0,0,0,0,0,2,0,0,0,0,0,0,0,0,0,0,0,0,2,{  },{  },{  },0,0,0,{  },0,0,0,0,0,{  },{  },{  },0,0,0,0,0,0,0,0,{  },{  },{  },0,0,49,0,0,0,0,4,0,0,2,0,0,0,0,0,0,0,2,{  },{  },{  },0,0,0,0,0,0,0,0,0,0,0,2,{  },{  },{  },0,0,0,0,0,0,0,0,0,0,0,2,{  },{  },{  },0,0,0,0,0,0,0,0,0,0,0,0,0,0,0,0,0,0,2,{  },{  },{  },0,0,0,0,0,0,1,33,44,0,0,0,{  },{  },{  },0,0,0,0,0,0,0,0,0,0,0,2,{  },{  },{  },0,0,0,0,0,0,0,0,0,0,0,2,{  },{  },{  },0,0,0,0,0,0,{  },1,0,0,0,0,0,0,0,0,0,2,{  },{  },{  },0,0,0,{  },{  },{  },{  },1,0,0,0,0,0,0,0,0,2,{  },{  },{  },0,0,0,0,0,0,0,0,0,0,0,0
arith/cvc5_bapa/fol_0000035.smt2,sat,0.029,0,0,20,27,0,0,0,0,12,3,3,2,3,21,0,{  },0,0,0,0,0,0,0,0,0,0,4,1,32,1,0,0,1,27,36,{  },{  },{  },,28,0,0,0,0,0,0,0,0,0,0,0,0,0,0,0,0,0,0,0,0,0,0,0,0,0,0,0,0,0,0,0,0,0,0,0,0,0,0,0,0,0,0,0,0,0,0,0,0,0,66,13,3207,3207,"{ ARITH_BB_LEMMA: 1, ARITH_CONF_SIMPLEX: 4, ARITH_LIA_STAR_EXISTS: 1, ARITH_LIA_STAR_NONNEGATIVE: 1, ARITH_LIA_STAR_SPLIT: 1, ARITH_ROW_IMPL: 1, ARITH_SPLIT_DEQ: 4 }","{ ArithPivotStep: 13, BvSatStep: 1, CnfStep: 41, DecisionStep: 19, LemmaStep: 9, PreprocessStep: 22, RewriteStep: 2979, SatConflictStep: 21, TheoryCheckStep: 85, TheoryFullCheckStep: 4 }",142,1,15,0,1,95,0,1,1,0,39,65,84,0,0,0,0,0,0,0,0,0,0,0,0,0,0,0,13,0,0,0,0,0,0,0,0,0,0,0,0,0,0,0,0,0,0,0,0,0,0,0,0,0,20,0,0,0,0,0,0,0,59,14,19,0,4,0,23,0,0,3,2,6,0,1,0,0,0,0,0,0,0,0,4,0,0,1,0,{ ARITH_CONF_SIMPLEX: 4 },{  },"{ ARITH_BB_LEMMA: 1, ARITH_LIA_STAR_EXISTS: 1, ARITH_LIA_STAR_NONNEGATIVE: 1, ARITH_LIA_STAR_SPLIT: 1, ARITH_ROW_IMPL: 1, ARITH_SPLIT_DEQ: 4 }",16,0,0,9,18,3,0,5,14,5,3,14,1,5,5,3,0,0,2,6,3,2,0,0,1,5,5,2,0,0,0,0,3,1,25,22,14,0,3,14,0,0,11,{  },{  },{  },0,0,0,0,0,0,0,1,0,17,0,0,0,0,0.0,4,0,32,0,0,0,0,22,4,2,0,3,0,0,0,0,0,0,0,0,0,0,0,0,0,0,0,0,0,0,0,0,0,0,0,0,0,0,0,0,0,0,0,0,0,0,0,0,0,0,0,0,0,0,0,0,0,0,nan,nan,nan,0,0,0,0,0,2,{  },{  },{  },0,0,0,0,0,0,0,2,0,0,0,0,0,0,0,0,0,0,0,0,0,0,2,0,0,0,0,0,0,0,0,0,0,0,0,2,{  },{  },{  },0,0,0,{  },0,0,0,0,0,{  },{  },{  },0,0,0,0,0,0,0,0,{  },{  },{  },0,0,41,0,0,0,0,4,0,0,2,0,0,0,0,0,0,0,2,{  },{  },{  },0,0,0,0,0,0,0,0,0,0,0,2,{  },{  },{  },0,0,0,0,0,0,0,0,0,0,0,2,{  },{  },{  },0,0,0,0,0,0,0,0,0,0,0,0,0,0,0,0,0,0,2,{  },{  },{  },0,0,0,0,0,0,1,27,36,0,0,0,{  },{  },{  },0,0,0,0,0,0,0,0,0,0,0,2,{  },{  },{  },0,0,0,0,0,0,0,0,0,0,0,2,{  },{  },{  },0,0,0,0,0,0,{  },1,0,0,0,0,0,0,0,0,0,2,{  },{  },{  },0,0,0,{  },{  },{  },{  },1,0,0,0,0,0,0,0,0,2,{  },{  },{  },0,0,0,0,0,0,0,0,0,0,0,0
arith/cvc5_bapa/fol_0000036.smt2,sat,0.010,0,0,8,12,0,0,0,0,3,3,2,0,1,2,0,{  },0,0,0,0,0,0,0,0,0,0,2,1,11,1,0,0,0,8,12,{  },{  },{  },,9,0,0,0,0,0,0,0,0,0,0,0,0,0,0,0,0,0,0,0,0,0,0,0,0,0,0,0,0,0,0,0,0,0,0,0,0,0,0,0,0,0,0,0,0,0,0,0,0,0,23,9,1389,1389,"{ ARITH_BLACK_BOX: 1, ARITH_LIA_STAR_NONNEGATIVE: 1, ARITH_LIA_STAR_SPLIT: 1, ARITH_SPLIT_DEQ: 1 }","{ ArithPivotStep: 1, BvSatStep: 1, CnfStep: 28, DecisionStep: 8, LemmaStep: 3, PreprocessStep: 19, RewriteStep: 1276, SatConflictStep: 10, TheoryCheckStep: 37, TheoryFullCheckStep: 2 }",26,0,6,0,0,30,0,1,0,0,8,19,17,0,0,0,0,0,0,0,0,0,0,0,0,0,0,0,5,0,0,0,0,0,0,0,0,0,0,0,0,0,0,0,0,0,0,0,0,0,0,0,0,0,8,0,0,0,0,0,0,0,18,5,0,0,1,1,7,0,1,0,2,4,0,0,0,0,0,0,0,0,0,0,0,0,0,0,0,{ ARITH_BLACK_BOX: 1 },{  },"{ ARITH_LIA_STAR_NONNEGATIVE: 1, ARITH_LIA_STAR_SPLIT: 1, ARITH_SPLIT_DEQ: 1 }",6,0,0,3,0,2,0,0,0,0,0,0,0,0,0,0,0,0,0,0,0,1,1,0,0,0,0,0,0,0,0,0,2,0,0,0,0,0,0,0,0,0,1,{  },{  },{  },0,0,0,0,0,0,0,0,0,5,0,0,0,0,0.0,1,0,11,0,0,0,0,7,0,0,0,0,0,0,0,0,0,0,0,0,0,0,0,0,0,0,0,0,0,0,0,0,0,0,0,0,0,0,0,0,0,0,0,0,0,0,0,0,0,0,0,0,0,0,0,0,0,0,nan,nan,nan,0,0,0,0,0,2,{  },{  },{  },0,0,0,0,0,0,0,2,0,0,0,0,0,0,0,0,0,0,0,0,0,0,2,0,0,0,0,0,0,0,0,0,0,0,0,2,{  },{  },{  },0,0,0,{  },0,0,0,0,0,{  },{  },{  },0,0,0,0,0,0,0,0,{  },{  },{  },0,0,12,0,0,0,0,2,0,0,2,0,0,0,0,0,0,0,2,{  },{  },{  },0,0,0,0,0,0,0,0,0,0,0,2,{  },{  },{  },0,0,0,0,0,0,0,0,0,0,0,2,{  },{  },{  },0,0,0,0,0,0,0,0,0,0,0,0,0,0,0,0,0,0,2,{  },{  },{  },0,0,0,0,0,0,0,8,12,0,0,0,{  },{  },{  },0,0,0,0,0,0,0,0,0,0,0,2,{  },{  },{  },0,0,0,0,0,0,0,0,0,0,0,2,{  },{  },{  },0,0,0,0,0,0,{  },1,0,0,0,0,0,0,0,0,0,2,{  },{  },{  },0,0,0,{  },{  },{  },{  },1,0,0,0,0,0,0,0,0,2,{  },{  },{  },0,0,0,0,0,0,0,0,0,0,0,0
arith/cvc5_bapa/fol_0000037.smt2,sat,0.029,0,0,20,26,0,0,0,0,11,3,3,2,2,21,0,{  },0,0,0,0,0,0,0,0,0,0,3,1,30,1,0,0,2,27,35,{  },{  },{  },,28,0,0,0,0,0,0,0,0,0,0,0,0,0,0,0,0,0,0,0,0,0,0,0,0,0,0,0,0,0,0,0,0,0,0,0,0,0,0,0,0,0,0,0,0,0,0,0,0,0,62,12,3024,3024,"{ ARITH_CONF_SIMPLEX: 4, ARITH_LIA_STAR_EXISTS: 1, ARITH_LIA_STAR_NONNEGATIVE: 1, ARITH_LIA_STAR_SPLIT: 1, ARITH_ROW_IMPL: 1, ARITH_SPLIT_DEQ: 4 }","{ ArithPivotStep: 13, BvSatStep: 1, CnfStep: 38, DecisionStep: 17, LemmaStep: 8, PreprocessStep: 22, RewriteStep: 2820, SatConflictStep: 19, TheoryCheckStep: 71, TheoryFullCheckStep: 3 }",139,1,14,0,1,92,0,1,1,0,38,63,81,0,0,0,0,0,0,0,0,0,0,0,0,0,0,0,12,0,0,0,0,0,0,0,0,0,0,0,0,0,0,0,0,0,0,0,0,0,0,0,0,0,20,0,0,0,0,0,0,0,57,13,18,0,4,0,22,0,0,4,2,5,0,0,0,0,0,0,0,0,0,0,4,0,0,0,0,{ ARITH_CONF_SIMPLEX: 4 },{  },"{ ARITH_LIA_STAR_EXISTS: 1, ARITH_LIA_STAR_NONNEGATIVE: 1, ARITH_LIA_STAR_SPLIT: 1, ARITH_ROW_IMPL: 1, ARITH_SPLIT_DEQ: 4 }",13,0,0,8,18,3,0,5,14,5,3,14,1,5,5,3,0,0,2,6,3,2,0,0,1,5,5,2,0,0,0,0,3,1,25,22,14,0,3,14,0,0,10,{  },{  },{  },0,0,0,0,0,0,0,0,0,16,0,0,0,0,0.0,4,0,30,0,0,0,0,20,4,2,0,3,0,0,0,0,0,0,0,0,0,0,0,0,0,0,0,0,0,0,0,0,0,0,0,0,0,0,0,0,0,0,0,0,0,0,0,0,0,0,0,0,0,0,0,0,0,0,nan,nan,nan,0,0,0,0,0,2,{  },{  },{  },0,0,0,0,0,0,0,2,0,0,0,0,0,0,0,0,0,0,0,0,0,0,2,0,0,0,0,0,0,0,0,0,0,0,0,2,{  },{  },{  },0,0,0,{  },0,0,0,0,0,{  },{  },{  },0,0,0,0,0,0,0,0,{  },{  },{  },0,0,40,0,0,0,0,3,0,0,2,0,0,0,0,0,0,0,2,{  },{  },{  },0,0,0,0,0,0,0,0,0,0,0,2,{  },{  },{  },0,0,0,0,0,0,0,0,0,0,0,2,{  },{  },{  },0,0,0,0,0,0,0,0,0,0,0,0,0,0,0,0,0,0,2,{  },{  },{  },0,0,0,0,0,0,2,27,35,0,0,0,{  },{  },{  },0,0,0,0,0,0,0,0,0,0,0,2,{  },{  },{  },0,0,0,0,0,0,0,0,0,0,0,2,{  },{  },{  },0,0,0,0,0,0,{  },1,0,0,0,0,0,0,0,0,0,2,{  },{  },{  },0,0,0,{  },{  },{  },{  },1,0,0,0,0,0,0,0,0,2,{  },{  },{  },0,0,0,0,0,0,0,0,0,0,0,0
arith/cvc5_bapa/fol_0000039.smt2,sat,0.030,0,0,20,26,0,0,0,0,11,3,3,2,2,21,0,{  },0,0,0,0,0,0,0,0,0,0,3,1,30,1,0,0,2,27,35,{  },{  },{  },,29,0,0,0,0,0,0,0,0,0,0,0,0,0,0,0,0,0,0,0,0,0,0,0,0,0,0,0,0,0,0,0,0,0,0,0,0,0,0,0,0,0,0,0,0,0,0,0,0,0,62,12,3055,3055,"{ ARITH_CONF_SIMPLEX: 4, ARITH_LIA_STAR_EXISTS: 1, ARITH_LIA_STAR_NONNEGATIVE: 1, ARITH_LIA_STAR_SPLIT: 1, ARITH_ROW_IMPL: 1, ARITH_SPLIT_DEQ: 4 }","{ ArithPivotStep: 13, BvSatStep: 1, CnfStep: 41, DecisionStep: 17, LemmaStep: 8, PreprocessStep: 22, RewriteStep: 2848, SatConflictStep: 19, TheoryCheckStep: 71, TheoryFullCheckStep: 3 }",139,1,14,0,1,92,0,1,1,0,38,63,81,0,0,0,0,0,0,0,0,0,0,0,0,0,0,0,12,0,0,0,0,0,0,0,0,0,0,0,0,0,0,0,0,0,0,0,0,0,0,0,0,0,20,0,0,0,0,0,0,0,57,13,20,0,4,0,22,0,0,4,2,5,0,0,0,0,0,0,0,0,0,0,4,0,0,0,0,{ ARITH_CONF_SIMPLEX: 4 },{  },"{ ARITH_LIA_STAR_EXISTS: 1, ARITH_LIA_STAR_NONNEGATIVE: 1, ARITH_LIA_STAR_SPLIT: 1, ARITH_ROW_IMPL: 1, ARITH_SPLIT_DEQ: 4 }",13,0,0,8,19,3,0,5,15,5,3,15,1,5,5,3,0,0,2,6,3,2,0,0,1,5,5,2,0,0,0,0,3,1,25,22,15,0,3,15,0,0,10,{  },{  },{  },0,0,0,0,0,0,0,0,0,16,0,0,0,0,0.0,4,0,30,0,0,0,0,20,4,2,0,3,0,0,0,0,0,0,0,0,0,0,0,0,0,0,0,0,0,0,0,0,0,0,0,0,0,0,0,0,0,0,0,0,0,0,0,0,0,0,0,0,0,0,0,0,0,0,nan,nan,nan,0,0,0,0,0,2,{  },{  },{  },0,0,0,0,0,0,0,2,0,0,0,0,0,0,0,0,0,0,0,0,0,0,2,0,0,0,0,0,0,0,0,0,0,0,0,2,{  },{  },{  },0,0,0,{  },0,0,0,0,0,{  },{  },{  },0,0,0,0,0,0,0,0,{  },{  },{  },0,0,40,0,0,0,0,3,0,0,2,0,0,0,0,0,0,0,2,{  },{  },{  },0,0,0,0,0,0,0,0,0,0,0,2,{  },{  },{  },0,0,0,0,0,0,0,0,0,0,0,2,{  },{  },{  },0,0,0,0,0,0,0,0,0,0,0,0,0,0,0,0,0,0,2,{  },{  },{  },0,0,0,0,0,0,2,27,35,0,0,0,{  },{  },{  },0,0,0,0,0,0,0,0,0,0,0,2,{  },{  },{  },0,0,0,0,0,0,0,0,0,0,0,2,{  },{  },{  },0,0,0,0,0,0,{  },1,0,0,0,0,0,0,0,0,0,2,{  },{  },{  },0,0,0,{  },{  },{  },{  },1,0,0,0,0,0,0,0,0,2,{  },{  },{  },0,0,0,0,0,0,0,0,0,0,0,0
arith/cvc5_bapa/fol_0000041.smt2,sat,0.028,0,0,20,26,0,0,0,0,14,3,3,3,6,19,0,{  },0,0,0,0,0,0,0,0,0,0,4,1,36,1,0,0,2,34,43,{  },{  },{  },,27,0,0,0,0,0,0,0,0,0,0,0,0,0,0,0,0,0,0,0,0,0,0,0,0,0,0,0,0,0,0,0,0,0,0,0,0,0,0,0,0,0,0,0,0,0,0,0,0,0,65,12,3211,3211,"{ ARITH_BB_LEMMA: 1, ARITH_CONF_SIMPLEX: 4, ARITH_LIA_STAR_EXISTS: 1, ARITH_LIA_STAR_NONNEGATIVE: 1, ARITH_LIA_STAR_SPLIT: 1, ARITH_ROW_IMPL: 3, ARITH_SPLIT_DEQ: 4 }","{ ArithPivotStep: 14, BvSatStep: 1, CnfStep: 41, DecisionStep: 20, LemmaStep: 10, PreprocessStep: 22, RewriteStep: 2974, SatConflictStep: 22, TheoryCheckStep: 88, TheoryFullCheckStep: 4 }",144,1,16,5,2,108,0,1,2,0,47,79,97,0,0,0,0,0,0,0,0,0,0,0,0,0,0,0,12,0,0,0,0,0,0,0,0,0,0,0,0,0,0,0,0,0,0,0,0,0,0,0,0,0,20,0,0,0,0,0,0,0,67,17,18,0,4,0,30,0,0,9,1,5,0,1,0,0,0,0,0,0,0,0,4,0,0,1,0,{ ARITH_CONF_SIMPLEX: 4 },{  },"{ ARITH_BB_LEMMA: 1, ARITH_LIA_STAR_EXISTS: 1, ARITH_LIA_STAR_NONNEGATIVE: 1, ARITH_LIA_STAR_SPLIT: 1, ARITH_ROW_IMPL: 3, ARITH_SPLIT_DEQ: 4 }",13,0,0,11,17,3,0,5,13,5,3,13,1,5,5,3,0,0,2,6,3,2,0,0,1,5,5,2,0,0,0,0,3,1,25,22,13,0,3,13,0,0,11,{  },{  },{  },0,0,0,0,0,0,0,1,0,18,0,0,0,0,0.0,3,0,36,0,0,0,0,19,4,2,0,2,0,0,0,0,0,0,0,0,0,0,0,0,0,0,0,0,0,0,0,0,0,0,0,0,0,0,0,0,0,0,0,0,0,0,0,0,0,0,0,0,0,0,0,0,0,0,nan,nan,nan,0,0,0,0,0,2,{  },{  },{  },0,0,0,0,0,0,0,2,0,0,0,0,0,0,0,0,0,0,0,0,0,0,2,0,0,0,0,0,0,0,0,0,0,0,0,2,{  },{  },{  },0,0,0,{  },0,0,0,0,0,{  },{  },{  },0,0,0,0,0,0,0,0,{  },{  },{  },0,0,49,0,0,0,0,4,0,0,2,0,0,0,0,0,0,0,2,{  },{  },{  },0,0,0,0,0,0,0,0,0,0,0,2,{  },{  },{  },0,0,0,0,0,0,0,0,0,0,0,2,{  },{  },{  },0,0,0,0,0,0,0,0,0,0,0,0,0,0,0,0,0,0,2,{  },{  },{  },0,0,0,0,0,0,2,34,43,0,0,0,{  },{  },{  },0,0,0,0,0,0,0,0,0,0,0,2,{  },{  },{  },0,0,0,0,0,0,0,0,0,0,0,2,{  },{  },{  },0,0,0,0,0,0,{  },1,0,0,0,0,0,0,0,0,0,2,{  },{  },{  },0,0,0,{  },{  },{  },{  },1,0,0,0,0,0,0,0,0,2,{  },{  },{  },0,0,0,0,0,0,0,0,0,0,0,0
arith/cvc5_bapa/fol_0000042.smt2,sat,0.009,0,0,8,12,0,0,0,0,3,3,2,0,1,2,0,{  },0,0,0,0,0,0,0,0,0,0,2,1,9,1,0,0,1,9,12,{  },{  },{  },,9,0,0,0,0,0,0,0,0,0,0,0,0,0,0,0,0,0,0,0,0,0,0,0,0,0,0,0,0,0,0,0,0,0,0,0,0,0,0,0,0,0,0,0,0,0,0,0,0,0,23,9,1391,1391,"{ ARITH_BLACK_BOX: 1, ARITH_LIA_STAR_NONNEGATIVE: 1, ARITH_LIA_STAR_SPLIT: 1, ARITH_SPLIT_DEQ: 1 }","{ ArithPivotStep: 1, BvSatStep: 1, CnfStep: 28, DecisionStep: 7, LemmaStep: 3, PreprocessStep: 19, RewriteStep: 1282, SatConflictStep: 9, TheoryCheckStep: 35, TheoryFullCheckStep: 2 }",28,0,5,0,0,27,0,1,0,0,8,16,17,0,0,0,0,0,0,0,0,0,0,0,0,0,0,0,6,0,0,0,0,0,0,0,0,0,0,0,0,0,0,0,0,0,0,0,0,0,0,0,0,0,8,0,0,0,0,0,0,0,16,4,0,0,1,1,5,0,1,1,2,5,0,0,0,0,0,0,0,0,0,0,0,0,0,0,0,{ ARITH_BLACK_BOX: 1 },{  },"{ ARITH_LIA_STAR_NONNEGATIVE: 1, ARITH_LIA_STAR_SPLIT: 1, ARITH_SPLIT_DEQ: 1 }",9,0,0,3,0,2,0,0,0,0,0,0,0,0,0,0,0,0,0,0,0,1,1,0,0,0,0,0,0,0,0,0,2,0,0,0,0,0,0,0,0,0,1,{  },{  },{  },0,0,0,0,0,0,0,0,0,4,0,0,0,0,0.0,1,0,9,0,0,0,0,7,0,0,0,0,0,0,0,0,0,0,0,0,0,0,0,0,0,0,0,0,0,0,0,0,0,0,0,0,0,0,0,0,0,0,0,0,0,0,0,0,0,0,0,0,0,0,0,0,0,0,nan,nan,nan,0,0,0,0,0,2,{  },{  },{  },0,0,0,0,0,0,0,2,0,0,0,0,0,0,0,0,0,0,0,0,0,0,2,0,0,0,0,0,0,0,0,0,0,0,0,2,{  },{  },{  },0,0,0,{  },0,0,0,0,0,{  },{  },{  },0,0,0,0,0,0,0,0,{  },{  },{  },0,0,10,0,0,0,0,2,0,0,2,0,0,0,0,0,0,0,2,{  },{  },{  },0,0,0,0,0,0,0,0,0,0,0,2,{  },{  },{  },0,0,0,0,0,0,0,0,0,0,0,2,{  },{  },{  },0,0,0,0,0,0,0,0,0,0,0,0,0,0,0,0,0,0,2,{  },{  },{  },0,0,0,0,0,0,1,9,12,0,0,0,{  },{  },{  },0,0,0,0,0,0,0,0,0,0,0,2,{  },{  },{  },0,0,0,0,0,0,0,0,0,0,0,2,{  },{  },{  },0,0,0,0,0,0,{  },1,0,0,0,0,0,0,0,0,0,2,{  },{  },{  },0,0,0,{  },{  },{  },{  },1,0,0,0,0,0,0,0,0,2,{  },{  },{  },0,0,0,0,0,0,0,0,0,0,0,0
arith/cvc5_bapa/fol_0000043.smt2,sat,0.051,0,0,30,39,0,0,0,0,22,5,3,4,3,64,0,{  },0,0,0,0,0,0,0,0,0,0,3,1,66,1,0,0,5,50,55,{  },{  },{  },,51,0,0,0,0,0,0,0,0,0,0,0,0,0,0,0,0,0,0,0,0,0,0,0,0,0,0,0,0,0,0,0,0,0,0,0,0,0,0,0,0,0,0,0,0,0,0,0,0,0,97,10,4793,4793,"{ ARITH_BLACK_BOX: 1, ARITH_CONF_SIMPLEX: 9, ARITH_LIA_STAR_EXISTS: 1, ARITH_LIA_STAR_NONNEGATIVE: 1, ARITH_LIA_STAR_SPLIT: 1, ARITH_ROW_IMPL: 2, ARITH_SPLIT_DEQ: 8 }","{ ArithPivotStep: 16, BvSatStep: 1, CnfStep: 51, DecisionStep: 39, LemmaStep: 13, PreprocessStep: 20, RewriteStep: 4475, SatConflictStep: 41, TheoryCheckStep: 111, TheoryFullCheckStep: 3 }",250,1,36,4,4,167,0,1,4,0,63,123,129,0,0,0,0,0,0,0,0,0,0,0,0,0,0,0,14,0,0,0,0,0,0,0,0,0,0,0,0,0,0,0,0,0,0,0,0,0,0,0,0,0,32,0,0,0,0,0,0,0,101,31,41,0,10,1,39,0,1,5,5,6,0,0,0,0,0,0,0,0,0,0,9,0,0,0,0,"{ ARITH_BLACK_BOX: 1, ARITH_CONF_SIMPLEX: 9 }",{  },"{ ARITH_LIA_STAR_EXISTS: 1, ARITH_LIA_STAR_NONNEGATIVE: 1, ARITH_LIA_STAR_SPLIT: 1, ARITH_ROW_IMPL: 2, ARITH_SPLIT_DEQ: 8 }",9,0,0,13,40,3,0,10,30,6,12,30,1,10,10,7,0,0,2,11,5,2,0,0,1,10,10,6,0,0,0,0,3,1,58,46,30,0,12,31,0,0,16,{  },{  },{  },0,0,0,0,0,0,0,0,0,34,0,0,0,0,0.0,8,0,66,0,0,0,0,36,9,4,0,4,0,0,0,0,0,0,0,0,0,0,0,0,0,0,0,0,0,0,0,0,0,0,0,0,0,0,0,0,0,0,0,0,0,0,0,0,0,0,0,0,0,0,0,0,0,0,nan,nan,nan,0,0,0,0,0,2,{  },{  },{  },0,0,0,0,0,0,0,2,0,0,0,0,0,0,0,0,0,0,0,0,0,0,2,0,0,0,0,0,0,0,0,0,0,0,0,2,{  },{  },{  },0,0,0,{  },0,0,0,0,0,{  },{  },{  },0,0,0,0,0,0,0,0,{  },{  },{  },0,0,82,0,0,0,0,3,0,0,2,0,0,0,0,0,0,0,2,{  },{  },{  },0,0,0,0,0,0,0,0,0,0,0,2,{  },{  },{  },0,0,0,0,0,0,0,0,0,0,0,2,{  },{  },{  },0,0,0,0,0,0,0,0,0,0,0,0,0,0,0,0,0,0,2,{  },{  },{  },0,0,0,0,0,0,5,50,55,0,0,0,{  },{  },{  },0,0,0,0,0,0,0,0,0,0,0,2,{  },{  },{  },0,0,0,0,0,0,0,0,0,0,0,2,{  },{  },{  },0,0,0,0,0,0,{  },1,0,0,0,0,0,0,0,0,0,2,{  },{  },{  },0,0,0,{  },{  },{  },{  },1,0,0,0,0,0,0,0,0,2,{  },{  },{  },0,0,0,0,0,0,0,0,0,0,0,0
arith/cvc5_bapa/fol_0000044.smt2,sat,0.032,0,0,20,26,0,0,0,0,11,3,3,2,2,21,0,{  },0,0,0,0,0,0,0,0,0,0,3,1,30,1,0,0,2,27,35,{  },{  },{  },,32,0,0,0,0,0,0,0,0,0,0,0,0,0,0,0,0,0,0,0,0,0,0,0,0,0,0,0,0,0,0,0,0,0,0,0,0,0,0,0,0,0,0,0,0,0,0,0,0,0,62,12,2984,2984,"{ ARITH_CONF_SIMPLEX: 4, ARITH_LIA_STAR_EXISTS: 1, ARITH_LIA_STAR_NONNEGATIVE: 1, ARITH_LIA_STAR_SPLIT: 1, ARITH_ROW_IMPL: 1, ARITH_SPLIT_DEQ: 4 }","{ ArithPivotStep: 11, BvSatStep: 1, CnfStep: 38, DecisionStep: 17, LemmaStep: 8, PreprocessStep: 22, RewriteStep: 2782, SatConflictStep: 19, TheoryCheckStep: 71, TheoryFullCheckStep: 3 }",139,1,14,0,1,92,0,1,1,0,38,63,81,0,0,0,0,0,0,0,0,0,0,0,0,0,0,0,11,0,0,0,0,0,0,0,0,0,0,0,0,0,0,0,0,0,0,0,0,0,0,0,0,0,20,0,0,0,0,0,0,0,57,13,20,0,4,0,22,0,0,4,2,5,0,0,0,0,0,0,0,0,0,0,4,0,0,0,0,{ ARITH_CONF_SIMPLEX: 4 },{  },"{ ARITH_LIA_STAR_EXISTS: 1, ARITH_LIA_STAR_NONNEGATIVE: 1, ARITH_LIA_STAR_SPLIT: 1, ARITH_ROW_IMPL: 1, ARITH_SPLIT_DEQ: 4 }",9,0,0,8,20,3,0,5,15,5,3,15,1,5,5,3,0,0,2,6,3,2,0,0,1,5,5,2,0,0,0,0,3,1,25,22,15,0,3,15,0,0,10,{  },{  },{  },0,0,0,0,0,0,0,0,0,16,0,0,0,0,0.0,4,0,30,0,0,0,0,21,4,1,0,1,0,0,0,0,0,0,0,0,0,0,0,0,0,0,0,0,0,0,0,0,0,0,0,0,0,0,0,0,0,0,0,0,0,0,0,0,0,0,0,0,0,0,0,0,0,0,nan,nan,nan,0,0,0,0,0,2,{  },{  },{  },0,0,0,0,0,0,0,2,0,0,0,0,0,0,0,0,0,0,0,0,0,0,2,0,0,0,0,0,0,0,0,0,0,0,0,2,{  },{  },{  },0,0,0,{  },0,0,0,0,0,{  },{  },{  },0,0,0,0,0,0,0,0,{  },{  },{  },0,0,40,0,0,0,0,3,0,0,2,0,0,0,0,0,0,0,2,{  },{  },{  },0,0,0,0,0,0,0,0,0,0,0,2,{  },{  },{  },0,0,0,0,0,0,0,0,0,0,0,2,{  },{  },{  },0,0,0,0,0,0,0,0,0,0,0,0,0,0,0,0,0,0,2,{  },{  },{  },0,0,0,0,0,0,2,27,35,0,0,0,{  },{  },{  },0,0,0,0,0,0,0,0,0,0,0,2,{  },{  },{  },0,0,0,0,0,0,0,0,0,0,0,2,{  },{  },{  },0,0,0,0,0,0,{  },1,0,0,0,0,0,0,0,0,0,2,{  },{  },{  },0,0,0,{  },{  },{  },{  },1,0,0,0,0,0,0,0,0,2,{  },{  },{  },0,0,0,0,0,0,0,0,0,0,0,0
arith/cvc5_bapa/fol_0000046.smt2,sat,0.053,0,0,33,42,0,0,0,0,25,5,3,4,9,69,0,{  },0,0,0,0,0,0,0,0,0,0,3,1,95,1,0,0,10,72,87,{  },{  },{  },,52,0,0,0,0,0,0,0,0,0,0,0,0,0,0,0,0,0,0,0,0,0,0,0,0,0,0,0,0,0,0,0,0,0,0,0,0,0,0,0,0,0,0,0,0,0,0,0,0,0,105,14,5326,5326,"{ ARITH_CONF_SIMPLEX: 10, ARITH_LIA_STAR_EXISTS: 1, ARITH_LIA_STAR_NONNEGATIVE: 1, ARITH_LIA_STAR_SPLIT: 1, ARITH_ROW_IMPL: 3, ARITH_SPLIT_DEQ: 10 }","{ ArithPivotStep: 29, BvSatStep: 1, CnfStep: 58, DecisionStep: 57, LemmaStep: 16, PreprocessStep: 23, RewriteStep: 4912, SatConflictStep: 59, TheoryCheckStep: 142, TheoryFullCheckStep: 3 }",258,2,54,4,5,236,0,1,5,0,63,175,129,0,0,0,0,0,0,0,0,0,0,0,0,0,0,0,17,0,0,0,0,0,0,0,0,0,0,0,0,0,0,0,0,0,0,0,0,0,0,0,0,0,33,0,0,0,0,0,0,0,143,66,42,0,10,0,56,0,0,12,5,7,0,0,0,0,0,0,0,0,0,0,10,0,0,0,0,{ ARITH_CONF_SIMPLEX: 10 },{  },"{ ARITH_LIA_STAR_EXISTS: 1, ARITH_LIA_STAR_NONNEGATIVE: 1, ARITH_LIA_STAR_SPLIT: 1, ARITH_ROW_IMPL: 3, ARITH_SPLIT_DEQ: 10 }",21,0,0,16,40,3,0,10,31,6,12,31,1,10,10,7,0,0,2,11,5,2,0,0,1,10,10,6,0,0,0,0,3,1,58,46,31,0,12,31,0,0,26,{  },{  },{  },0,0,0,0,0,0,0,0,0,53,0,0,0,0,0.0,10,0,95,0,0,0,0,49,10,5,0,6,0,0,0,0,0,0,0,0,0,0,0,0,0,0,0,0,0,0,0,0,0,0,0,0,0,0,0,0,0,0,0,0,0,0,0,0,0,0,0,0,0,0,0,0,0,0,nan,nan,nan,0,0,0,0,0,2,{  },{  },{  },0,0,0,0,0,0,0,2,0,0,0,0,0,0,0,0,0,0,0,0,0,0,2,0,0,0,0,0,0,0,0,0,0,0,0,2,{  },{  },{  },0,0,0,{  },0,0,0,0,0,{  },{  },{  },0,0,0,0,0,0,0,0,{  },{  },{  },0,0,117,0,0,0,0,3,0,0,2,0,0,0,0,0,0,0,2,{  },{  },{  },0,0,0,0,0,0,0,0,0,0,0,2,{  },{  },{  },0,0,0,0,0,0,0,0,0,0,0,2,{  },{  },{  },0,0,0,0,0,0,0,0,0,0,0,0,0,0,0,0,0,0,2,{  },{  },{  },0,0,0,0,0,0,10,72,87,0,0,0,{  },{  },{  },0,0,0,0,0,0,0,0,0,0,0,2,{  },{  },{  },0,0,0,0,0,0,0,0,0,0,0,2,{  },{  },{  },0,0,0,0,0,0,{  },1,0,0,0,0,0,0,0,0,0,2,{  },{  },{  },0,0,0,{  },{  },{  },{  },1,0,0,0,0,0,0,0,0,2,{  },{  },{  },0,0,0,0,0,0,0,0,0,0,0,0
arith/cvc5_bapa/fol_0000048.smt2,sat,0.056,0,0,34,43,0,0,0,0,28,5,3,4,11,65,0,{  },0,0,0,0,0,0,0,0,0,0,5,1,105,1,0,0,10,76,93,{  },{  },{  },,55,0,0,0,0,0,0,0,0,0,0,0,0,0,0,0,0,0,0,0,0,0,0,0,0,0,0,0,0,0,0,0,0,0,0,0,0,0,0,0,0,0,0,0,0,0,0,0,0,0,115,17,5716,5716,"{ ARITH_BB_LEMMA: 1, ARITH_CONF_SIMPLEX: 10, ARITH_DIO_CUT: 1, ARITH_LIA_STAR_EXISTS: 1, ARITH_LIA_STAR_NONNEGATIVE: 1, ARITH_LIA_STAR_SPLIT: 1, ARITH_ROW_IMPL: 2, ARITH_SPLIT_DEQ: 12 }","{ ArithPivotStep: 32, BvSatStep: 1, CnfStep: 67, DecisionStep: 63, LemmaStep: 18, PreprocessStep: 26, RewriteStep: 5234, SatConflictStep: 65, TheoryCheckStep: 176, TheoryFullCheckStep: 5 }",263,3,58,4,6,263,0,1,6,0,64,186,132,0,0,0,0,0,0,0,0,0,0,0,0,0,0,0,20,0,0,0,0,0,0,0,0,0,0,0,0,0,0,0,0,0,0,0,0,0,0,0,0,0,34,0,0,0,0,0,0,0,155,75,42,0,10,0,60,0,0,15,5,8,0,2,0,0,1,0,1,0,0,1,10,0,0,1,0,{ ARITH_CONF_SIMPLEX: 10 },{  },"{ ARITH_BB_LEMMA: 1, ARITH_DIO_CUT: 1, ARITH_LIA_STAR_EXISTS: 1, ARITH_LIA_STAR_NONNEGATIVE: 1, ARITH_LIA_STAR_SPLIT: 1, ARITH_ROW_IMPL: 2, ARITH_SPLIT_DEQ: 12 }",29,0,0,19,39,3,0,10,30,6,12,30,1,10,10,7,0,0,2,11,5,2,0,0,1,10,10,5,0,0,0,0,3,1,58,46,30,0,12,30,0,0,27,{  },{  },{  },0,0,0,0,0,0,0,1,0,66,0,0,0,0,0.0,10,0,105,0,0,0,0,51,10,5,0,6,0,0,0,0,0,0,0,0,0,0,0,0,0,0,0,0,0,0,0,0,0,0,0,0,0,0,0,0,0,0,0,0,0,0,0,0,0,0,0,0,0,0,0,0,0,0,nan,nan,nan,0,0,0,0,0,2,{  },{  },{  },0,0,0,0,0,0,0,2,0,0,0,0,0,0,0,0,0,0,0,0,0,0,2,0,0,0,0,0,0,0,0,0,0,0,0,2,{  },{  },{  },0,0,0,{  },0,0,0,0,0,{  },{  },{  },0,0,0,0,0,0,0,0,{  },{  },{  },0,0,124,0,0,0,0,5,0,0,2,0,0,0,0,0,0,0,2,{  },{  },{  },0,0,0,0,0,0,0,0,0,0,0,2,{  },{  },{  },0,0,0,0,0,0,0,0,0,0,0,2,{  },{  },{  },0,0,0,0,0,0,0,0,0,0,0,0,0,0,0,0,0,0,2,{  },{  },{  },0,0,0,0,0,0,10,76,93,0,0,0,{  },{  },{  },0,0,0,0,0,0,0,0,0,0,0,2,{  },{  },{  },0,0,0,0,0,0,0,0,0,0,0,2,{  },{  },{  },0,0,0,0,0,0,{  },1,0,0,0,0,0,0,0,0,0,2,{  },{  },{  },0,0,0,{  },{  },{  },{  },1,0,0,0,0,0,0,0,0,2,{  },{  },{  },0,0,0,0,0,0,0,0,0,0,0,0
arith/cvc5_bapa/fol_0000049.smt2,sat,0.058,0,0,35,44,0,0,0,0,30,5,3,4,14,64,0,{  },0,0,0,0,0,0,0,0,0,0,8,1,105,1,0,0,10,73,89,{  },{  },{  },,58,0,0,0,0,0,0,0,0,0,0,0,0,0,0,0,0,0,0,0,0,0,0,0,0,0,0,0,0,0,0,0,0,0,0,0,0,0,0,0,0,0,0,0,0,0,0,0,0,0,119,20,5961,5961,"{ ARITH_BB_LEMMA: 1, ARITH_CONF_SIMPLEX: 10, ARITH_DIO_CUT: 4, ARITH_LIA_STAR_EXISTS: 1, ARITH_LIA_STAR_NONNEGATIVE: 1, ARITH_LIA_STAR_SPLIT: 1, ARITH_ROW_IMPL: 2, ARITH_SPLIT_DEQ: 11 }","{ ArithPivotStep: 46, BvSatStep: 1, CnfStep: 70, DecisionStep: 67, LemmaStep: 17, PreprocessStep: 29, RewriteStep: 5411, SatConflictStep: 69, TheoryCheckStep: 212, TheoryFullCheckStep: 8 }",259,2,59,4,5,252,0,1,5,0,64,177,132,0,0,0,0,0,0,0,0,0,0,0,0,0,0,0,24,0,0,0,0,0,0,0,0,0,0,0,0,0,0,0,0,0,0,0,0,0,0,0,0,0,35,0,0,0,0,0,0,0,154,67,45,0,10,0,57,0,0,12,5,9,0,5,0,0,4,1,4,0,0,1,10,1,0,1,0,{ ARITH_CONF_SIMPLEX: 10 },{  },"{ ARITH_BB_LEMMA: 1, ARITH_DIO_CUT: 4, ARITH_LIA_STAR_EXISTS: 1, ARITH_LIA_STAR_NONNEGATIVE: 1, ARITH_LIA_STAR_SPLIT: 1, ARITH_ROW_IMPL: 2, ARITH_SPLIT_DEQ: 11 }",37,0,0,21,39,3,0,10,30,6,12,30,1,10,10,7,0,0,2,11,5,2,0,0,1,10,10,5,0,0,0,0,3,1,58,46,30,0,12,30,0,1,36,{  },{  },{  },0,0,0,0,0,0,0,1,0,59,0,0,0,0,0.0,10,0,105,0,0,0,0,59,10,5,0,7,0,0,0,0,0,0,0,0,0,0,0,0,0,0,0,0,0,0,0,0,0,0,0,0,0,0,0,0,0,0,0,0,0,0,0,0,0,0,0,0,0,0,0,0,1,0,nan,nan,nan,0,0,0,0,0,2,{  },{  },{  },0,0,0,0,0,0,0,2,0,0,0,0,0,0,0,0,0,0,0,0,0,0,2,0,0,0,0,0,0,0,0,0,0,0,0,2,{  },{  },{  },0,0,0,{  },0,0,0,0,0,{  },{  },{  },0,0,0,0,0,0,0,0,{  },{  },{  },0,0,118,0,0,0,0,8,0,0,2,0,0,0,0,0,0,0,2,{  },{  },{  },0,0,0,0,0,0,0,0,0,0,0,2,{  },{  },{  },0,0,0,0,0,0,0,0,0,0,0,2,{  },{  },{  },0,0,0,0,0,0,0,0,0,0,0,0,0,0,0,0,0,0,2,{  },{  },{  },0,0,0,0,0,0,10,73,89,0,0,0,{  },{  },{  },0,0,0,0,0,0,0,0,0,0,0,2,{  },{  },{  },0,0,0,0,0,0,0,0,0,0,0,2,{  },{  },{  },0,0,0,0,0,0,{  },1,0,0,0,0,0,0,0,0,0,2,{  },{  },{  },0,0,0,{  },{  },{  },{  },1,0,0,0,0,0,0,0,0,2,{  },{  },{  },0,0,0,0,0,0,0,0,0,0,0,0
arith/cvc5_bapa/fol_0000050.smt2,sat,0.013,0,0,14,18,0,0,0,0,6,6,2,0,1,5,0,{  },0,0,0,0,0,0,0,0,0,0,2,1,13,1,0,0,2,14,19,{  },{  },{  },,13,0,0,0,0,0,0,0,0,0,0,0,0,0,0,0,0,0,0,0,0,0,0,0,0,0,0,0,0,0,0,0,0,0,0,0,0,0,0,0,0,0,0,0,0,0,0,0,0,0,41,17,2490,2490,"{ ARITH_CONF_SIMPLEX: 1, ARITH_LIA_STAR_NONNEGATIVE: 1, ARITH_LIA_STAR_SPLIT: 1, ARITH_ROW_IMPL: 3, ARITH_SPLIT_DEQ: 1 }","{ ArithPivotStep: 10, BvSatStep: 1, CnfStep: 44, DecisionStep: 8, LemmaStep: 5, PreprocessStep: 26, RewriteStep: 2338, SatConflictStep: 10, TheoryCheckStep: 39, TheoryFullCheckStep: 2 }",53,0,6,0,0,43,0,1,0,0,15,25,30,0,0,0,0,0,0,0,0,0,0,0,0,0,0,0,16,0,0,0,0,0,0,0,0,0,0,0,0,0,0,0,0,0,0,0,0,0,0,0,0,0,14,0,0,0,0,0,0,0,31,5,0,0,1,0,7,0,0,2,4,11,0,0,0,0,0,0,0,0,0,0,1,0,0,0,0,{ ARITH_CONF_SIMPLEX: 1 },{  },"{ ARITH_LIA_STAR_NONNEGATIVE: 1, ARITH_LIA_STAR_SPLIT: 1, ARITH_ROW_IMPL: 3, ARITH_SPLIT_DEQ: 1 }",29,0,0,6,0,2,0,0,0,0,0,0,0,0,0,0,0,0,0,0,0,1,1,0,0,0,0,0,0,0,0,0,2,0,0,0,0,0,0,0,0,0,7,{  },{  },{  },0,0,0,0,0,0,0,0,0,5,0,0,0,0,0.0,1,0,13,0,0,0,0,13,1,1,0,1,0,0,0,0,0,0,0,0,0,0,0,0,0,0,0,0,0,0,0,0,0,0,0,0,0,0,0,0,0,0,0,0,0,0,0,0,0,0,0,0,0,0,0,0,0,0,nan,nan,nan,0,0,0,0,0,2,{  },{  },{  },0,0,0,0,0,0,0,2,0,0,0,0,0,0,0,0,0,0,0,0,0,0,2,0,0,0,0,0,0,0,0,0,0,0,0,2,{  },{  },{  },0,0,0,{  },0,0,0,0,0,{  },{  },{  },0,0,0,0,0,0,0,0,{  },{  },{  },0,0,15,0,0,0,0,2,0,0,2,0,0,0,0,0,0,0,2,{  },{  },{  },0,0,0,0,0,0,0,0,0,0,0,2,{  },{  },{  },0,0,0,0,0,0,0,0,0,0,0,2,{  },{  },{  },0,0,0,0,0,0,0,0,0,0,0,0,0,0,0,0,0,0,2,{  },{  },{  },0,0,0,0,0,0,2,14,19,0,0,0,{  },{  },{  },0,0,0,0,0,0,0,0,0,0,0,2,{  },{  },{  },0,0,0,0,0,0,0,0,0,0,0,2,{  },{  },{  },0,0,0,0,0,0,{  },1,0,0,0,0,0,0,0,0,0,2,{  },{  },{  },0,0,0,{  },{  },{  },{  },1,0,0,0,0,0,0,0,0,2,{  },{  },{  },0,0,0,0,0,0,0,0,0,0,0,0
arith/cvc5_bapa/fol_0000051.smt2,sat,0.052,0,0,34,43,0,0,0,0,28,5,3,4,9,67,0,{  },0,0,0,0,0,0,0,0,0,0,3,1,104,1,0,0,11,77,92,{  },{  },{  },,51,0,0,0,0,0,0,0,0,0,0,0,0,0,0,0,0,0,0,0,0,0,0,0,0,0,0,0,0,0,0,0,0,0,0,0,0,0,0,0,0,0,0,0,0,0,0,0,0,0,109,17,5591,5591,"{ ARITH_CONF_SIMPLEX: 13, ARITH_LIA_STAR_EXISTS: 1, ARITH_LIA_STAR_NONNEGATIVE: 1, ARITH_LIA_STAR_SPLIT: 1, ARITH_ROW_IMPL: 2, ARITH_SPLIT_DEQ: 11 }","{ ArithPivotStep: 31, BvSatStep: 1, CnfStep: 66, DecisionStep: 60, LemmaStep: 17, PreprocessStep: 26, RewriteStep: 5145, SatConflictStep: 62, TheoryCheckStep: 151, TheoryFullCheckStep: 3 }",264,3,57,4,6,261,0,1,6,0,63,187,129,0,0,0,0,0,0,0,0,0,0,0,0,0,0,0,19,0,0,0,0,0,0,0,0,0,0,0,0,0,0,0,0,0,0,0,0,0,0,0,0,0,34,0,0,0,0,0,0,0,156,73,41,0,13,0,60,0,0,17,5,8,0,0,0,0,0,0,0,0,0,0,13,0,0,0,0,{ ARITH_CONF_SIMPLEX: 13 },{  },"{ ARITH_LIA_STAR_EXISTS: 1, ARITH_LIA_STAR_NONNEGATIVE: 1, ARITH_LIA_STAR_SPLIT: 1, ARITH_ROW_IMPL: 2, ARITH_SPLIT_DEQ: 11 }",29,0,0,16,39,3,0,10,30,6,12,30,1,10,10,7,0,0,2,11,5,2,0,0,1,10,10,5,0,0,0,0,3,1,58,46,30,0,12,30,0,0,28,{  },{  },{  },0,0,0,0,0,0,0,0,0,63,0,0,0,0,0.0,10,0,104,0,0,0,0,50,13,8,0,10,0,0,0,0,0,0,0,0,0,0,0,0,0,0,0,0,0,0,0,0,0,0,0,0,0,0,0,0,0,0,0,0,0,0,0,0,0,0,0,0,0,0,0,0,0,0,nan,nan,nan,0,0,0,0,0,2,{  },{  },{  },0,0,0,0,0,0,0,2,0,0,0,0,0,0,0,0,0,0,0,0,0,0,2,0,0,0,0,0,0,0,0,0,0,0,0,2,{  },{  },{  },0,0,0,{  },0,0,0,0,0,{  },{  },{  },0,0,0,0,0,0,0,0,{  },{  },{  },0,0,125,0,0,0,0,3,0,0,2,0,0,0,0,0,0,0,2,{  },{  },{  },0,0,0,0,0,0,0,0,0,0,0,2,{  },{  },{  },0,0,0,0,0,0,0,0,0,0,0,2,{  },{  },{  },0,0,0,0,0,0,0,0,0,0,0,0,0,0,0,0,0,0,2,{  },{  },{  },0,0,0,0,0,0,11,77,92,0,0,0,{  },{  },{  },0,0,0,0,0,0,0,0,0,0,0,2,{  },{  },{  },0,0,0,0,0,0,0,0,0,0,0,2,{  },{  },{  },0,0,0,0,0,0,{  },1,0,0,0,0,0,0,0,0,0,2,{  },{  },{  },0,0,0,{  },{  },{  },{  },1,0,0,0,0,0,0,0,0,2,{  },{  },{  },0,0,0,0,0,0,0,0,0,0,0,0
arith/cvc5_bapa/fol_0000052.smt2,sat,0.061,0,0,34,45,0,0,0,0,29,5,3,4,11,71,0,{  },0,0,0,0,0,0,0,0,0,0,5,1,105,1,0,0,10,76,93,{  },{  },{  },,60,0,0,0,0,0,0,0,0,0,0,0,0,0,0,0,0,0,0,0,0,0,0,0,0,0,0,0,0,0,0,0,0,0,0,0,0,0,0,0,0,0,0,0,0,0,0,0,0,0,115,17,5770,5770,"{ ARITH_BB_LEMMA: 1, ARITH_CONF_SIMPLEX: 10, ARITH_DIO_CUT: 1, ARITH_LIA_STAR_EXISTS: 1, ARITH_LIA_STAR_NONNEGATIVE: 1, ARITH_LIA_STAR_SPLIT: 1, ARITH_ROW_IMPL: 3, ARITH_SPLIT_DEQ: 12 }","{ ArithPivotStep: 36, BvSatStep: 1, CnfStep: 67, DecisionStep: 63, LemmaStep: 18, PreprocessStep: 26, RewriteStep: 5283, SatConflictStep: 65, TheoryCheckStep: 176, TheoryFullCheckStep: 5 }",267,3,58,4,6,263,0,1,6,0,64,186,132,0,0,0,0,0,0,0,0,0,0,0,0,0,0,0,20,0,0,0,0,0,0,0,0,0,0,0,0,0,0,0,0,0,0,0,0,0,0,0,0,0,34,0,0,0,0,0,0,0,155,75,46,0,10,0,60,0,0,15,5,8,0,2,0,0,1,0,1,0,0,1,10,0,0,1,0,{ ARITH_CONF_SIMPLEX: 10 },{  },"{ ARITH_BB_LEMMA: 1, ARITH_DIO_CUT: 1, ARITH_LIA_STAR_EXISTS: 1, ARITH_LIA_STAR_NONNEGATIVE: 1, ARITH_LIA_STAR_SPLIT: 1, ARITH_ROW_IMPL: 3, ARITH_SPLIT_DEQ: 12 }",29,0,0,20,44,3,0,10,34,6,12,34,1,10,10,7,0,0,2,11,5,2,0,0,1,10,10,5,0,0,0,0,3,1,58,46,34,0,12,34,0,0,30,{  },{  },{  },0,0,0,0,0,0,0,1,0,65,0,0,0,0,0.0,10,0,105,0,0,0,0,54,10,5,0,6,0,0,0,0,0,0,0,0,0,0,0,0,0,0,0,0,0,0,0,0,0,0,0,0,0,0,0,0,0,0,0,0,0,0,0,0,0,0,0,0,0,0,0,0,0,0,nan,nan,nan,0,0,0,0,0,2,{  },{  },{  },0,0,0,0,0,0,0,2,0,0,0,0,0,0,0,0,0,0,0,0,0,0,2,0,0,0,0,0,0,0,0,0,0,0,0,2,{  },{  },{  },0,0,0,{  },0,0,0,0,0,{  },{  },{  },0,0,0,0,0,0,0,0,{  },{  },{  },0,0,124,0,0,0,0,5,0,0,2,0,0,0,0,0,0,0,2,{  },{  },{  },0,0,0,0,0,0,0,0,0,0,0,2,{  },{  },{  },0,0,0,0,0,0,0,0,0,0,0,2,{  },{  },{  },0,0,0,0,0,0,0,0,0,0,0,0,0,0,0,0,0,0,2,{  },{  },{  },0,0,0,0,0,0,10,76,93,0,0,0,{  },{  },{  },0,0,0,0,0,0,0,0,0,0,0,2,{  },{  },{  },0,0,0,0,0,0,0,0,0,0,0,2,{  },{  },{  },0,0,0,0,0,0,{  },1,0,0,0,0,0,0,0,0,0,2,{  },{  },{  },0,0,0,{  },{  },{  },{  },1,0,0,0,0,0,0,0,0,2,{  },{  },{  },0,0,0,0,0,0,0,0,0,0,0,0
arith/cvc5_bapa/fol_0000053.smt2,sat,0.057,0,0,34,43,0,0,0,0,27,5,3,4,8,76,0,{  },0,0,0,0,0,0,0,0,0,0,3,1,93,1,0,0,11,74,92,{  },{  },{  },,57,0,0,0,0,0,0,0,0,0,0,0,0,0,0,0,0,0,0,0,0,0,0,0,0,0,0,0,0,0,0,0,0,0,0,0,0,0,0,0,0,0,0,0,0,0,0,0,0,0,110,17,5585,5585,"{ ARITH_CONF_SIMPLEX: 11, ARITH_LIA_STAR_EXISTS: 1, ARITH_LIA_STAR_NONNEGATIVE: 1, ARITH_LIA_STAR_SPLIT: 1, ARITH_ROW_IMPL: 3, ARITH_SPLIT_DEQ: 11 }","{ ArithPivotStep: 46, BvSatStep: 1, CnfStep: 65, DecisionStep: 57, LemmaStep: 17, PreprocessStep: 26, RewriteStep: 5143, SatConflictStep: 59, TheoryCheckStep: 140, TheoryFullCheckStep: 3 }",270,3,54,22,9,249,0,1,7,0,63,179,129,0,0,0,0,0,0,0,0,0,0,0,0,0,0,0,19,0,0,0,0,0,0,0,0,0,0,0,0,0,0,0,0,0,0,0,0,0,0,0,0,0,34,0,0,0,0,0,0,0,151,72,46,0,11,0,57,0,0,16,5,7,0,0,0,0,0,0,0,0,0,0,11,1,0,0,0,{ ARITH_CONF_SIMPLEX: 11 },{  },"{ ARITH_LIA_STAR_EXISTS: 1, ARITH_LIA_STAR_NONNEGATIVE: 1, ARITH_LIA_STAR_SPLIT: 1, ARITH_ROW_IMPL: 3, ARITH_SPLIT_DEQ: 11 }",29,0,0,17,44,3,0,10,34,6,12,34,1,10,10,7,0,0,2,11,5,2,0,0,1,10,10,5,0,0,0,0,3,1,58,46,34,0,12,34,0,1,42,{  },{  },{  },0,0,0,0,0,0,0,0,0,56,0,0,0,0,0.0,10,0,93,0,0,0,0,63,11,6,0,7,0,0,0,0,0,0,0,0,0,0,0,0,0,0,0,0,0,0,0,0,0,0,0,0,0,0,0,0,0,0,0,0,0,0,0,0,0,0,0,0,0,0,0,0,1,0,nan,nan,nan,0,0,0,0,0,2,{  },{  },{  },0,0,0,0,0,0,0,2,0,0,0,0,0,0,0,0,0,0,0,0,0,0,2,0,0,0,0,0,0,0,0,0,0,0,0,2,{  },{  },{  },0,0,0,{  },0,0,0,0,0,{  },{  },{  },0,0,0,0,0,0,0,0,{  },{  },{  },0,0,120,0,0,0,0,3,0,0,2,0,0,0,0,0,0,0,2,{  },{  },{  },0,0,0,0,0,0,0,0,0,0,0,2,{  },{  },{  },0,0,0,0,0,0,0,0,0,0,0,2,{  },{  },{  },0,0,0,0,0,0,0,0,0,0,0,0,0,0,0,0,0,0,2,{  },{  },{  },0,0,0,0,0,0,11,74,92,0,0,0,{  },{  },{  },0,0,0,0,0,0,0,0,0,0,0,2,{  },{  },{  },0,0,0,0,0,0,0,0,0,0,0,2,{  },{  },{  },0,0,0,0,0,0,{  },1,0,0,0,0,0,0,0,0,0,2,{  },{  },{  },0,0,0,{  },{  },{  },{  },1,0,0,0,0,0,0,0,0,2,{  },{  },{  },0,0,0,0,0,0,0,0,0,0,0,0
arith/cvc5_bapa/fol_0000054.smt2,sat,0.057,0,0,34,43,0,0,0,0,27,5,3,4,9,69,0,{  },0,0,0,0,0,0,0,0,0,0,4,1,95,1,0,0,11,75,94,{  },{  },{  },,57,0,0,0,0,0,0,0,0,0,0,0,0,0,0,0,0,0,0,0,0,0,0,0,0,0,0,0,0,0,0,0,0,0,0,0,0,0,0,0,0,0,0,0,0,0,0,0,0,0,113,17,5611,5611,"{ ARITH_BB_LEMMA: 1, ARITH_CONF_SIMPLEX: 10, ARITH_LIA_STAR_EXISTS: 1, ARITH_LIA_STAR_NONNEGATIVE: 1, ARITH_LIA_STAR_SPLIT: 1, ARITH_ROW_IMPL: 3, ARITH_SPLIT_DEQ: 11 }","{ ArithPivotStep: 45, BvSatStep: 1, CnfStep: 64, DecisionStep: 59, LemmaStep: 18, PreprocessStep: 26, RewriteStep: 5151, SatConflictStep: 61, TheoryCheckStep: 154, TheoryFullCheckStep: 4 }",269,3,55,24,9,251,0,1,7,0,64,181,132,0,0,0,0,0,0,0,0,0,0,0,0,0,0,0,19,0,0,0,0,0,0,0,0,0,0,0,0,0,0,0,0,0,0,0,0,0,0,0,0,0,34,0,0,0,0,0,0,0,152,72,43,0,10,0,58,0,0,16,5,8,0,1,0,0,0,0,0,0,0,0,10,1,0,1,0,{ ARITH_CONF_SIMPLEX: 10 },{  },"{ ARITH_BB_LEMMA: 1, ARITH_LIA_STAR_EXISTS: 1, ARITH_LIA_STAR_NONNEGATIVE: 1, ARITH_LIA_STAR_SPLIT: 1, ARITH_ROW_IMPL: 3, ARITH_SPLIT_DEQ: 11 }",29,0,0,18,41,3,0,10,31,6,12,31,1,10,10,7,0,0,2,11,5,2,0,0,1,10,10,6,0,0,0,0,3,1,58,46,31,0,12,31,0,1,41,{  },{  },{  },0,0,0,0,0,0,0,1,0,56,0,0,0,0,0.0,10,0,95,0,0,0,0,62,10,5,0,6,0,0,0,0,0,0,0,0,0,0,0,0,0,0,0,0,0,0,0,0,0,0,0,0,0,0,0,0,0,0,0,0,0,0,0,0,0,0,0,0,0,0,0,0,1,0,nan,nan,nan,0,0,0,0,0,2,{  },{  },{  },0,0,0,0,0,0,0,2,0,0,0,0,0,0,0,0,0,0,0,0,0,0,2,0,0,0,0,0,0,0,0,0,0,0,0,2,{  },{  },{  },0,0,0,{  },0,0,0,0,0,{  },{  },{  },0,0,0,0,0,0,0,0,{  },{  },{  },0,0,121,0,0,0,0,4,0,0,2,0,0,0,0,0,0,0,2,{  },{  },{  },0,0,0,0,0,0,0,0,0,0,0,2,{  },{  },{  },0,0,0,0,0,0,0,0,0,0,0,2,{  },{  },{  },0,0,0,0,0,0,0,0,0,0,0,0,0,0,0,0,0,0,2,{  },{  },{  },0,0,0,0,0,0,11,75,94,0,0,0,{  },{  },{  },0,0,0,0,0,0,0,0,0,0,0,2,{  },{  },{  },0,0,0,0,0,0,0,0,0,0,0,2,{  },{  },{  },0,0,0,0,0,0,{  },1,0,0,0,0,0,0,0,0,0,2,{  },{  },{  },0,0,0,{  },{  },{  },{  },1,0,0,0,0,0,0,0,0,2,{  },{  },{  },0,0,0,0,0,0,0,0,0,0,0,0
arith/cvc5_bapa/fol_0000056.smt2,sat,0.032,0,0,21,27,0,0,0,0,16,3,3,3,7,26,0,{  },0,0,0,0,0,0,0,0,0,0,5,1,38,1,0,0,1,33,44,{  },{  },{  },,31,0,0,0,0,0,0,0,0,0,0,0,0,0,0,0,0,0,0,0,0,0,0,0,0,0,0,0,0,0,0,0,0,0,0,0,0,0,0,0,0,0,0,0,0,0,0,0,0,0,69,15,3418,3418,"{ ARITH_BB_LEMMA: 1, ARITH_CONF_SIMPLEX: 5, ARITH_DIO_CUT: 1, ARITH_LIA_STAR_EXISTS: 1, ARITH_LIA_STAR_NONNEGATIVE: 1, ARITH_LIA_STAR_SPLIT: 1, ARITH_ROW_IMPL: 3, ARITH_SPLIT_DEQ: 4 }","{ ArithPivotStep: 17, BvSatStep: 1, CnfStep: 49, DecisionStep: 22, LemmaStep: 11, PreprocessStep: 25, RewriteStep: 3144, SatConflictStep: 24, TheoryCheckStep: 103, TheoryFullCheckStep: 5 }",146,1,17,5,2,116,0,1,2,0,47,79,97,0,0,0,0,0,0,0,0,0,0,0,0,0,0,0,15,0,0,0,0,0,0,0,0,0,0,0,0,0,0,0,0,0,0,0,0,0,0,0,0,0,21,0,0,0,0,0,0,0,74,17,19,0,5,0,30,0,0,8,1,6,0,2,0,0,1,0,1,0,0,0,5,0,0,1,0,{ ARITH_CONF_SIMPLEX: 5 },{  },"{ ARITH_BB_LEMMA: 1, ARITH_DIO_CUT: 1, ARITH_LIA_STAR_EXISTS: 1, ARITH_LIA_STAR_NONNEGATIVE: 1, ARITH_LIA_STAR_SPLIT: 1, ARITH_ROW_IMPL: 3, ARITH_SPLIT_DEQ: 4 }",24,0,0,12,18,3,0,5,14,5,3,14,1,5,5,3,0,0,2,6,3,2,0,0,1,5,5,2,0,0,0,0,3,1,25,22,14,0,3,14,0,0,12,{  },{  },{  },0,0,0,0,0,0,0,1,0,18,0,0,0,0,0.0,4,0,38,0,0,0,0,20,5,3,0,3,0,0,0,0,0,0,0,0,0,0,0,0,0,0,0,0,0,0,0,0,0,0,0,0,0,0,0,0,0,0,0,0,0,0,0,0,0,0,0,0,0,0,0,0,0,0,nan,nan,nan,0,0,0,0,0,2,{  },{  },{  },0,0,0,0,0,0,0,2,0,0,0,0,0,0,0,0,0,0,0,0,0,0,2,0,0,0,0,0,0,0,0,0,0,0,0,2,{  },{  },{  },0,0,0,{  },0,0,0,0,0,{  },{  },{  },0,0,0,0,0,0,0,0,{  },{  },{  },0,0,49,0,0,0,0,5,0,0,2,0,0,0,0,0,0,0,2,{  },{  },{  },0,0,0,0,0,0,0,0,0,0,0,2,{  },{  },{  },0,0,0,0,0,0,0,0,0,0,0,2,{  },{  },{  },0,0,0,0,0,0,0,0,0,0,0,0,0,0,0,0,0,0,2,{  },{  },{  },0,0,0,0,0,0,1,33,44,0,0,0,{  },{  },{  },0,0,0,0,0,0,0,0,0,0,0,2,{  },{  },{  },0,0,0,0,0,0,0,0,0,0,0,2,{  },{  },{  },0,0,0,0,0,0,{  },1,0,0,0,0,0,0,0,0,0,2,{  },{  },{  },0,0,0,{  },{  },{  },{  },1,0,0,0,0,0,0,0,0,2,{  },{  },{  },0,0,0,0,0,0,0,0,0,0,0,0
arith/cvc5_bapa/fol_0000057.smt2,sat,0.052,0,0,33,42,0,0,0,0,25,5,3,4,5,79,0,{  },0,0,0,0,0,0,0,0,0,0,3,1,84,1,0,0,11,70,84,{  },{  },{  },,52,0,0,0,0,0,0,0,0,0,0,0,0,0,0,0,0,0,0,0,0,0,0,0,0,0,0,0,0,0,0,0,0,0,0,0,0,0,0,0,0,0,0,0,0,0,0,0,0,0,103,14,5185,5185,"{ ARITH_CONF_SIMPLEX: 11, ARITH_LIA_STAR_EXISTS: 1, ARITH_LIA_STAR_NONNEGATIVE: 1, ARITH_LIA_STAR_SPLIT: 1, ARITH_ROW_IMPL: 3, ARITH_SPLIT_DEQ: 9 }","{ ArithPivotStep: 25, BvSatStep: 1, CnfStep: 58, DecisionStep: 49, LemmaStep: 16, PreprocessStep: 23, RewriteStep: 4802, SatConflictStep: 51, TheoryCheckStep: 131, TheoryFullCheckStep: 3 }",258,2,46,4,5,219,0,1,5,0,63,166,129,0,0,0,0,0,0,0,0,0,0,0,0,0,0,0,17,0,0,0,0,0,0,0,0,0,0,0,0,0,0,0,0,0,0,0,0,0,0,0,0,0,33,0,0,0,0,0,0,0,133,53,41,0,11,0,53,0,0,13,5,7,0,0,0,0,0,0,0,0,0,0,11,0,0,0,0,{ ARITH_CONF_SIMPLEX: 11 },{  },"{ ARITH_LIA_STAR_EXISTS: 1, ARITH_LIA_STAR_NONNEGATIVE: 1, ARITH_LIA_STAR_SPLIT: 1, ARITH_ROW_IMPL: 3, ARITH_SPLIT_DEQ: 9 }",21,0,0,15,40,3,0,10,30,6,12,31,1,10,10,7,0,0,2,11,5,2,0,0,1,10,10,5,0,0,0,0,3,1,58,46,31,0,12,31,0,0,23,{  },{  },{  },0,0,0,0,0,0,0,0,0,47,0,0,0,0,0.0,10,0,84,0,0,0,0,44,11,6,0,8,0,0,0,0,0,0,0,0,0,0,0,0,0,0,0,0,0,0,0,0,0,0,0,0,0,0,0,0,0,0,0,0,0,0,0,0,0,0,0,0,0,0,0,0,0,0,nan,nan,nan,0,0,0,0,0,2,{  },{  },{  },0,0,0,0,0,0,0,2,0,0,0,0,0,0,0,0,0,0,0,0,0,0,2,0,0,0,0,0,0,0,0,0,0,0,0,2,{  },{  },{  },0,0,0,{  },0,0,0,0,0,{  },{  },{  },0,0,0,0,0,0,0,0,{  },{  },{  },0,0,111,0,0,0,0,3,0,0,2,0,0,0,0,0,0,0,2,{  },{  },{  },0,0,0,0,0,0,0,0,0,0,0,2,{  },{  },{  },0,0,0,0,0,0,0,0,0,0,0,2,{  },{  },{  },0,0,0,0,0,0,0,0,0,0,0,0,0,0,0,0,0,0,2,{  },{  },{  },0,0,0,0,0,0,11,70,84,0,0,0,{  },{  },{  },0,0,0,0,0,0,0,0,0,0,0,2,{  },{  },{  },0,0,0,0,0,0,0,0,0,0,0,2,{  },{  },{  },0,0,0,0,0,0,{  },1,0,0,0,0,0,0,0,0,0,2,{  },{  },{  },0,0,0,{  },{  },{  },{  },1,0,0,0,0,0,0,0,0,2,{  },{  },{  },0,0,0,0,0,0,0,0,0,0,0,0
arith/cvc5_bapa/fol_0000062.smt2,sat,0.056,0,0,33,43,0,0,0,0,27,5,3,4,10,76,0,{  },0,0,0,0,0,0,0,0,0,0,4,1,97,1,0,0,10,73,89,{  },{  },{  },,55,0,0,0,0,0,0,0,0,0,0,0,0,0,0,0,0,0,0,0,0,0,0,0,0,0,0,0,0,0,0,0,0,0,0,0,0,0,0,0,0,0,0,0,0,0,0,0,0,0,108,14,5418,5418,"{ ARITH_BB_LEMMA: 1, ARITH_CONF_SIMPLEX: 11, ARITH_LIA_STAR_EXISTS: 1, ARITH_LIA_STAR_NONNEGATIVE: 1, ARITH_LIA_STAR_SPLIT: 1, ARITH_ROW_IMPL: 3, ARITH_SPLIT_DEQ: 10 }","{ ArithPivotStep: 32, BvSatStep: 1, CnfStep: 60, DecisionStep: 59, LemmaStep: 17, PreprocessStep: 23, RewriteStep: 4977, SatConflictStep: 61, TheoryCheckStep: 156, TheoryFullCheckStep: 4 }",263,2,55,4,5,238,0,1,5,0,64,177,132,0,0,0,0,0,0,0,0,0,0,0,0,0,0,0,17,0,0,0,0,0,0,0,0,0,0,0,0,0,0,0,0,0,0,0,0,0,0,0,0,0,33,0,0,0,0,0,0,0,144,67,42,0,11,0,57,0,0,12,5,7,0,1,0,0,0,0,0,0,0,0,11,0,0,1,0,{ ARITH_CONF_SIMPLEX: 11 },{  },"{ ARITH_BB_LEMMA: 1, ARITH_LIA_STAR_EXISTS: 1, ARITH_LIA_STAR_NONNEGATIVE: 1, ARITH_LIA_STAR_SPLIT: 1, ARITH_ROW_IMPL: 3, ARITH_SPLIT_DEQ: 10 }",21,0,0,17,40,3,0,10,30,6,12,31,1,10,10,7,0,0,2,11,5,2,0,0,1,10,10,5,0,0,0,0,3,1,58,46,31,0,12,31,0,0,28,{  },{  },{  },0,0,0,0,0,0,0,1,0,54,0,0,0,0,0.0,10,0,97,0,0,0,0,50,11,6,0,7,0,0,0,0,0,0,0,0,0,0,0,0,0,0,0,0,0,0,0,0,0,0,0,0,0,0,0,0,0,0,0,0,0,0,0,0,0,0,0,0,0,0,0,0,0,0,nan,nan,nan,0,0,0,0,0,2,{  },{  },{  },0,0,0,0,0,0,0,2,0,0,0,0,0,0,0,0,0,0,0,0,0,0,2,0,0,0,0,0,0,0,0,0,0,0,0,2,{  },{  },{  },0,0,0,{  },0,0,0,0,0,{  },{  },{  },0,0,0,0,0,0,0,0,{  },{  },{  },0,0,118,0,0,0,0,4,0,0,2,0,0,0,0,0,0,0,2,{  },{  },{  },0,0,0,0,0,0,0,0,0,0,0,2,{  },{  },{  },0,0,0,0,0,0,0,0,0,0,0,2,{  },{  },{  },0,0,0,0,0,0,0,0,0,0,0,0,0,0,0,0,0,0,2,{  },{  },{  },0,0,0,0,0,0,10,73,89,0,0,0,{  },{  },{  },0,0,0,0,0,0,0,0,0,0,0,2,{  },{  },{  },0,0,0,0,0,0,0,0,0,0,0,2,{  },{  },{  },0,0,0,0,0,0,{  },1,0,0,0,0,0,0,0,0,0,2,{  },{  },{  },0,0,0,{  },{  },{  },{  },1,0,0,0,0,0,0,0,0,2,{  },{  },{  },0,0,0,0,0,0,0,0,0,0,0,0
arith/cvc5_bapa/fol_0000069.smt2,sat,0.054,0,0,34,44,0,0,0,0,24,5,3,4,5,72,0,{  },0,0,0,0,0,0,0,0,0,0,3,1,84,1,0,0,10,69,84,{  },{  },{  },,54,0,0,0,0,0,0,0,0,0,0,0,0,0,0,0,0,0,0,0,0,0,0,0,0,0,0,0,0,0,0,0,0,0,0,0,0,0,0,0,0,0,0,0,0,0,0,0,0,0,105,16,5256,5256,"{ ARITH_CONF_SIMPLEX: 10, ARITH_LIA_STAR_EXISTS: 1, ARITH_LIA_STAR_NONNEGATIVE: 1, ARITH_LIA_STAR_SPLIT: 1, ARITH_ROW_IMPL: 3, ARITH_SPLIT_DEQ: 9 }","{ ArithPivotStep: 27, BvSatStep: 1, CnfStep: 59, DecisionStep: 49, LemmaStep: 16, PreprocessStep: 26, RewriteStep: 4868, SatConflictStep: 51, TheoryCheckStep: 131, TheoryFullCheckStep: 3 }",256,2,46,4,5,221,0,1,5,0,63,166,129,0,0,0,0,0,0,0,0,0,0,0,0,0,0,0,18,0,0,0,0,0,0,0,0,0,0,0,0,0,0,0,0,0,0,0,0,0,0,0,0,0,34,0,0,0,0,0,0,0,135,53,41,0,10,0,53,0,0,12,5,7,0,0,0,0,0,0,0,0,0,0,10,0,0,0,0,{ ARITH_CONF_SIMPLEX: 10 },{  },"{ ARITH_LIA_STAR_EXISTS: 1, ARITH_LIA_STAR_NONNEGATIVE: 1, ARITH_LIA_STAR_SPLIT: 1, ARITH_ROW_IMPL: 3, ARITH_SPLIT_DEQ: 9 }",25,0,0,15,39,3,0,10,30,6,12,30,1,10,10,7,0,0,2,11,5,2,0,0,1,10,10,6,0,0,0,0,3,1,58,46,30,0,12,30,0,0,24,{  },{  },{  },0,0,0,0,0,0,0,0,0,47,0,0,0,0,0.0,10,0,84,0,0,0,0,46,10,5,0,5,0,0,0,0,0,0,0,0,0,0,0,0,0,0,0,0,0,0,0,0,0,0,0,0,0,0,0,0,0,0,0,0,0,0,0,0,0,0,0,0,0,0,0,0,0,0,nan,nan,nan,0,0,0,0,0,2,{  },{  },{  },0,0,0,0,0,0,0,2,0,0,0,0,0,0,0,0,0,0,0,0,0,0,2,0,0,0,0,0,0,0,0,0,0,0,0,2,{  },{  },{  },0,0,0,{  },0,0,0,0,0,{  },{  },{  },0,0,0,0,0,0,0,0,{  },{  },{  },0,0,111,0,0,0,0,3,0,0,2,0,0,0,0,0,0,0,2,{  },{  },{  },0,0,0,0,0,0,0,0,0,0,0,2,{  },{  },{  },0,0,0,0,0,0,0,0,0,0,0,2,{  },{  },{  },0,0,0,0,0,0,0,0,0,0,0,0,0,0,0,0,0,0,2,{  },{  },{  },0,0,0,0,0,0,10,69,84,0,0,0,{  },{  },{  },0,0,0,0,0,0,0,0,0,0,0,2,{  },{  },{  },0,0,0,0,0,0,0,0,0,0,0,2,{  },{  },{  },0,0,0,0,0,0,{  },1,0,0,0,0,0,0,0,0,0,2,{  },{  },{  },0,0,0,{  },{  },{  },{  },1,0,0,0,0,0,0,0,0,2,{  },{  },{  },0,0,0,0,0,0,0,0,0,0,0,0
arith/cvc5_bapa/fol_0000071.smt2,sat,0.055,0,0,34,44,0,0,0,0,25,5,3,4,9,64,0,{  },0,0,0,0,0,0,0,0,0,0,3,1,102,1,0,0,10,75,91,{  },{  },{  },,54,0,0,0,0,0,0,0,0,0,0,0,0,0,0,0,0,0,0,0,0,0,0,0,0,0,0,0,0,0,0,0,0,0,0,0,0,0,0,0,0,0,0,0,0,0,0,0,0,0,108,16,5401,5401,"{ ARITH_CONF_SIMPLEX: 10, ARITH_LIA_STAR_EXISTS: 1, ARITH_LIA_STAR_NONNEGATIVE: 1, ARITH_LIA_STAR_SPLIT: 1, ARITH_ROW_IMPL: 2, ARITH_SPLIT_DEQ: 11 }","{ ArithPivotStep: 28, BvSatStep: 1, CnfStep: 62, DecisionStep: 59, LemmaStep: 17, PreprocessStep: 26, RewriteStep: 4969, SatConflictStep: 61, TheoryCheckStep: 149, TheoryFullCheckStep: 3 }",258,3,56,4,6,254,0,1,6,0,63,184,129,0,0,0,0,0,0,0,0,0,0,0,0,0,0,0,18,0,0,0,0,0,0,0,0,0,0,0,0,0,0,0,0,0,0,0,0,0,0,0,0,0,34,0,0,0,0,0,0,0,152,69,41,0,10,0,59,0,0,15,5,7,0,0,0,0,0,0,0,0,0,0,10,0,0,0,0,{ ARITH_CONF_SIMPLEX: 10 },{  },"{ ARITH_LIA_STAR_EXISTS: 1, ARITH_LIA_STAR_NONNEGATIVE: 1, ARITH_LIA_STAR_SPLIT: 1, ARITH_ROW_IMPL: 2, ARITH_SPLIT_DEQ: 11 }",25,0,0,16,40,3,0,10,30,6,12,30,1,10,10,7,0,0,2,11,5,2,0,0,1,10,10,5,0,0,0,0,3,1,58,46,30,0,12,30,0,0,25,{  },{  },{  },0,0,0,0,0,0,0,0,0,60,0,0,0,0,0.0,10,0,102,0,0,0,0,48,10,5,0,6,0,0,0,0,0,0,0,0,0,0,0,0,0,0,0,0,0,0,0,0,0,0,0,0,0,0,0,0,0,0,0,0,0,0,0,0,0,0,0,0,0,0,0,0,0,0,nan,nan,nan,0,0,0,0,0,2,{  },{  },{  },0,0,0,0,0,0,0,2,0,0,0,0,0,0,0,0,0,0,0,0,0,0,2,0,0,0,0,0,0,0,0,0,0,0,0,2,{  },{  },{  },0,0,0,{  },0,0,0,0,0,{  },{  },{  },0,0,0,0,0,0,0,0,{  },{  },{  },0,0,123,0,0,0,0,3,0,0,2,0,0,0,0,0,0,0,2,{  },{  },{  },0,0,0,0,0,0,0,0,0,0,0,2,{  },{  },{  },0,0,0,0,0,0,0,0,0,0,0,2,{  },{  },{  },0,0,0,0,0,0,0,0,0,0,0,0,0,0,0,0,0,0,2,{  },{  },{  },0,0,0,0,0,0,10,75,91,0,0,0,{  },{  },{  },0,0,0,0,0,0,0,0,0,0,0,2,{  },{  },{  },0,0,0,0,0,0,0,0,0,0,0,2,{  },{  },{  },0,0,0,0,0,0,{  },1,0,0,0,0,0,0,0,0,0,2,{  },{  },{  },0,0,0,{  },{  },{  },{  },1,0,0,0,0,0,0,0,0,2,{  },{  },{  },0,0,0,0,0,0,0,0,0,0,0,0
arith/cvc5_bapa/fol_0000072.smt2,sat,0.055,0,0,34,44,0,0,0,0,24,5,3,4,9,63,0,{  },0,0,0,0,0,0,0,0,0,0,3,1,99,1,0,0,10,72,87,{  },{  },{  },,55,0,0,0,0,0,0,0,0,0,0,0,0,0,0,0,0,0,0,0,0,0,0,0,0,0,0,0,0,0,0,0,0,0,0,0,0,0,0,0,0,0,0,0,0,0,0,0,0,0,106,16,5317,5317,"{ ARITH_CONF_SIMPLEX: 10, ARITH_LIA_STAR_EXISTS: 1, ARITH_LIA_STAR_NONNEGATIVE: 1, ARITH_LIA_STAR_SPLIT: 1, ARITH_ROW_IMPL: 2, ARITH_SPLIT_DEQ: 10 }","{ ArithPivotStep: 30, BvSatStep: 1, CnfStep: 61, DecisionStep: 57, LemmaStep: 16, PreprocessStep: 26, RewriteStep: 4893, SatConflictStep: 59, TheoryCheckStep: 146, TheoryFullCheckStep: 3 }",254,2,54,4,5,237,0,1,5,0,63,175,129,0,0,0,0,0,0,0,0,0,0,0,0,0,0,0,18,0,0,0,0,0,0,0,0,0,0,0,0,0,0,0,0,0,0,0,0,0,0,0,0,0,34,0,0,0,0,0,0,0,145,61,42,0,10,0,56,0,0,12,5,7,0,0,0,0,0,0,0,0,0,0,10,0,0,0,0,{ ARITH_CONF_SIMPLEX: 10 },{  },"{ ARITH_LIA_STAR_EXISTS: 1, ARITH_LIA_STAR_NONNEGATIVE: 1, ARITH_LIA_STAR_SPLIT: 1, ARITH_ROW_IMPL: 2, ARITH_SPLIT_DEQ: 10 }",25,0,0,15,40,3,0,10,31,6,12,31,1,10,10,7,0,0,2,11,5,2,0,0,1,10,10,6,0,0,0,0,3,1,58,46,31,0,12,31,0,0,27,{  },{  },{  },0,0,0,0,0,0,0,0,0,53,0,0,0,0,0.0,10,0,99,0,0,0,0,48,10,5,0,9,0,0,0,0,0,0,0,0,0,0,0,0,0,0,0,0,0,0,0,0,0,0,0,0,0,0,0,0,0,0,0,0,0,0,0,0,0,0,0,0,0,0,0,0,0,0,nan,nan,nan,0,0,0,0,0,2,{  },{  },{  },0,0,0,0,0,0,0,2,0,0,0,0,0,0,0,0,0,0,0,0,0,0,2,0,0,0,0,0,0,0,0,0,0,0,0,2,{  },{  },{  },0,0,0,{  },0,0,0,0,0,{  },{  },{  },0,0,0,0,0,0,0,0,{  },{  },{  },0,0,117,0,0,0,0,3,0,0,2,0,0,0,0,0,0,0,2,{  },{  },{  },0,0,0,0,0,0,0,0,0,0,0,2,{  },{  },{  },0,0,0,0,0,0,0,0,0,0,0,2,{  },{  },{  },0,0,0,0,0,0,0,0,0,0,0,0,0,0,0,0,0,0,2,{  },{  },{  },0,0,0,0,0,0,10,72,87,0,0,0,{  },{  },{  },0,0,0,0,0,0,0,0,0,0,0,2,{  },{  },{  },0,0,0,0,0,0,0,0,0,0,0,2,{  },{  },{  },0,0,0,0,0,0,{  },1,0,0,0,0,0,0,0,0,0,2,{  },{  },{  },0,0,0,{  },{  },{  },{  },1,0,0,0,0,0,0,0,0,2,{  },{  },{  },0,0,0,0,0,0,0,0,0,0,0,0
arith/cvc5_bapa/fol_0000073.smt2,sat,0.013,0,0,14,18,0,0,0,0,6,6,2,0,1,5,0,{  },0,0,0,0,0,0,0,0,0,0,2,1,13,1,0,0,2,14,19,{  },{  },{  },,13,0,0,0,0,0,0,0,0,0,0,0,0,0,0,0,0,0,0,0,0,0,0,0,0,0,0,0,0,0,0,0,0,0,0,0,0,0,0,0,0,0,0,0,0,0,0,0,0,0,40,16,2399,2399,"{ ARITH_CONF_SIMPLEX: 1, ARITH_LIA_STAR_NONNEGATIVE: 1, ARITH_LIA_STAR_SPLIT: 1, ARITH_ROW_IMPL: 3, ARITH_SPLIT_DEQ: 1 }","{ ArithPivotStep: 10, BvSatStep: 1, CnfStep: 43, DecisionStep: 8, LemmaStep: 5, PreprocessStep: 26, RewriteStep: 2248, SatConflictStep: 10, TheoryCheckStep: 39, TheoryFullCheckStep: 2 }",53,0,6,0,0,42,0,1,0,0,15,25,30,0,0,0,0,0,0,0,0,0,0,0,0,0,0,0,15,0,0,0,0,0,0,0,0,0,0,0,0,0,0,0,0,0,0,0,0,0,0,0,0,0,14,0,0,0,0,0,0,0,30,5,0,0,1,0,7,0,0,2,4,10,0,0,0,0,0,0,0,0,0,0,1,0,0,0,0,{ ARITH_CONF_SIMPLEX: 1 },{  },"{ ARITH_LIA_STAR_NONNEGATIVE: 1, ARITH_LIA_STAR_SPLIT: 1, ARITH_ROW_IMPL: 3, ARITH_SPLIT_DEQ: 1 }",25,0,0,6,0,2,0,0,0,0,0,0,0,0,0,0,0,0,0,0,0,1,1,0,0,0,0,0,0,0,0,0,2,0,0,0,0,0,0,0,0,0,7,{  },{  },{  },0,0,0,0,0,0,0,0,0,5,0,0,0,0,0.0,1,0,13,0,0,0,0,13,1,1,0,1,0,0,0,0,0,0,0,0,0,0,0,0,0,0,0,0,0,0,0,0,0,0,0,0,0,0,0,0,0,0,0,0,0,0,0,0,0,0,0,0,0,0,0,0,0,0,nan,nan,nan,0,0,0,0,0,2,{  },{  },{  },0,0,0,0,0,0,0,2,0,0,0,0,0,0,0,0,0,0,0,0,0,0,2,0,0,0,0,0,0,0,0,0,0,0,0,2,{  },{  },{  },0,0,0,{  },0,0,0,0,0,{  },{  },{  },0,0,0,0,0,0,0,0,{  },{  },{  },0,0,15,0,0,0,0,2,0,0,2,0,0,0,0,0,0,0,2,{  },{  },{  },0,0,0,0,0,0,0,0,0,0,0,2,{  },{  },{  },0,0,0,0,0,0,0,0,0,0,0,2,{  },{  },{  },0,0,0,0,0,0,0,0,0,0,0,0,0,0,0,0,0,0,2,{  },{  },{  },0,0,0,0,0,0,2,14,19,0,0,0,{  },{  },{  },0,0,0,0,0,0,0,0,0,0,0,2,{  },{  },{  },0,0,0,0,0,0,0,0,0,0,0,2,{  },{  },{  },0,0,0,0,0,0,{  },1,0,0,0,0,0,0,0,0,0,2,{  },{  },{  },0,0,0,{  },{  },{  },{  },1,0,0,0,0,0,0,0,0,2,{  },{  },{  },0,0,0,0,0,0,0,0,0,0,0,0
arith/cvc5_bapa/fol_0000074.smt2,sat,0.052,0,0,34,43,0,0,0,0,26,5,3,4,9,70,0,{  },0,0,0,0,0,0,0,0,0,0,3,1,102,1,0,0,11,76,91,{  },{  },{  },,52,0,0,0,0,0,0,0,0,0,0,0,0,0,0,0,0,0,0,0,0,0,0,0,0,0,0,0,0,0,0,0,0,0,0,0,0,0,0,0,0,0,0,0,0,0,0,0,0,0,109,17,5502,5502,"{ ARITH_CONF_SIMPLEX: 10, ARITH_LIA_STAR_EXISTS: 1, ARITH_LIA_STAR_NONNEGATIVE: 1, ARITH_LIA_STAR_SPLIT: 1, ARITH_ROW_IMPL: 3, ARITH_SPLIT_DEQ: 11 }","{ ArithPivotStep: 29, BvSatStep: 1, CnfStep: 64, DecisionStep: 59, LemmaStep: 17, PreprocessStep: 26, RewriteStep: 5066, SatConflictStep: 61, TheoryCheckStep: 149, TheoryFullCheckStep: 3 }",262,3,56,4,6,255,0,1,6,0,63,184,129,0,0,0,0,0,0,0,0,0,0,0,0,0,0,0,19,0,0,0,0,0,0,0,0,0,0,0,0,0,0,0,0,0,0,0,0,0,0,0,0,0,34,0,0,0,0,0,0,0,153,69,41,0,10,0,59,0,0,16,5,8,0,0,0,0,0,0,0,0,0,0,10,0,0,0,0,{ ARITH_CONF_SIMPLEX: 10 },{  },"{ ARITH_LIA_STAR_EXISTS: 1, ARITH_LIA_STAR_NONNEGATIVE: 1, ARITH_LIA_STAR_SPLIT: 1, ARITH_ROW_IMPL: 3, ARITH_SPLIT_DEQ: 11 }",29,0,0,17,40,3,0,10,30,6,12,30,1,10,10,7,0,0,2,11,5,2,0,0,1,10,10,5,0,0,0,0,3,1,58,46,30,0,12,30,0,0,26,{  },{  },{  },0,0,0,0,0,0,0,0,0,59,0,0,0,0,0.0,10,0,102,0,0,0,0,49,10,5,0,5,0,0,0,0,0,0,0,0,0,0,0,0,0,0,0,0,0,0,0,0,0,0,0,0,0,0,0,0,0,0,0,0,0,0,0,0,0,0,0,0,0,0,0,0,0,0,nan,nan,nan,0,0,0,0,0,2,{  },{  },{  },0,0,0,0,0,0,0,2,0,0,0,0,0,0,0,0,0,0,0,0,0,0,2,0,0,0,0,0,0,0,0,0,0,0,0,2,{  },{  },{  },0,0,0,{  },0,0,0,0,0,{  },{  },{  },0,0,0,0,0,0,0,0,{  },{  },{  },0,0,123,0,0,0,0,3,0,0,2,0,0,0,0,0,0,0,2,{  },{  },{  },0,0,0,0,0,0,0,0,0,0,0,2,{  },{  },{  },0,0,0,0,0,0,0,0,0,0,0,2,{  },{  },{  },0,0,0,0,0,0,0,0,0,0,0,0,0,0,0,0,0,0,2,{  },{  },{  },0,0,0,0,0,0,11,76,91,0,0,0,{  },{  },{  },0,0,0,0,0,0,0,0,0,0,0,2,{  },{  },{  },0,0,0,0,0,0,0,0,0,0,0,2,{  },{  },{  },0,0,0,0,0,0,{  },1,0,0,0,0,0,0,0,0,0,2,{  },{  },{  },0,0,0,{  },{  },{  },{  },1,0,0,0,0,0,0,0,0,2,{  },{  },{  },0,0,0,0,0,0,0,0,0,0,0,0
arith/cvc5_bapa/fol_0000075.smt2,sat,0.055,0,0,33,43,0,0,0,0,26,5,3,4,9,70,0,{  },0,0,0,0,0,0,0,0,0,0,3,1,105,1,0,0,10,76,92,{  },{  },{  },,54,0,0,0,0,0,0,0,0,0,0,0,0,0,0,0,0,0,0,0,0,0,0,0,0,0,0,0,0,0,0,0,0,0,0,0,0,0,0,0,0,0,0,0,0,0,0,0,0,0,105,13,5315,5315,"{ ARITH_CONF_SIMPLEX: 10, ARITH_LIA_STAR_EXISTS: 1, ARITH_LIA_STAR_NONNEGATIVE: 1, ARITH_LIA_STAR_SPLIT: 1, ARITH_ROW_IMPL: 3, ARITH_SPLIT_DEQ: 11 }","{ ArithPivotStep: 29, BvSatStep: 1, CnfStep: 58, DecisionStep: 60, LemmaStep: 17, PreprocessStep: 23, RewriteStep: 4883, SatConflictStep: 62, TheoryCheckStep: 152, TheoryFullCheckStep: 3 }",260,3,57,4,6,257,0,1,6,0,63,187,129,0,0,0,0,0,0,0,0,0,0,0,0,0,0,0,16,0,0,0,0,0,0,0,0,0,0,0,0,0,0,0,0,0,0,0,0,0,0,0,0,0,33,0,0,0,0,0,0,0,153,73,41,0,10,0,60,0,0,16,5,6,0,0,0,0,0,0,0,0,0,0,10,0,0,0,0,{ ARITH_CONF_SIMPLEX: 10 },{  },"{ ARITH_LIA_STAR_EXISTS: 1, ARITH_LIA_STAR_NONNEGATIVE: 1, ARITH_LIA_STAR_SPLIT: 1, ARITH_ROW_IMPL: 3, ARITH_SPLIT_DEQ: 11 }",17,0,0,17,40,3,0,10,30,6,12,30,1,10,10,7,0,0,2,11,5,2,0,0,1,10,10,5,0,0,0,0,3,1,58,46,30,0,12,30,0,0,27,{  },{  },{  },0,0,0,0,0,0,0,0,0,63,0,0,0,0,0.0,10,0,105,0,0,0,0,49,10,5,0,5,0,0,0,0,0,0,0,0,0,0,0,0,0,0,0,0,0,0,0,0,0,0,0,0,0,0,0,0,0,0,0,0,0,0,0,0,0,0,0,0,0,0,0,0,0,0,nan,nan,nan,0,0,0,0,0,2,{  },{  },{  },0,0,0,0,0,0,0,2,0,0,0,0,0,0,0,0,0,0,0,0,0,0,2,0,0,0,0,0,0,0,0,0,0,0,0,2,{  },{  },{  },0,0,0,{  },0,0,0,0,0,{  },{  },{  },0,0,0,0,0,0,0,0,{  },{  },{  },0,0,125,0,0,0,0,3,0,0,2,0,0,0,0,0,0,0,2,{  },{  },{  },0,0,0,0,0,0,0,0,0,0,0,2,{  },{  },{  },0,0,0,0,0,0,0,0,0,0,0,2,{  },{  },{  },0,0,0,0,0,0,0,0,0,0,0,0,0,0,0,0,0,0,2,{  },{  },{  },0,0,0,0,0,0,10,76,92,0,0,0,{  },{  },{  },0,0,0,0,0,0,0,0,0,0,0,2,{  },{  },{  },0,0,0,0,0,0,0,0,0,0,0,2,{  },{  },{  },0,0,0,0,0,0,{  },1,0,0,0,0,0,0,0,0,0,2,{  },{  },{  },0,0,0,{  },{  },{  },{  },1,0,0,0,0,0,0,0,0,2,{  },{  },{  },0,0,0,0,0,0,0,0,0,0,0,0
arith/cvc5_bapa/fol_0000076.smt2,sat,0.055,0,0,34,43,0,0,0,0,29,5,3,4,8,78,0,{  },0,0,0,0,0,0,0,0,0,0,3,1,93,1,0,0,11,74,92,{  },{  },{  },,54,0,0,0,0,0,0,0,0,0,0,0,0,0,0,0,0,0,0,0,0,0,0,0,0,0,0,0,0,0,0,0,0,0,0,0,0,0,0,0,0,0,0,0,0,0,0,0,0,0,110,17,5698,5698,"{ ARITH_CONF_SIMPLEX: 13, ARITH_LIA_STAR_EXISTS: 1, ARITH_LIA_STAR_NONNEGATIVE: 1, ARITH_LIA_STAR_SPLIT: 1, ARITH_ROW_IMPL: 3, ARITH_SPLIT_DEQ: 11 }","{ ArithPivotStep: 44, BvSatStep: 1, CnfStep: 65, DecisionStep: 57, LemmaStep: 17, PreprocessStep: 26, RewriteStep: 5256, SatConflictStep: 59, TheoryCheckStep: 140, TheoryFullCheckStep: 3 }",278,3,54,22,9,249,0,1,7,0,63,179,129,0,0,0,0,0,0,0,0,0,0,0,0,0,0,0,19,0,0,0,0,0,0,0,0,0,0,0,0,0,0,0,0,0,0,0,0,0,0,0,0,0,34,0,0,0,0,0,0,0,151,72,41,0,13,0,57,0,0,16,5,7,0,0,0,0,0,0,0,0,0,0,13,1,0,0,0,{ ARITH_CONF_SIMPLEX: 13 },{  },"{ ARITH_LIA_STAR_EXISTS: 1, ARITH_LIA_STAR_NONNEGATIVE: 1, ARITH_LIA_STAR_SPLIT: 1, ARITH_ROW_IMPL: 3, ARITH_SPLIT_DEQ: 11 }",29,0,0,17,39,3,0,10,29,6,12,29,1,10,10,7,0,0,2,11,5,2,0,0,1,10,10,5,0,0,0,0,3,1,58,46,29,0,12,29,0,1,40,{  },{  },{  },0,0,0,0,0,0,0,0,0,56,0,0,0,0,0.0,10,0,93,0,0,0,0,61,13,8,0,10,0,0,0,0,0,0,0,0,0,0,0,0,0,0,0,0,0,0,0,0,0,0,0,0,0,0,0,0,0,0,0,0,0,0,0,0,0,0,0,0,0,0,0,0,1,0,nan,nan,nan,0,0,0,0,0,2,{  },{  },{  },0,0,0,0,0,0,0,2,0,0,0,0,0,0,0,0,0,0,0,0,0,0,2,0,0,0,0,0,0,0,0,0,0,0,0,2,{  },{  },{  },0,0,0,{  },0,0,0,0,0,{  },{  },{  },0,0,0,0,0,0,0,0,{  },{  },{  },0,0,120,0,0,0,0,3,0,0,2,0,0,0,0,0,0,0,2,{  },{  },{  },0,0,0,0,0,0,0,0,0,0,0,2,{  },{  },{  },0,0,0,0,0,0,0,0,0,0,0,2,{  },{  },{  },0,0,0,0,0,0,0,0,0,0,0,0,0,0,0,0,0,0,2,{  },{  },{  },0,0,0,0,0,0,11,74,92,0,0,0,{  },{  },{  },0,0,0,0,0,0,0,0,0,0,0,2,{  },{  },{  },0,0,0,0,0,0,0,0,0,0,0,2,{  },{  },{  },0,0,0,0,0,0,{  },1,0,0,0,0,0,0,0,0,0,2,{  },{  },{  },0,0,0,{  },{  },{  },{  },1,0,0,0,0,0,0,0,0,2,{  },{  },{  },0,0,0,0,0,0,0,0,0,0,0,0
arith/cvc5_bapa/fol_0000077.smt2,sat,0.057,0,0,34,45,0,0,0,0,29,5,3,4,11,71,0,{  },0,0,0,0,0,0,0,0,0,0,5,1,105,1,0,0,10,76,93,{  },{  },{  },,57,0,0,0,0,0,0,0,0,0,0,0,0,0,0,0,0,0,0,0,0,0,0,0,0,0,0,0,0,0,0,0,0,0,0,0,0,0,0,0,0,0,0,0,0,0,0,0,0,0,115,17,5757,5757,"{ ARITH_BB_LEMMA: 1, ARITH_CONF_SIMPLEX: 10, ARITH_DIO_CUT: 1, ARITH_LIA_STAR_EXISTS: 1, ARITH_LIA_STAR_NONNEGATIVE: 1, ARITH_LIA_STAR_SPLIT: 1, ARITH_ROW_IMPL: 3, ARITH_SPLIT_DEQ: 12 }","{ ArithPivotStep: 36, BvSatStep: 1, CnfStep: 67, DecisionStep: 63, LemmaStep: 18, PreprocessStep: 26, RewriteStep: 5270, SatConflictStep: 65, TheoryCheckStep: 176, TheoryFullCheckStep: 5 }",267,3,58,4,6,263,0,1,6,0,64,186,132,0,0,0,0,0,0,0,0,0,0,0,0,0,0,0,20,0,0,0,0,0,0,0,0,0,0,0,0,0,0,0,0,0,0,0,0,0,0,0,0,0,34,0,0,0,0,0,0,0,155,75,43,0,10,0,60,0,0,15,5,8,0,2,0,0,1,0,1,0,0,1,10,0,0,1,0,{ ARITH_CONF_SIMPLEX: 10 },{  },"{ ARITH_BB_LEMMA: 1, ARITH_DIO_CUT: 1, ARITH_LIA_STAR_EXISTS: 1, ARITH_LIA_STAR_NONNEGATIVE: 1, ARITH_LIA_STAR_SPLIT: 1, ARITH_ROW_IMPL: 3, ARITH_SPLIT_DEQ: 12 }",29,0,0,20,40,3,0,10,30,6,12,31,1,10,10,7,0,0,2,11,5,2,0,0,1,10,10,5,0,0,0,0,3,1,58,46,31,0,12,31,0,0,30,{  },{  },{  },0,0,0,0,0,0,0,1,0,65,0,0,0,0,0.0,10,0,105,0,0,0,0,54,10,5,0,6,0,0,0,0,0,0,0,0,0,0,0,0,0,0,0,0,0,0,0,0,0,0,0,0,0,0,0,0,0,0,0,0,0,0,0,0,0,0,0,0,0,0,0,0,0,0,nan,nan,nan,0,0,0,0,0,2,{  },{  },{  },0,0,0,0,0,0,0,2,0,0,0,0,0,0,0,0,0,0,0,0,0,0,2,0,0,0,0,0,0,0,0,0,0,0,0,2,{  },{  },{  },0,0,0,{  },0,0,0,0,0,{  },{  },{  },0,0,0,0,0,0,0,0,{  },{  },{  },0,0,124,0,0,0,0,5,0,0,2,0,0,0,0,0,0,0,2,{  },{  },{  },0,0,0,0,0,0,0,0,0,0,0,2,{  },{  },{  },0,0,0,0,0,0,0,0,0,0,0,2,{  },{  },{  },0,0,0,0,0,0,0,0,0,0,0,0,0,0,0,0,0,0,2,{  },{  },{  },0,0,0,0,0,0,10,76,93,0,0,0,{  },{  },{  },0,0,0,0,0,0,0,0,0,0,0,2,{  },{  },{  },0,0,0,0,0,0,0,0,0,0,0,2,{  },{  },{  },0,0,0,0,0,0,{  },1,0,0,0,0,0,0,0,0,0,2,{  },{  },{  },0,0,0,{  },{  },{  },{  },1,0,0,0,0,0,0,0,0,2,{  },{  },{  },0,0,0,0,0,0,0,0,0,0,0,0
arith/cvc5_bapa/fol_0000079.smt2,sat,0.035,0,0,22,28,0,0,0,0,30,3,3,3,22,83,0,{  },0,0,0,0,0,0,0,0,0,0,7,1,52,1,0,0,2,38,47,{  },{  },{  },,34,0,0,0,0,0,0,0,0,0,0,0,0,0,0,0,0,0,0,0,0,0,0,0,0,0,0,0,0,0,0,0,0,0,0,0,0,0,0,0,0,0,0,0,0,0,0,0,0,0,76,18,4054,4054,"{ ARITH_BB_LEMMA: 1, ARITH_CONF_SIMPLEX: 17, ARITH_DIO_CUT: 3, ARITH_LIA_STAR_EXISTS: 1, ARITH_LIA_STAR_NONNEGATIVE: 1, ARITH_LIA_STAR_SPLIT: 1, ARITH_ROW_IMPL: 2, ARITH_SPLIT_DEQ: 5 }","{ ArithPivotStep: 42, BvSatStep: 1, CnfStep: 64, DecisionStep: 41, LemmaStep: 12, PreprocessStep: 28, RewriteStep: 3642, SatConflictStep: 43, TheoryCheckStep: 143, TheoryFullCheckStep: 7 }",187,1,34,2,3,132,0,1,3,0,47,83,97,0,0,0,0,0,0,0,0,0,0,0,0,0,0,0,17,0,0,0,0,0,0,0,0,0,0,0,0,0,0,0,0,0,0,0,0,0,0,0,0,0,22,0,0,0,0,0,0,0,87,23,21,0,17,0,33,0,0,5,2,7,0,4,0,0,3,0,3,0,0,0,17,0,0,1,0,{ ARITH_CONF_SIMPLEX: 17 },{  },"{ ARITH_BB_LEMMA: 1, ARITH_DIO_CUT: 3, ARITH_LIA_STAR_EXISTS: 1, ARITH_LIA_STAR_NONNEGATIVE: 1, ARITH_LIA_STAR_SPLIT: 1, ARITH_ROW_IMPL: 2, ARITH_SPLIT_DEQ: 5 }",32,0,0,14,19,3,0,5,14,5,3,15,1,5,5,3,0,0,2,6,3,2,0,0,1,5,5,2,0,0,0,0,3,1,25,22,14,0,3,15,0,0,33,{  },{  },{  },0,0,0,0,0,0,0,1,0,19,0,0,0,0,0.0,6,0,52,0,0,0,0,45,17,12,0,18,0,0,0,0,0,0,0,0,0,0,0,0,0,0,0,0,0,0,0,0,0,0,0,0,0,0,0,0,0,0,0,0,0,0,0,0,0,0,0,0,0,0,0,0,0,0,nan,nan,nan,0,0,0,0,0,2,{  },{  },{  },0,0,0,0,0,0,0,2,0,0,0,0,0,0,0,0,0,0,0,0,0,0,2,0,0,0,0,0,0,0,0,0,0,0,0,2,{  },{  },{  },0,0,0,{  },0,0,0,0,0,{  },{  },{  },0,0,0,0,0,0,0,0,{  },{  },{  },0,0,50,0,0,0,0,7,0,0,2,0,0,0,0,0,0,0,2,{  },{  },{  },0,0,0,0,0,0,0,0,0,0,0,2,{  },{  },{  },0,0,0,0,0,0,0,0,0,0,0,2,{  },{  },{  },0,0,0,0,0,0,0,0,0,0,0,0,0,0,0,0,0,0,2,{  },{  },{  },0,0,0,0,0,0,2,38,47,0,0,0,{  },{  },{  },0,0,0,0,0,0,0,0,0,0,0,2,{  },{  },{  },0,0,0,0,0,0,0,0,0,0,0,2,{  },{  },{  },0,0,0,0,0,0,{  },1,0,0,0,0,0,0,0,0,0,2,{  },{  },{  },0,0,0,{  },{  },{  },{  },1,0,0,0,0,0,0,0,0,2,{  },{  },{  },0,0,0,0,0,0,0,0,0,0,0,0
arith/cvc5_bapa/fol_0000080.smt2,sat,0.029,0,0,20,26,0,0,0,0,17,3,3,3,7,35,0,{  },0,0,0,0,0,0,0,0,0,0,5,1,37,1,0,0,2,38,52,{  },{  },{  },,28,0,0,0,0,0,0,0,0,0,0,0,0,0,0,0,0,0,0,0,0,0,0,0,0,0,0,0,0,0,0,0,0,0,0,0,0,0,0,0,0,0,0,0,0,0,0,0,0,0,67,13,3480,3480,"{ ARITH_BB_LEMMA: 1, ARITH_CONF_SIMPLEX: 8, ARITH_DIO_CUT: 1, ARITH_LIA_STAR_EXISTS: 1, ARITH_LIA_STAR_NONNEGATIVE: 1, ARITH_LIA_STAR_SPLIT: 1, ARITH_ROW_IMPL: 1, ARITH_SPLIT_DEQ: 4 }","{ ArithPivotStep: 21, BvSatStep: 1, CnfStep: 45, DecisionStep: 24, LemmaStep: 11, PreprocessStep: 22, RewriteStep: 3203, SatConflictStep: 26, TheoryCheckStep: 104, TheoryFullCheckStep: 5 }",160,1,19,2,3,113,0,1,3,0,47,83,99,0,0,0,0,0,0,0,0,0,0,0,0,0,0,0,15,0,0,0,0,0,0,0,0,0,0,0,0,0,0,0,0,0,0,0,0,0,0,0,0,0,20,0,0,0,0,0,0,0,70,21,18,0,8,0,33,0,0,4,2,5,0,2,0,0,1,0,1,0,0,0,8,0,0,1,0,{ ARITH_CONF_SIMPLEX: 8 },{  },"{ ARITH_BB_LEMMA: 1, ARITH_DIO_CUT: 1, ARITH_LIA_STAR_EXISTS: 1, ARITH_LIA_STAR_NONNEGATIVE: 1, ARITH_LIA_STAR_SPLIT: 1, ARITH_ROW_IMPL: 1, ARITH_SPLIT_DEQ: 4 }",20,0,0,10,17,3,0,5,13,5,3,13,1,5,5,3,0,0,2,6,3,2,0,0,1,5,5,2,0,0,0,0,3,1,25,22,13,0,3,13,0,0,17,{  },{  },{  },0,0,0,0,0,0,0,1,0,18,0,0,0,0,0.0,6,0,37,0,0,0,0,27,8,5,0,7,0,0,0,0,0,0,0,0,0,0,0,0,0,0,0,0,0,0,0,0,0,0,0,0,0,0,0,0,0,0,0,0,0,0,0,0,0,0,0,0,0,0,0,0,0,0,nan,nan,nan,0,0,0,0,0,2,{  },{  },{  },0,0,0,0,0,0,0,2,0,0,0,0,0,0,0,0,0,0,0,0,0,0,2,0,0,0,0,0,0,0,0,0,0,0,0,2,{  },{  },{  },0,0,0,{  },0,0,0,0,0,{  },{  },{  },0,0,0,0,0,0,0,0,{  },{  },{  },0,0,50,0,0,0,0,5,0,0,2,0,0,0,0,0,0,0,2,{  },{  },{  },0,0,0,0,0,0,0,0,0,0,0,2,{  },{  },{  },0,0,0,0,0,0,0,0,0,0,0,2,{  },{  },{  },0,0,0,0,0,0,0,0,0,0,0,0,0,0,0,0,0,0,2,{  },{  },{  },0,0,0,0,0,0,2,38,52,0,0,0,{  },{  },{  },0,0,0,0,0,0,0,0,0,0,0,2,{  },{  },{  },0,0,0,0,0,0,0,0,0,0,0,2,{  },{  },{  },0,0,0,0,0,0,{  },1,0,0,0,0,0,0,0,0,0,2,{  },{  },{  },0,0,0,{  },{  },{  },{  },1,0,0,0,0,0,0,0,0,2,{  },{  },{  },0,0,0,0,0,0,0,0,0,0,0,0
arith/cvc5_bapa/fol_0000082.smt2,sat,0.029,0,0,20,26,0,0,0,0,17,3,3,3,11,29,0,{  },0,0,0,0,0,0,0,0,0,0,5,1,42,1,0,0,5,41,58,{  },{  },{  },,28,0,0,0,0,0,0,0,0,0,0,0,0,0,0,0,0,0,0,0,0,0,0,0,0,0,0,0,0,0,0,0,0,0,0,0,0,0,0,0,0,0,0,0,0,0,0,0,0,0,67,13,3462,3462,"{ ARITH_BB_LEMMA: 1, ARITH_CONF_SIMPLEX: 6, ARITH_DIO_CUT: 1, ARITH_LIA_STAR_EXISTS: 1, ARITH_LIA_STAR_NONNEGATIVE: 1, ARITH_LIA_STAR_SPLIT: 1, ARITH_ROW_IMPL: 3, ARITH_SPLIT_DEQ: 4 }","{ ArithPivotStep: 15, BvSatStep: 1, CnfStep: 47, DecisionStep: 28, LemmaStep: 12, PreprocessStep: 22, RewriteStep: 3176, SatConflictStep: 30, TheoryCheckStep: 108, TheoryFullCheckStep: 5 }",149,1,23,2,2,122,0,1,2,0,47,86,99,0,0,0,0,0,0,0,0,0,0,0,0,0,0,0,14,0,0,0,0,0,0,0,0,0,0,0,0,0,0,0,0,0,0,0,0,0,0,0,0,0,20,0,0,0,0,0,0,0,75,19,18,0,6,0,33,0,0,10,2,6,0,2,0,0,1,0,1,0,0,0,6,0,0,1,0,{ ARITH_CONF_SIMPLEX: 6 },{  },"{ ARITH_BB_LEMMA: 1, ARITH_DIO_CUT: 1, ARITH_LIA_STAR_EXISTS: 1, ARITH_LIA_STAR_NONNEGATIVE: 1, ARITH_LIA_STAR_SPLIT: 1, ARITH_ROW_IMPL: 3, ARITH_SPLIT_DEQ: 4 }",20,0,0,12,17,3,0,5,13,5,3,13,1,5,5,3,0,0,2,6,3,2,0,0,1,5,5,2,0,0,0,0,3,1,25,22,13,0,3,13,0,0,11,{  },{  },{  },0,0,0,0,0,0,0,1,0,18,0,0,0,0,0.0,5,0,42,0,0,0,0,21,6,3,0,5,0,0,0,0,0,0,0,0,0,0,0,0,0,0,0,0,0,0,0,0,0,0,0,0,0,0,0,0,0,0,0,0,0,0,0,0,0,0,0,0,0,0,0,0,0,0,nan,nan,nan,0,0,0,0,0,2,{  },{  },{  },0,0,0,0,0,0,0,2,0,0,0,0,0,0,0,0,0,0,0,0,0,0,2,0,0,0,0,0,0,0,0,0,0,0,0,2,{  },{  },{  },0,0,0,{  },0,0,0,0,0,{  },{  },{  },0,0,0,0,0,0,0,0,{  },{  },{  },0,0,53,0,0,0,0,5,0,0,2,0,0,0,0,0,0,0,2,{  },{  },{  },0,0,0,0,0,0,0,0,0,0,0,2,{  },{  },{  },0,0,0,0,0,0,0,0,0,0,0,2,{  },{  },{  },0,0,0,0,0,0,0,0,0,0,0,0,0,0,0,0,0,0,2,{  },{  },{  },0,0,0,0,0,0,5,41,58,0,0,0,{  },{  },{  },0,0,0,0,0,0,0,0,0,0,0,2,{  },{  },{  },0,0,0,0,0,0,0,0,0,0,0,2,{  },{  },{  },0,0,0,0,0,0,{  },1,0,0,0,0,0,0,0,0,0,2,{  },{  },{  },0,0,0,{  },{  },{  },{  },1,0,0,0,0,0,0,0,0,2,{  },{  },{  },0,0,0,0,0,0,0,0,0,0,0,0
arith/cvc5_bapa/fol_0000084.smt2,sat,0.054,0,0,34,44,0,0,0,0,24,5,3,4,5,72,0,{  },0,0,0,0,0,0,0,0,0,0,3,1,84,1,0,0,10,69,84,{  },{  },{  },,53,0,0,0,0,0,0,0,0,0,0,0,0,0,0,0,0,0,0,0,0,0,0,0,0,0,0,0,0,0,0,0,0,0,0,0,0,0,0,0,0,0,0,0,0,0,0,0,0,0,105,16,5255,5255,"{ ARITH_CONF_SIMPLEX: 10, ARITH_LIA_STAR_EXISTS: 1, ARITH_LIA_STAR_NONNEGATIVE: 1, ARITH_LIA_STAR_SPLIT: 1, ARITH_ROW_IMPL: 3, ARITH_SPLIT_DEQ: 9 }","{ ArithPivotStep: 27, BvSatStep: 1, CnfStep: 60, DecisionStep: 49, LemmaStep: 16, PreprocessStep: 26, RewriteStep: 4866, SatConflictStep: 51, TheoryCheckStep: 131, TheoryFullCheckStep: 3 }",256,2,46,4,5,221,0,1,5,0,63,166,129,0,0,0,0,0,0,0,0,0,0,0,0,0,0,0,18,0,0,0,0,0,0,0,0,0,0,0,0,0,0,0,0,0,0,0,0,0,0,0,0,0,34,0,0,0,0,0,0,0,135,53,43,0,10,0,53,0,0,12,5,7,0,0,0,0,0,0,0,0,0,0,10,0,0,0,0,{ ARITH_CONF_SIMPLEX: 10 },{  },"{ ARITH_LIA_STAR_EXISTS: 1, ARITH_LIA_STAR_NONNEGATIVE: 1, ARITH_LIA_STAR_SPLIT: 1, ARITH_ROW_IMPL: 3, ARITH_SPLIT_DEQ: 9 }",25,0,0,15,41,3,0,10,32,6,12,32,1,10,10,7,0,0,2,11,5,2,0,0,1,10,10,5,0,0,0,0,3,1,58,46,32,0,12,32,0,0,24,{  },{  },{  },0,0,0,0,0,0,0,0,0,47,0,0,0,0,0.0,10,0,84,0,0,0,0,46,10,5,0,5,0,0,0,0,0,0,0,0,0,0,0,0,0,0,0,0,0,0,0,0,0,0,0,0,0,0,0,0,0,0,0,0,0,0,0,0,0,0,0,0,0,0,0,0,0,0,nan,nan,nan,0,0,0,0,0,2,{  },{  },{  },0,0,0,0,0,0,0,2,0,0,0,0,0,0,0,0,0,0,0,0,0,0,2,0,0,0,0,0,0,0,0,0,0,0,0,2,{  },{  },{  },0,0,0,{  },0,0,0,0,0,{  },{  },{  },0,0,0,0,0,0,0,0,{  },{  },{  },0,0,111,0,0,0,0,3,0,0,2,0,0,0,0,0,0,0,2,{  },{  },{  },0,0,0,0,0,0,0,0,0,0,0,2,{  },{  },{  },0,0,0,0,0,0,0,0,0,0,0,2,{  },{  },{  },0,0,0,0,0,0,0,0,0,0,0,0,0,0,0,0,0,0,2,{  },{  },{  },0,0,0,0,0,0,10,69,84,0,0,0,{  },{  },{  },0,0,0,0,0,0,0,0,0,0,0,2,{  },{  },{  },0,0,0,0,0,0,0,0,0,0,0,2,{  },{  },{  },0,0,0,0,0,0,{  },1,0,0,0,0,0,0,0,0,0,2,{  },{  },{  },0,0,0,{  },{  },{  },{  },1,0,0,0,0,0,0,0,0,2,{  },{  },{  },0,0,0,0,0,0,0,0,0,0,0,0
arith/cvc5_bapa/fol_0000090.smt2,sat,0.031,0,0,20,27,0,0,0,0,11,3,3,2,2,21,0,{  },0,0,0,0,0,0,0,0,0,0,3,1,30,1,0,0,1,26,34,{  },{  },{  },,31,0,0,0,0,0,0,0,0,0,0,0,0,0,0,0,0,0,0,0,0,0,0,0,0,0,0,0,0,0,0,0,0,0,0,0,0,0,0,0,0,0,0,0,0,0,0,0,0,0,62,12,3050,3050,"{ ARITH_CONF_SIMPLEX: 4, ARITH_LIA_STAR_EXISTS: 1, ARITH_LIA_STAR_NONNEGATIVE: 1, ARITH_LIA_STAR_SPLIT: 1, ARITH_ROW_IMPL: 1, ARITH_SPLIT_DEQ: 4 }","{ ArithPivotStep: 13, BvSatStep: 1, CnfStep: 38, DecisionStep: 17, LemmaStep: 8, PreprocessStep: 22, RewriteStep: 2846, SatConflictStep: 19, TheoryCheckStep: 71, TheoryFullCheckStep: 3 }",139,1,14,0,1,92,0,1,1,0,38,63,81,0,0,0,0,0,0,0,0,0,0,0,0,0,0,0,13,0,0,0,0,0,0,0,0,0,0,0,0,0,0,0,0,0,0,0,0,0,0,0,0,0,20,0,0,0,0,0,0,0,57,13,19,0,4,0,22,0,0,3,2,5,0,0,0,0,0,0,0,0,0,0,4,0,0,0,0,{ ARITH_CONF_SIMPLEX: 4 },{  },"{ ARITH_LIA_STAR_EXISTS: 1, ARITH_LIA_STAR_NONNEGATIVE: 1, ARITH_LIA_STAR_SPLIT: 1, ARITH_ROW_IMPL: 1, ARITH_SPLIT_DEQ: 4 }",16,0,0,8,18,3,0,5,14,5,3,14,1,5,5,3,0,0,2,6,3,2,0,0,1,5,5,2,0,0,0,0,3,1,25,22,14,0,3,14,0,0,10,{  },{  },{  },0,0,0,0,0,0,0,0,0,16,0,0,0,0,0.0,4,0,30,0,0,0,0,20,4,2,0,2,0,0,0,0,0,0,0,0,0,0,0,0,0,0,0,0,0,0,0,0,0,0,0,0,0,0,0,0,0,0,0,0,0,0,0,0,0,0,0,0,0,0,0,0,0,0,nan,nan,nan,0,0,0,0,0,2,{  },{  },{  },0,0,0,0,0,0,0,2,0,0,0,0,0,0,0,0,0,0,0,0,0,0,2,0,0,0,0,0,0,0,0,0,0,0,0,2,{  },{  },{  },0,0,0,{  },0,0,0,0,0,{  },{  },{  },0,0,0,0,0,0,0,0,{  },{  },{  },0,0,40,0,0,0,0,3,0,0,2,0,0,0,0,0,0,0,2,{  },{  },{  },0,0,0,0,0,0,0,0,0,0,0,2,{  },{  },{  },0,0,0,0,0,0,0,0,0,0,0,2,{  },{  },{  },0,0,0,0,0,0,0,0,0,0,0,0,0,0,0,0,0,0,2,{  },{  },{  },0,0,0,0,0,0,1,26,34,0,0,0,{  },{  },{  },0,0,0,0,0,0,0,0,0,0,0,2,{  },{  },{  },0,0,0,0,0,0,0,0,0,0,0,2,{  },{  },{  },0,0,0,0,0,0,{  },1,0,0,0,0,0,0,0,0,0,2,{  },{  },{  },0,0,0,{  },{  },{  },{  },1,0,0,0,0,0,0,0,0,2,{  },{  },{  },0,0,0,0,0,0,0,0,0,0,0,0
arith/cvc5_bapa/fol_0000096.smt2,sat,0.052,0,0,33,42,0,0,0,0,26,5,3,4,5,86,0,{  },0,0,0,0,0,0,0,0,0,0,3,1,84,1,0,0,10,69,84,{  },{  },{  },,51,0,0,0,0,0,0,0,0,0,0,0,0,0,0,0,0,0,0,0,0,0,0,0,0,0,0,0,0,0,0,0,0,0,0,0,0,0,0,0,0,0,0,0,0,0,0,0,0,0,102,13,5189,5189,"{ ARITH_CONF_SIMPLEX: 12, ARITH_LIA_STAR_EXISTS: 1, ARITH_LIA_STAR_NONNEGATIVE: 1, ARITH_LIA_STAR_SPLIT: 1, ARITH_ROW_IMPL: 3, ARITH_SPLIT_DEQ: 9 }","{ ArithPivotStep: 24, BvSatStep: 1, CnfStep: 58, DecisionStep: 49, LemmaStep: 16, PreprocessStep: 23, RewriteStep: 4806, SatConflictStep: 51, TheoryCheckStep: 131, TheoryFullCheckStep: 3 }",260,2,46,4,5,218,0,1,5,0,63,166,129,0,0,0,0,0,0,0,0,0,0,0,0,0,0,0,16,0,0,0,0,0,0,0,0,0,0,0,0,0,0,0,0,0,0,0,0,0,0,0,0,0,33,0,0,0,0,0,0,0,132,53,41,0,12,0,53,0,0,12,5,6,0,0,0,0,0,0,0,0,0,0,12,0,0,0,0,{ ARITH_CONF_SIMPLEX: 12 },{  },"{ ARITH_LIA_STAR_EXISTS: 1, ARITH_LIA_STAR_NONNEGATIVE: 1, ARITH_LIA_STAR_SPLIT: 1, ARITH_ROW_IMPL: 3, ARITH_SPLIT_DEQ: 9 }",17,0,0,15,40,3,0,10,30,6,12,30,1,10,10,7,0,0,2,11,5,2,0,0,1,10,10,5,0,0,0,0,3,1,58,46,30,0,12,30,0,0,22,{  },{  },{  },0,0,0,0,0,0,0,0,0,47,0,0,0,0,0.0,10,0,84,0,0,0,0,43,12,7,0,7,0,0,0,0,0,0,0,0,0,0,0,0,0,0,0,0,0,0,0,0,0,0,0,0,0,0,0,0,0,0,0,0,0,0,0,0,0,0,0,0,0,0,0,0,0,0,nan,nan,nan,0,0,0,0,0,2,{  },{  },{  },0,0,0,0,0,0,0,2,0,0,0,0,0,0,0,0,0,0,0,0,0,0,2,0,0,0,0,0,0,0,0,0,0,0,0,2,{  },{  },{  },0,0,0,{  },0,0,0,0,0,{  },{  },{  },0,0,0,0,0,0,0,0,{  },{  },{  },0,0,111,0,0,0,0,3,0,0,2,0,0,0,0,0,0,0,2,{  },{  },{  },0,0,0,0,0,0,0,0,0,0,0,2,{  },{  },{  },0,0,0,0,0,0,0,0,0,0,0,2,{  },{  },{  },0,0,0,0,0,0,0,0,0,0,0,0,0,0,0,0,0,0,2,{  },{  },{  },0,0,0,0,0,0,10,69,84,0,0,0,{  },{  },{  },0,0,0,0,0,0,0,0,0,0,0,2,{  },{  },{  },0,0,0,0,0,0,0,0,0,0,0,2,{  },{  },{  },0,0,0,0,0,0,{  },1,0,0,0,0,0,0,0,0,0,2,{  },{  },{  },0,0,0,{  },{  },{  },{  },1,0,0,0,0,0,0,0,0,2,{  },{  },{  },0,0,0,0,0,0,0,0,0,0,0,0
arith/cvc5_bapa/fol_0000099.smt2,sat,0.058,0,0,34,43,0,0,0,0,25,5,3,4,9,64,0,{  },0,0,0,0,0,0,0,0,0,0,3,1,102,1,0,0,10,75,91,{  },{  },{  },,57,0,0,0,0,0,0,0,0,0,0,0,0,0,0,0,0,0,0,0,0,0,0,0,0,0,0,0,0,0,0,0,0,0,0,0,0,0,0,0,0,0,0,0,0,0,0,0,0,0,108,16,5399,5399,"{ ARITH_CONF_SIMPLEX: 10, ARITH_LIA_STAR_EXISTS: 1, ARITH_LIA_STAR_NONNEGATIVE: 1, ARITH_LIA_STAR_SPLIT: 1, ARITH_ROW_IMPL: 2, ARITH_SPLIT_DEQ: 11 }","{ ArithPivotStep: 27, BvSatStep: 1, CnfStep: 63, DecisionStep: 59, LemmaStep: 17, PreprocessStep: 26, RewriteStep: 4967, SatConflictStep: 61, TheoryCheckStep: 149, TheoryFullCheckStep: 3 }",258,3,56,4,6,254,0,1,6,0,63,184,129,0,0,0,0,0,0,0,0,0,0,0,0,0,0,0,18,0,0,0,0,0,0,0,0,0,0,0,0,0,0,0,0,0,0,0,0,0,0,0,0,0,34,0,0,0,0,0,0,0,152,69,44,0,10,0,59,0,0,15,5,7,0,0,0,0,0,0,0,0,0,0,10,0,0,0,0,{ ARITH_CONF_SIMPLEX: 10 },{  },"{ ARITH_LIA_STAR_EXISTS: 1, ARITH_LIA_STAR_NONNEGATIVE: 1, ARITH_LIA_STAR_SPLIT: 1, ARITH_ROW_IMPL: 2, ARITH_SPLIT_DEQ: 11 }",25,0,0,16,42,3,0,10,33,6,12,33,1,10,10,7,0,0,2,11,5,2,0,0,1,10,10,5,0,0,0,0,3,1,58,46,33,0,12,33,0,0,24,{  },{  },{  },0,0,0,0,0,0,0,0,0,60,0,0,0,0,0.0,10,0,102,0,0,0,0,47,10,5,0,5,0,0,0,0,0,0,0,0,0,0,0,0,0,0,0,0,0,0,0,0,0,0,0,0,0,0,0,0,0,0,0,0,0,0,0,0,0,0,0,0,0,0,0,0,0,0,nan,nan,nan,0,0,0,0,0,2,{  },{  },{  },0,0,0,0,0,0,0,2,0,0,0,0,0,0,0,0,0,0,0,0,0,0,2,0,0,0,0,0,0,0,0,0,0,0,0,2,{  },{  },{  },0,0,0,{  },0,0,0,0,0,{  },{  },{  },0,0,0,0,0,0,0,0,{  },{  },{  },0,0,123,0,0,0,0,3,0,0,2,0,0,0,0,0,0,0,2,{  },{  },{  },0,0,0,0,0,0,0,0,0,0,0,2,{  },{  },{  },0,0,0,0,0,0,0,0,0,0,0,2,{  },{  },{  },0,0,0,0,0,0,0,0,0,0,0,0,0,0,0,0,0,0,2,{  },{  },{  },0,0,0,0,0,0,10,75,91,0,0,0,{  },{  },{  },0,0,0,0,0,0,0,0,0,0,0,2,{  },{  },{  },0,0,0,0,0,0,0,0,0,0,0,2,{  },{  },{  },0,0,0,0,0,0,{  },1,0,0,0,0,0,0,0,0,0,2,{  },{  },{  },0,0,0,{  },{  },{  },{  },1,0,0,0,0,0,0,0,0,2,{  },{  },{  },0,0,0,0,0,0,0,0,0,0,0,0
arith/cvc5_bapa/fol_0000100.smt2,sat,0.055,0,0,35,44,0,0,0,0,24,5,3,4,9,63,0,{  },0,0,0,0,0,0,0,0,0,0,3,1,99,1,0,0,10,72,87,{  },{  },{  },,55,0,0,0,0,0,0,0,0,0,0,0,0,0,0,0,0,0,0,0,0,0,0,0,0,0,0,0,0,0,0,0,0,0,0,0,0,0,0,0,0,0,0,0,0,0,0,0,0,0,109,19,5430,5430,"{ ARITH_CONF_SIMPLEX: 10, ARITH_LIA_STAR_EXISTS: 1, ARITH_LIA_STAR_NONNEGATIVE: 1, ARITH_LIA_STAR_SPLIT: 1, ARITH_ROW_IMPL: 2, ARITH_SPLIT_DEQ: 10 }","{ ArithPivotStep: 32, BvSatStep: 1, CnfStep: 64, DecisionStep: 57, LemmaStep: 16, PreprocessStep: 29, RewriteStep: 4998, SatConflictStep: 59, TheoryCheckStep: 146, TheoryFullCheckStep: 3 }",254,2,54,4,5,240,0,1,5,0,63,175,129,0,0,0,0,0,0,0,0,0,0,0,0,0,0,0,20,0,0,0,0,0,0,0,0,0,0,0,0,0,0,0,0,0,0,0,0,0,0,0,0,0,35,0,0,0,0,0,0,0,148,61,41,0,10,0,56,0,0,12,5,8,0,0,0,0,0,0,0,0,0,0,10,0,0,0,0,{ ARITH_CONF_SIMPLEX: 10 },{  },"{ ARITH_LIA_STAR_EXISTS: 1, ARITH_LIA_STAR_NONNEGATIVE: 1, ARITH_LIA_STAR_SPLIT: 1, ARITH_ROW_IMPL: 2, ARITH_SPLIT_DEQ: 10 }",33,0,0,15,39,3,0,10,30,6,12,30,1,10,10,7,0,0,2,11,5,2,0,0,1,10,10,5,0,0,0,0,3,1,58,46,30,0,12,30,0,0,28,{  },{  },{  },0,0,0,0,0,0,0,0,0,53,0,0,0,0,0.0,10,0,99,0,0,0,0,49,10,5,0,6,0,0,0,0,0,0,0,0,0,0,0,0,0,0,0,0,0,0,0,0,0,0,0,0,0,0,0,0,0,0,0,0,0,0,0,0,0,0,0,0,0,0,0,0,0,0,nan,nan,nan,0,0,0,0,0,2,{  },{  },{  },0,0,0,0,0,0,0,2,0,0,0,0,0,0,0,0,0,0,0,0,0,0,2,0,0,0,0,0,0,0,0,0,0,0,0,2,{  },{  },{  },0,0,0,{  },0,0,0,0,0,{  },{  },{  },0,0,0,0,0,0,0,0,{  },{  },{  },0,0,117,0,0,0,0,3,0,0,2,0,0,0,0,0,0,0,2,{  },{  },{  },0,0,0,0,0,0,0,0,0,0,0,2,{  },{  },{  },0,0,0,0,0,0,0,0,0,0,0,2,{  },{  },{  },0,0,0,0,0,0,0,0,0,0,0,0,0,0,0,0,0,0,2,{  },{  },{  },0,0,0,0,0,0,10,72,87,0,0,0,{  },{  },{  },0,0,0,0,0,0,0,0,0,0,0,2,{  },{  },{  },0,0,0,0,0,0,0,0,0,0,0,2,{  },{  },{  },0,0,0,0,0,0,{  },1,0,0,0,0,0,0,0,0,0,2,{  },{  },{  },0,0,0,{  },{  },{  },{  },1,0,0,0,0,0,0,0,0,2,{  },{  },{  },0,0,0,0,0,0,0,0,0,0,0,0
arith/cvc5_bapa/fol_0000101.smt2,sat,0.009,0,0,14,18,0,0,0,0,6,6,2,0,1,5,0,{  },0,0,0,0,0,0,0,0,0,0,2,1,13,1,0,0,2,14,19,{  },{  },{  },,8,0,0,0,0,0,0,0,0,0,0,0,0,0,0,0,0,0,0,0,0,0,0,0,0,0,0,0,0,0,0,0,0,0,0,0,0,0,0,0,0,0,0,0,0,0,0,0,0,0,40,16,2391,2391,"{ ARITH_CONF_SIMPLEX: 1, ARITH_LIA_STAR_NONNEGATIVE: 1, ARITH_LIA_STAR_SPLIT: 1, ARITH_ROW_IMPL: 3, ARITH_SPLIT_DEQ: 1 }","{ ArithPivotStep: 10, BvSatStep: 1, CnfStep: 45, DecisionStep: 8, LemmaStep: 5, PreprocessStep: 26, RewriteStep: 2238, SatConflictStep: 10, TheoryCheckStep: 39, TheoryFullCheckStep: 2 }",53,0,6,0,0,42,0,1,0,0,15,25,30,0,0,0,0,0,0,0,0,0,0,0,0,0,0,0,15,0,0,0,0,0,0,0,0,0,0,0,0,0,0,0,0,0,0,0,0,0,0,0,0,0,14,0,0,0,0,0,0,0,30,5,0,0,1,0,7,0,0,2,4,10,0,0,0,0,0,0,0,0,0,0,1,0,0,0,0,{ ARITH_CONF_SIMPLEX: 1 },{  },"{ ARITH_LIA_STAR_NONNEGATIVE: 1, ARITH_LIA_STAR_SPLIT: 1, ARITH_ROW_IMPL: 3, ARITH_SPLIT_DEQ: 1 }",25,0,0,6,0,2,0,0,0,0,0,0,0,0,0,0,0,0,0,0,0,1,1,0,0,0,0,0,0,0,0,0,2,0,0,0,0,0,0,0,0,0,7,{  },{  },{  },0,0,0,0,0,0,0,0,0,5,0,0,0,0,0.0,1,0,13,0,0,0,0,13,1,1,0,1,0,0,0,0,0,0,0,0,0,0,0,0,0,0,0,0,0,0,0,0,0,0,0,0,0,0,0,0,0,0,0,0,0,0,0,0,0,0,0,0,0,0,0,0,0,0,nan,nan,nan,0,0,0,0,0,2,{  },{  },{  },0,0,0,0,0,0,0,2,0,0,0,0,0,0,0,0,0,0,0,0,0,0,2,0,0,0,0,0,0,0,0,0,0,0,0,2,{  },{  },{  },0,0,0,{  },0,0,0,0,0,{  },{  },{  },0,0,0,0,0,0,0,0,{  },{  },{  },0,0,15,0,0,0,0,2,0,0,2,0,0,0,0,0,0,0,2,{  },{  },{  },0,0,0,0,0,0,0,0,0,0,0,2,{  },{  },{  },0,0,0,0,0,0,0,0,0,0,0,2,{  },{  },{  },0,0,0,0,0,0,0,0,0,0,0,0,0,0,0,0,0,0,2,{  },{  },{  },0,0,0,0,0,0,2,14,19,0,0,0,{  },{  },{  },0,0,0,0,0,0,0,0,0,0,0,2,{  },{  },{  },0,0,0,0,0,0,0,0,0,0,0,2,{  },{  },{  },0,0,0,0,0,0,{  },1,0,0,0,0,0,0,0,0,0,2,{  },{  },{  },0,0,0,{  },{  },{  },{  },1,0,0,0,0,0,0,0,0,2,{  },{  },{  },0,0,0,0,0,0,0,0,0,0,0,0
arith/cvc5_bapa/fol_0000102.smt2,sat,0.048,0,0,35,45,0,0,0,0,25,5,3,4,9,64,0,{  },0,0,0,0,0,0,0,0,0,0,3,1,102,1,0,0,10,75,91,{  },{  },{  },,47,0,0,0,0,0,0,0,0,0,0,0,0,0,0,0,0,0,0,0,0,0,0,0,0,0,0,0,0,0,0,0,0,0,0,0,0,0,0,0,0,0,0,0,0,0,0,0,0,0,111,19,5501,5501,"{ ARITH_CONF_SIMPLEX: 10, ARITH_LIA_STAR_EXISTS: 1, ARITH_LIA_STAR_NONNEGATIVE: 1, ARITH_LIA_STAR_SPLIT: 1, ARITH_ROW_IMPL: 2, ARITH_SPLIT_DEQ: 11 }","{ ArithPivotStep: 31, BvSatStep: 1, CnfStep: 65, DecisionStep: 59, LemmaStep: 17, PreprocessStep: 29, RewriteStep: 5060, SatConflictStep: 61, TheoryCheckStep: 149, TheoryFullCheckStep: 3 }",258,3,56,4,6,257,0,1,6,0,63,184,129,0,0,0,0,0,0,0,0,0,0,0,0,0,0,0,20,0,0,0,0,0,0,0,0,0,0,0,0,0,0,0,0,0,0,0,0,0,0,0,0,0,35,0,0,0,0,0,0,0,155,69,42,0,10,0,59,0,0,15,5,8,0,0,0,0,0,0,0,0,0,0,10,0,0,0,0,{ ARITH_CONF_SIMPLEX: 10 },{  },"{ ARITH_LIA_STAR_EXISTS: 1, ARITH_LIA_STAR_NONNEGATIVE: 1, ARITH_LIA_STAR_SPLIT: 1, ARITH_ROW_IMPL: 2, ARITH_SPLIT_DEQ: 11 }",33,0,0,16,40,3,0,10,31,6,12,31,1,10,10,7,0,0,2,11,5,2,0,0,1,10,10,5,0,0,0,0,3,1,58,46,31,0,12,31,0,0,27,{  },{  },{  },0,0,0,0,0,0,0,0,0,60,0,0,0,0,0.0,10,0,102,0,0,0,0,50,10,5,0,5,0,0,0,0,0,0,0,0,0,0,0,0,0,0,0,0,0,0,0,0,0,0,0,0,0,0,0,0,0,0,0,0,0,0,0,0,0,0,0,0,0,0,0,0,0,0,nan,nan,nan,0,0,0,0,0,2,{  },{  },{  },0,0,0,0,0,0,0,2,0,0,0,0,0,0,0,0,0,0,0,0,0,0,2,0,0,0,0,0,0,0,0,0,0,0,0,2,{  },{  },{  },0,0,0,{  },0,0,0,0,0,{  },{  },{  },0,0,0,0,0,0,0,0,{  },{  },{  },0,0,123,0,0,0,0,3,0,0,2,0,0,0,0,0,0,0,2,{  },{  },{  },0,0,0,0,0,0,0,0,0,0,0,2,{  },{  },{  },0,0,0,0,0,0,0,0,0,0,0,2,{  },{  },{  },0,0,0,0,0,0,0,0,0,0,0,0,0,0,0,0,0,0,2,{  },{  },{  },0,0,0,0,0,0,10,75,91,0,0,0,{  },{  },{  },0,0,0,0,0,0,0,0,0,0,0,2,{  },{  },{  },0,0,0,0,0,0,0,0,0,0,0,2,{  },{  },{  },0,0,0,0,0,0,{  },1,0,0,0,0,0,0,0,0,0,2,{  },{  },{  },0,0,0,{  },{  },{  },{  },1,0,0,0,0,0,0,0,0,2,{  },{  },{  },0,0,0,0,0,0,0,0,0,0,0,0
arith/cvc5_bapa/fol_0000103.smt2,sat,0.052,0,0,34,43,0,0,0,0,25,5,3,4,9,64,0,{  },0,0,0,0,0,0,0,0,0,0,3,1,102,1,0,0,11,76,91,{  },{  },{  },,52,0,0,0,0,0,0,0,0,0,0,0,0,0,0,0,0,0,0,0,0,0,0,0,0,0,0,0,0,0,0,0,0,0,0,0,0,0,0,0,0,0,0,0,0,0,0,0,0,0,109,17,5435,5435,"{ ARITH_CONF_SIMPLEX: 10, ARITH_LIA_STAR_EXISTS: 1, ARITH_LIA_STAR_NONNEGATIVE: 1, ARITH_LIA_STAR_SPLIT: 1, ARITH_ROW_IMPL: 2, ARITH_SPLIT_DEQ: 11 }","{ ArithPivotStep: 28, BvSatStep: 1, CnfStep: 63, DecisionStep: 59, LemmaStep: 17, PreprocessStep: 26, RewriteStep: 5002, SatConflictStep: 61, TheoryCheckStep: 149, TheoryFullCheckStep: 3 }",258,3,56,4,6,255,0,1,6,0,63,184,129,0,0,0,0,0,0,0,0,0,0,0,0,0,0,0,19,0,0,0,0,0,0,0,0,0,0,0,0,0,0,0,0,0,0,0,0,0,0,0,0,0,34,0,0,0,0,0,0,0,153,69,42,0,10,0,59,0,0,16,5,8,0,0,0,0,0,0,0,0,0,0,10,0,0,0,0,{ ARITH_CONF_SIMPLEX: 10 },{  },"{ ARITH_LIA_STAR_EXISTS: 1, ARITH_LIA_STAR_NONNEGATIVE: 1, ARITH_LIA_STAR_SPLIT: 1, ARITH_ROW_IMPL: 2, ARITH_SPLIT_DEQ: 11 }",29,0,0,16,40,3,0,10,30,6,12,31,1,10,10,7,0,0,2,11,5,2,0,0,1,10,10,5,0,0,0,0,3,1,58,46,31,0,12,31,0,0,25,{  },{  },{  },0,0,0,0,0,0,0,0,0,60,0,0,0,0,0.0,10,0,102,0,0,0,0,48,10,5,0,5,0,0,0,0,0,0,0,0,0,0,0,0,0,0,0,0,0,0,0,0,0,0,0,0,0,0,0,0,0,0,0,0,0,0,0,0,0,0,0,0,0,0,0,0,0,0,nan,nan,nan,0,0,0,0,0,2,{  },{  },{  },0,0,0,0,0,0,0,2,0,0,0,0,0,0,0,0,0,0,0,0,0,0,2,0,0,0,0,0,0,0,0,0,0,0,0,2,{  },{  },{  },0,0,0,{  },0,0,0,0,0,{  },{  },{  },0,0,0,0,0,0,0,0,{  },{  },{  },0,0,123,0,0,0,0,3,0,0,2,0,0,0,0,0,0,0,2,{  },{  },{  },0,0,0,0,0,0,0,0,0,0,0,2,{  },{  },{  },0,0,0,0,0,0,0,0,0,0,0,2,{  },{  },{  },0,0,0,0,0,0,0,0,0,0,0,0,0,0,0,0,0,0,2,{  },{  },{  },0,0,0,0,0,0,11,76,91,0,0,0,{  },{  },{  },0,0,0,0,0,0,0,0,0,0,0,2,{  },{  },{  },0,0,0,0,0,0,0,0,0,0,0,2,{  },{  },{  },0,0,0,0,0,0,{  },1,0,0,0,0,0,0,0,0,0,2,{  },{  },{  },0,0,0,{  },{  },{  },{  },1,0,0,0,0,0,0,0,0,2,{  },{  },{  },0,0,0,0,0,0,0,0,0,0,0,0
arith/cvc5_bapa/fol_0000104.smt2,sat,0.058,0,0,35,44,0,0,0,0,26,5,3,4,9,71,0,{  },0,0,0,0,0,0,0,0,0,0,3,1,105,1,0,0,10,76,92,{  },{  },{  },,58,0,0,0,0,0,0,0,0,0,0,0,0,0,0,0,0,0,0,0,0,0,0,0,0,0,0,0,0,0,0,0,0,0,0,0,0,0,0,0,0,0,0,0,0,0,0,0,0,0,111,19,5554,5554,"{ ARITH_CONF_SIMPLEX: 11, ARITH_LIA_STAR_EXISTS: 1, ARITH_LIA_STAR_NONNEGATIVE: 1, ARITH_LIA_STAR_SPLIT: 1, ARITH_ROW_IMPL: 2, ARITH_SPLIT_DEQ: 11 }","{ ArithPivotStep: 33, BvSatStep: 1, CnfStep: 66, DecisionStep: 60, LemmaStep: 17, PreprocessStep: 29, RewriteStep: 5104, SatConflictStep: 62, TheoryCheckStep: 152, TheoryFullCheckStep: 3 }",260,3,57,4,6,263,0,1,6,0,63,187,129,0,0,0,0,0,0,0,0,0,0,0,0,0,0,0,20,0,0,0,0,0,0,0,0,0,0,0,0,0,0,0,0,0,0,0,0,0,0,0,0,0,35,0,0,0,0,0,0,0,159,73,44,0,11,0,60,0,0,16,5,8,0,0,0,0,0,0,0,0,0,0,11,0,0,0,0,{ ARITH_CONF_SIMPLEX: 11 },{  },"{ ARITH_LIA_STAR_EXISTS: 1, ARITH_LIA_STAR_NONNEGATIVE: 1, ARITH_LIA_STAR_SPLIT: 1, ARITH_ROW_IMPL: 2, ARITH_SPLIT_DEQ: 11 }",33,0,0,16,42,3,0,10,33,6,12,33,1,10,10,7,0,0,2,11,5,2,0,0,1,10,10,5,0,0,0,0,3,1,58,46,33,0,12,33,0,0,29,{  },{  },{  },0,0,0,0,0,0,0,0,0,64,0,0,0,0,0.0,10,0,105,0,0,0,0,51,11,6,0,7,0,0,0,0,0,0,0,0,0,0,0,0,0,0,0,0,0,0,0,0,0,0,0,0,0,0,0,0,0,0,0,0,0,0,0,0,0,0,0,0,0,0,0,0,0,0,nan,nan,nan,0,0,0,0,0,2,{  },{  },{  },0,0,0,0,0,0,0,2,0,0,0,0,0,0,0,0,0,0,0,0,0,0,2,0,0,0,0,0,0,0,0,0,0,0,0,2,{  },{  },{  },0,0,0,{  },0,0,0,0,0,{  },{  },{  },0,0,0,0,0,0,0,0,{  },{  },{  },0,0,125,0,0,0,0,3,0,0,2,0,0,0,0,0,0,0,2,{  },{  },{  },0,0,0,0,0,0,0,0,0,0,0,2,{  },{  },{  },0,0,0,0,0,0,0,0,0,0,0,2,{  },{  },{  },0,0,0,0,0,0,0,0,0,0,0,0,0,0,0,0,0,0,2,{  },{  },{  },0,0,0,0,0,0,10,76,92,0,0,0,{  },{  },{  },0,0,0,0,0,0,0,0,0,0,0,2,{  },{  },{  },0,0,0,0,0,0,0,0,0,0,0,2,{  },{  },{  },0,0,0,0,0,0,{  },1,0,0,0,0,0,0,0,0,0,2,{  },{  },{  },0,0,0,{  },{  },{  },{  },1,0,0,0,0,0,0,0,0,2,{  },{  },{  },0,0,0,0,0,0,0,0,0,0,0,0
arith/cvc5_bapa/fol_0000105.smt2,sat,0.059,0,0,34,43,0,0,0,0,28,5,3,4,8,77,0,{  },0,0,0,0,0,0,0,0,0,0,3,1,100,1,0,0,12,76,96,{  },{  },{  },,58,0,0,0,0,0,0,0,0,0,0,0,0,0,0,0,0,0,0,0,0,0,0,0,0,0,0,0,0,0,0,0,0,0,0,0,0,0,0,0,0,0,0,0,0,0,0,0,0,0,111,17,5665,5665,"{ ARITH_CONF_SIMPLEX: 11, ARITH_LIA_STAR_EXISTS: 1, ARITH_LIA_STAR_NONNEGATIVE: 1, ARITH_LIA_STAR_SPLIT: 1, ARITH_ROW_IMPL: 3, ARITH_SPLIT_DEQ: 12 }","{ ArithPivotStep: 44, BvSatStep: 1, CnfStep: 64, DecisionStep: 58, LemmaStep: 17, PreprocessStep: 26, RewriteStep: 5216, SatConflictStep: 60, TheoryCheckStep: 147, TheoryFullCheckStep: 3 }",270,3,55,24,9,263,0,1,7,0,63,183,129,0,0,0,0,0,0,0,0,0,0,0,0,0,0,0,19,0,0,0,0,0,0,0,0,0,0,0,0,0,0,0,0,0,0,0,0,0,0,0,0,0,34,0,0,0,0,0,0,0,156,77,45,0,11,0,58,0,0,19,5,7,0,0,0,0,0,0,0,0,0,0,11,1,0,0,0,{ ARITH_CONF_SIMPLEX: 11 },{  },"{ ARITH_LIA_STAR_EXISTS: 1, ARITH_LIA_STAR_NONNEGATIVE: 1, ARITH_LIA_STAR_SPLIT: 1, ARITH_ROW_IMPL: 3, ARITH_SPLIT_DEQ: 12 }",29,0,0,18,42,3,0,10,33,6,12,33,1,10,10,7,0,0,2,11,5,2,0,0,1,10,10,5,0,0,0,0,3,1,58,46,33,0,12,33,0,1,40,{  },{  },{  },0,0,0,0,0,0,0,0,0,62,0,0,0,0,0.0,10,0,100,0,0,0,0,64,11,6,0,7,0,0,0,0,0,0,0,0,0,0,0,0,0,0,0,0,0,0,0,0,0,0,0,0,0,0,0,0,0,0,0,0,0,0,0,0,0,0,0,0,0,0,0,0,1,0,nan,nan,nan,0,0,0,0,0,2,{  },{  },{  },0,0,0,0,0,0,0,2,0,0,0,0,0,0,0,0,0,0,0,0,0,0,2,0,0,0,0,0,0,0,0,0,0,0,0,2,{  },{  },{  },0,0,0,{  },0,0,0,0,0,{  },{  },{  },0,0,0,0,0,0,0,0,{  },{  },{  },0,0,123,0,0,0,0,3,0,0,2,0,0,0,0,0,0,0,2,{  },{  },{  },0,0,0,0,0,0,0,0,0,0,0,2,{  },{  },{  },0,0,0,0,0,0,0,0,0,0,0,2,{  },{  },{  },0,0,0,0,0,0,0,0,0,0,0,0,0,0,0,0,0,0,2,{  },{  },{  },0,0,0,0,0,0,12,76,96,0,0,0,{  },{  },{  },0,0,0,0,0,0,0,0,0,0,0,2,{  },{  },{  },0,0,0,0,0,0,0,0,0,0,0,2,{  },{  },{  },0,0,0,0,0,0,{  },1,0,0,0,0,0,0,0,0,0,2,{  },{  },{  },0,0,0,{  },{  },{  },{  },1,0,0,0,0,0,0,0,0,2,{  },{  },{  },0,0,0,0,0,0,0,0,0,0,0,0
arith/cvc5_bapa/fol_0000106.smt2,sat,0.057,0,0,34,43,0,0,0,0,36,5,3,5,11,86,0,{  },0,0,0,0,0,0,0,0,0,0,3,1,122,1,0,0,11,82,99,{  },{  },{  },,57,0,0,0,0,0,0,0,0,0,0,0,0,0,0,0,0,0,0,0,0,0,0,0,0,0,0,0,0,0,0,0,0,0,0,0,0,0,0,0,0,0,0,0,0,0,0,0,0,0,111,17,6085,6085,"{ ARITH_CONF_SIMPLEX: 20, ARITH_LIA_STAR_EXISTS: 1, ARITH_LIA_STAR_NONNEGATIVE: 1, ARITH_LIA_STAR_SPLIT: 1, ARITH_ROW_IMPL: 2, ARITH_SPLIT_DEQ: 12 }","{ ArithPivotStep: 52, BvSatStep: 1, CnfStep: 73, DecisionStep: 71, LemmaStep: 18, PreprocessStep: 26, RewriteStep: 5561, SatConflictStep: 73, TheoryCheckStep: 170, TheoryFullCheckStep: 3 }",291,3,68,4,6,293,0,1,6,0,63,206,129,0,0,0,0,0,0,0,0,0,0,0,0,0,0,0,19,0,0,0,0,0,0,0,0,0,0,0,0,0,0,0,0,0,0,0,0,0,0,0,0,0,34,0,0,0,0,0,0,0,171,95,43,0,20,0,65,0,0,18,5,8,0,0,0,0,0,0,0,0,0,0,20,1,0,0,0,{ ARITH_CONF_SIMPLEX: 20 },{  },"{ ARITH_LIA_STAR_EXISTS: 1, ARITH_LIA_STAR_NONNEGATIVE: 1, ARITH_LIA_STAR_SPLIT: 1, ARITH_ROW_IMPL: 2, ARITH_SPLIT_DEQ: 12 }",29,0,0,17,41,3,0,10,31,6,12,31,1,10,10,7,0,0,2,11,5,2,0,0,1,10,10,5,0,0,0,0,3,1,58,46,31,0,12,32,0,1,48,{  },{  },{  },0,0,0,0,0,0,0,0,0,77,0,0,0,0,0.0,11,0,122,0,0,0,0,76,20,13,0,25,0,0,0,0,0,0,0,0,0,0,0,0,0,0,0,0,0,0,0,0,0,0,0,0,0,0,0,0,0,0,0,0,0,0,0,0,0,0,0,0,0,0,0,0,1,0,nan,nan,nan,0,0,0,0,0,2,{  },{  },{  },0,0,0,0,0,0,0,2,0,0,0,0,0,0,0,0,0,0,0,0,0,0,2,0,0,0,0,0,0,0,0,0,0,0,0,2,{  },{  },{  },0,0,0,{  },0,0,0,0,0,{  },{  },{  },0,0,0,0,0,0,0,0,{  },{  },{  },0,0,139,0,0,0,0,3,0,0,2,0,0,0,0,0,0,0,2,{  },{  },{  },0,0,0,0,0,0,0,0,0,0,0,2,{  },{  },{  },0,0,0,0,0,0,0,0,0,0,0,2,{  },{  },{  },0,0,0,0,0,0,0,0,0,0,0,0,0,0,0,0,0,0,2,{  },{  },{  },0,0,0,0,0,0,11,82,99,0,0,0,{  },{  },{  },0,0,0,0,0,0,0,0,0,0,0,2,{  },{  },{  },0,0,0,0,0,0,0,0,0,0,0,2,{  },{  },{  },0,0,0,0,0,0,{  },1,0,0,0,0,0,0,0,0,0,2,{  },{  },{  },0,0,0,{  },{  },{  },{  },1,0,0,0,0,0,0,0,0,2,{  },{  },{  },0,0,0,0,0,0,0,0,0,0,0,0
arith/cvc5_bapa/fol_0000108.smt2,sat,0.032,0,0,21,27,0,0,0,0,25,3,3,3,22,63,0,{  },0,0,0,0,0,0,0,0,0,0,7,1,60,1,0,0,5,50,71,{  },{  },{  },,32,0,0,0,0,0,0,0,0,0,0,0,0,0,0,0,0,0,0,0,0,0,0,0,0,0,0,0,0,0,0,0,0,0,0,0,0,0,0,0,0,0,0,0,0,0,0,0,0,0,73,15,3746,3746,"{ ARITH_BB_LEMMA: 1, ARITH_CONF_SIMPLEX: 12, ARITH_DIO_CUT: 3, ARITH_LIA_STAR_EXISTS: 1, ARITH_LIA_STAR_NONNEGATIVE: 1, ARITH_LIA_STAR_SPLIT: 1, ARITH_ROW_IMPL: 2, ARITH_SPLIT_DEQ: 5 }","{ ArithPivotStep: 27, BvSatStep: 1, CnfStep: 58, DecisionStep: 41, LemmaStep: 11, PreprocessStep: 25, RewriteStep: 3357, SatConflictStep: 43, TheoryCheckStep: 150, TheoryFullCheckStep: 7 }",168,1,34,3,3,153,0,1,3,0,55,95,111,0,0,0,0,0,0,0,0,0,0,0,0,0,0,0,15,0,0,0,0,0,0,0,0,0,0,0,0,0,0,0,0,0,0,0,0,0,0,0,0,0,21,0,0,0,0,0,0,0,94,30,19,0,12,0,42,0,0,10,2,6,0,4,0,0,3,0,3,0,0,0,12,0,0,1,0,{ ARITH_CONF_SIMPLEX: 12 },{  },"{ ARITH_BB_LEMMA: 1, ARITH_DIO_CUT: 3, ARITH_LIA_STAR_EXISTS: 1, ARITH_LIA_STAR_NONNEGATIVE: 1, ARITH_LIA_STAR_SPLIT: 1, ARITH_ROW_IMPL: 2, ARITH_SPLIT_DEQ: 5 }",24,0,0,14,18,3,0,5,13,5,3,14,1,5,5,3,0,0,2,6,3,2,0,0,1,5,5,2,0,0,0,0,3,1,25,22,14,0,3,14,0,0,20,{  },{  },{  },0,0,0,0,0,0,0,1,0,30,0,0,0,0,0.0,5,0,60,0,0,0,0,31,12,7,0,10,0,0,0,0,0,0,0,0,0,0,0,0,0,0,0,0,0,0,0,0,0,0,0,0,0,0,0,0,0,0,0,0,0,0,0,0,0,0,0,0,0,0,0,0,0,0,nan,nan,nan,0,0,0,0,0,2,{  },{  },{  },0,0,0,0,0,0,0,2,0,0,0,0,0,0,0,0,0,0,0,0,0,0,2,0,0,0,0,0,0,0,0,0,0,0,0,2,{  },{  },{  },0,0,0,{  },0,0,0,0,0,{  },{  },{  },0,0,0,0,0,0,0,0,{  },{  },{  },0,0,59,0,0,0,0,7,0,0,2,0,0,0,0,0,0,0,2,{  },{  },{  },0,0,0,0,0,0,0,0,0,0,0,2,{  },{  },{  },0,0,0,0,0,0,0,0,0,0,0,2,{  },{  },{  },0,0,0,0,0,0,0,0,0,0,0,0,0,0,0,0,0,0,2,{  },{  },{  },0,0,0,0,0,0,5,50,71,0,0,0,{  },{  },{  },0,0,0,0,0,0,0,0,0,0,0,2,{  },{  },{  },0,0,0,0,0,0,0,0,0,0,0,2,{  },{  },{  },0,0,0,0,0,0,{  },1,0,0,0,0,0,0,0,0,0,2,{  },{  },{  },0,0,0,{  },{  },{  },{  },1,0,0,0,0,0,0,0,0,2,{  },{  },{  },0,0,0,0,0,0,0,0,0,0,0,0
arith/cvc5_bapa/fol_0000109.smt2,sat,0.055,0,0,33,42,0,0,0,0,25,5,3,4,9,69,0,{  },0,0,0,0,0,0,0,0,0,0,3,1,95,1,0,0,10,72,87,{  },{  },{  },,54,0,0,0,0,0,0,0,0,0,0,0,0,0,0,0,0,0,0,0,0,0,0,0,0,0,0,0,0,0,0,0,0,0,0,0,0,0,0,0,0,0,0,0,0,0,0,0,0,0,105,14,5326,5326,"{ ARITH_CONF_SIMPLEX: 10, ARITH_LIA_STAR_EXISTS: 1, ARITH_LIA_STAR_NONNEGATIVE: 1, ARITH_LIA_STAR_SPLIT: 1, ARITH_ROW_IMPL: 3, ARITH_SPLIT_DEQ: 10 }","{ ArithPivotStep: 29, BvSatStep: 1, CnfStep: 58, DecisionStep: 57, LemmaStep: 16, PreprocessStep: 23, RewriteStep: 4912, SatConflictStep: 59, TheoryCheckStep: 142, TheoryFullCheckStep: 3 }",258,2,54,4,5,236,0,1,5,0,63,175,129,0,0,0,0,0,0,0,0,0,0,0,0,0,0,0,17,0,0,0,0,0,0,0,0,0,0,0,0,0,0,0,0,0,0,0,0,0,0,0,0,0,33,0,0,0,0,0,0,0,143,66,43,0,10,0,56,0,0,12,5,7,0,0,0,0,0,0,0,0,0,0,10,0,0,0,0,{ ARITH_CONF_SIMPLEX: 10 },{  },"{ ARITH_LIA_STAR_EXISTS: 1, ARITH_LIA_STAR_NONNEGATIVE: 1, ARITH_LIA_STAR_SPLIT: 1, ARITH_ROW_IMPL: 3, ARITH_SPLIT_DEQ: 10 }",21,0,0,16,42,3,0,10,32,6,12,32,1,10,10,7,0,0,2,11,5,2,0,0,1,10,10,5,0,0,0,0,3,1,58,46,32,0,12,32,0,0,26,{  },{  },{  },0,0,0,0,0,0,0,0,0,53,0,0,0,0,0.0,10,0,95,0,0,0,0,49,10,5,0,6,0,0,0,0,0,0,0,0,0,0,0,0,0,0,0,0,0,0,0,0,0,0,0,0,0,0,0,0,0,0,0,0,0,0,0,0,0,0,0,0,0,0,0,0,0,0,nan,nan,nan,0,0,0,0,0,2,{  },{  },{  },0,0,0,0,0,0,0,2,0,0,0,0,0,0,0,0,0,0,0,0,0,0,2,0,0,0,0,0,0,0,0,0,0,0,0,2,{  },{  },{  },0,0,0,{  },0,0,0,0,0,{  },{  },{  },0,0,0,0,0,0,0,0,{  },{  },{  },0,0,117,0,0,0,0,3,0,0,2,0,0,0,0,0,0,0,2,{  },{  },{  },0,0,0,0,0,0,0,0,0,0,0,2,{  },{  },{  },0,0,0,0,0,0,0,0,0,0,0,2,{  },{  },{  },0,0,0,0,0,0,0,0,0,0,0,0,0,0,0,0,0,0,2,{  },{  },{  },0,0,0,0,0,0,10,72,87,0,0,0,{  },{  },{  },0,0,0,0,0,0,0,0,0,0,0,2,{  },{  },{  },0,0,0,0,0,0,0,0,0,0,0,2,{  },{  },{  },0,0,0,0,0,0,{  },1,0,0,0,0,0,0,0,0,0,2,{  },{  },{  },0,0,0,{  },{  },{  },{  },1,0,0,0,0,0,0,0,0,2,{  },{  },{  },0,0,0,0,0,0,0,0,0,0,0,0
arith/cvc5_bapa/fol_0000113.smt2,sat,0.032,0,0,21,29,0,0,0,0,11,3,3,2,2,21,0,{  },0,0,0,0,0,0,0,0,0,0,3,1,30,1,0,0,1,26,34,{  },{  },{  },,31,0,0,0,0,0,0,0,0,0,0,0,0,0,0,0,0,0,0,0,0,0,0,0,0,0,0,0,0,0,0,0,0,0,0,0,0,0,0,0,0,0,0,0,0,0,0,0,0,0,65,15,3212,3212,"{ ARITH_CONF_SIMPLEX: 4, ARITH_LIA_STAR_EXISTS: 1, ARITH_LIA_STAR_NONNEGATIVE: 1, ARITH_LIA_STAR_SPLIT: 1, ARITH_ROW_IMPL: 1, ARITH_SPLIT_DEQ: 4 }","{ ArithPivotStep: 19, BvSatStep: 1, CnfStep: 42, DecisionStep: 17, LemmaStep: 8, PreprocessStep: 25, RewriteStep: 2995, SatConflictStep: 19, TheoryCheckStep: 71, TheoryFullCheckStep: 3 }",139,1,14,0,1,95,0,1,1,0,38,63,81,0,0,0,0,0,0,0,0,0,0,0,0,0,0,0,15,0,0,0,0,0,0,0,0,0,0,0,0,0,0,0,0,0,0,0,0,0,0,0,0,0,21,0,0,0,0,0,0,0,60,13,19,0,4,0,22,0,0,3,2,6,0,0,0,0,0,0,0,0,0,0,4,0,0,0,0,{ ARITH_CONF_SIMPLEX: 4 },{  },"{ ARITH_LIA_STAR_EXISTS: 1, ARITH_LIA_STAR_NONNEGATIVE: 1, ARITH_LIA_STAR_SPLIT: 1, ARITH_ROW_IMPL: 1, ARITH_SPLIT_DEQ: 4 }",24,0,0,8,18,3,0,5,14,5,3,14,1,5,5,3,0,0,2,6,3,2,0,0,1,5,5,2,0,0,0,0,3,1,25,22,14,0,3,14,0,0,13,{  },{  },{  },0,0,0,0,0,0,0,0,0,16,0,0,0,0,0.0,4,0,30,0,0,0,0,23,4,2,0,2,0,0,0,0,0,0,0,0,0,0,0,0,0,0,0,0,0,0,0,0,0,0,0,0,0,0,0,0,0,0,0,0,0,0,0,0,0,0,0,0,0,0,0,0,0,0,nan,nan,nan,0,0,0,0,0,2,{  },{  },{  },0,0,0,0,0,0,0,2,0,0,0,0,0,0,0,0,0,0,0,0,0,0,2,0,0,0,0,0,0,0,0,0,0,0,0,2,{  },{  },{  },0,0,0,{  },0,0,0,0,0,{  },{  },{  },0,0,0,0,0,0,0,0,{  },{  },{  },0,0,40,0,0,0,0,3,0,0,2,0,0,0,0,0,0,0,2,{  },{  },{  },0,0,0,0,0,0,0,0,0,0,0,2,{  },{  },{  },0,0,0,0,0,0,0,0,0,0,0,2,{  },{  },{  },0,0,0,0,0,0,0,0,0,0,0,0,0,0,0,0,0,0,2,{  },{  },{  },0,0,0,0,0,0,1,26,34,0,0,0,{  },{  },{  },0,0,0,0,0,0,0,0,0,0,0,2,{  },{  },{  },0,0,0,0,0,0,0,0,0,0,0,2,{  },{  },{  },0,0,0,0,0,0,{  },1,0,0,0,0,0,0,0,0,0,2,{  },{  },{  },0,0,0,{  },{  },{  },{  },1,0,0,0,0,0,0,0,0,2,{  },{  },{  },0,0,0,0,0,0,0,0,0,0,0,0
arith/cvc5_bapa/fol_0000117.smt2,sat,0.029,0,0,20,27,0,0,0,0,11,3,3,2,2,21,0,{  },0,0,0,0,0,0,0,0,0,0,3,1,30,1,0,0,1,26,34,{  },{  },{  },,29,0,0,0,0,0,0,0,0,0,0,0,0,0,0,0,0,0,0,0,0,0,0,0,0,0,0,0,0,0,0,0,0,0,0,0,0,0,0,0,0,0,0,0,0,0,0,0,0,0,62,12,3075,3075,"{ ARITH_CONF_SIMPLEX: 4, ARITH_LIA_STAR_EXISTS: 1, ARITH_LIA_STAR_NONNEGATIVE: 1, ARITH_LIA_STAR_SPLIT: 1, ARITH_ROW_IMPL: 1, ARITH_SPLIT_DEQ: 4 }","{ ArithPivotStep: 13, BvSatStep: 1, CnfStep: 41, DecisionStep: 17, LemmaStep: 8, PreprocessStep: 22, RewriteStep: 2868, SatConflictStep: 19, TheoryCheckStep: 71, TheoryFullCheckStep: 3 }",139,1,14,0,1,92,0,1,1,0,38,63,81,0,0,0,0,0,0,0,0,0,0,0,0,0,0,0,13,0,0,0,0,0,0,0,0,0,0,0,0,0,0,0,0,0,0,0,0,0,0,0,0,0,20,0,0,0,0,0,0,0,57,13,19,0,4,0,22,0,0,3,2,5,0,0,0,0,0,0,0,0,0,0,4,0,0,0,0,{ ARITH_CONF_SIMPLEX: 4 },{  },"{ ARITH_LIA_STAR_EXISTS: 1, ARITH_LIA_STAR_NONNEGATIVE: 1, ARITH_LIA_STAR_SPLIT: 1, ARITH_ROW_IMPL: 1, ARITH_SPLIT_DEQ: 4 }",16,0,0,8,19,3,0,5,14,5,3,14,1,5,5,3,0,0,2,6,3,2,0,0,1,5,5,2,0,0,0,0,3,1,25,22,14,0,3,15,0,0,10,{  },{  },{  },0,0,0,0,0,0,0,0,0,16,0,0,0,0,0.0,4,0,30,0,0,0,0,20,4,2,0,2,0,0,0,0,0,0,0,0,0,0,0,0,0,0,0,0,0,0,0,0,0,0,0,0,0,0,0,0,0,0,0,0,0,0,0,0,0,0,0,0,0,0,0,0,0,0,nan,nan,nan,0,0,0,0,0,2,{  },{  },{  },0,0,0,0,0,0,0,2,0,0,0,0,0,0,0,0,0,0,0,0,0,0,2,0,0,0,0,0,0,0,0,0,0,0,0,2,{  },{  },{  },0,0,0,{  },0,0,0,0,0,{  },{  },{  },0,0,0,0,0,0,0,0,{  },{  },{  },0,0,40,0,0,0,0,3,0,0,2,0,0,0,0,0,0,0,2,{  },{  },{  },0,0,0,0,0,0,0,0,0,0,0,2,{  },{  },{  },0,0,0,0,0,0,0,0,0,0,0,2,{  },{  },{  },0,0,0,0,0,0,0,0,0,0,0,0,0,0,0,0,0,0,2,{  },{  },{  },0,0,0,0,0,0,1,26,34,0,0,0,{  },{  },{  },0,0,0,0,0,0,0,0,0,0,0,2,{  },{  },{  },0,0,0,0,0,0,0,0,0,0,0,2,{  },{  },{  },0,0,0,0,0,0,{  },1,0,0,0,0,0,0,0,0,0,2,{  },{  },{  },0,0,0,{  },{  },{  },{  },1,0,0,0,0,0,0,0,0,2,{  },{  },{  },0,0,0,0,0,0,0,0,0,0,0,0
arith/cvc5_bapa/fol_0000118.smt2,sat,0.051,0,0,33,42,0,0,0,0,26,5,3,4,5,86,0,{  },0,0,0,0,0,0,0,0,0,0,3,1,84,1,0,0,10,69,84,{  },{  },{  },,50,0,0,0,0,0,0,0,0,0,0,0,0,0,0,0,0,0,0,0,0,0,0,0,0,0,0,0,0,0,0,0,0,0,0,0,0,0,0,0,0,0,0,0,0,0,0,0,0,0,102,13,5189,5189,"{ ARITH_CONF_SIMPLEX: 12, ARITH_LIA_STAR_EXISTS: 1, ARITH_LIA_STAR_NONNEGATIVE: 1, ARITH_LIA_STAR_SPLIT: 1, ARITH_ROW_IMPL: 3, ARITH_SPLIT_DEQ: 9 }","{ ArithPivotStep: 24, BvSatStep: 1, CnfStep: 58, DecisionStep: 49, LemmaStep: 16, PreprocessStep: 23, RewriteStep: 4806, SatConflictStep: 51, TheoryCheckStep: 131, TheoryFullCheckStep: 3 }",260,2,46,4,5,218,0,1,5,0,63,166,129,0,0,0,0,0,0,0,0,0,0,0,0,0,0,0,16,0,0,0,0,0,0,0,0,0,0,0,0,0,0,0,0,0,0,0,0,0,0,0,0,0,33,0,0,0,0,0,0,0,132,53,40,0,12,0,53,0,0,12,5,6,0,0,0,0,0,0,0,0,0,0,12,0,0,0,0,{ ARITH_CONF_SIMPLEX: 12 },{  },"{ ARITH_LIA_STAR_EXISTS: 1, ARITH_LIA_STAR_NONNEGATIVE: 1, ARITH_LIA_STAR_SPLIT: 1, ARITH_ROW_IMPL: 3, ARITH_SPLIT_DEQ: 9 }",17,0,0,15,39,3,0,10,29,6,12,29,1,10,10,7,0,0,2,11,5,2,0,0,1,10,10,5,0,0,0,0,3,1,58,46,29,0,12,29,0,0,22,{  },{  },{  },0,0,0,0,0,0,0,0,0,47,0,0,0,0,0.0,10,0,84,0,0,0,0,43,12,7,0,7,0,0,0,0,0,0,0,0,0,0,0,0,0,0,0,0,0,0,0,0,0,0,0,0,0,0,0,0,0,0,0,0,0,0,0,0,0,0,0,0,0,0,0,0,0,0,nan,nan,nan,0,0,0,0,0,2,{  },{  },{  },0,0,0,0,0,0,0,2,0,0,0,0,0,0,0,0,0,0,0,0,0,0,2,0,0,0,0,0,0,0,0,0,0,0,0,2,{  },{  },{  },0,0,0,{  },0,0,0,0,0,{  },{  },{  },0,0,0,0,0,0,0,0,{  },{  },{  },0,0,111,0,0,0,0,3,0,0,2,0,0,0,0,0,0,0,2,{  },{  },{  },0,0,0,0,0,0,0,0,0,0,0,2,{  },{  },{  },0,0,0,0,0,0,0,0,0,0,0,2,{  },{  },{  },0,0,0,0,0,0,0,0,0,0,0,0,0,0,0,0,0,0,2,{  },{  },{  },0,0,0,0,0,0,10,69,84,0,0,0,{  },{  },{  },0,0,0,0,0,0,0,0,0,0,0,2,{  },{  },{  },0,0,0,0,0,0,0,0,0,0,0,2,{  },{  },{  },0,0,0,0,0,0,{  },1,0,0,0,0,0,0,0,0,0,2,{  },{  },{  },0,0,0,{  },{  },{  },{  },1,0,0,0,0,0,0,0,0,2,{  },{  },{  },0,0,0,0,0,0,0,0,0,0,0,0
card/cvc5_bapa/fol_0000001.smt2,sat,0.008,0,0,8,12,0,0,0,0,3,3,2,0,1,2,0,{  },0,0,0,0,0,0,0,0,0,0,2,1,9,1,0,0,1,9,13,{  },{  },{  },,7,0,0,0,0,0,0,0,0,0,0,0,0,0,0,0,0,0,0,0,0,0,0,0,0,0,0,0,0,0,0,0,0,0,0,0,0,0,0,0,0,0,0,0,0,0,0,0,0,0,23,9,1380,1380,"{ ARITH_CONF_SIMPLEX: 1, ARITH_LIA_STAR_NONNEGATIVE: 1, ARITH_LIA_STAR_SPLIT: 1, ARITH_SPLIT_DEQ: 1 }","{ ArithPivotStep: 4, BvSatStep: 1, CnfStep: 27, DecisionStep: 7, LemmaStep: 3, PreprocessStep: 18, RewriteStep: 1270, SatConflictStep: 9, TheoryCheckStep: 35, TheoryFullCheckStep: 2 }",28,0,5,0,0,27,0,1,0,0,8,16,17,0,0,0,0,0,0,0,0,0,0,0,0,0,0,0,6,0,0,0,0,0,0,0,0,0,0,0,0,0,0,0,0,0,0,0,0,0,0,0,0,0,8,0,0,0,0,0,0,0,16,4,0,0,1,0,5,0,0,1,2,5,0,0,0,0,0,0,0,0,0,0,1,0,0,0,0,{ ARITH_CONF_SIMPLEX: 1 },{  },"{ ARITH_LIA_STAR_NONNEGATIVE: 1, ARITH_LIA_STAR_SPLIT: 1, ARITH_SPLIT_DEQ: 1 }",9,0,0,3,0,2,0,0,0,0,0,0,0,0,0,0,0,0,0,0,0,1,1,0,0,0,0,0,0,0,0,0,2,0,0,0,0,0,0,0,0,0,4,{  },{  },{  },0,0,0,0,0,0,0,0,0,4,0,0,0,0,0.0,1,0,9,0,0,0,0,10,1,1,0,1,0,0,0,0,0,0,0,0,0,0,0,0,0,0,0,0,0,0,0,0,0,0,0,0,0,0,0,0,0,0,0,0,0,0,0,0,0,0,0,0,0,0,0,0,0,0,nan,nan,nan,0,0,0,0,0,2,{  },{  },{  },0,0,0,0,0,0,0,2,0,0,0,0,0,0,0,0,0,0,0,0,0,0,2,0,0,0,0,0,0,0,0,0,0,0,0,2,{  },{  },{  },0,0,0,{  },0,0,0,0,0,{  },{  },{  },0,0,0,0,0,0,0,0,{  },{  },{  },0,0,10,0,0,0,0,2,0,0,2,0,0,0,0,0,0,0,2,{  },{  },{  },0,0,0,0,0,0,0,0,0,0,0,2,{  },{  },{  },0,0,0,0,0,0,0,0,0,0,0,2,{  },{  },{  },0,0,0,0,0,0,0,0,0,0,0,0,0,0,0,0,0,0,2,{  },{  },{  },0,0,0,0,0,0,1,9,13,0,0,0,{  },{  },{  },0,0,0,0,0,0,0,0,0,0,0,2,{  },{  },{  },0,0,0,0,0,0,0,0,0,0,0,2,{  },{  },{  },0,0,0,0,0,0,{  },1,0,0,0,0,0,0,0,0,0,2,{  },{  },{  },0,0,0,{  },{  },{  },{  },1,0,0,0,0,0,0,0,0,2,{  },{  },{  },0,0,0,0,0,0,0,0,0,0,0,0
card/cvc5_bapa/fol_0000002.smt2,sat,0.004,0,0,8,12,0,0,0,0,3,3,2,0,1,2,0,{  },0,0,0,0,0,0,0,0,0,0,2,1,9,1,0,0,0,8,11,{  },{  },{  },,3,0,0,0,0,0,0,0,0,0,0,0,0,0,0,0,0,0,0,0,0,0,0,0,0,0,0,0,0,0,0,0,0,0,0,0,0,0,0,0,0,0,0,0,0,0,0,0,0,0,23,9,1386,1386,"{ ARITH_CONF_SIMPLEX: 1, ARITH_LIA_STAR_NONNEGATIVE: 1, ARITH_LIA_STAR_SPLIT: 1, ARITH_SPLIT_DEQ: 1 }","{ ArithPivotStep: 4, BvSatStep: 1, CnfStep: 26, DecisionStep: 7, LemmaStep: 3, PreprocessStep: 18, RewriteStep: 1277, SatConflictStep: 9, TheoryCheckStep: 35, TheoryFullCheckStep: 2 }",28,0,5,0,0,27,0,1,0,0,8,16,17,0,0,0,0,0,0,0,0,0,0,0,0,0,0,0,6,0,0,0,0,0,0,0,0,0,0,0,0,0,0,0,0,0,0,0,0,0,0,0,0,0,8,0,0,0,0,0,0,0,16,4,0,0,1,0,5,0,0,0,2,4,0,0,0,0,0,0,0,0,0,0,1,0,0,0,0,{ ARITH_CONF_SIMPLEX: 1 },{  },"{ ARITH_LIA_STAR_NONNEGATIVE: 1, ARITH_LIA_STAR_SPLIT: 1, ARITH_SPLIT_DEQ: 1 }",9,0,0,3,0,2,0,0,0,0,0,0,0,0,0,0,0,0,0,0,0,1,1,0,0,0,0,0,0,0,0,0,2,0,0,0,0,0,0,0,0,0,4,{  },{  },{  },0,0,0,0,0,0,0,0,0,4,0,0,0,0,0.0,1,0,9,0,0,0,0,10,1,1,0,1,0,0,0,0,0,0,0,0,0,0,0,0,0,0,0,0,0,0,0,0,0,0,0,0,0,0,0,0,0,0,0,0,0,0,0,0,0,0,0,0,0,0,0,0,0,0,nan,nan,nan,0,0,0,0,0,2,{  },{  },{  },0,0,0,0,0,0,0,2,0,0,0,0,0,0,0,0,0,0,0,0,0,0,2,0,0,0,0,0,0,0,0,0,0,0,0,2,{  },{  },{  },0,0,0,{  },0,0,0,0,0,{  },{  },{  },0,0,0,0,0,0,0,0,{  },{  },{  },0,0,10,0,0,0,0,2,0,0,2,0,0,0,0,0,0,0,2,{  },{  },{  },0,0,0,0,0,0,0,0,0,0,0,2,{  },{  },{  },0,0,0,0,0,0,0,0,0,0,0,2,{  },{  },{  },0,0,0,0,0,0,0,0,0,0,0,0,0,0,0,0,0,0,2,{  },{  },{  },0,0,0,0,0,0,0,8,11,0,0,0,{  },{  },{  },0,0,0,0,0,0,0,0,0,0,0,2,{  },{  },{  },0,0,0,0,0,0,0,0,0,0,0,2,{  },{  },{  },0,0,0,0,0,0,{  },1,0,0,0,0,0,0,0,0,0,2,{  },{  },{  },0,0,0,{  },{  },{  },{  },1,0,0,0,0,0,0,0,0,2,{  },{  },{  },0,0,0,0,0,0,0,0,0,0,0,0
card/cvc5_bapa/fol_0000003.smt2,sat,0.004,0,0,8,12,0,0,0,0,3,3,2,0,1,2,0,{  },0,0,0,0,0,0,0,0,0,0,2,1,9,1,0,0,0,8,11,{  },{  },{  },,3,0,0,0,0,0,0,0,0,0,0,0,0,0,0,0,0,0,0,0,0,0,0,0,0,0,0,0,0,0,0,0,0,0,0,0,0,0,0,0,0,0,0,0,0,0,0,0,0,0,23,9,1388,1388,"{ ARITH_CONF_SIMPLEX: 1, ARITH_LIA_STAR_NONNEGATIVE: 1, ARITH_LIA_STAR_SPLIT: 1, ARITH_SPLIT_DEQ: 1 }","{ ArithPivotStep: 4, BvSatStep: 1, CnfStep: 27, DecisionStep: 7, LemmaStep: 3, PreprocessStep: 18, RewriteStep: 1278, SatConflictStep: 9, TheoryCheckStep: 35, TheoryFullCheckStep: 2 }",28,0,5,0,0,27,0,1,0,0,8,16,17,0,0,0,0,0,0,0,0,0,0,0,0,0,0,0,6,0,0,0,0,0,0,0,0,0,0,0,0,0,0,0,0,0,0,0,0,0,0,0,0,0,8,0,0,0,0,0,0,0,16,4,0,0,1,0,5,0,0,0,2,5,0,0,0,0,0,0,0,0,0,0,1,0,0,0,0,{ ARITH_CONF_SIMPLEX: 1 },{  },"{ ARITH_LIA_STAR_NONNEGATIVE: 1, ARITH_LIA_STAR_SPLIT: 1, ARITH_SPLIT_DEQ: 1 }",9,0,0,3,0,2,0,0,0,0,0,0,0,0,0,0,0,0,0,0,0,1,1,0,0,0,0,0,0,0,0,0,2,0,0,0,0,0,0,0,0,0,4,{  },{  },{  },0,0,0,0,0,0,0,0,0,4,0,0,0,0,0.0,1,0,9,0,0,0,0,10,1,1,0,1,0,0,0,0,0,0,0,0,0,0,0,0,0,0,0,0,0,0,0,0,0,0,0,0,0,0,0,0,0,0,0,0,0,0,0,0,0,0,0,0,0,0,0,0,0,0,nan,nan,nan,0,0,0,0,0,2,{  },{  },{  },0,0,0,0,0,0,0,2,0,0,0,0,0,0,0,0,0,0,0,0,0,0,2,0,0,0,0,0,0,0,0,0,0,0,0,2,{  },{  },{  },0,0,0,{  },0,0,0,0,0,{  },{  },{  },0,0,0,0,0,0,0,0,{  },{  },{  },0,0,10,0,0,0,0,2,0,0,2,0,0,0,0,0,0,0,2,{  },{  },{  },0,0,0,0,0,0,0,0,0,0,0,2,{  },{  },{  },0,0,0,0,0,0,0,0,0,0,0,2,{  },{  },{  },0,0,0,0,0,0,0,0,0,0,0,0,0,0,0,0,0,0,2,{  },{  },{  },0,0,0,0,0,0,0,8,11,0,0,0,{  },{  },{  },0,0,0,0,0,0,0,0,0,0,0,2,{  },{  },{  },0,0,0,0,0,0,0,0,0,0,0,2,{  },{  },{  },0,0,0,0,0,0,{  },1,0,0,0,0,0,0,0,0,0,2,{  },{  },{  },0,0,0,{  },{  },{  },{  },1,0,0,0,0,0,0,0,0,2,{  },{  },{  },0,0,0,0,0,0,0,0,0,0,0,0
card/cvc5_bapa/fol_0000004.smt2,sat,0.023,0,0,19,25,0,0,0,0,19,3,3,3,7,45,0,{  },0,0,0,0,0,0,0,0,0,0,5,1,39,1,0,0,4,30,43,{  },{  },{  },,23,0,0,0,0,0,0,0,0,0,0,0,0,0,0,0,0,0,0,0,0,0,0,0,0,0,0,0,0,0,0,0,0,0,0,0,0,0,0,0,0,0,0,0,0,0,0,0,0,0,65,9,3240,3240,"{ ARITH_BB_LEMMA: 1, ARITH_CONF_SIMPLEX: 6, ARITH_DIO_CUT: 1, ARITH_LIA_STAR_EXISTS: 1, ARITH_LIA_STAR_NONNEGATIVE: 1, ARITH_LIA_STAR_SPLIT: 1, ARITH_ROW_IMPL: 3, ARITH_SPLIT_DEQ: 6 }","{ ArithPivotStep: 14, BvSatStep: 1, CnfStep: 43, DecisionStep: 25, LemmaStep: 14, PreprocessStep: 18, RewriteStep: 2967, SatConflictStep: 27, TheoryCheckStep: 106, TheoryFullCheckStep: 5 }",155,1,20,5,2,125,0,1,2,0,49,73,101,0,0,0,0,0,0,0,0,0,0,0,0,0,0,0,11,0,0,0,0,0,0,0,0,0,0,0,0,0,0,0,0,0,0,0,0,0,0,0,0,0,19,0,0,0,0,0,0,0,73,22,19,0,6,0,23,0,0,8,2,4,0,2,0,0,1,0,1,0,0,0,6,0,0,1,0,{ ARITH_CONF_SIMPLEX: 6 },{  },"{ ARITH_BB_LEMMA: 1, ARITH_DIO_CUT: 1, ARITH_LIA_STAR_EXISTS: 1, ARITH_LIA_STAR_NONNEGATIVE: 1, ARITH_LIA_STAR_SPLIT: 1, ARITH_ROW_IMPL: 3, ARITH_SPLIT_DEQ: 6 }",9,0,0,14,18,3,0,5,14,5,3,14,1,5,5,3,0,0,2,6,3,2,0,0,1,5,5,2,0,0,0,0,3,1,25,22,14,0,3,14,0,0,14,{  },{  },{  },0,0,0,0,0,0,0,1,0,18,0,0,0,0,0.0,6,0,39,0,0,0,0,26,6,4,0,4,0,0,0,0,0,0,0,0,0,0,0,0,0,0,0,0,0,0,0,0,0,0,0,0,0,0,0,0,0,0,0,0,0,0,0,0,0,0,0,0,0,0,0,0,0,0,nan,nan,nan,0,0,0,0,0,2,{  },{  },{  },0,0,0,0,0,0,0,2,0,0,0,0,0,0,0,0,0,0,0,0,0,0,2,0,0,0,0,0,0,0,0,0,0,0,0,2,{  },{  },{  },0,0,0,{  },0,0,0,0,0,{  },{  },{  },0,0,0,0,0,0,0,0,{  },{  },{  },0,0,49,0,0,0,0,5,0,0,2,0,0,0,0,0,0,0,2,{  },{  },{  },0,0,0,0,0,0,0,0,0,0,0,2,{  },{  },{  },0,0,0,0,0,0,0,0,0,0,0,2,{  },{  },{  },0,0,0,0,0,0,0,0,0,0,0,0,0,0,0,0,0,0,2,{  },{  },{  },0,0,0,0,0,0,4,30,43,0,0,0,{  },{  },{  },0,0,0,0,0,0,0,0,0,0,0,2,{  },{  },{  },0,0,0,0,0,0,0,0,0,0,0,2,{  },{  },{  },0,0,0,0,0,0,{  },1,0,0,0,0,0,0,0,0,0,2,{  },{  },{  },0,0,0,{  },{  },{  },{  },1,0,0,0,0,0,0,0,0,2,{  },{  },{  },0,0,0,0,0,0,0,0,0,0,0,0
card/cvc5_bapa/fol_0000005.smt2,sat,0.023,0,0,19,25,0,0,0,0,14,3,3,2,6,23,0,{  },0,0,0,0,0,0,0,0,0,0,3,1,35,1,0,0,8,33,48,{  },{  },{  },,22,0,0,0,0,0,0,0,0,0,0,0,0,0,0,0,0,0,0,0,0,0,0,0,0,0,0,0,0,0,0,0,0,0,0,0,0,0,0,0,0,0,0,0,0,0,0,0,0,0,61,9,3069,3069,"{ ARITH_CONF_SIMPLEX: 4, ARITH_LIA_STAR_EXISTS: 1, ARITH_LIA_STAR_NONNEGATIVE: 1, ARITH_LIA_STAR_SPLIT: 1, ARITH_ROW_IMPL: 3, ARITH_SPLIT_DEQ: 5 }","{ ArithPivotStep: 12, BvSatStep: 1, CnfStep: 38, DecisionStep: 21, LemmaStep: 11, PreprocessStep: 18, RewriteStep: 2851, SatConflictStep: 23, TheoryCheckStep: 76, TheoryFullCheckStep: 3 }",144,1,18,5,2,105,0,1,2,0,47,67,99,0,0,0,0,0,0,0,0,0,0,0,0,0,0,0,11,0,0,0,0,0,0,0,0,0,0,0,0,0,0,0,0,0,0,0,0,0,0,0,0,0,19,0,0,0,0,0,0,0,64,13,19,0,4,0,22,0,0,16,2,5,0,0,0,0,0,0,0,0,0,0,4,0,0,0,0,{ ARITH_CONF_SIMPLEX: 4 },{  },"{ ARITH_LIA_STAR_EXISTS: 1, ARITH_LIA_STAR_NONNEGATIVE: 1, ARITH_LIA_STAR_SPLIT: 1, ARITH_ROW_IMPL: 3, ARITH_SPLIT_DEQ: 5 }",9,0,0,11,18,3,0,5,14,5,3,14,1,5,5,3,0,0,2,6,3,2,0,0,1,5,5,2,0,0,0,0,3,1,25,22,14,0,3,14,0,0,12,{  },{  },{  },0,0,0,0,0,0,0,0,0,16,0,0,0,0,0.0,4,0,35,0,0,0,0,22,4,2,0,3,0,0,0,0,0,0,0,0,0,0,0,0,0,0,0,0,0,0,0,0,0,0,0,0,0,0,0,0,0,0,0,0,0,0,0,0,0,0,0,0,0,0,0,0,0,0,nan,nan,nan,0,0,0,0,0,2,{  },{  },{  },0,0,0,0,0,0,0,2,0,0,0,0,0,0,0,0,0,0,0,0,0,0,2,0,0,0,0,0,0,0,0,0,0,0,0,2,{  },{  },{  },0,0,0,{  },0,0,0,0,0,{  },{  },{  },0,0,0,0,0,0,0,0,{  },{  },{  },0,0,44,0,0,0,0,3,0,0,2,0,0,0,0,0,0,0,2,{  },{  },{  },0,0,0,0,0,0,0,0,0,0,0,2,{  },{  },{  },0,0,0,0,0,0,0,0,0,0,0,2,{  },{  },{  },0,0,0,0,0,0,0,0,0,0,0,0,0,0,0,0,0,0,2,{  },{  },{  },0,0,0,0,0,0,8,33,48,0,0,0,{  },{  },{  },0,0,0,0,0,0,0,0,0,0,0,2,{  },{  },{  },0,0,0,0,0,0,0,0,0,0,0,2,{  },{  },{  },0,0,0,0,0,0,{  },1,0,0,0,0,0,0,0,0,0,2,{  },{  },{  },0,0,0,{  },{  },{  },{  },1,0,0,0,0,0,0,0,0,2,{  },{  },{  },0,0,0,0,0,0,0,0,0,0,0,0
card/cvc5_bapa/fol_0000006.smt2,sat,0.023,0,0,19,25,0,0,0,0,19,3,3,3,7,45,0,{  },0,0,0,0,0,0,0,0,0,0,5,1,39,1,0,0,4,30,43,{  },{  },{  },,22,0,0,0,0,0,0,0,0,0,0,0,0,0,0,0,0,0,0,0,0,0,0,0,0,0,0,0,0,0,0,0,0,0,0,0,0,0,0,0,0,0,0,0,0,0,0,0,0,0,65,9,3240,3240,"{ ARITH_BB_LEMMA: 1, ARITH_CONF_SIMPLEX: 6, ARITH_DIO_CUT: 1, ARITH_LIA_STAR_EXISTS: 1, ARITH_LIA_STAR_NONNEGATIVE: 1, ARITH_LIA_STAR_SPLIT: 1, ARITH_ROW_IMPL: 3, ARITH_SPLIT_DEQ: 6 }","{ ArithPivotStep: 14, BvSatStep: 1, CnfStep: 43, DecisionStep: 25, LemmaStep: 14, PreprocessStep: 18, RewriteStep: 2967, SatConflictStep: 27, TheoryCheckStep: 106, TheoryFullCheckStep: 5 }",155,1,20,5,2,125,0,1,2,0,49,73,101,0,0,0,0,0,0,0,0,0,0,0,0,0,0,0,11,0,0,0,0,0,0,0,0,0,0,0,0,0,0,0,0,0,0,0,0,0,0,0,0,0,19,0,0,0,0,0,0,0,73,22,18,0,6,0,23,0,0,8,2,4,0,2,0,0,1,0,1,0,0,0,6,0,0,1,0,{ ARITH_CONF_SIMPLEX: 6 },{  },"{ ARITH_BB_LEMMA: 1, ARITH_DIO_CUT: 1, ARITH_LIA_STAR_EXISTS: 1, ARITH_LIA_STAR_NONNEGATIVE: 1, ARITH_LIA_STAR_SPLIT: 1, ARITH_ROW_IMPL: 3, ARITH_SPLIT_DEQ: 6 }",9,0,0,14,17,3,0,5,13,5,3,13,1,5,5,3,0,0,2,6,3,2,0,0,1,5,5,2,0,0,0,0,3,1,25,22,13,0,3,13,0,0,14,{  },{  },{  },0,0,0,0,0,0,0,1,0,18,0,0,0,0,0.0,6,0,39,0,0,0,0,26,6,4,0,4,0,0,0,0,0,0,0,0,0,0,0,0,0,0,0,0,0,0,0,0,0,0,0,0,0,0,0,0,0,0,0,0,0,0,0,0,0,0,0,0,0,0,0,0,0,0,nan,nan,nan,0,0,0,0,0,2,{  },{  },{  },0,0,0,0,0,0,0,2,0,0,0,0,0,0,0,0,0,0,0,0,0,0,2,0,0,0,0,0,0,0,0,0,0,0,0,2,{  },{  },{  },0,0,0,{  },0,0,0,0,0,{  },{  },{  },0,0,0,0,0,0,0,0,{  },{  },{  },0,0,49,0,0,0,0,5,0,0,2,0,0,0,0,0,0,0,2,{  },{  },{  },0,0,0,0,0,0,0,0,0,0,0,2,{  },{  },{  },0,0,0,0,0,0,0,0,0,0,0,2,{  },{  },{  },0,0,0,0,0,0,0,0,0,0,0,0,0,0,0,0,0,0,2,{  },{  },{  },0,0,0,0,0,0,4,30,43,0,0,0,{  },{  },{  },0,0,0,0,0,0,0,0,0,0,0,2,{  },{  },{  },0,0,0,0,0,0,0,0,0,0,0,2,{  },{  },{  },0,0,0,0,0,0,{  },1,0,0,0,0,0,0,0,0,0,2,{  },{  },{  },0,0,0,{  },{  },{  },{  },1,0,0,0,0,0,0,0,0,2,{  },{  },{  },0,0,0,0,0,0,0,0,0,0,0,0
card/cvc5_bapa/fol_0000007.smt2,sat,0.022,0,0,19,25,0,0,0,0,13,3,3,2,2,23,0,{  },0,0,0,0,0,0,0,0,0,0,3,1,32,1,0,0,1,26,34,{  },{  },{  },,21,0,0,0,0,0,0,0,0,0,0,0,0,0,0,0,0,0,0,0,0,0,0,0,0,0,0,0,0,0,0,0,0,0,0,0,0,0,0,0,0,0,0,0,0,0,0,0,0,0,61,9,2928,2928,"{ ARITH_CONF_SIMPLEX: 4, ARITH_LIA_STAR_EXISTS: 1, ARITH_LIA_STAR_NONNEGATIVE: 1, ARITH_LIA_STAR_SPLIT: 1, ARITH_ROW_IMPL: 2, ARITH_SPLIT_DEQ: 5 }","{ ArithPivotStep: 8, BvSatStep: 1, CnfStep: 37, DecisionStep: 17, LemmaStep: 9, PreprocessStep: 18, RewriteStep: 2729, SatConflictStep: 19, TheoryCheckStep: 73, TheoryFullCheckStep: 3 }",141,1,14,0,1,91,0,1,1,0,39,64,83,0,0,0,0,0,0,0,0,0,0,0,0,0,0,0,10,0,0,0,0,0,0,0,0,0,0,0,0,0,0,0,0,0,0,0,0,0,0,0,0,0,19,0,0,0,0,0,0,0,55,13,18,0,4,0,22,0,0,3,2,4,0,0,0,0,0,0,0,0,0,0,4,0,0,0,0,{ ARITH_CONF_SIMPLEX: 4 },{  },"{ ARITH_LIA_STAR_EXISTS: 1, ARITH_LIA_STAR_NONNEGATIVE: 1, ARITH_LIA_STAR_SPLIT: 1, ARITH_ROW_IMPL: 2, ARITH_SPLIT_DEQ: 5 }",6,0,0,10,17,3,0,5,13,5,3,13,1,5,5,3,0,0,2,6,3,2,0,0,1,5,5,2,0,0,0,0,3,1,25,22,13,0,3,13,0,0,8,{  },{  },{  },0,0,0,0,0,0,0,0,0,17,0,0,0,0,0.0,4,0,32,0,0,0,0,19,4,2,0,3,0,0,0,0,0,0,0,0,0,0,0,0,0,0,0,0,0,0,0,0,0,0,0,0,0,0,0,0,0,0,0,0,0,0,0,0,0,0,0,0,0,0,0,0,0,0,nan,nan,nan,0,0,0,0,0,2,{  },{  },{  },0,0,0,0,0,0,0,2,0,0,0,0,0,0,0,0,0,0,0,0,0,0,2,0,0,0,0,0,0,0,0,0,0,0,0,2,{  },{  },{  },0,0,0,{  },0,0,0,0,0,{  },{  },{  },0,0,0,0,0,0,0,0,{  },{  },{  },0,0,41,0,0,0,0,3,0,0,2,0,0,0,0,0,0,0,2,{  },{  },{  },0,0,0,0,0,0,0,0,0,0,0,2,{  },{  },{  },0,0,0,0,0,0,0,0,0,0,0,2,{  },{  },{  },0,0,0,0,0,0,0,0,0,0,0,0,0,0,0,0,0,0,2,{  },{  },{  },0,0,0,0,0,0,1,26,34,0,0,0,{  },{  },{  },0,0,0,0,0,0,0,0,0,0,0,2,{  },{  },{  },0,0,0,0,0,0,0,0,0,0,0,2,{  },{  },{  },0,0,0,0,0,0,{  },1,0,0,0,0,0,0,0,0,0,2,{  },{  },{  },0,0,0,{  },{  },{  },{  },1,0,0,0,0,0,0,0,0,2,{  },{  },{  },0,0,0,0,0,0,0,0,0,0,0,0
card/cvc5_bapa/fol_0000008.smt2,sat,0.024,0,0,19,25,0,0,0,0,14,3,3,2,6,23,0,{  },0,0,0,0,0,0,0,0,0,0,3,1,35,1,0,0,8,33,48,{  },{  },{  },,24,0,0,0,0,0,0,0,0,0,0,0,0,0,0,0,0,0,0,0,0,0,0,0,0,0,0,0,0,0,0,0,0,0,0,0,0,0,0,0,0,0,0,0,0,0,0,0,0,0,61,9,3069,3069,"{ ARITH_CONF_SIMPLEX: 4, ARITH_LIA_STAR_EXISTS: 1, ARITH_LIA_STAR_NONNEGATIVE: 1, ARITH_LIA_STAR_SPLIT: 1, ARITH_ROW_IMPL: 3, ARITH_SPLIT_DEQ: 5 }","{ ArithPivotStep: 12, BvSatStep: 1, CnfStep: 38, DecisionStep: 21, LemmaStep: 11, PreprocessStep: 18, RewriteStep: 2851, SatConflictStep: 23, TheoryCheckStep: 76, TheoryFullCheckStep: 3 }",144,1,18,5,2,105,0,1,2,0,47,67,99,0,0,0,0,0,0,0,0,0,0,0,0,0,0,0,11,0,0,0,0,0,0,0,0,0,0,0,0,0,0,0,0,0,0,0,0,0,0,0,0,0,19,0,0,0,0,0,0,0,64,13,20,0,4,0,22,0,0,16,2,5,0,0,0,0,0,0,0,0,0,0,4,0,0,0,0,{ ARITH_CONF_SIMPLEX: 4 },{  },"{ ARITH_LIA_STAR_EXISTS: 1, ARITH_LIA_STAR_NONNEGATIVE: 1, ARITH_LIA_STAR_SPLIT: 1, ARITH_ROW_IMPL: 3, ARITH_SPLIT_DEQ: 5 }",9,0,0,11,19,3,0,5,15,5,3,15,1,5,5,3,0,0,2,6,3,2,0,0,1,5,5,2,0,0,0,0,3,1,25,22,15,0,3,15,0,0,12,{  },{  },{  },0,0,0,0,0,0,0,0,0,16,0,0,0,0,0.0,4,0,35,0,0,0,0,22,4,2,0,3,0,0,0,0,0,0,0,0,0,0,0,0,0,0,0,0,0,0,0,0,0,0,0,0,0,0,0,0,0,0,0,0,0,0,0,0,0,0,0,0,0,0,0,0,0,0,nan,nan,nan,0,0,0,0,0,2,{  },{  },{  },0,0,0,0,0,0,0,2,0,0,0,0,0,0,0,0,0,0,0,0,0,0,2,0,0,0,0,0,0,0,0,0,0,0,0,2,{  },{  },{  },0,0,0,{  },0,0,0,0,0,{  },{  },{  },0,0,0,0,0,0,0,0,{  },{  },{  },0,0,44,0,0,0,0,3,0,0,2,0,0,0,0,0,0,0,2,{  },{  },{  },0,0,0,0,0,0,0,0,0,0,0,2,{  },{  },{  },0,0,0,0,0,0,0,0,0,0,0,2,{  },{  },{  },0,0,0,0,0,0,0,0,0,0,0,0,0,0,0,0,0,0,2,{  },{  },{  },0,0,0,0,0,0,8,33,48,0,0,0,{  },{  },{  },0,0,0,0,0,0,0,0,0,0,0,2,{  },{  },{  },0,0,0,0,0,0,0,0,0,0,0,2,{  },{  },{  },0,0,0,0,0,0,{  },1,0,0,0,0,0,0,0,0,0,2,{  },{  },{  },0,0,0,{  },{  },{  },{  },1,0,0,0,0,0,0,0,0,2,{  },{  },{  },0,0,0,0,0,0,0,0,0,0,0,0
card/cvc5_bapa/fol_0000009.smt2,sat,0.023,0,0,19,25,0,0,0,0,13,3,3,2,2,23,0,{  },0,0,0,0,0,0,0,0,0,0,3,1,32,1,0,0,1,26,34,{  },{  },{  },,22,0,0,0,0,0,0,0,0,0,0,0,0,0,0,0,0,0,0,0,0,0,0,0,0,0,0,0,0,0,0,0,0,0,0,0,0,0,0,0,0,0,0,0,0,0,0,0,0,0,61,9,2928,2928,"{ ARITH_CONF_SIMPLEX: 4, ARITH_LIA_STAR_EXISTS: 1, ARITH_LIA_STAR_NONNEGATIVE: 1, ARITH_LIA_STAR_SPLIT: 1, ARITH_ROW_IMPL: 2, ARITH_SPLIT_DEQ: 5 }","{ ArithPivotStep: 8, BvSatStep: 1, CnfStep: 37, DecisionStep: 17, LemmaStep: 9, PreprocessStep: 18, RewriteStep: 2729, SatConflictStep: 19, TheoryCheckStep: 73, TheoryFullCheckStep: 3 }",141,1,14,0,1,91,0,1,1,0,39,64,83,0,0,0,0,0,0,0,0,0,0,0,0,0,0,0,10,0,0,0,0,0,0,0,0,0,0,0,0,0,0,0,0,0,0,0,0,0,0,0,0,0,19,0,0,0,0,0,0,0,55,13,18,0,4,0,22,0,0,3,2,4,0,0,0,0,0,0,0,0,0,0,4,0,0,0,0,{ ARITH_CONF_SIMPLEX: 4 },{  },"{ ARITH_LIA_STAR_EXISTS: 1, ARITH_LIA_STAR_NONNEGATIVE: 1, ARITH_LIA_STAR_SPLIT: 1, ARITH_ROW_IMPL: 2, ARITH_SPLIT_DEQ: 5 }",6,0,0,10,18,3,0,5,14,5,3,14,1,5,5,3,0,0,2,6,3,2,0,0,1,5,5,2,0,0,0,0,3,1,25,22,14,0,3,14,0,0,8,{  },{  },{  },0,0,0,0,0,0,0,0,0,17,0,0,0,0,0.0,4,0,32,0,0,0,0,19,4,2,0,3,0,0,0,0,0,0,0,0,0,0,0,0,0,0,0,0,0,0,0,0,0,0,0,0,0,0,0,0,0,0,0,0,0,0,0,0,0,0,0,0,0,0,0,0,0,0,nan,nan,nan,0,0,0,0,0,2,{  },{  },{  },0,0,0,0,0,0,0,2,0,0,0,0,0,0,0,0,0,0,0,0,0,0,2,0,0,0,0,0,0,0,0,0,0,0,0,2,{  },{  },{  },0,0,0,{  },0,0,0,0,0,{  },{  },{  },0,0,0,0,0,0,0,0,{  },{  },{  },0,0,41,0,0,0,0,3,0,0,2,0,0,0,0,0,0,0,2,{  },{  },{  },0,0,0,0,0,0,0,0,0,0,0,2,{  },{  },{  },0,0,0,0,0,0,0,0,0,0,0,2,{  },{  },{  },0,0,0,0,0,0,0,0,0,0,0,0,0,0,0,0,0,0,2,{  },{  },{  },0,0,0,0,0,0,1,26,34,0,0,0,{  },{  },{  },0,0,0,0,0,0,0,0,0,0,0,2,{  },{  },{  },0,0,0,0,0,0,0,0,0,0,0,2,{  },{  },{  },0,0,0,0,0,0,{  },1,0,0,0,0,0,0,0,0,0,2,{  },{  },{  },0,0,0,{  },{  },{  },{  },1,0,0,0,0,0,0,0,0,2,{  },{  },{  },0,0,0,0,0,0,0,0,0,0,0,0
card/cvc5_bapa/fol_0000010.smt2,sat,0.022,0,0,19,25,0,0,0,0,11,3,3,2,2,21,0,{  },0,0,0,0,0,0,0,0,0,0,3,1,30,1,0,0,2,27,35,{  },{  },{  },,21,0,0,0,0,0,0,0,0,0,0,0,0,0,0,0,0,0,0,0,0,0,0,0,0,0,0,0,0,0,0,0,0,0,0,0,0,0,0,0,0,0,0,0,0,0,0,0,0,0,60,10,2879,2879,"{ ARITH_CONF_SIMPLEX: 4, ARITH_LIA_STAR_EXISTS: 1, ARITH_LIA_STAR_NONNEGATIVE: 1, ARITH_LIA_STAR_SPLIT: 1, ARITH_ROW_IMPL: 1, ARITH_SPLIT_DEQ: 4 }","{ ArithPivotStep: 11, BvSatStep: 1, CnfStep: 36, DecisionStep: 17, LemmaStep: 8, PreprocessStep: 19, RewriteStep: 2682, SatConflictStep: 19, TheoryCheckStep: 71, TheoryFullCheckStep: 3 }",139,1,14,0,1,90,0,1,1,0,38,63,81,0,0,0,0,0,0,0,0,0,0,0,0,0,0,0,11,0,0,0,0,0,0,0,0,0,0,0,0,0,0,0,0,0,0,0,0,0,0,0,0,0,19,0,0,0,0,0,0,0,55,13,18,0,4,0,22,0,0,4,2,5,0,0,0,0,0,0,0,0,0,0,4,0,0,0,0,{ ARITH_CONF_SIMPLEX: 4 },{  },"{ ARITH_LIA_STAR_EXISTS: 1, ARITH_LIA_STAR_NONNEGATIVE: 1, ARITH_LIA_STAR_SPLIT: 1, ARITH_ROW_IMPL: 1, ARITH_SPLIT_DEQ: 4 }",9,0,0,8,17,3,0,5,13,5,3,13,1,5,5,3,0,0,2,6,3,2,0,0,1,5,5,2,0,0,0,0,3,1,25,22,13,0,3,13,0,0,9,{  },{  },{  },0,0,0,0,0,0,0,0,0,16,0,0,0,0,0.0,4,0,30,0,0,0,0,20,4,2,0,2,0,0,0,0,0,0,0,0,0,0,0,0,0,0,0,0,0,0,0,0,0,0,0,0,0,0,0,0,0,0,0,0,0,0,0,0,0,0,0,0,0,0,0,0,0,0,nan,nan,nan,0,0,0,0,0,2,{  },{  },{  },0,0,0,0,0,0,0,2,0,0,0,0,0,0,0,0,0,0,0,0,0,0,2,0,0,0,0,0,0,0,0,0,0,0,0,2,{  },{  },{  },0,0,0,{  },0,0,0,0,0,{  },{  },{  },0,0,0,0,0,0,0,0,{  },{  },{  },0,0,40,0,0,0,0,3,0,0,2,0,0,0,0,0,0,0,2,{  },{  },{  },0,0,0,0,0,0,0,0,0,0,0,2,{  },{  },{  },0,0,0,0,0,0,0,0,0,0,0,2,{  },{  },{  },0,0,0,0,0,0,0,0,0,0,0,0,0,0,0,0,0,0,2,{  },{  },{  },0,0,0,0,0,0,2,27,35,0,0,0,{  },{  },{  },0,0,0,0,0,0,0,0,0,0,0,2,{  },{  },{  },0,0,0,0,0,0,0,0,0,0,0,2,{  },{  },{  },0,0,0,0,0,0,{  },1,0,0,0,0,0,0,0,0,0,2,{  },{  },{  },0,0,0,{  },{  },{  },{  },1,0,0,0,0,0,0,0,0,2,{  },{  },{  },0,0,0,0,0,0,0,0,0,0,0,0
card/cvc5_bapa/fol_0000011.smt2,sat,0.024,0,0,19,25,0,0,0,0,11,3,3,2,2,21,0,{  },0,0,0,0,0,0,0,0,0,0,3,1,30,1,0,0,1,26,34,{  },{  },{  },,23,0,0,0,0,0,0,0,0,0,0,0,0,0,0,0,0,0,0,0,0,0,0,0,0,0,0,0,0,0,0,0,0,0,0,0,0,0,0,0,0,0,0,0,0,0,0,0,0,0,60,10,2891,2891,"{ ARITH_CONF_SIMPLEX: 4, ARITH_LIA_STAR_EXISTS: 1, ARITH_LIA_STAR_NONNEGATIVE: 1, ARITH_LIA_STAR_SPLIT: 1, ARITH_ROW_IMPL: 1, ARITH_SPLIT_DEQ: 4 }","{ ArithPivotStep: 9, BvSatStep: 1, CnfStep: 35, DecisionStep: 17, LemmaStep: 8, PreprocessStep: 19, RewriteStep: 2697, SatConflictStep: 19, TheoryCheckStep: 71, TheoryFullCheckStep: 3 }",139,1,14,0,1,90,0,1,1,0,38,63,81,0,0,0,0,0,0,0,0,0,0,0,0,0,0,0,11,0,0,0,0,0,0,0,0,0,0,0,0,0,0,0,0,0,0,0,0,0,0,0,0,0,19,0,0,0,0,0,0,0,55,13,19,0,4,0,22,0,0,3,2,4,0,0,0,0,0,0,0,0,0,0,4,0,0,0,0,{ ARITH_CONF_SIMPLEX: 4 },{  },"{ ARITH_LIA_STAR_EXISTS: 1, ARITH_LIA_STAR_NONNEGATIVE: 1, ARITH_LIA_STAR_SPLIT: 1, ARITH_ROW_IMPL: 1, ARITH_SPLIT_DEQ: 4 }",9,0,0,8,19,3,0,5,14,5,3,15,1,5,5,3,0,0,2,6,3,2,0,0,1,5,5,2,0,0,0,0,3,1,25,22,15,0,3,15,0,0,8,{  },{  },{  },0,0,0,0,0,0,0,0,0,16,0,0,0,0,0.0,4,0,30,0,0,0,0,19,4,2,0,2,0,0,0,0,0,0,0,0,0,0,0,0,0,0,0,0,0,0,0,0,0,0,0,0,0,0,0,0,0,0,0,0,0,0,0,0,0,0,0,0,0,0,0,0,0,0,nan,nan,nan,0,0,0,0,0,2,{  },{  },{  },0,0,0,0,0,0,0,2,0,0,0,0,0,0,0,0,0,0,0,0,0,0,2,0,0,0,0,0,0,0,0,0,0,0,0,2,{  },{  },{  },0,0,0,{  },0,0,0,0,0,{  },{  },{  },0,0,0,0,0,0,0,0,{  },{  },{  },0,0,40,0,0,0,0,3,0,0,2,0,0,0,0,0,0,0,2,{  },{  },{  },0,0,0,0,0,0,0,0,0,0,0,2,{  },{  },{  },0,0,0,0,0,0,0,0,0,0,0,2,{  },{  },{  },0,0,0,0,0,0,0,0,0,0,0,0,0,0,0,0,0,0,2,{  },{  },{  },0,0,0,0,0,0,1,26,34,0,0,0,{  },{  },{  },0,0,0,0,0,0,0,0,0,0,0,2,{  },{  },{  },0,0,0,0,0,0,0,0,0,0,0,2,{  },{  },{  },0,0,0,0,0,0,{  },1,0,0,0,0,0,0,0,0,0,2,{  },{  },{  },0,0,0,{  },{  },{  },{  },1,0,0,0,0,0,0,0,0,2,{  },{  },{  },0,0,0,0,0,0,0,0,0,0,0,0
card/cvc5_bapa/fol_0000012.smt2,sat,0.023,0,0,19,25,0,0,0,0,11,3,3,2,2,21,0,{  },0,0,0,0,0,0,0,0,0,0,3,1,30,1,0,0,1,26,34,{  },{  },{  },,23,0,0,0,0,0,0,0,0,0,0,0,0,0,0,0,0,0,0,0,0,0,0,0,0,0,0,0,0,0,0,0,0,0,0,0,0,0,0,0,0,0,0,0,0,0,0,0,0,0,60,10,2885,2885,"{ ARITH_CONF_SIMPLEX: 4, ARITH_LIA_STAR_EXISTS: 1, ARITH_LIA_STAR_NONNEGATIVE: 1, ARITH_LIA_STAR_SPLIT: 1, ARITH_ROW_IMPL: 1, ARITH_SPLIT_DEQ: 4 }","{ ArithPivotStep: 9, BvSatStep: 1, CnfStep: 36, DecisionStep: 17, LemmaStep: 8, PreprocessStep: 19, RewriteStep: 2690, SatConflictStep: 19, TheoryCheckStep: 71, TheoryFullCheckStep: 3 }",139,1,14,0,1,90,0,1,1,0,38,63,81,0,0,0,0,0,0,0,0,0,0,0,0,0,0,0,11,0,0,0,0,0,0,0,0,0,0,0,0,0,0,0,0,0,0,0,0,0,0,0,0,0,19,0,0,0,0,0,0,0,55,13,19,0,4,0,22,0,0,3,2,5,0,0,0,0,0,0,0,0,0,0,4,0,0,0,0,{ ARITH_CONF_SIMPLEX: 4 },{  },"{ ARITH_LIA_STAR_EXISTS: 1, ARITH_LIA_STAR_NONNEGATIVE: 1, ARITH_LIA_STAR_SPLIT: 1, ARITH_ROW_IMPL: 1, ARITH_SPLIT_DEQ: 4 }",9,0,0,8,19,3,0,5,15,5,3,15,1,5,5,3,0,0,2,6,3,2,0,0,1,5,5,2,0,0,0,0,3,1,25,22,15,0,3,15,0,0,8,{  },{  },{  },0,0,0,0,0,0,0,0,0,16,0,0,0,0,0.0,4,0,30,0,0,0,0,19,4,2,0,2,0,0,0,0,0,0,0,0,0,0,0,0,0,0,0,0,0,0,0,0,0,0,0,0,0,0,0,0,0,0,0,0,0,0,0,0,0,0,0,0,0,0,0,0,0,0,nan,nan,nan,0,0,0,0,0,2,{  },{  },{  },0,0,0,0,0,0,0,2,0,0,0,0,0,0,0,0,0,0,0,0,0,0,2,0,0,0,0,0,0,0,0,0,0,0,0,2,{  },{  },{  },0,0,0,{  },0,0,0,0,0,{  },{  },{  },0,0,0,0,0,0,0,0,{  },{  },{  },0,0,40,0,0,0,0,3,0,0,2,0,0,0,0,0,0,0,2,{  },{  },{  },0,0,0,0,0,0,0,0,0,0,0,2,{  },{  },{  },0,0,0,0,0,0,0,0,0,0,0,2,{  },{  },{  },0,0,0,0,0,0,0,0,0,0,0,0,0,0,0,0,0,0,2,{  },{  },{  },0,0,0,0,0,0,1,26,34,0,0,0,{  },{  },{  },0,0,0,0,0,0,0,0,0,0,0,2,{  },{  },{  },0,0,0,0,0,0,0,0,0,0,0,2,{  },{  },{  },0,0,0,0,0,0,{  },1,0,0,0,0,0,0,0,0,0,2,{  },{  },{  },0,0,0,{  },{  },{  },{  },1,0,0,0,0,0,0,0,0,2,{  },{  },{  },0,0,0,0,0,0,0,0,0,0,0,0
card/cvc5_bapa/fol_0000013.smt2,sat,0.023,0,0,19,25,0,0,0,0,11,3,3,2,2,21,0,{  },0,0,0,0,0,0,0,0,0,0,3,1,30,1,0,0,2,27,35,{  },{  },{  },,22,0,0,0,0,0,0,0,0,0,0,0,0,0,0,0,0,0,0,0,0,0,0,0,0,0,0,0,0,0,0,0,0,0,0,0,0,0,0,0,0,0,0,0,0,0,0,0,0,0,60,10,2909,2909,"{ ARITH_CONF_SIMPLEX: 4, ARITH_LIA_STAR_EXISTS: 1, ARITH_LIA_STAR_NONNEGATIVE: 1, ARITH_LIA_STAR_SPLIT: 1, ARITH_ROW_IMPL: 1, ARITH_SPLIT_DEQ: 4 }","{ ArithPivotStep: 11, BvSatStep: 1, CnfStep: 37, DecisionStep: 17, LemmaStep: 8, PreprocessStep: 19, RewriteStep: 2711, SatConflictStep: 19, TheoryCheckStep: 71, TheoryFullCheckStep: 3 }",139,1,14,0,1,90,0,1,1,0,38,63,81,0,0,0,0,0,0,0,0,0,0,0,0,0,0,0,11,0,0,0,0,0,0,0,0,0,0,0,0,0,0,0,0,0,0,0,0,0,0,0,0,0,19,0,0,0,0,0,0,0,55,13,19,0,4,0,22,0,0,4,2,5,0,0,0,0,0,0,0,0,0,0,4,0,0,0,0,{ ARITH_CONF_SIMPLEX: 4 },{  },"{ ARITH_LIA_STAR_EXISTS: 1, ARITH_LIA_STAR_NONNEGATIVE: 1, ARITH_LIA_STAR_SPLIT: 1, ARITH_ROW_IMPL: 1, ARITH_SPLIT_DEQ: 4 }",9,0,0,8,18,3,0,5,14,5,3,14,1,5,5,3,0,0,2,6,3,2,0,0,1,5,5,2,0,0,0,0,3,1,25,22,14,0,3,14,0,0,9,{  },{  },{  },0,0,0,0,0,0,0,0,0,16,0,0,0,0,0.0,4,0,30,0,0,0,0,19,4,2,0,3,0,0,0,0,0,0,0,0,0,0,0,0,0,0,0,0,0,0,0,0,0,0,0,0,0,0,0,0,0,0,0,0,0,0,0,0,0,0,0,0,0,0,0,0,0,0,nan,nan,nan,0,0,0,0,0,2,{  },{  },{  },0,0,0,0,0,0,0,2,0,0,0,0,0,0,0,0,0,0,0,0,0,0,2,0,0,0,0,0,0,0,0,0,0,0,0,2,{  },{  },{  },0,0,0,{  },0,0,0,0,0,{  },{  },{  },0,0,0,0,0,0,0,0,{  },{  },{  },0,0,40,0,0,0,0,3,0,0,2,0,0,0,0,0,0,0,2,{  },{  },{  },0,0,0,0,0,0,0,0,0,0,0,2,{  },{  },{  },0,0,0,0,0,0,0,0,0,0,0,2,{  },{  },{  },0,0,0,0,0,0,0,0,0,0,0,0,0,0,0,0,0,0,2,{  },{  },{  },0,0,0,0,0,0,2,27,35,0,0,0,{  },{  },{  },0,0,0,0,0,0,0,0,0,0,0,2,{  },{  },{  },0,0,0,0,0,0,0,0,0,0,0,2,{  },{  },{  },0,0,0,0,0,0,{  },1,0,0,0,0,0,0,0,0,0,2,{  },{  },{  },0,0,0,{  },{  },{  },{  },1,0,0,0,0,0,0,0,0,2,{  },{  },{  },0,0,0,0,0,0,0,0,0,0,0,0
card/cvc5_bapa/fol_0000014.smt2,sat,0.022,0,0,19,25,0,0,0,0,11,3,3,2,2,21,0,{  },0,0,0,0,0,0,0,0,0,0,3,1,30,1,0,0,1,26,34,{  },{  },{  },,21,0,0,0,0,0,0,0,0,0,0,0,0,0,0,0,0,0,0,0,0,0,0,0,0,0,0,0,0,0,0,0,0,0,0,0,0,0,0,0,0,0,0,0,0,0,0,0,0,0,60,10,2904,2904,"{ ARITH_CONF_SIMPLEX: 4, ARITH_LIA_STAR_EXISTS: 1, ARITH_LIA_STAR_NONNEGATIVE: 1, ARITH_LIA_STAR_SPLIT: 1, ARITH_ROW_IMPL: 1, ARITH_SPLIT_DEQ: 4 }","{ ArithPivotStep: 11, BvSatStep: 1, CnfStep: 36, DecisionStep: 17, LemmaStep: 8, PreprocessStep: 19, RewriteStep: 2707, SatConflictStep: 19, TheoryCheckStep: 71, TheoryFullCheckStep: 3 }",139,1,14,0,1,90,0,1,1,0,38,63,81,0,0,0,0,0,0,0,0,0,0,0,0,0,0,0,11,0,0,0,0,0,0,0,0,0,0,0,0,0,0,0,0,0,0,0,0,0,0,0,0,0,19,0,0,0,0,0,0,0,55,13,18,0,4,0,22,0,0,3,2,4,0,0,0,0,0,0,0,0,0,0,4,0,0,0,0,{ ARITH_CONF_SIMPLEX: 4 },{  },"{ ARITH_LIA_STAR_EXISTS: 1, ARITH_LIA_STAR_NONNEGATIVE: 1, ARITH_LIA_STAR_SPLIT: 1, ARITH_ROW_IMPL: 1, ARITH_SPLIT_DEQ: 4 }",9,0,0,8,17,3,0,5,13,5,3,13,1,5,5,3,0,0,2,6,3,2,0,0,1,5,5,2,0,0,0,0,3,1,25,22,13,0,3,13,0,0,9,{  },{  },{  },0,0,0,0,0,0,0,0,0,16,0,0,0,0,0.0,4,0,30,0,0,0,0,19,4,2,0,3,0,0,0,0,0,0,0,0,0,0,0,0,0,0,0,0,0,0,0,0,0,0,0,0,0,0,0,0,0,0,0,0,0,0,0,0,0,0,0,0,0,0,0,0,0,0,nan,nan,nan,0,0,0,0,0,2,{  },{  },{  },0,0,0,0,0,0,0,2,0,0,0,0,0,0,0,0,0,0,0,0,0,0,2,0,0,0,0,0,0,0,0,0,0,0,0,2,{  },{  },{  },0,0,0,{  },0,0,0,0,0,{  },{  },{  },0,0,0,0,0,0,0,0,{  },{  },{  },0,0,40,0,0,0,0,3,0,0,2,0,0,0,0,0,0,0,2,{  },{  },{  },0,0,0,0,0,0,0,0,0,0,0,2,{  },{  },{  },0,0,0,0,0,0,0,0,0,0,0,2,{  },{  },{  },0,0,0,0,0,0,0,0,0,0,0,0,0,0,0,0,0,0,2,{  },{  },{  },0,0,0,0,0,0,1,26,34,0,0,0,{  },{  },{  },0,0,0,0,0,0,0,0,0,0,0,2,{  },{  },{  },0,0,0,0,0,0,0,0,0,0,0,2,{  },{  },{  },0,0,0,0,0,0,{  },1,0,0,0,0,0,0,0,0,0,2,{  },{  },{  },0,0,0,{  },{  },{  },{  },1,0,0,0,0,0,0,0,0,2,{  },{  },{  },0,0,0,0,0,0,0,0,0,0,0,0
card/cvc5_bapa/fol_0000015.smt2,sat,0.023,0,0,19,25,0,0,0,0,11,3,3,2,2,21,0,{  },0,0,0,0,0,0,0,0,0,0,3,1,30,1,0,0,1,26,34,{  },{  },{  },,23,0,0,0,0,0,0,0,0,0,0,0,0,0,0,0,0,0,0,0,0,0,0,0,0,0,0,0,0,0,0,0,0,0,0,0,0,0,0,0,0,0,0,0,0,0,0,0,0,0,60,10,2917,2917,"{ ARITH_CONF_SIMPLEX: 4, ARITH_LIA_STAR_EXISTS: 1, ARITH_LIA_STAR_NONNEGATIVE: 1, ARITH_LIA_STAR_SPLIT: 1, ARITH_ROW_IMPL: 1, ARITH_SPLIT_DEQ: 4 }","{ ArithPivotStep: 11, BvSatStep: 1, CnfStep: 37, DecisionStep: 17, LemmaStep: 8, PreprocessStep: 19, RewriteStep: 2719, SatConflictStep: 19, TheoryCheckStep: 71, TheoryFullCheckStep: 3 }",139,1,14,0,1,90,0,1,1,0,38,63,81,0,0,0,0,0,0,0,0,0,0,0,0,0,0,0,11,0,0,0,0,0,0,0,0,0,0,0,0,0,0,0,0,0,0,0,0,0,0,0,0,0,19,0,0,0,0,0,0,0,55,13,19,0,4,0,22,0,0,3,2,5,0,0,0,0,0,0,0,0,0,0,4,0,0,0,0,{ ARITH_CONF_SIMPLEX: 4 },{  },"{ ARITH_LIA_STAR_EXISTS: 1, ARITH_LIA_STAR_NONNEGATIVE: 1, ARITH_LIA_STAR_SPLIT: 1, ARITH_ROW_IMPL: 1, ARITH_SPLIT_DEQ: 4 }",9,0,0,8,19,3,0,5,14,5,3,14,1,5,5,3,0,0,2,6,3,2,0,0,1,5,5,2,0,0,0,0,3,1,25,22,14,0,3,14,0,0,9,{  },{  },{  },0,0,0,0,0,0,0,0,0,16,0,0,0,0,0.0,4,0,30,0,0,0,0,19,4,2,0,3,0,0,0,0,0,0,0,0,0,0,0,0,0,0,0,0,0,0,0,0,0,0,0,0,0,0,0,0,0,0,0,0,0,0,0,0,0,0,0,0,0,0,0,0,0,0,nan,nan,nan,0,0,0,0,0,2,{  },{  },{  },0,0,0,0,0,0,0,2,0,0,0,0,0,0,0,0,0,0,0,0,0,0,2,0,0,0,0,0,0,0,0,0,0,0,0,2,{  },{  },{  },0,0,0,{  },0,0,0,0,0,{  },{  },{  },0,0,0,0,0,0,0,0,{  },{  },{  },0,0,40,0,0,0,0,3,0,0,2,0,0,0,0,0,0,0,2,{  },{  },{  },0,0,0,0,0,0,0,0,0,0,0,2,{  },{  },{  },0,0,0,0,0,0,0,0,0,0,0,2,{  },{  },{  },0,0,0,0,0,0,0,0,0,0,0,0,0,0,0,0,0,0,2,{  },{  },{  },0,0,0,0,0,0,1,26,34,0,0,0,{  },{  },{  },0,0,0,0,0,0,0,0,0,0,0,2,{  },{  },{  },0,0,0,0,0,0,0,0,0,0,0,2,{  },{  },{  },0,0,0,0,0,0,{  },1,0,0,0,0,0,0,0,0,0,2,{  },{  },{  },0,0,0,{  },{  },{  },{  },1,0,0,0,0,0,0,0,0,2,{  },{  },{  },0,0,0,0,0,0,0,0,0,0,0,0
card/cvc5_bapa/fol_0000016.smt2,sat,0.023,0,0,19,24,0,0,0,0,14,3,3,3,6,19,0,{  },0,0,0,0,0,0,0,0,0,0,4,1,37,1,0,0,2,34,43,{  },{  },{  },,22,0,0,0,0,0,0,0,0,0,0,0,0,0,0,0,0,0,0,0,0,0,0,0,0,0,0,0,0,0,0,0,0,0,0,0,0,0,0,0,0,0,0,0,0,0,0,0,0,0,63,10,3094,3094,"{ ARITH_BB_LEMMA: 1, ARITH_CONF_SIMPLEX: 4, ARITH_LIA_STAR_EXISTS: 1, ARITH_LIA_STAR_NONNEGATIVE: 1, ARITH_LIA_STAR_SPLIT: 1, ARITH_ROW_IMPL: 3, ARITH_SPLIT_DEQ: 4 }","{ ArithPivotStep: 14, BvSatStep: 1, CnfStep: 39, DecisionStep: 20, LemmaStep: 10, PreprocessStep: 19, RewriteStep: 2861, SatConflictStep: 22, TheoryCheckStep: 89, TheoryFullCheckStep: 4 }",144,1,16,5,2,106,0,1,2,0,47,79,97,0,0,0,0,0,0,0,0,0,0,0,0,0,0,0,12,0,0,0,0,0,0,0,0,0,0,0,0,0,0,0,0,0,0,0,0,0,0,0,0,0,19,0,0,0,0,0,0,0,65,17,19,0,4,0,30,0,0,9,1,5,0,1,0,0,0,0,0,0,0,0,4,0,0,1,0,{ ARITH_CONF_SIMPLEX: 4 },{  },"{ ARITH_BB_LEMMA: 1, ARITH_LIA_STAR_EXISTS: 1, ARITH_LIA_STAR_NONNEGATIVE: 1, ARITH_LIA_STAR_SPLIT: 1, ARITH_ROW_IMPL: 3, ARITH_SPLIT_DEQ: 4 }",12,0,0,11,18,3,0,5,14,5,3,14,1,5,5,3,0,0,2,6,3,2,0,0,1,5,5,2,0,0,0,0,3,1,25,22,14,0,3,14,0,0,11,{  },{  },{  },0,0,0,0,0,0,0,1,0,18,0,0,0,0,0.0,3,0,37,0,0,0,0,19,4,2,0,4,0,0,0,0,0,0,0,0,0,0,0,0,0,0,0,0,0,0,0,0,0,0,0,0,0,0,0,0,0,0,0,0,0,0,0,0,0,0,0,0,0,0,0,0,0,0,nan,nan,nan,0,0,0,0,0,2,{  },{  },{  },0,0,0,0,0,0,0,2,0,0,0,0,0,0,0,0,0,0,0,0,0,0,2,0,0,0,0,0,0,0,0,0,0,0,0,2,{  },{  },{  },0,0,0,{  },0,0,0,0,0,{  },{  },{  },0,0,0,0,0,0,0,0,{  },{  },{  },0,0,49,0,0,0,0,4,0,0,2,0,0,0,0,0,0,0,2,{  },{  },{  },0,0,0,0,0,0,0,0,0,0,0,2,{  },{  },{  },0,0,0,0,0,0,0,0,0,0,0,2,{  },{  },{  },0,0,0,0,0,0,0,0,0,0,0,0,0,0,0,0,0,0,2,{  },{  },{  },0,0,0,0,0,0,2,34,43,0,0,0,{  },{  },{  },0,0,0,0,0,0,0,0,0,0,0,2,{  },{  },{  },0,0,0,0,0,0,0,0,0,0,0,2,{  },{  },{  },0,0,0,0,0,0,{  },1,0,0,0,0,0,0,0,0,0,2,{  },{  },{  },0,0,0,{  },{  },{  },{  },1,0,0,0,0,0,0,0,0,2,{  },{  },{  },0,0,0,0,0,0,0,0,0,0,0,0
card/cvc5_bapa/fol_0000017.smt2,sat,0.024,0,0,19,24,0,0,0,0,14,3,3,3,6,19,0,{  },0,0,0,0,0,0,0,0,0,0,4,1,37,1,0,0,1,33,44,{  },{  },{  },,23,0,0,0,0,0,0,0,0,0,0,0,0,0,0,0,0,0,0,0,0,0,0,0,0,0,0,0,0,0,0,0,0,0,0,0,0,0,0,0,0,0,0,0,0,0,0,0,0,0,63,10,3106,3106,"{ ARITH_BB_LEMMA: 1, ARITH_CONF_SIMPLEX: 4, ARITH_LIA_STAR_EXISTS: 1, ARITH_LIA_STAR_NONNEGATIVE: 1, ARITH_LIA_STAR_SPLIT: 1, ARITH_ROW_IMPL: 3, ARITH_SPLIT_DEQ: 4 }","{ ArithPivotStep: 12, BvSatStep: 1, CnfStep: 38, DecisionStep: 20, LemmaStep: 10, PreprocessStep: 19, RewriteStep: 2876, SatConflictStep: 22, TheoryCheckStep: 89, TheoryFullCheckStep: 4 }",144,1,16,5,2,106,0,1,2,0,47,79,97,0,0,0,0,0,0,0,0,0,0,0,0,0,0,0,12,0,0,0,0,0,0,0,0,0,0,0,0,0,0,0,0,0,0,0,0,0,0,0,0,0,19,0,0,0,0,0,0,0,65,17,19,0,4,0,30,0,0,8,1,4,0,1,0,0,0,0,0,0,0,0,4,0,0,1,0,{ ARITH_CONF_SIMPLEX: 4 },{  },"{ ARITH_BB_LEMMA: 1, ARITH_LIA_STAR_EXISTS: 1, ARITH_LIA_STAR_NONNEGATIVE: 1, ARITH_LIA_STAR_SPLIT: 1, ARITH_ROW_IMPL: 3, ARITH_SPLIT_DEQ: 4 }",12,0,0,11,19,3,0,5,14,5,3,15,1,5,5,3,0,0,2,6,3,2,0,0,1,5,5,2,0,0,0,0,3,1,25,22,15,0,3,15,0,0,10,{  },{  },{  },0,0,0,0,0,0,0,1,0,18,0,0,0,0,0.0,3,0,37,0,0,0,0,18,4,2,0,4,0,0,0,0,0,0,0,0,0,0,0,0,0,0,0,0,0,0,0,0,0,0,0,0,0,0,0,0,0,0,0,0,0,0,0,0,0,0,0,0,0,0,0,0,0,0,nan,nan,nan,0,0,0,0,0,2,{  },{  },{  },0,0,0,0,0,0,0,2,0,0,0,0,0,0,0,0,0,0,0,0,0,0,2,0,0,0,0,0,0,0,0,0,0,0,0,2,{  },{  },{  },0,0,0,{  },0,0,0,0,0,{  },{  },{  },0,0,0,0,0,0,0,0,{  },{  },{  },0,0,49,0,0,0,0,4,0,0,2,0,0,0,0,0,0,0,2,{  },{  },{  },0,0,0,0,0,0,0,0,0,0,0,2,{  },{  },{  },0,0,0,0,0,0,0,0,0,0,0,2,{  },{  },{  },0,0,0,0,0,0,0,0,0,0,0,0,0,0,0,0,0,0,2,{  },{  },{  },0,0,0,0,0,0,1,33,44,0,0,0,{  },{  },{  },0,0,0,0,0,0,0,0,0,0,0,2,{  },{  },{  },0,0,0,0,0,0,0,0,0,0,0,2,{  },{  },{  },0,0,0,0,0,0,{  },1,0,0,0,0,0,0,0,0,0,2,{  },{  },{  },0,0,0,{  },{  },{  },{  },1,0,0,0,0,0,0,0,0,2,{  },{  },{  },0,0,0,0,0,0,0,0,0,0,0,0
card/cvc5_bapa/fol_0000018.smt2,sat,0.022,0,0,19,24,0,0,0,0,14,3,3,3,6,19,0,{  },0,0,0,0,0,0,0,0,0,0,4,1,37,1,0,0,1,33,44,{  },{  },{  },,22,0,0,0,0,0,0,0,0,0,0,0,0,0,0,0,0,0,0,0,0,0,0,0,0,0,0,0,0,0,0,0,0,0,0,0,0,0,0,0,0,0,0,0,0,0,0,0,0,0,63,10,3092,3092,"{ ARITH_BB_LEMMA: 1, ARITH_CONF_SIMPLEX: 4, ARITH_LIA_STAR_EXISTS: 1, ARITH_LIA_STAR_NONNEGATIVE: 1, ARITH_LIA_STAR_SPLIT: 1, ARITH_ROW_IMPL: 3, ARITH_SPLIT_DEQ: 4 }","{ ArithPivotStep: 12, BvSatStep: 1, CnfStep: 39, DecisionStep: 20, LemmaStep: 10, PreprocessStep: 19, RewriteStep: 2861, SatConflictStep: 22, TheoryCheckStep: 89, TheoryFullCheckStep: 4 }",144,1,16,5,2,106,0,1,2,0,47,79,97,0,0,0,0,0,0,0,0,0,0,0,0,0,0,0,12,0,0,0,0,0,0,0,0,0,0,0,0,0,0,0,0,0,0,0,0,0,0,0,0,0,19,0,0,0,0,0,0,0,65,17,18,0,4,0,30,0,0,8,1,5,0,1,0,0,0,0,0,0,0,0,4,0,0,1,0,{ ARITH_CONF_SIMPLEX: 4 },{  },"{ ARITH_BB_LEMMA: 1, ARITH_LIA_STAR_EXISTS: 1, ARITH_LIA_STAR_NONNEGATIVE: 1, ARITH_LIA_STAR_SPLIT: 1, ARITH_ROW_IMPL: 3, ARITH_SPLIT_DEQ: 4 }",12,0,0,11,18,3,0,5,13,5,3,13,1,5,5,3,0,0,2,6,3,2,0,0,1,5,5,2,0,0,0,0,3,1,25,22,13,0,3,13,0,0,10,{  },{  },{  },0,0,0,0,0,0,0,1,0,18,0,0,0,0,0.0,3,0,37,0,0,0,0,18,4,2,0,4,0,0,0,0,0,0,0,0,0,0,0,0,0,0,0,0,0,0,0,0,0,0,0,0,0,0,0,0,0,0,0,0,0,0,0,0,0,0,0,0,0,0,0,0,0,0,nan,nan,nan,0,0,0,0,0,2,{  },{  },{  },0,0,0,0,0,0,0,2,0,0,0,0,0,0,0,0,0,0,0,0,0,0,2,0,0,0,0,0,0,0,0,0,0,0,0,2,{  },{  },{  },0,0,0,{  },0,0,0,0,0,{  },{  },{  },0,0,0,0,0,0,0,0,{  },{  },{  },0,0,49,0,0,0,0,4,0,0,2,0,0,0,0,0,0,0,2,{  },{  },{  },0,0,0,0,0,0,0,0,0,0,0,2,{  },{  },{  },0,0,0,0,0,0,0,0,0,0,0,2,{  },{  },{  },0,0,0,0,0,0,0,0,0,0,0,0,0,0,0,0,0,0,2,{  },{  },{  },0,0,0,0,0,0,1,33,44,0,0,0,{  },{  },{  },0,0,0,0,0,0,0,0,0,0,0,2,{  },{  },{  },0,0,0,0,0,0,0,0,0,0,0,2,{  },{  },{  },0,0,0,0,0,0,{  },1,0,0,0,0,0,0,0,0,0,2,{  },{  },{  },0,0,0,{  },{  },{  },{  },1,0,0,0,0,0,0,0,0,2,{  },{  },{  },0,0,0,0,0,0,0,0,0,0,0,0
card/cvc5_bapa/fol_0000019.smt2,sat,0.023,0,0,20,26,0,0,0,0,24,3,3,3,11,46,0,{  },0,0,0,0,0,0,0,0,0,0,7,1,42,1,0,0,2,28,39,{  },{  },{  },,23,0,0,0,0,0,0,0,0,0,0,0,0,0,0,0,0,0,0,0,0,0,0,0,0,0,0,0,0,0,0,0,0,0,0,0,0,0,0,0,0,0,0,0,0,0,0,0,0,0,71,13,3674,3674,"{ ARITH_BB_LEMMA: 1, ARITH_CONF_SIMPLEX: 10, ARITH_DIO_CUT: 3, ARITH_LIA_STAR_EXISTS: 1, ARITH_LIA_STAR_NONNEGATIVE: 1, ARITH_LIA_STAR_SPLIT: 1, ARITH_ROW_IMPL: 3, ARITH_SPLIT_DEQ: 5 }","{ ArithPivotStep: 26, BvSatStep: 1, CnfStep: 51, DecisionStep: 31, LemmaStep: 13, PreprocessStep: 22, RewriteStep: 3332, SatConflictStep: 33, TheoryCheckStep: 133, TheoryFullCheckStep: 7 }",158,1,24,0,2,113,0,1,2,0,47,67,97,0,0,0,0,0,0,0,0,0,0,0,0,0,0,0,15,0,0,0,0,0,0,0,0,0,0,0,0,0,0,0,0,0,0,0,0,0,0,0,0,0,20,0,0,0,0,0,0,0,69,20,19,0,10,0,23,0,0,4,2,5,0,4,0,0,3,0,3,0,0,0,10,0,0,1,0,{ ARITH_CONF_SIMPLEX: 10 },{  },"{ ARITH_BB_LEMMA: 1, ARITH_DIO_CUT: 3, ARITH_LIA_STAR_EXISTS: 1, ARITH_LIA_STAR_NONNEGATIVE: 1, ARITH_LIA_STAR_SPLIT: 1, ARITH_ROW_IMPL: 3, ARITH_SPLIT_DEQ: 5 }",20,0,0,15,18,3,0,5,13,5,3,13,1,5,5,3,0,0,2,6,3,2,0,0,1,5,5,2,0,0,0,0,3,1,25,22,13,0,3,13,0,0,21,{  },{  },{  },0,0,0,0,0,0,0,1,0,20,0,0,0,0,0.0,6,0,42,0,0,0,0,34,10,6,0,8,0,0,0,0,0,0,0,0,0,0,0,0,0,0,0,0,0,0,0,0,0,0,0,0,0,0,0,0,0,0,0,0,0,0,0,0,0,0,0,0,0,0,0,0,0,0,nan,nan,nan,0,0,0,0,0,2,{  },{  },{  },0,0,0,0,0,0,0,2,0,0,0,0,0,0,0,0,0,0,0,0,0,0,2,0,0,0,0,0,0,0,0,0,0,0,0,2,{  },{  },{  },0,0,0,{  },0,0,0,0,0,{  },{  },{  },0,0,0,0,0,0,0,0,{  },{  },{  },0,0,43,0,0,0,0,7,0,0,2,0,0,0,0,0,0,0,2,{  },{  },{  },0,0,0,0,0,0,0,0,0,0,0,2,{  },{  },{  },0,0,0,0,0,0,0,0,0,0,0,2,{  },{  },{  },0,0,0,0,0,0,0,0,0,0,0,0,0,0,0,0,0,0,2,{  },{  },{  },0,0,0,0,0,0,2,28,39,0,0,0,{  },{  },{  },0,0,0,0,0,0,0,0,0,0,0,2,{  },{  },{  },0,0,0,0,0,0,0,0,0,0,0,2,{  },{  },{  },0,0,0,0,0,0,{  },1,0,0,0,0,0,0,0,0,0,2,{  },{  },{  },0,0,0,{  },{  },{  },{  },1,0,0,0,0,0,0,0,0,2,{  },{  },{  },0,0,0,0,0,0,0,0,0,0,0,0
card/cvc5_bapa/fol_0000020.smt2,sat,0.024,0,0,20,27,0,0,0,0,11,3,3,2,2,21,0,{  },0,0,0,0,0,0,0,0,0,0,3,1,30,1,0,0,2,27,35,{  },{  },{  },,23,0,0,0,0,0,0,0,0,0,0,0,0,0,0,0,0,0,0,0,0,0,0,0,0,0,0,0,0,0,0,0,0,0,0,0,0,0,0,0,0,0,0,0,0,0,0,0,0,0,63,13,3110,3110,"{ ARITH_CONF_SIMPLEX: 4, ARITH_LIA_STAR_EXISTS: 1, ARITH_LIA_STAR_NONNEGATIVE: 1, ARITH_LIA_STAR_SPLIT: 1, ARITH_ROW_IMPL: 1, ARITH_SPLIT_DEQ: 4 }","{ ArithPivotStep: 13, BvSatStep: 1, CnfStep: 41, DecisionStep: 17, LemmaStep: 8, PreprocessStep: 22, RewriteStep: 2903, SatConflictStep: 19, TheoryCheckStep: 71, TheoryFullCheckStep: 3 }",139,1,14,0,1,93,0,1,1,0,38,63,81,0,0,0,0,0,0,0,0,0,0,0,0,0,0,0,14,0,0,0,0,0,0,0,0,0,0,0,0,0,0,0,0,0,0,0,0,0,0,0,0,0,20,0,0,0,0,0,0,0,58,13,20,0,4,0,22,0,0,4,2,6,0,0,0,0,0,0,0,0,0,0,4,0,0,0,0,{ ARITH_CONF_SIMPLEX: 4 },{  },"{ ARITH_LIA_STAR_EXISTS: 1, ARITH_LIA_STAR_NONNEGATIVE: 1, ARITH_LIA_STAR_SPLIT: 1, ARITH_ROW_IMPL: 1, ARITH_SPLIT_DEQ: 4 }",20,0,0,8,19,3,0,5,15,5,3,15,1,5,5,3,0,0,2,6,3,2,0,0,1,5,5,2,0,0,0,0,3,1,25,22,15,0,3,15,0,0,10,{  },{  },{  },0,0,0,0,0,0,0,0,0,16,0,0,0,0,0.0,4,0,30,0,0,0,0,20,4,2,0,3,0,0,0,0,0,0,0,0,0,0,0,0,0,0,0,0,0,0,0,0,0,0,0,0,0,0,0,0,0,0,0,0,0,0,0,0,0,0,0,0,0,0,0,0,0,0,nan,nan,nan,0,0,0,0,0,2,{  },{  },{  },0,0,0,0,0,0,0,2,0,0,0,0,0,0,0,0,0,0,0,0,0,0,2,0,0,0,0,0,0,0,0,0,0,0,0,2,{  },{  },{  },0,0,0,{  },0,0,0,0,0,{  },{  },{  },0,0,0,0,0,0,0,0,{  },{  },{  },0,0,40,0,0,0,0,3,0,0,2,0,0,0,0,0,0,0,2,{  },{  },{  },0,0,0,0,0,0,0,0,0,0,0,2,{  },{  },{  },0,0,0,0,0,0,0,0,0,0,0,2,{  },{  },{  },0,0,0,0,0,0,0,0,0,0,0,0,0,0,0,0,0,0,2,{  },{  },{  },0,0,0,0,0,0,2,27,35,0,0,0,{  },{  },{  },0,0,0,0,0,0,0,0,0,0,0,2,{  },{  },{  },0,0,0,0,0,0,0,0,0,0,0,2,{  },{  },{  },0,0,0,0,0,0,{  },1,0,0,0,0,0,0,0,0,0,2,{  },{  },{  },0,0,0,{  },{  },{  },{  },1,0,0,0,0,0,0,0,0,2,{  },{  },{  },0,0,0,0,0,0,0,0,0,0,0,0
card/cvc5_bapa/fol_0000022.smt2,sat,0.022,0,0,20,27,0,0,0,0,11,3,3,2,2,21,0,{  },0,0,0,0,0,0,0,0,0,0,3,1,30,1,0,0,2,27,35,{  },{  },{  },,22,0,0,0,0,0,0,0,0,0,0,0,0,0,0,0,0,0,0,0,0,0,0,0,0,0,0,0,0,0,0,0,0,0,0,0,0,0,0,0,0,0,0,0,0,0,0,0,0,0,63,13,3099,3099,"{ ARITH_CONF_SIMPLEX: 4, ARITH_LIA_STAR_EXISTS: 1, ARITH_LIA_STAR_NONNEGATIVE: 1, ARITH_LIA_STAR_SPLIT: 1, ARITH_ROW_IMPL: 1, ARITH_SPLIT_DEQ: 4 }","{ ArithPivotStep: 15, BvSatStep: 1, CnfStep: 40, DecisionStep: 17, LemmaStep: 8, PreprocessStep: 22, RewriteStep: 2891, SatConflictStep: 19, TheoryCheckStep: 71, TheoryFullCheckStep: 3 }",139,1,14,0,1,93,0,1,1,0,38,63,81,0,0,0,0,0,0,0,0,0,0,0,0,0,0,0,14,0,0,0,0,0,0,0,0,0,0,0,0,0,0,0,0,0,0,0,0,0,0,0,0,0,20,0,0,0,0,0,0,0,58,13,18,0,4,0,22,0,0,4,2,6,0,0,0,0,0,0,0,0,0,0,4,0,0,0,0,{ ARITH_CONF_SIMPLEX: 4 },{  },"{ ARITH_LIA_STAR_EXISTS: 1, ARITH_LIA_STAR_NONNEGATIVE: 1, ARITH_LIA_STAR_SPLIT: 1, ARITH_ROW_IMPL: 1, ARITH_SPLIT_DEQ: 4 }",20,0,0,8,18,3,0,5,13,5,3,13,1,5,5,3,0,0,2,6,3,2,0,0,1,5,5,2,0,0,0,0,3,1,25,22,13,0,3,13,0,0,11,{  },{  },{  },0,0,0,0,0,0,0,0,0,16,0,0,0,0,0.0,4,0,30,0,0,0,0,21,4,2,0,3,0,0,0,0,0,0,0,0,0,0,0,0,0,0,0,0,0,0,0,0,0,0,0,0,0,0,0,0,0,0,0,0,0,0,0,0,0,0,0,0,0,0,0,0,0,0,nan,nan,nan,0,0,0,0,0,2,{  },{  },{  },0,0,0,0,0,0,0,2,0,0,0,0,0,0,0,0,0,0,0,0,0,0,2,0,0,0,0,0,0,0,0,0,0,0,0,2,{  },{  },{  },0,0,0,{  },0,0,0,0,0,{  },{  },{  },0,0,0,0,0,0,0,0,{  },{  },{  },0,0,40,0,0,0,0,3,0,0,2,0,0,0,0,0,0,0,2,{  },{  },{  },0,0,0,0,0,0,0,0,0,0,0,2,{  },{  },{  },0,0,0,0,0,0,0,0,0,0,0,2,{  },{  },{  },0,0,0,0,0,0,0,0,0,0,0,0,0,0,0,0,0,0,2,{  },{  },{  },0,0,0,0,0,0,2,27,35,0,0,0,{  },{  },{  },0,0,0,0,0,0,0,0,0,0,0,2,{  },{  },{  },0,0,0,0,0,0,0,0,0,0,0,2,{  },{  },{  },0,0,0,0,0,0,{  },1,0,0,0,0,0,0,0,0,0,2,{  },{  },{  },0,0,0,{  },{  },{  },{  },1,0,0,0,0,0,0,0,0,2,{  },{  },{  },0,0,0,0,0,0,0,0,0,0,0,0
card/cvc5_bapa/fol_0000024.smt2,sat,0.025,0,0,20,27,0,0,0,0,23,3,3,5,9,71,0,{  },0,0,0,0,0,0,0,0,0,0,7,1,43,1,0,0,1,29,40,{  },{  },{  },,24,0,0,0,0,0,0,0,0,0,0,0,0,0,0,0,0,0,0,0,0,0,0,0,0,0,0,0,0,0,0,0,0,0,0,0,0,0,0,0,0,0,0,0,0,0,0,0,0,0,69,13,3633,3633,"{ ARITH_BB_LEMMA: 1, ARITH_CONF_SIMPLEX: 10, ARITH_DIO_CUT: 3, ARITH_LIA_STAR_EXISTS: 1, ARITH_LIA_STAR_NONNEGATIVE: 1, ARITH_LIA_STAR_SPLIT: 1, ARITH_ROW_IMPL: 2, ARITH_SPLIT_DEQ: 5 }","{ ArithPivotStep: 25, BvSatStep: 1, CnfStep: 50, DecisionStep: 33, LemmaStep: 17, PreprocessStep: 22, RewriteStep: 3281, SatConflictStep: 35, TheoryCheckStep: 138, TheoryFullCheckStep: 7 }",153,3,26,0,4,115,0,1,4,0,47,66,97,0,0,0,0,0,0,0,0,0,0,0,0,0,0,0,14,0,0,0,0,0,0,0,0,0,0,0,0,0,0,0,0,0,0,0,0,0,0,0,0,0,20,0,0,0,0,0,0,0,71,24,20,0,10,0,25,0,0,3,2,5,0,4,0,0,3,0,3,0,0,0,10,0,0,1,0,{ ARITH_CONF_SIMPLEX: 10 },{  },"{ ARITH_BB_LEMMA: 1, ARITH_DIO_CUT: 3, ARITH_LIA_STAR_EXISTS: 1, ARITH_LIA_STAR_NONNEGATIVE: 1, ARITH_LIA_STAR_SPLIT: 1, ARITH_ROW_IMPL: 2, ARITH_SPLIT_DEQ: 5 }",20,0,0,14,19,3,0,5,14,5,3,14,1,5,5,3,0,0,2,6,3,2,0,0,1,5,5,2,0,0,0,0,3,1,25,22,14,0,3,14,0,0,20,{  },{  },{  },0,0,0,0,0,0,0,1,0,16,0,0,0,0,0.0,10,0,43,0,0,0,0,34,10,6,0,9,0,0,0,0,0,0,0,0,0,0,0,0,0,0,0,0,0,0,0,0,0,0,0,0,0,0,0,0,0,0,0,0,0,0,0,0,0,0,0,0,0,0,0,0,0,0,nan,nan,nan,0,0,0,0,0,2,{  },{  },{  },0,0,0,0,0,0,0,2,0,0,0,0,0,0,0,0,0,0,0,0,0,0,2,0,0,0,0,0,0,0,0,0,0,0,0,2,{  },{  },{  },0,0,0,{  },0,0,0,0,0,{  },{  },{  },0,0,0,0,0,0,0,0,{  },{  },{  },0,0,42,0,0,0,0,7,0,0,2,0,0,0,0,0,0,0,2,{  },{  },{  },0,0,0,0,0,0,0,0,0,0,0,2,{  },{  },{  },0,0,0,0,0,0,0,0,0,0,0,2,{  },{  },{  },0,0,0,0,0,0,0,0,0,0,0,0,0,0,0,0,0,0,2,{  },{  },{  },0,0,0,0,0,0,1,29,40,0,0,0,{  },{  },{  },0,0,0,0,0,0,0,0,0,0,0,2,{  },{  },{  },0,0,0,0,0,0,0,0,0,0,0,2,{  },{  },{  },0,0,0,0,0,0,{  },1,0,0,0,0,0,0,0,0,0,2,{  },{  },{  },0,0,0,{  },{  },{  },{  },1,0,0,0,0,0,0,0,0,2,{  },{  },{  },0,0,0,0,0,0,0,0,0,0,0,0
card/cvc5_bapa/fol_0000025.smt2,sat,0.004,0,0,8,12,0,0,0,0,3,3,2,0,1,2,0,{  },0,0,0,0,0,0,0,0,0,0,2,1,9,1,0,0,1,9,13,{  },{  },{  },,4,0,0,0,0,0,0,0,0,0,0,0,0,0,0,0,0,0,0,0,0,0,0,0,0,0,0,0,0,0,0,0,0,0,0,0,0,0,0,0,0,0,0,0,0,0,0,0,0,0,24,10,1435,1435,"{ ARITH_CONF_SIMPLEX: 1, ARITH_LIA_STAR_NONNEGATIVE: 1, ARITH_LIA_STAR_SPLIT: 1, ARITH_SPLIT_DEQ: 1 }","{ ArithPivotStep: 4, BvSatStep: 1, CnfStep: 29, DecisionStep: 7, LemmaStep: 3, PreprocessStep: 19, RewriteStep: 1322, SatConflictStep: 9, TheoryCheckStep: 35, TheoryFullCheckStep: 2 }",28,0,5,0,0,28,0,1,0,0,8,16,17,0,0,0,0,0,0,0,0,0,0,0,0,0,0,0,7,0,0,0,0,0,0,0,0,0,0,0,0,0,0,0,0,0,0,0,0,0,0,0,0,0,8,0,0,0,0,0,0,0,17,4,0,0,1,0,5,0,0,1,2,5,0,0,0,0,0,0,0,0,0,0,1,0,0,0,0,{ ARITH_CONF_SIMPLEX: 1 },{  },"{ ARITH_LIA_STAR_NONNEGATIVE: 1, ARITH_LIA_STAR_SPLIT: 1, ARITH_SPLIT_DEQ: 1 }",13,0,0,3,0,2,0,0,0,0,0,0,0,0,0,0,0,0,0,0,0,1,1,0,0,0,0,0,0,0,0,0,2,0,0,0,0,0,0,0,0,0,4,{  },{  },{  },0,0,0,0,0,0,0,0,0,4,0,0,0,0,0.0,1,0,9,0,0,0,0,10,1,1,0,1,0,0,0,0,0,0,0,0,0,0,0,0,0,0,0,0,0,0,0,0,0,0,0,0,0,0,0,0,0,0,0,0,0,0,0,0,0,0,0,0,0,0,0,0,0,0,nan,nan,nan,0,0,0,0,0,2,{  },{  },{  },0,0,0,0,0,0,0,2,0,0,0,0,0,0,0,0,0,0,0,0,0,0,2,0,0,0,0,0,0,0,0,0,0,0,0,2,{  },{  },{  },0,0,0,{  },0,0,0,0,0,{  },{  },{  },0,0,0,0,0,0,0,0,{  },{  },{  },0,0,10,0,0,0,0,2,0,0,2,0,0,0,0,0,0,0,2,{  },{  },{  },0,0,0,0,0,0,0,0,0,0,0,2,{  },{  },{  },0,0,0,0,0,0,0,0,0,0,0,2,{  },{  },{  },0,0,0,0,0,0,0,0,0,0,0,0,0,0,0,0,0,0,2,{  },{  },{  },0,0,0,0,0,0,1,9,13,0,0,0,{  },{  },{  },0,0,0,0,0,0,0,0,0,0,0,2,{  },{  },{  },0,0,0,0,0,0,0,0,0,0,0,2,{  },{  },{  },0,0,0,0,0,0,{  },1,0,0,0,0,0,0,0,0,0,2,{  },{  },{  },0,0,0,{  },{  },{  },{  },1,0,0,0,0,0,0,0,0,2,{  },{  },{  },0,0,0,0,0,0,0,0,0,0,0,0
card/cvc5_bapa/fol_0000026.smt2,sat,0.004,0,0,8,12,0,0,0,0,3,3,2,0,1,2,0,{  },0,0,0,0,0,0,0,0,0,0,2,1,9,1,0,0,0,8,11,{  },{  },{  },,3,0,0,0,0,0,0,0,0,0,0,0,0,0,0,0,0,0,0,0,0,0,0,0,0,0,0,0,0,0,0,0,0,0,0,0,0,0,0,0,0,0,0,0,0,0,0,0,0,0,24,10,1467,1467,"{ ARITH_CONF_SIMPLEX: 1, ARITH_LIA_STAR_NONNEGATIVE: 1, ARITH_LIA_STAR_SPLIT: 1, ARITH_SPLIT_DEQ: 1 }","{ ArithPivotStep: 4, BvSatStep: 1, CnfStep: 28, DecisionStep: 7, LemmaStep: 3, PreprocessStep: 19, RewriteStep: 1355, SatConflictStep: 9, TheoryCheckStep: 35, TheoryFullCheckStep: 2 }",28,0,5,0,0,28,0,1,0,0,8,16,17,0,0,0,0,0,0,0,0,0,0,0,0,0,0,0,7,0,0,0,0,0,0,0,0,0,0,0,0,0,0,0,0,0,0,0,0,0,0,0,0,0,8,0,0,0,0,0,0,0,17,4,0,0,1,0,5,0,0,0,2,4,0,0,0,0,0,0,0,0,0,0,1,0,0,0,0,{ ARITH_CONF_SIMPLEX: 1 },{  },"{ ARITH_LIA_STAR_NONNEGATIVE: 1, ARITH_LIA_STAR_SPLIT: 1, ARITH_SPLIT_DEQ: 1 }",13,0,0,3,0,2,0,0,0,0,0,0,0,0,0,0,0,0,0,0,0,1,1,0,0,0,0,0,0,0,0,0,2,0,0,0,0,0,0,0,0,0,4,{  },{  },{  },0,0,0,0,0,0,0,0,0,4,0,0,0,0,0.0,1,0,9,0,0,0,0,10,1,1,0,1,0,0,0,0,0,0,0,0,0,0,0,0,0,0,0,0,0,0,0,0,0,0,0,0,0,0,0,0,0,0,0,0,0,0,0,0,0,0,0,0,0,0,0,0,0,0,nan,nan,nan,0,0,0,0,0,2,{  },{  },{  },0,0,0,0,0,0,0,2,0,0,0,0,0,0,0,0,0,0,0,0,0,0,2,0,0,0,0,0,0,0,0,0,0,0,0,2,{  },{  },{  },0,0,0,{  },0,0,0,0,0,{  },{  },{  },0,0,0,0,0,0,0,0,{  },{  },{  },0,0,10,0,0,0,0,2,0,0,2,0,0,0,0,0,0,0,2,{  },{  },{  },0,0,0,0,0,0,0,0,0,0,0,2,{  },{  },{  },0,0,0,0,0,0,0,0,0,0,0,2,{  },{  },{  },0,0,0,0,0,0,0,0,0,0,0,0,0,0,0,0,0,0,2,{  },{  },{  },0,0,0,0,0,0,0,8,11,0,0,0,{  },{  },{  },0,0,0,0,0,0,0,0,0,0,0,2,{  },{  },{  },0,0,0,0,0,0,0,0,0,0,0,2,{  },{  },{  },0,0,0,0,0,0,{  },1,0,0,0,0,0,0,0,0,0,2,{  },{  },{  },0,0,0,{  },{  },{  },{  },1,0,0,0,0,0,0,0,0,2,{  },{  },{  },0,0,0,0,0,0,0,0,0,0,0,0
card/cvc5_bapa/fol_0000027.smt2,sat,0.004,0,0,8,12,0,0,0,0,3,3,2,0,1,2,0,{  },0,0,0,0,0,0,0,0,0,0,2,1,9,1,0,0,0,8,11,{  },{  },{  },,3,0,0,0,0,0,0,0,0,0,0,0,0,0,0,0,0,0,0,0,0,0,0,0,0,0,0,0,0,0,0,0,0,0,0,0,0,0,0,0,0,0,0,0,0,0,0,0,0,0,24,10,1461,1461,"{ ARITH_CONF_SIMPLEX: 1, ARITH_LIA_STAR_NONNEGATIVE: 1, ARITH_LIA_STAR_SPLIT: 1, ARITH_SPLIT_DEQ: 1 }","{ ArithPivotStep: 6, BvSatStep: 1, CnfStep: 29, DecisionStep: 7, LemmaStep: 3, PreprocessStep: 19, RewriteStep: 1346, SatConflictStep: 9, TheoryCheckStep: 35, TheoryFullCheckStep: 2 }",28,0,5,0,0,28,0,1,0,0,8,16,17,0,0,0,0,0,0,0,0,0,0,0,0,0,0,0,7,0,0,0,0,0,0,0,0,0,0,0,0,0,0,0,0,0,0,0,0,0,0,0,0,0,8,0,0,0,0,0,0,0,17,4,0,0,1,0,5,0,0,0,2,5,0,0,0,0,0,0,0,0,0,0,1,0,0,0,0,{ ARITH_CONF_SIMPLEX: 1 },{  },"{ ARITH_LIA_STAR_NONNEGATIVE: 1, ARITH_LIA_STAR_SPLIT: 1, ARITH_SPLIT_DEQ: 1 }",13,0,0,3,0,2,0,0,0,0,0,0,0,0,0,0,0,0,0,0,0,1,1,0,0,0,0,0,0,0,0,0,2,0,0,0,0,0,0,0,0,0,6,{  },{  },{  },0,0,0,0,0,0,0,0,0,4,0,0,0,0,0.0,1,0,9,0,0,0,0,12,1,1,0,2,0,0,0,0,0,0,0,0,0,0,0,0,0,0,0,0,0,0,0,0,0,0,0,0,0,0,0,0,0,0,0,0,0,0,0,0,0,0,0,0,0,0,0,0,0,0,nan,nan,nan,0,0,0,0,0,2,{  },{  },{  },0,0,0,0,0,0,0,2,0,0,0,0,0,0,0,0,0,0,0,0,0,0,2,0,0,0,0,0,0,0,0,0,0,0,0,2,{  },{  },{  },0,0,0,{  },0,0,0,0,0,{  },{  },{  },0,0,0,0,0,0,0,0,{  },{  },{  },0,0,10,0,0,0,0,2,0,0,2,0,0,0,0,0,0,0,2,{  },{  },{  },0,0,0,0,0,0,0,0,0,0,0,2,{  },{  },{  },0,0,0,0,0,0,0,0,0,0,0,2,{  },{  },{  },0,0,0,0,0,0,0,0,0,0,0,0,0,0,0,0,0,0,2,{  },{  },{  },0,0,0,0,0,0,0,8,11,0,0,0,{  },{  },{  },0,0,0,0,0,0,0,0,0,0,0,2,{  },{  },{  },0,0,0,0,0,0,0,0,0,0,0,2,{  },{  },{  },0,0,0,0,0,0,{  },1,0,0,0,0,0,0,0,0,0,2,{  },{  },{  },0,0,0,{  },{  },{  },{  },1,0,0,0,0,0,0,0,0,2,{  },{  },{  },0,0,0,0,0,0,0,0,0,0,0,0
card/cvc5_bapa/fol_0000029.smt2,sat,0.049,0,0,32,41,0,0,0,0,25,5,3,4,9,69,0,{  },0,0,0,0,0,0,0,0,0,0,3,1,95,1,0,0,10,72,87,{  },{  },{  },,48,0,0,0,0,0,0,0,0,0,0,0,0,0,0,0,0,0,0,0,0,0,0,0,0,0,0,0,0,0,0,0,0,0,0,0,0,0,0,0,0,0,0,0,0,0,0,0,0,0,102,11,5161,5161,"{ ARITH_CONF_SIMPLEX: 10, ARITH_LIA_STAR_EXISTS: 1, ARITH_LIA_STAR_NONNEGATIVE: 1, ARITH_LIA_STAR_SPLIT: 1, ARITH_ROW_IMPL: 3, ARITH_SPLIT_DEQ: 10 }","{ ArithPivotStep: 26, BvSatStep: 1, CnfStep: 54, DecisionStep: 57, LemmaStep: 16, PreprocessStep: 20, RewriteStep: 4757, SatConflictStep: 59, TheoryCheckStep: 142, TheoryFullCheckStep: 3 }",258,2,54,4,5,233,0,1,5,0,63,175,129,0,0,0,0,0,0,0,0,0,0,0,0,0,0,0,15,0,0,0,0,0,0,0,0,0,0,0,0,0,0,0,0,0,0,0,0,0,0,0,0,0,32,0,0,0,0,0,0,0,140,66,44,0,10,0,56,0,0,12,5,5,0,0,0,0,0,0,0,0,0,0,10,0,0,0,0,{ ARITH_CONF_SIMPLEX: 10 },{  },"{ ARITH_LIA_STAR_EXISTS: 1, ARITH_LIA_STAR_NONNEGATIVE: 1, ARITH_LIA_STAR_SPLIT: 1, ARITH_ROW_IMPL: 3, ARITH_SPLIT_DEQ: 10 }",13,0,0,16,43,3,0,10,34,6,12,34,1,10,10,7,0,0,2,11,5,2,0,0,1,10,10,5,0,0,0,0,3,1,58,46,34,0,12,34,0,0,25,{  },{  },{  },0,0,0,0,0,0,0,0,0,53,0,0,0,0,0.0,10,0,95,0,0,0,0,48,10,5,0,6,0,0,0,0,0,0,0,0,0,0,0,0,0,0,0,0,0,0,0,0,0,0,0,0,0,0,0,0,0,0,0,0,0,0,0,0,0,0,0,0,0,0,0,0,0,0,nan,nan,nan,0,0,0,0,0,2,{  },{  },{  },0,0,0,0,0,0,0,2,0,0,0,0,0,0,0,0,0,0,0,0,0,0,2,0,0,0,0,0,0,0,0,0,0,0,0,2,{  },{  },{  },0,0,0,{  },0,0,0,0,0,{  },{  },{  },0,0,0,0,0,0,0,0,{  },{  },{  },0,0,117,0,0,0,0,3,0,0,2,0,0,0,0,0,0,0,2,{  },{  },{  },0,0,0,0,0,0,0,0,0,0,0,2,{  },{  },{  },0,0,0,0,0,0,0,0,0,0,0,2,{  },{  },{  },0,0,0,0,0,0,0,0,0,0,0,0,0,0,0,0,0,0,2,{  },{  },{  },0,0,0,0,0,0,10,72,87,0,0,0,{  },{  },{  },0,0,0,0,0,0,0,0,0,0,0,2,{  },{  },{  },0,0,0,0,0,0,0,0,0,0,0,2,{  },{  },{  },0,0,0,0,0,0,{  },1,0,0,0,0,0,0,0,0,0,2,{  },{  },{  },0,0,0,{  },{  },{  },{  },1,0,0,0,0,0,0,0,0,2,{  },{  },{  },0,0,0,0,0,0,0,0,0,0,0,0
card/cvc5_bapa/fol_0000031.smt2,sat,0.022,0,0,20,27,0,0,0,0,11,3,3,2,2,21,0,{  },0,0,0,0,0,0,0,0,0,0,3,1,30,1,0,0,2,27,35,{  },{  },{  },,21,0,0,0,0,0,0,0,0,0,0,0,0,0,0,0,0,0,0,0,0,0,0,0,0,0,0,0,0,0,0,0,0,0,0,0,0,0,0,0,0,0,0,0,0,0,0,0,0,0,63,13,3059,3059,"{ ARITH_CONF_SIMPLEX: 4, ARITH_LIA_STAR_EXISTS: 1, ARITH_LIA_STAR_NONNEGATIVE: 1, ARITH_LIA_STAR_SPLIT: 1, ARITH_ROW_IMPL: 1, ARITH_SPLIT_DEQ: 4 }","{ ArithPivotStep: 12, BvSatStep: 1, CnfStep: 40, DecisionStep: 17, LemmaStep: 8, PreprocessStep: 22, RewriteStep: 2854, SatConflictStep: 19, TheoryCheckStep: 71, TheoryFullCheckStep: 3 }",139,1,14,0,1,93,0,1,1,0,38,63,81,0,0,0,0,0,0,0,0,0,0,0,0,0,0,0,13,0,0,0,0,0,0,0,0,0,0,0,0,0,0,0,0,0,0,0,0,0,0,0,0,0,20,0,0,0,0,0,0,0,58,13,18,0,4,0,22,0,0,4,2,6,0,0,0,0,0,0,0,0,0,0,4,0,0,0,0,{ ARITH_CONF_SIMPLEX: 4 },{  },"{ ARITH_LIA_STAR_EXISTS: 1, ARITH_LIA_STAR_NONNEGATIVE: 1, ARITH_LIA_STAR_SPLIT: 1, ARITH_ROW_IMPL: 1, ARITH_SPLIT_DEQ: 4 }",16,0,0,8,17,3,0,5,13,5,3,13,1,5,5,3,0,0,2,6,3,2,0,0,1,5,5,2,0,0,0,0,3,1,25,22,13,0,3,13,0,0,10,{  },{  },{  },0,0,0,0,0,0,0,0,0,16,0,0,0,0,0.0,4,0,30,0,0,0,0,21,4,2,0,3,0,0,0,0,0,0,0,0,0,0,0,0,0,0,0,0,0,0,0,0,0,0,0,0,0,0,0,0,0,0,0,0,0,0,0,0,0,0,0,0,0,0,0,0,0,0,nan,nan,nan,0,0,0,0,0,2,{  },{  },{  },0,0,0,0,0,0,0,2,0,0,0,0,0,0,0,0,0,0,0,0,0,0,2,0,0,0,0,0,0,0,0,0,0,0,0,2,{  },{  },{  },0,0,0,{  },0,0,0,0,0,{  },{  },{  },0,0,0,0,0,0,0,0,{  },{  },{  },0,0,40,0,0,0,0,3,0,0,2,0,0,0,0,0,0,0,2,{  },{  },{  },0,0,0,0,0,0,0,0,0,0,0,2,{  },{  },{  },0,0,0,0,0,0,0,0,0,0,0,2,{  },{  },{  },0,0,0,0,0,0,0,0,0,0,0,0,0,0,0,0,0,0,2,{  },{  },{  },0,0,0,0,0,0,2,27,35,0,0,0,{  },{  },{  },0,0,0,0,0,0,0,0,0,0,0,2,{  },{  },{  },0,0,0,0,0,0,0,0,0,0,0,2,{  },{  },{  },0,0,0,0,0,0,{  },1,0,0,0,0,0,0,0,0,0,2,{  },{  },{  },0,0,0,{  },{  },{  },{  },1,0,0,0,0,0,0,0,0,2,{  },{  },{  },0,0,0,0,0,0,0,0,0,0,0,0
card/cvc5_bapa/fol_0000033.smt2,sat,0.023,0,0,20,25,0,0,0,0,14,3,3,3,6,19,0,{  },0,0,0,0,0,0,0,0,0,0,4,1,37,1,0,0,1,33,44,{  },{  },{  },,22,0,0,0,0,0,0,0,0,0,0,0,0,0,0,0,0,0,0,0,0,0,0,0,0,0,0,0,0,0,0,0,0,0,0,0,0,0,0,0,0,0,0,0,0,0,0,0,0,0,66,13,3300,3300,"{ ARITH_BB_LEMMA: 1, ARITH_CONF_SIMPLEX: 4, ARITH_LIA_STAR_EXISTS: 1, ARITH_LIA_STAR_NONNEGATIVE: 1, ARITH_LIA_STAR_SPLIT: 1, ARITH_ROW_IMPL: 3, ARITH_SPLIT_DEQ: 4 }","{ ArithPivotStep: 12, BvSatStep: 1, CnfStep: 41, DecisionStep: 20, LemmaStep: 10, PreprocessStep: 22, RewriteStep: 3064, SatConflictStep: 22, TheoryCheckStep: 89, TheoryFullCheckStep: 4 }",144,1,16,5,2,109,0,1,2,0,47,79,97,0,0,0,0,0,0,0,0,0,0,0,0,0,0,0,13,0,0,0,0,0,0,0,0,0,0,0,0,0,0,0,0,0,0,0,0,0,0,0,0,0,20,0,0,0,0,0,0,0,68,17,18,0,4,0,30,0,0,8,1,5,0,1,0,0,0,0,0,0,0,0,4,0,0,1,0,{ ARITH_CONF_SIMPLEX: 4 },{  },"{ ARITH_BB_LEMMA: 1, ARITH_LIA_STAR_EXISTS: 1, ARITH_LIA_STAR_NONNEGATIVE: 1, ARITH_LIA_STAR_SPLIT: 1, ARITH_ROW_IMPL: 3, ARITH_SPLIT_DEQ: 4 }",16,0,0,11,18,3,0,5,13,5,3,14,1,5,5,3,0,0,2,6,3,2,0,0,1,5,5,2,0,0,0,0,3,1,25,22,14,0,3,14,0,0,10,{  },{  },{  },0,0,0,0,0,0,0,1,0,18,0,0,0,0,0.0,3,0,37,0,0,0,0,19,4,2,0,4,0,0,0,0,0,0,0,0,0,0,0,0,0,0,0,0,0,0,0,0,0,0,0,0,0,0,0,0,0,0,0,0,0,0,0,0,0,0,0,0,0,0,0,0,0,0,nan,nan,nan,0,0,0,0,0,2,{  },{  },{  },0,0,0,0,0,0,0,2,0,0,0,0,0,0,0,0,0,0,0,0,0,0,2,0,0,0,0,0,0,0,0,0,0,0,0,2,{  },{  },{  },0,0,0,{  },0,0,0,0,0,{  },{  },{  },0,0,0,0,0,0,0,0,{  },{  },{  },0,0,49,0,0,0,0,4,0,0,2,0,0,0,0,0,0,0,2,{  },{  },{  },0,0,0,0,0,0,0,0,0,0,0,2,{  },{  },{  },0,0,0,0,0,0,0,0,0,0,0,2,{  },{  },{  },0,0,0,0,0,0,0,0,0,0,0,0,0,0,0,0,0,0,2,{  },{  },{  },0,0,0,0,0,0,1,33,44,0,0,0,{  },{  },{  },0,0,0,0,0,0,0,0,0,0,0,2,{  },{  },{  },0,0,0,0,0,0,0,0,0,0,0,2,{  },{  },{  },0,0,0,0,0,0,{  },1,0,0,0,0,0,0,0,0,0,2,{  },{  },{  },0,0,0,{  },{  },{  },{  },1,0,0,0,0,0,0,0,0,2,{  },{  },{  },0,0,0,0,0,0,0,0,0,0,0,0
card/cvc5_bapa/fol_0000035.smt2,sat,0.023,0,0,20,27,0,0,0,0,12,3,3,2,3,21,0,{  },0,0,0,0,0,0,0,0,0,0,4,1,32,1,0,0,1,27,36,{  },{  },{  },,22,0,0,0,0,0,0,0,0,0,0,0,0,0,0,0,0,0,0,0,0,0,0,0,0,0,0,0,0,0,0,0,0,0,0,0,0,0,0,0,0,0,0,0,0,0,0,0,0,0,66,13,3207,3207,"{ ARITH_BB_LEMMA: 1, ARITH_CONF_SIMPLEX: 4, ARITH_LIA_STAR_EXISTS: 1, ARITH_LIA_STAR_NONNEGATIVE: 1, ARITH_LIA_STAR_SPLIT: 1, ARITH_ROW_IMPL: 1, ARITH_SPLIT_DEQ: 4 }","{ ArithPivotStep: 13, BvSatStep: 1, CnfStep: 41, DecisionStep: 19, LemmaStep: 9, PreprocessStep: 22, RewriteStep: 2979, SatConflictStep: 21, TheoryCheckStep: 85, TheoryFullCheckStep: 4 }",142,1,15,0,1,95,0,1,1,0,39,65,84,0,0,0,0,0,0,0,0,0,0,0,0,0,0,0,13,0,0,0,0,0,0,0,0,0,0,0,0,0,0,0,0,0,0,0,0,0,0,0,0,0,20,0,0,0,0,0,0,0,59,14,19,0,4,0,23,0,0,3,2,6,0,1,0,0,0,0,0,0,0,0,4,0,0,1,0,{ ARITH_CONF_SIMPLEX: 4 },{  },"{ ARITH_BB_LEMMA: 1, ARITH_LIA_STAR_EXISTS: 1, ARITH_LIA_STAR_NONNEGATIVE: 1, ARITH_LIA_STAR_SPLIT: 1, ARITH_ROW_IMPL: 1, ARITH_SPLIT_DEQ: 4 }",16,0,0,9,18,3,0,5,13,5,3,13,1,5,5,3,0,0,2,6,3,2,0,0,1,5,5,2,0,0,0,0,3,1,25,22,13,0,3,14,0,0,11,{  },{  },{  },0,0,0,0,0,0,0,1,0,17,0,0,0,0,0.0,4,0,32,0,0,0,0,22,4,2,0,3,0,0,0,0,0,0,0,0,0,0,0,0,0,0,0,0,0,0,0,0,0,0,0,0,0,0,0,0,0,0,0,0,0,0,0,0,0,0,0,0,0,0,0,0,0,0,nan,nan,nan,0,0,0,0,0,2,{  },{  },{  },0,0,0,0,0,0,0,2,0,0,0,0,0,0,0,0,0,0,0,0,0,0,2,0,0,0,0,0,0,0,0,0,0,0,0,2,{  },{  },{  },0,0,0,{  },0,0,0,0,0,{  },{  },{  },0,0,0,0,0,0,0,0,{  },{  },{  },0,0,41,0,0,0,0,4,0,0,2,0,0,0,0,0,0,0,2,{  },{  },{  },0,0,0,0,0,0,0,0,0,0,0,2,{  },{  },{  },0,0,0,0,0,0,0,0,0,0,0,2,{  },{  },{  },0,0,0,0,0,0,0,0,0,0,0,0,0,0,0,0,0,0,2,{  },{  },{  },0,0,0,0,0,0,1,27,36,0,0,0,{  },{  },{  },0,0,0,0,0,0,0,0,0,0,0,2,{  },{  },{  },0,0,0,0,0,0,0,0,0,0,0,2,{  },{  },{  },0,0,0,0,0,0,{  },1,0,0,0,0,0,0,0,0,0,2,{  },{  },{  },0,0,0,{  },{  },{  },{  },1,0,0,0,0,0,0,0,0,2,{  },{  },{  },0,0,0,0,0,0,0,0,0,0,0,0
card/cvc5_bapa/fol_0000036.smt2,sat,0.004,0,0,8,12,0,0,0,0,3,3,2,0,1,2,0,{  },0,0,0,0,0,0,0,0,0,0,2,1,11,1,0,0,0,8,12,{  },{  },{  },,3,0,0,0,0,0,0,0,0,0,0,0,0,0,0,0,0,0,0,0,0,0,0,0,0,0,0,0,0,0,0,0,0,0,0,0,0,0,0,0,0,0,0,0,0,0,0,0,0,0,23,9,1389,1389,"{ ARITH_BLACK_BOX: 1, ARITH_LIA_STAR_NONNEGATIVE: 1, ARITH_LIA_STAR_SPLIT: 1, ARITH_SPLIT_DEQ: 1 }","{ ArithPivotStep: 1, BvSatStep: 1, CnfStep: 28, DecisionStep: 8, LemmaStep: 3, PreprocessStep: 19, RewriteStep: 1276, SatConflictStep: 10, TheoryCheckStep: 37, TheoryFullCheckStep: 2 }",26,0,6,0,0,30,0,1,0,0,8,19,17,0,0,0,0,0,0,0,0,0,0,0,0,0,0,0,5,0,0,0,0,0,0,0,0,0,0,0,0,0,0,0,0,0,0,0,0,0,0,0,0,0,8,0,0,0,0,0,0,0,18,5,0,0,1,1,7,0,1,0,2,4,0,0,0,0,0,0,0,0,0,0,0,0,0,0,0,{ ARITH_BLACK_BOX: 1 },{  },"{ ARITH_LIA_STAR_NONNEGATIVE: 1, ARITH_LIA_STAR_SPLIT: 1, ARITH_SPLIT_DEQ: 1 }",6,0,0,3,0,2,0,0,0,0,0,0,0,0,0,0,0,0,0,0,0,1,1,0,0,0,0,0,0,0,0,0,2,0,0,0,0,0,0,0,0,0,1,{  },{  },{  },0,0,0,0,0,0,0,0,0,5,0,0,0,0,0.0,1,0,11,0,0,0,0,7,0,0,0,0,0,0,0,0,0,0,0,0,0,0,0,0,0,0,0,0,0,0,0,0,0,0,0,0,0,0,0,0,0,0,0,0,0,0,0,0,0,0,0,0,0,0,0,0,0,0,nan,nan,nan,0,0,0,0,0,2,{  },{  },{  },0,0,0,0,0,0,0,2,0,0,0,0,0,0,0,0,0,0,0,0,0,0,2,0,0,0,0,0,0,0,0,0,0,0,0,2,{  },{  },{  },0,0,0,{  },0,0,0,0,0,{  },{  },{  },0,0,0,0,0,0,0,0,{  },{  },{  },0,0,12,0,0,0,0,2,0,0,2,0,0,0,0,0,0,0,2,{  },{  },{  },0,0,0,0,0,0,0,0,0,0,0,2,{  },{  },{  },0,0,0,0,0,0,0,0,0,0,0,2,{  },{  },{  },0,0,0,0,0,0,0,0,0,0,0,0,0,0,0,0,0,0,2,{  },{  },{  },0,0,0,0,0,0,0,8,12,0,0,0,{  },{  },{  },0,0,0,0,0,0,0,0,0,0,0,2,{  },{  },{  },0,0,0,0,0,0,0,0,0,0,0,2,{  },{  },{  },0,0,0,0,0,0,{  },1,0,0,0,0,0,0,0,0,0,2,{  },{  },{  },0,0,0,{  },{  },{  },{  },1,0,0,0,0,0,0,0,0,2,{  },{  },{  },0,0,0,0,0,0,0,0,0,0,0,0
card/cvc5_bapa/fol_0000037.smt2,sat,0.024,0,0,20,26,0,0,0,0,11,3,3,2,2,21,0,{  },0,0,0,0,0,0,0,0,0,0,3,1,30,1,0,0,2,27,35,{  },{  },{  },,24,0,0,0,0,0,0,0,0,0,0,0,0,0,0,0,0,0,0,0,0,0,0,0,0,0,0,0,0,0,0,0,0,0,0,0,0,0,0,0,0,0,0,0,0,0,0,0,0,0,62,12,3024,3024,"{ ARITH_CONF_SIMPLEX: 4, ARITH_LIA_STAR_EXISTS: 1, ARITH_LIA_STAR_NONNEGATIVE: 1, ARITH_LIA_STAR_SPLIT: 1, ARITH_ROW_IMPL: 1, ARITH_SPLIT_DEQ: 4 }","{ ArithPivotStep: 13, BvSatStep: 1, CnfStep: 38, DecisionStep: 17, LemmaStep: 8, PreprocessStep: 22, RewriteStep: 2820, SatConflictStep: 19, TheoryCheckStep: 71, TheoryFullCheckStep: 3 }",139,1,14,0,1,92,0,1,1,0,38,63,81,0,0,0,0,0,0,0,0,0,0,0,0,0,0,0,12,0,0,0,0,0,0,0,0,0,0,0,0,0,0,0,0,0,0,0,0,0,0,0,0,0,20,0,0,0,0,0,0,0,57,13,20,0,4,0,22,0,0,4,2,5,0,0,0,0,0,0,0,0,0,0,4,0,0,0,0,{ ARITH_CONF_SIMPLEX: 4 },{  },"{ ARITH_LIA_STAR_EXISTS: 1, ARITH_LIA_STAR_NONNEGATIVE: 1, ARITH_LIA_STAR_SPLIT: 1, ARITH_ROW_IMPL: 1, ARITH_SPLIT_DEQ: 4 }",13,0,0,8,20,3,0,5,15,5,3,15,1,5,5,3,0,0,2,6,3,2,0,0,1,5,5,2,0,0,0,0,3,1,25,22,15,0,3,15,0,0,10,{  },{  },{  },0,0,0,0,0,0,0,0,0,16,0,0,0,0,0.0,4,0,30,0,0,0,0,20,4,2,0,3,0,0,0,0,0,0,0,0,0,0,0,0,0,0,0,0,0,0,0,0,0,0,0,0,0,0,0,0,0,0,0,0,0,0,0,0,0,0,0,0,0,0,0,0,0,0,nan,nan,nan,0,0,0,0,0,2,{  },{  },{  },0,0,0,0,0,0,0,2,0,0,0,0,0,0,0,0,0,0,0,0,0,0,2,0,0,0,0,0,0,0,0,0,0,0,0,2,{  },{  },{  },0,0,0,{  },0,0,0,0,0,{  },{  },{  },0,0,0,0,0,0,0,0,{  },{  },{  },0,0,40,0,0,0,0,3,0,0,2,0,0,0,0,0,0,0,2,{  },{  },{  },0,0,0,0,0,0,0,0,0,0,0,2,{  },{  },{  },0,0,0,0,0,0,0,0,0,0,0,2,{  },{  },{  },0,0,0,0,0,0,0,0,0,0,0,0,0,0,0,0,0,0,2,{  },{  },{  },0,0,0,0,0,0,2,27,35,0,0,0,{  },{  },{  },0,0,0,0,0,0,0,0,0,0,0,2,{  },{  },{  },0,0,0,0,0,0,0,0,0,0,0,2,{  },{  },{  },0,0,0,0,0,0,{  },1,0,0,0,0,0,0,0,0,0,2,{  },{  },{  },0,0,0,{  },{  },{  },{  },1,0,0,0,0,0,0,0,0,2,{  },{  },{  },0,0,0,0,0,0,0,0,0,0,0,0
card/cvc5_bapa/fol_0000039.smt2,sat,0.022,0,0,20,26,0,0,0,0,11,3,3,2,2,21,0,{  },0,0,0,0,0,0,0,0,0,0,3,1,30,1,0,0,2,27,35,{  },{  },{  },,22,0,0,0,0,0,0,0,0,0,0,0,0,0,0,0,0,0,0,0,0,0,0,0,0,0,0,0,0,0,0,0,0,0,0,0,0,0,0,0,0,0,0,0,0,0,0,0,0,0,62,12,3055,3055,"{ ARITH_CONF_SIMPLEX: 4, ARITH_LIA_STAR_EXISTS: 1, ARITH_LIA_STAR_NONNEGATIVE: 1, ARITH_LIA_STAR_SPLIT: 1, ARITH_ROW_IMPL: 1, ARITH_SPLIT_DEQ: 4 }","{ ArithPivotStep: 13, BvSatStep: 1, CnfStep: 41, DecisionStep: 17, LemmaStep: 8, PreprocessStep: 22, RewriteStep: 2848, SatConflictStep: 19, TheoryCheckStep: 71, TheoryFullCheckStep: 3 }",139,1,14,0,1,92,0,1,1,0,38,63,81,0,0,0,0,0,0,0,0,0,0,0,0,0,0,0,12,0,0,0,0,0,0,0,0,0,0,0,0,0,0,0,0,0,0,0,0,0,0,0,0,0,20,0,0,0,0,0,0,0,57,13,18,0,4,0,22,0,0,4,2,5,0,0,0,0,0,0,0,0,0,0,4,0,0,0,0,{ ARITH_CONF_SIMPLEX: 4 },{  },"{ ARITH_LIA_STAR_EXISTS: 1, ARITH_LIA_STAR_NONNEGATIVE: 1, ARITH_LIA_STAR_SPLIT: 1, ARITH_ROW_IMPL: 1, ARITH_SPLIT_DEQ: 4 }",13,0,0,8,18,3,0,5,14,5,3,14,1,5,5,3,0,0,2,6,3,2,0,0,1,5,5,2,0,0,0,0,3,1,25,22,14,0,3,14,0,0,10,{  },{  },{  },0,0,0,0,0,0,0,0,0,16,0,0,0,0,0.0,4,0,30,0,0,0,0,20,4,2,0,3,0,0,0,0,0,0,0,0,0,0,0,0,0,0,0,0,0,0,0,0,0,0,0,0,0,0,0,0,0,0,0,0,0,0,0,0,0,0,0,0,0,0,0,0,0,0,nan,nan,nan,0,0,0,0,0,2,{  },{  },{  },0,0,0,0,0,0,0,2,0,0,0,0,0,0,0,0,0,0,0,0,0,0,2,0,0,0,0,0,0,0,0,0,0,0,0,2,{  },{  },{  },0,0,0,{  },0,0,0,0,0,{  },{  },{  },0,0,0,0,0,0,0,0,{  },{  },{  },0,0,40,0,0,0,0,3,0,0,2,0,0,0,0,0,0,0,2,{  },{  },{  },0,0,0,0,0,0,0,0,0,0,0,2,{  },{  },{  },0,0,0,0,0,0,0,0,0,0,0,2,{  },{  },{  },0,0,0,0,0,0,0,0,0,0,0,0,0,0,0,0,0,0,2,{  },{  },{  },0,0,0,0,0,0,2,27,35,0,0,0,{  },{  },{  },0,0,0,0,0,0,0,0,0,0,0,2,{  },{  },{  },0,0,0,0,0,0,0,0,0,0,0,2,{  },{  },{  },0,0,0,0,0,0,{  },1,0,0,0,0,0,0,0,0,0,2,{  },{  },{  },0,0,0,{  },{  },{  },{  },1,0,0,0,0,0,0,0,0,2,{  },{  },{  },0,0,0,0,0,0,0,0,0,0,0,0
card/cvc5_bapa/fol_0000041.smt2,sat,0.023,0,0,20,26,0,0,0,0,14,3,3,3,6,19,0,{  },0,0,0,0,0,0,0,0,0,0,4,1,36,1,0,0,2,34,43,{  },{  },{  },,22,0,0,0,0,0,0,0,0,0,0,0,0,0,0,0,0,0,0,0,0,0,0,0,0,0,0,0,0,0,0,0,0,0,0,0,0,0,0,0,0,0,0,0,0,0,0,0,0,0,65,12,3211,3211,"{ ARITH_BB_LEMMA: 1, ARITH_CONF_SIMPLEX: 4, ARITH_LIA_STAR_EXISTS: 1, ARITH_LIA_STAR_NONNEGATIVE: 1, ARITH_LIA_STAR_SPLIT: 1, ARITH_ROW_IMPL: 3, ARITH_SPLIT_DEQ: 4 }","{ ArithPivotStep: 14, BvSatStep: 1, CnfStep: 41, DecisionStep: 20, LemmaStep: 10, PreprocessStep: 22, RewriteStep: 2974, SatConflictStep: 22, TheoryCheckStep: 88, TheoryFullCheckStep: 4 }",144,1,16,5,2,108,0,1,2,0,47,79,97,0,0,0,0,0,0,0,0,0,0,0,0,0,0,0,12,0,0,0,0,0,0,0,0,0,0,0,0,0,0,0,0,0,0,0,0,0,0,0,0,0,20,0,0,0,0,0,0,0,67,17,18,0,4,0,30,0,0,9,1,5,0,1,0,0,0,0,0,0,0,0,4,0,0,1,0,{ ARITH_CONF_SIMPLEX: 4 },{  },"{ ARITH_BB_LEMMA: 1, ARITH_LIA_STAR_EXISTS: 1, ARITH_LIA_STAR_NONNEGATIVE: 1, ARITH_LIA_STAR_SPLIT: 1, ARITH_ROW_IMPL: 3, ARITH_SPLIT_DEQ: 4 }",13,0,0,11,18,3,0,5,13,5,3,13,1,5,5,3,0,0,2,6,3,2,0,0,1,5,5,2,0,0,0,0,3,1,25,22,13,0,3,14,0,0,11,{  },{  },{  },0,0,0,0,0,0,0,1,0,18,0,0,0,0,0.0,3,0,36,0,0,0,0,19,4,2,0,2,0,0,0,0,0,0,0,0,0,0,0,0,0,0,0,0,0,0,0,0,0,0,0,0,0,0,0,0,0,0,0,0,0,0,0,0,0,0,0,0,0,0,0,0,0,0,nan,nan,nan,0,0,0,0,0,2,{  },{  },{  },0,0,0,0,0,0,0,2,0,0,0,0,0,0,0,0,0,0,0,0,0,0,2,0,0,0,0,0,0,0,0,0,0,0,0,2,{  },{  },{  },0,0,0,{  },0,0,0,0,0,{  },{  },{  },0,0,0,0,0,0,0,0,{  },{  },{  },0,0,49,0,0,0,0,4,0,0,2,0,0,0,0,0,0,0,2,{  },{  },{  },0,0,0,0,0,0,0,0,0,0,0,2,{  },{  },{  },0,0,0,0,0,0,0,0,0,0,0,2,{  },{  },{  },0,0,0,0,0,0,0,0,0,0,0,0,0,0,0,0,0,0,2,{  },{  },{  },0,0,0,0,0,0,2,34,43,0,0,0,{  },{  },{  },0,0,0,0,0,0,0,0,0,0,0,2,{  },{  },{  },0,0,0,0,0,0,0,0,0,0,0,2,{  },{  },{  },0,0,0,0,0,0,{  },1,0,0,0,0,0,0,0,0,0,2,{  },{  },{  },0,0,0,{  },{  },{  },{  },1,0,0,0,0,0,0,0,0,2,{  },{  },{  },0,0,0,0,0,0,0,0,0,0,0,0
card/cvc5_bapa/fol_0000042.smt2,sat,0.004,0,0,8,12,0,0,0,0,3,3,2,0,1,2,0,{  },0,0,0,0,0,0,0,0,0,0,2,1,9,1,0,0,1,9,12,{  },{  },{  },,3,0,0,0,0,0,0,0,0,0,0,0,0,0,0,0,0,0,0,0,0,0,0,0,0,0,0,0,0,0,0,0,0,0,0,0,0,0,0,0,0,0,0,0,0,0,0,0,0,0,23,9,1391,1391,"{ ARITH_BLACK_BOX: 1, ARITH_LIA_STAR_NONNEGATIVE: 1, ARITH_LIA_STAR_SPLIT: 1, ARITH_SPLIT_DEQ: 1 }","{ ArithPivotStep: 1, BvSatStep: 1, CnfStep: 28, DecisionStep: 7, LemmaStep: 3, PreprocessStep: 19, RewriteStep: 1282, SatConflictStep: 9, TheoryCheckStep: 35, TheoryFullCheckStep: 2 }",28,0,5,0,0,27,0,1,0,0,8,16,17,0,0,0,0,0,0,0,0,0,0,0,0,0,0,0,6,0,0,0,0,0,0,0,0,0,0,0,0,0,0,0,0,0,0,0,0,0,0,0,0,0,8,0,0,0,0,0,0,0,16,4,0,0,1,1,5,0,1,1,2,5,0,0,0,0,0,0,0,0,0,0,0,0,0,0,0,{ ARITH_BLACK_BOX: 1 },{  },"{ ARITH_LIA_STAR_NONNEGATIVE: 1, ARITH_LIA_STAR_SPLIT: 1, ARITH_SPLIT_DEQ: 1 }",9,0,0,3,0,2,0,0,0,0,0,0,0,0,0,0,0,0,0,0,0,1,1,0,0,0,0,0,0,0,0,0,2,0,0,0,0,0,0,0,0,0,1,{  },{  },{  },0,0,0,0,0,0,0,0,0,4,0,0,0,0,0.0,1,0,9,0,0,0,0,7,0,0,0,0,0,0,0,0,0,0,0,0,0,0,0,0,0,0,0,0,0,0,0,0,0,0,0,0,0,0,0,0,0,0,0,0,0,0,0,0,0,0,0,0,0,0,0,0,0,0,nan,nan,nan,0,0,0,0,0,2,{  },{  },{  },0,0,0,0,0,0,0,2,0,0,0,0,0,0,0,0,0,0,0,0,0,0,2,0,0,0,0,0,0,0,0,0,0,0,0,2,{  },{  },{  },0,0,0,{  },0,0,0,0,0,{  },{  },{  },0,0,0,0,0,0,0,0,{  },{  },{  },0,0,10,0,0,0,0,2,0,0,2,0,0,0,0,0,0,0,2,{  },{  },{  },0,0,0,0,0,0,0,0,0,0,0,2,{  },{  },{  },0,0,0,0,0,0,0,0,0,0,0,2,{  },{  },{  },0,0,0,0,0,0,0,0,0,0,0,0,0,0,0,0,0,0,2,{  },{  },{  },0,0,0,0,0,0,1,9,12,0,0,0,{  },{  },{  },0,0,0,0,0,0,0,0,0,0,0,2,{  },{  },{  },0,0,0,0,0,0,0,0,0,0,0,2,{  },{  },{  },0,0,0,0,0,0,{  },1,0,0,0,0,0,0,0,0,0,2,{  },{  },{  },0,0,0,{  },{  },{  },{  },1,0,0,0,0,0,0,0,0,2,{  },{  },{  },0,0,0,0,0,0,0,0,0,0,0,0
card/cvc5_bapa/fol_0000043.smt2,sat,0.047,0,0,30,39,0,0,0,0,22,5,3,4,3,64,0,{  },0,0,0,0,0,0,0,0,0,0,3,1,66,1,0,0,5,50,55,{  },{  },{  },,47,0,0,0,0,0,0,0,0,0,0,0,0,0,0,0,0,0,0,0,0,0,0,0,0,0,0,0,0,0,0,0,0,0,0,0,0,0,0,0,0,0,0,0,0,0,0,0,0,0,97,10,4793,4793,"{ ARITH_BLACK_BOX: 1, ARITH_CONF_SIMPLEX: 9, ARITH_LIA_STAR_EXISTS: 1, ARITH_LIA_STAR_NONNEGATIVE: 1, ARITH_LIA_STAR_SPLIT: 1, ARITH_ROW_IMPL: 2, ARITH_SPLIT_DEQ: 8 }","{ ArithPivotStep: 16, BvSatStep: 1, CnfStep: 51, DecisionStep: 39, LemmaStep: 13, PreprocessStep: 20, RewriteStep: 4475, SatConflictStep: 41, TheoryCheckStep: 111, TheoryFullCheckStep: 3 }",250,1,36,4,4,167,0,1,4,0,63,123,129,0,0,0,0,0,0,0,0,0,0,0,0,0,0,0,14,0,0,0,0,0,0,0,0,0,0,0,0,0,0,0,0,0,0,0,0,0,0,0,0,0,32,0,0,0,0,0,0,0,101,31,43,0,10,1,39,0,1,5,5,6,0,0,0,0,0,0,0,0,0,0,9,0,0,0,0,"{ ARITH_BLACK_BOX: 1, ARITH_CONF_SIMPLEX: 9 }",{  },"{ ARITH_LIA_STAR_EXISTS: 1, ARITH_LIA_STAR_NONNEGATIVE: 1, ARITH_LIA_STAR_SPLIT: 1, ARITH_ROW_IMPL: 2, ARITH_SPLIT_DEQ: 8 }",9,0,0,13,42,3,0,10,32,6,12,32,1,10,10,7,0,0,2,11,5,2,0,0,1,10,10,6,0,0,0,0,3,1,58,46,32,0,12,32,0,0,16,{  },{  },{  },0,0,0,0,0,0,0,0,0,34,0,0,0,0,0.0,8,0,66,0,0,0,0,36,9,4,0,4,0,0,0,0,0,0,0,0,0,0,0,0,0,0,0,0,0,0,0,0,0,0,0,0,0,0,0,0,0,0,0,0,0,0,0,0,0,0,0,0,0,0,0,0,0,0,nan,nan,nan,0,0,0,0,0,2,{  },{  },{  },0,0,0,0,0,0,0,2,0,0,0,0,0,0,0,0,0,0,0,0,0,0,2,0,0,0,0,0,0,0,0,0,0,0,0,2,{  },{  },{  },0,0,0,{  },0,0,0,0,0,{  },{  },{  },0,0,0,0,0,0,0,0,{  },{  },{  },0,0,82,0,0,0,0,3,0,0,2,0,0,0,0,0,0,0,2,{  },{  },{  },0,0,0,0,0,0,0,0,0,0,0,2,{  },{  },{  },0,0,0,0,0,0,0,0,0,0,0,2,{  },{  },{  },0,0,0,0,0,0,0,0,0,0,0,0,0,0,0,0,0,0,2,{  },{  },{  },0,0,0,0,0,0,5,50,55,0,0,0,{  },{  },{  },0,0,0,0,0,0,0,0,0,0,0,2,{  },{  },{  },0,0,0,0,0,0,0,0,0,0,0,2,{  },{  },{  },0,0,0,0,0,0,{  },1,0,0,0,0,0,0,0,0,0,2,{  },{  },{  },0,0,0,{  },{  },{  },{  },1,0,0,0,0,0,0,0,0,2,{  },{  },{  },0,0,0,0,0,0,0,0,0,0,0,0
card/cvc5_bapa/fol_0000044.smt2,sat,0.023,0,0,20,26,0,0,0,0,11,3,3,2,2,21,0,{  },0,0,0,0,0,0,0,0,0,0,3,1,30,1,0,0,2,27,35,{  },{  },{  },,22,0,0,0,0,0,0,0,0,0,0,0,0,0,0,0,0,0,0,0,0,0,0,0,0,0,0,0,0,0,0,0,0,0,0,0,0,0,0,0,0,0,0,0,0,0,0,0,0,0,62,12,2984,2984,"{ ARITH_CONF_SIMPLEX: 4, ARITH_LIA_STAR_EXISTS: 1, ARITH_LIA_STAR_NONNEGATIVE: 1, ARITH_LIA_STAR_SPLIT: 1, ARITH_ROW_IMPL: 1, ARITH_SPLIT_DEQ: 4 }","{ ArithPivotStep: 11, BvSatStep: 1, CnfStep: 38, DecisionStep: 17, LemmaStep: 8, PreprocessStep: 22, RewriteStep: 2782, SatConflictStep: 19, TheoryCheckStep: 71, TheoryFullCheckStep: 3 }",139,1,14,0,1,92,0,1,1,0,38,63,81,0,0,0,0,0,0,0,0,0,0,0,0,0,0,0,11,0,0,0,0,0,0,0,0,0,0,0,0,0,0,0,0,0,0,0,0,0,0,0,0,0,20,0,0,0,0,0,0,0,57,13,18,0,4,0,22,0,0,4,2,5,0,0,0,0,0,0,0,0,0,0,4,0,0,0,0,{ ARITH_CONF_SIMPLEX: 4 },{  },"{ ARITH_LIA_STAR_EXISTS: 1, ARITH_LIA_STAR_NONNEGATIVE: 1, ARITH_LIA_STAR_SPLIT: 1, ARITH_ROW_IMPL: 1, ARITH_SPLIT_DEQ: 4 }",9,0,0,8,18,3,0,5,13,5,3,14,1,5,5,3,0,0,2,6,3,2,0,0,1,5,5,2,0,0,0,0,3,1,25,22,13,0,3,14,0,0,10,{  },{  },{  },0,0,0,0,0,0,0,0,0,16,0,0,0,0,0.0,4,0,30,0,0,0,0,21,4,1,0,1,0,0,0,0,0,0,0,0,0,0,0,0,0,0,0,0,0,0,0,0,0,0,0,0,0,0,0,0,0,0,0,0,0,0,0,0,0,0,0,0,0,0,0,0,0,0,nan,nan,nan,0,0,0,0,0,2,{  },{  },{  },0,0,0,0,0,0,0,2,0,0,0,0,0,0,0,0,0,0,0,0,0,0,2,0,0,0,0,0,0,0,0,0,0,0,0,2,{  },{  },{  },0,0,0,{  },0,0,0,0,0,{  },{  },{  },0,0,0,0,0,0,0,0,{  },{  },{  },0,0,40,0,0,0,0,3,0,0,2,0,0,0,0,0,0,0,2,{  },{  },{  },0,0,0,0,0,0,0,0,0,0,0,2,{  },{  },{  },0,0,0,0,0,0,0,0,0,0,0,2,{  },{  },{  },0,0,0,0,0,0,0,0,0,0,0,0,0,0,0,0,0,0,2,{  },{  },{  },0,0,0,0,0,0,2,27,35,0,0,0,{  },{  },{  },0,0,0,0,0,0,0,0,0,0,0,2,{  },{  },{  },0,0,0,0,0,0,0,0,0,0,0,2,{  },{  },{  },0,0,0,0,0,0,{  },1,0,0,0,0,0,0,0,0,0,2,{  },{  },{  },0,0,0,{  },{  },{  },{  },1,0,0,0,0,0,0,0,0,2,{  },{  },{  },0,0,0,0,0,0,0,0,0,0,0,0
card/cvc5_bapa/fol_0000046.smt2,sat,5.432,0,0,1363,1378,0,0,0,0,601,11,3,134,400,2983,23,{  },0,0,0,0,0,0,0,0,0,0,5,1,48543,1,0,0,423,2070,2620,{  },{  },{  },,5432,0,0,0,0,0,0,0,0,0,0,0,0,0,0,0,0,0,0,0,0,0,0,0,0,0,0,0,0,0,0,0,0,0,0,0,0,0,0,0,0,0,0,0,0,0,0,0,0,26,4102,16,333717,333717,"{ ARITH_BB_LEMMA: 1, ARITH_CONF_SIMPLEX: 200, ARITH_DIO_CUT: 1, ARITH_LIA_STAR_EXISTS: 1, ARITH_LIA_STAR_NONNEGATIVE: 1, ARITH_LIA_STAR_SPLIT: 1, ARITH_ROW_IMPL: 4, ARITH_SPLIT_DEQ: 393 }","{ ArithPivotStep: 488, BvSatStep: 1, CnfStep: 649, DecisionStep: 24643, LemmaStep: 160, PreprocessStep: 29, RewriteStep: 233743, SatConflictStep: 24645, TheoryCheckStep: 48752, TheoryFullCheckStep: 5 }",14131,8,24638,783,218,53792,0,1,217,0,2724,27531,5447,0,0,0,0,0,0,0,0,0,0,0,0,0,0,0,32,0,0,0,0,0,0,0,0,0,0,0,0,0,0,0,0,0,0,0,0,0,0,0,0,0,1363,1,0,0,0,0,0,1306,27892,2072,4017,0,200,0,1221,0,0,695,425,15,0,2,291,0,1,35,1,0,1,1,200,120,0,1,0,{ ARITH_CONF_SIMPLEX: 200 },{  },"{ ARITH_BB_LEMMA: 1, ARITH_DIO_CUT: 1, ARITH_LIA_STAR_EXISTS: 1, ARITH_LIA_STAR_NONNEGATIVE: 1, ARITH_LIA_STAR_SPLIT: 1, ARITH_ROW_IMPL: 4, ARITH_SPLIT_DEQ: 393 }",18,0,0,402,3471,3,0,363,2746,12,3564,2765,1,363,363,561,32,10,5,835,13,2,0,0,3,391,363,440,61,0,0,0,3,1,4823,1259,2764,0,3564,2765,1,118,484,{  },{  },{  },0,0,0,0,0,0,0,1,0,24320,0,0,0,0,0.0,148,0,48543,0,0,0,0,1272,200,20,1,25,0,0,0,0,0,0,0,0,0,0,0,0,0,0,0,0,0,0,0,0,0,0,0,0,0,0,0,0,0,0,0,0,0,0,0,0,0,0,0,0,0,0,0,0,134,0,nan,nan,nan,0,0,0,0,0,2,{  },{  },{  },0,0,0,0,0,0,0,2,0,0,0,0,0,0,0,0,0,0,0,0,0,0,2,0,0,0,0,0,0,0,0,0,0,0,0,2,{  },{  },{  },0,0,0,{  },0,0,0,0,0,{  },{  },{  },0,0,0,0,0,0,0,0,{  },{  },{  },0,0,26026,0,0,0,0,5,0,0,2,0,0,0,0,0,0,0,2,{  },{  },{  },0,0,0,0,0,0,0,0,0,0,0,2,{  },{  },{  },0,0,0,0,0,0,0,0,0,0,0,2,{  },{  },{  },0,0,0,0,0,0,0,0,0,0,0,0,0,0,0,0,0,0,2,{  },{  },{  },0,0,0,0,0,0,423,2070,2620,0,0,0,{  },{  },{  },0,0,0,0,0,0,0,0,0,0,0,2,{  },{  },{  },0,0,0,0,0,0,0,0,0,0,0,2,{  },{  },{  },0,0,0,0,0,0,{  },1,0,0,0,0,0,0,0,0,0,2,{  },{  },{  },0,0,0,{  },{  },{  },{  },1,0,0,0,0,0,0,0,0,2,{  },{  },{  },0,0,0,0,0,0,0,0,0,0,0,0
card/cvc5_bapa/fol_0000050.smt2,sat,0.016,0,0,22,27,0,0,0,0,11,12,2,0,1,10,0,{  },0,0,0,0,0,0,0,0,0,0,2,1,38,1,0,0,7,38,41,{  },{  },{  },,15,0,0,0,0,0,0,0,0,0,0,0,0,0,0,0,0,0,0,0,0,0,0,0,0,0,0,0,0,0,0,0,0,0,0,0,0,0,0,0,0,0,0,0,0,0,0,0,0,0,62,16,3982,3982,"{ ARITH_CONF_SIMPLEX: 7, ARITH_LIA_STAR_NONNEGATIVE: 1, ARITH_LIA_STAR_SPLIT: 1, ARITH_ROW_IMPL: 1, ARITH_SPLIT_DEQ: 2 }","{ ArithPivotStep: 27, BvSatStep: 1, CnfStep: 60, DecisionStep: 25, LemmaStep: 8, PreprocessStep: 29, RewriteStep: 3723, SatConflictStep: 27, TheoryCheckStep: 68, TheoryFullCheckStep: 2 }",111,1,23,2,2,92,0,1,2,0,29,76,55,0,0,0,0,0,0,0,0,0,0,0,0,0,0,0,23,0,0,0,0,0,0,0,0,0,0,0,0,0,0,0,0,0,0,0,0,0,0,0,0,0,22,0,0,0,0,0,0,0,58,17,1,0,7,0,18,0,0,7,12,18,0,0,0,0,0,0,0,0,0,4,7,0,0,0,0,{ ARITH_CONF_SIMPLEX: 7 },{  },"{ ARITH_LIA_STAR_NONNEGATIVE: 1, ARITH_LIA_STAR_SPLIT: 1, ARITH_ROW_IMPL: 1, ARITH_SPLIT_DEQ: 2 }",18,0,0,5,0,2,0,0,0,0,0,0,0,0,0,0,0,0,0,0,0,1,1,0,0,0,0,0,0,0,0,0,2,0,0,0,0,0,0,0,0,0,20,{  },{  },{  },0,0,0,0,0,0,0,0,0,16,0,0,0,0,0.0,5,0,38,0,0,0,0,33,7,7,0,9,0,0,0,0,0,0,0,0,0,0,0,0,0,0,0,0,0,0,0,0,0,0,0,0,0,0,0,0,0,0,0,0,0,0,0,0,0,0,0,0,0,0,0,0,0,0,nan,nan,nan,0,0,0,0,0,2,{  },{  },{  },0,0,0,0,0,0,0,2,0,0,0,0,0,0,0,0,0,0,0,0,0,0,2,0,0,0,0,0,0,0,0,0,0,0,0,2,{  },{  },{  },0,0,0,{  },0,0,0,0,0,{  },{  },{  },0,0,0,0,0,0,0,0,{  },{  },{  },0,0,47,0,0,0,0,2,0,0,2,0,0,0,0,0,0,0,2,{  },{  },{  },0,0,0,0,0,0,0,0,0,0,0,2,{  },{  },{  },0,0,0,0,0,0,0,0,0,0,0,2,{  },{  },{  },0,0,0,0,0,0,0,0,0,0,0,0,0,0,0,0,0,0,2,{  },{  },{  },0,0,0,0,0,0,7,38,41,0,0,0,{  },{  },{  },0,0,0,0,0,0,0,0,0,0,0,2,{  },{  },{  },0,0,0,0,0,0,0,0,0,0,0,2,{  },{  },{  },0,0,0,0,0,0,{  },1,0,0,0,0,0,0,0,0,0,2,{  },{  },{  },0,0,0,{  },{  },{  },{  },1,0,0,0,0,0,0,0,0,2,{  },{  },{  },0,0,0,0,0,0,0,0,0,0,0,0
card/cvc5_bapa/fol_0000051.smt2,sat,3.764,0,0,1363,1378,0,0,0,0,591,11,3,132,269,2572,21,{  },0,0,0,0,0,0,0,0,0,0,3,1,46506,1,0,0,276,1899,2180,{  },{  },{  },,3764,0,0,0,0,0,0,0,0,0,0,0,0,0,0,0,0,0,0,0,0,0,0,0,0,0,0,0,0,0,0,0,0,0,0,0,0,0,0,0,0,0,0,0,0,0,0,0,0,25,4093,16,328564,328564,"{ ARITH_CONF_SIMPLEX: 197, ARITH_LIA_STAR_EXISTS: 1, ARITH_LIA_STAR_NONNEGATIVE: 1, ARITH_LIA_STAR_SPLIT: 1, ARITH_ROW_IMPL: 2, ARITH_SPLIT_DEQ: 390 }","{ ArithPivotStep: 538, BvSatStep: 1, CnfStep: 639, DecisionStep: 23448, LemmaStep: 152, PreprocessStep: 29, RewriteStep: 233025, SatConflictStep: 23450, TheoryCheckStep: 46687, TheoryFullCheckStep: 3 }",13725,4,23445,3,11,51639,0,1,11,0,2723,26291,5445,0,0,0,0,0,0,0,0,0,0,0,0,0,0,0,32,0,0,0,0,0,0,0,0,0,0,0,0,0,0,0,0,0,0,0,0,0,0,0,0,0,1363,2,0,0,0,0,0,51,26537,2515,3617,0,197,0,1205,0,0,529,417,15,0,0,0,0,0,0,0,0,1,0,197,154,0,0,0,{ ARITH_CONF_SIMPLEX: 197 },{  },"{ ARITH_LIA_STAR_EXISTS: 1, ARITH_LIA_STAR_NONNEGATIVE: 1, ARITH_LIA_STAR_SPLIT: 1, ARITH_ROW_IMPL: 2, ARITH_SPLIT_DEQ: 390 }",18,0,0,395,3389,3,0,363,2671,12,3459,2689,1,363,363,556,31,10,5,835,13,2,0,0,3,391,363,437,60,0,0,0,3,1,4697,1238,2688,0,3459,2690,0,153,535,{  },{  },{  },0,0,0,0,0,0,0,0,0,23596,0,0,0,0,0.0,144,0,46506,0,0,0,0,1322,197,17,0,19,0,0,0,0,0,0,0,0,0,0,0,0,0,0,0,0,0,0,0,0,0,0,0,0,0,0,0,0,0,0,0,0,0,0,0,0,0,0,0,0,0,0,0,0,168,0,nan,nan,nan,0,0,0,0,0,2,{  },{  },{  },0,0,0,0,0,0,0,2,0,0,0,0,0,0,0,0,0,0,0,0,0,0,2,0,0,0,0,0,0,0,0,0,0,0,0,2,{  },{  },{  },0,0,0,{  },0,0,0,0,0,{  },{  },{  },0,0,0,0,0,0,0,0,{  },{  },{  },0,0,24807,0,0,0,0,3,0,0,2,0,0,0,0,0,0,0,2,{  },{  },{  },0,0,0,0,0,0,0,0,0,0,0,2,{  },{  },{  },0,0,0,0,0,0,0,0,0,0,0,2,{  },{  },{  },0,0,0,0,0,0,0,0,0,0,0,0,0,0,0,0,0,0,2,{  },{  },{  },0,0,0,0,0,0,276,1899,2180,0,0,0,{  },{  },{  },0,0,0,0,0,0,0,0,0,0,0,2,{  },{  },{  },0,0,0,0,0,0,0,0,0,0,0,2,{  },{  },{  },0,0,0,0,0,0,{  },1,0,0,0,0,0,0,0,0,0,2,{  },{  },{  },0,0,0,{  },{  },{  },{  },1,0,0,0,0,0,0,0,0,2,{  },{  },{  },0,0,0,0,0,0,0,0,0,0,0,0
card/cvc5_bapa/fol_0000052.smt2,sat,3.726,0,0,1355,1367,0,0,0,0,883,9,3,135,271,1423,24,{  },0,0,0,0,0,0,0,0,0,0,5,1,17269,1,0,0,137,65160,65422,{  },{  },{  },,3725,0,0,0,0,0,0,0,0,0,0,0,0,0,0,0,0,0,0,0,0,0,0,0,0,0,0,0,0,0,0,0,0,0,0,0,0,0,0,0,0,0,0,0,0,0,0,0,0,31,4084,16,540875,540875,"{ ARITH_BB_LEMMA: 1, ARITH_CONF_SIMPLEX: 496, ARITH_DIO_CUT: 1, ARITH_LIA_STAR_EXISTS: 1, ARITH_LIA_STAR_NONNEGATIVE: 1, ARITH_LIA_STAR_SPLIT: 1, ARITH_ROW_IMPL: 1, ARITH_SPLIT_DEQ: 382 }","{ ArithPivotStep: 40, BvSatStep: 1, CnfStep: 931, DecisionStep: 8862, LemmaStep: 339, PreprocessStep: 29, RewriteStep: 503256, SatConflictStep: 8864, TheoryCheckStep: 17664, TheoryFullCheckStep: 5 }",46853,1,8857,2,2,102840,0,1,2,0,2751,138910,5493,0,0,0,0,0,0,0,0,0,0,0,0,0,0,0,32,0,0,0,0,0,0,0,0,0,0,0,0,0,0,0,0,0,0,0,0,0,0,0,0,0,1363,0,0,0,0,0,0,55,75048,18836,3537,0,496,0,65018,0,0,274,5,15,0,2,0,0,1,0,1,0,4,0,496,10,0,1,0,{ ARITH_CONF_SIMPLEX: 496 },{  },"{ ARITH_BB_LEMMA: 1, ARITH_DIO_CUT: 1, ARITH_LIA_STAR_EXISTS: 1, ARITH_LIA_STAR_NONNEGATIVE: 1, ARITH_LIA_STAR_SPLIT: 1, ARITH_ROW_IMPL: 1, ARITH_SPLIT_DEQ: 382 }",18,0,0,388,3389,3,0,363,2671,12,3459,2689,1,363,363,558,32,10,5,835,13,2,0,0,3,391,363,438,61,0,0,0,3,1,4697,1238,2687,0,3459,2689,1,10,35,{  },{  },{  },0,0,0,0,0,0,0,1,0,26233,0,0,0,0,0.0,334,0,17269,0,0,0,0,750,496,318,3,426,0,0,0,0,0,0,0,0,0,0,0,0,0,0,0,0,0,0,0,0,0,0,0,0,0,0,0,0,0,0,0,0,0,0,0,0,0,0,0,0,0,0,0,0,24,0,nan,nan,nan,0,0,0,0,0,2,{  },{  },{  },0,0,0,0,0,0,0,2,0,0,0,0,0,0,0,0,0,0,0,0,0,0,2,0,0,0,0,0,0,0,0,0,0,0,0,2,{  },{  },{  },0,0,0,{  },0,0,0,0,0,{  },{  },{  },0,0,0,0,0,0,0,0,{  },{  },{  },0,0,73889,0,0,0,0,5,0,0,2,0,0,0,0,0,0,0,2,{  },{  },{  },0,0,0,0,0,0,0,0,0,0,0,2,{  },{  },{  },0,0,0,0,0,0,0,0,0,0,0,2,{  },{  },{  },0,0,0,0,0,0,0,0,0,0,0,0,0,0,0,0,0,0,2,{  },{  },{  },0,0,0,0,0,0,137,65160,65422,0,0,0,{  },{  },{  },0,0,0,0,0,0,0,0,0,0,0,2,{  },{  },{  },0,0,0,0,0,0,0,0,0,0,0,2,{  },{  },{  },0,0,0,0,0,0,{  },1,0,0,0,0,0,0,0,0,0,2,{  },{  },{  },0,0,0,{  },{  },{  },{  },1,0,0,0,0,0,0,0,0,2,{  },{  },{  },0,0,0,0,0,0,0,0,0,0,0,0
card/cvc5_bapa/fol_0000053.smt2,sat,3.692,0,0,1363,1378,0,0,0,0,590,11,3,133,269,2447,20,{  },0,0,0,0,0,0,0,0,0,0,3,1,46415,1,0,0,279,1635,2314,{  },{  },{  },,3691,0,0,0,0,0,0,0,0,0,0,0,0,0,0,0,0,0,0,0,0,0,0,0,0,0,0,0,0,0,0,0,0,0,0,0,0,0,0,0,0,0,0,0,0,0,0,0,0,25,4096,16,330432,330432,"{ ARITH_CONF_SIMPLEX: 195, ARITH_LIA_STAR_EXISTS: 1, ARITH_LIA_STAR_NONNEGATIVE: 1, ARITH_LIA_STAR_SPLIT: 1, ARITH_ROW_IMPL: 2, ARITH_SPLIT_DEQ: 391 }","{ ArithPivotStep: 262, BvSatStep: 1, CnfStep: 638, DecisionStep: 23576, LemmaStep: 150, PreprocessStep: 29, RewriteStep: 235009, SatConflictStep: 23578, TheoryCheckStep: 46595, TheoryFullCheckStep: 3 }",13709,2,23573,3,10,50527,0,1,9,0,2723,25742,5445,0,0,0,0,0,0,0,0,0,0,0,0,0,0,0,32,0,0,0,0,0,0,0,0,0,0,0,0,0,0,0,0,0,0,0,0,0,0,0,0,0,1363,1,0,0,0,0,0,25,26271,2035,3569,0,195,0,1067,0,0,411,288,15,0,0,0,0,0,0,0,0,0,0,195,100,0,0,0,{ ARITH_CONF_SIMPLEX: 195 },{  },"{ ARITH_LIA_STAR_EXISTS: 1, ARITH_LIA_STAR_NONNEGATIVE: 1, ARITH_LIA_STAR_SPLIT: 1, ARITH_ROW_IMPL: 2, ARITH_SPLIT_DEQ: 391 }",18,0,0,396,3401,3,0,363,2685,12,3459,2704,1,363,363,556,30,10,5,835,13,2,0,0,3,391,363,437,60,0,0,0,3,1,4697,1238,2702,0,3459,2704,0,99,259,{  },{  },{  },0,0,0,0,0,0,0,0,0,22987,0,0,0,0,0.0,143,0,46415,0,0,0,0,794,195,15,0,17,0,0,0,0,0,0,0,0,0,0,0,0,0,0,0,0,0,0,0,0,0,0,0,0,0,0,0,0,0,0,0,0,0,0,0,0,0,0,0,0,0,0,0,0,113,0,nan,nan,nan,0,0,0,0,0,2,{  },{  },{  },0,0,0,0,0,0,0,2,0,0,0,0,0,0,0,0,0,0,0,0,0,0,2,0,0,0,0,0,0,0,0,0,0,0,0,2,{  },{  },{  },0,0,0,{  },0,0,0,0,0,{  },{  },{  },0,0,0,0,0,0,0,0,{  },{  },{  },0,0,24397,0,0,0,0,3,0,0,2,0,0,0,0,0,0,0,2,{  },{  },{  },0,0,0,0,0,0,0,0,0,0,0,2,{  },{  },{  },0,0,0,0,0,0,0,0,0,0,0,2,{  },{  },{  },0,0,0,0,0,0,0,0,0,0,0,0,0,0,0,0,0,0,2,{  },{  },{  },0,0,0,0,0,0,279,1635,2314,0,0,0,{  },{  },{  },0,0,0,0,0,0,0,0,0,0,0,2,{  },{  },{  },0,0,0,0,0,0,0,0,0,0,0,2,{  },{  },{  },0,0,0,0,0,0,{  },1,0,0,0,0,0,0,0,0,0,2,{  },{  },{  },0,0,0,{  },{  },{  },{  },1,0,0,0,0,0,0,0,0,2,{  },{  },{  },0,0,0,0,0,0,0,0,0,0,0,0
card/cvc5_bapa/fol_0000054.smt2,sat,3.756,0,0,1363,1379,0,0,0,0,620,11,3,134,398,2735,21,{  },0,0,0,0,0,0,0,0,0,0,3,1,46315,1,0,0,258,2200,2559,{  },{  },{  },,3756,0,0,0,0,0,0,0,0,0,0,0,0,0,0,0,0,0,0,0,0,0,0,0,0,0,0,0,0,0,0,0,0,0,0,0,0,0,0,0,0,0,0,0,0,0,0,0,0,25,4095,16,329710,329710,"{ ARITH_CONF_SIMPLEX: 222, ARITH_LIA_STAR_EXISTS: 1, ARITH_LIA_STAR_NONNEGATIVE: 1, ARITH_LIA_STAR_SPLIT: 1, ARITH_ROW_IMPL: 5, ARITH_SPLIT_DEQ: 391 }","{ ArithPivotStep: 566, BvSatStep: 1, CnfStep: 668, DecisionStep: 23455, LemmaStep: 182, PreprocessStep: 29, RewriteStep: 234204, SatConflictStep: 23457, TheoryCheckStep: 46524, TheoryFullCheckStep: 3 }",14183,6,23452,7,20,51809,0,1,19,0,2723,26818,5445,0,0,0,0,0,0,0,0,0,0,0,0,0,0,0,32,0,0,0,0,0,0,0,0,0,0,0,0,0,0,0,0,0,0,0,0,0,0,0,0,0,1363,2,0,0,0,0,0,44,27111,2026,3612,0,222,0,1516,0,0,461,425,15,0,0,0,0,0,0,0,0,1,0,222,162,0,0,0,{ ARITH_CONF_SIMPLEX: 222 },{  },"{ ARITH_LIA_STAR_EXISTS: 1, ARITH_LIA_STAR_NONNEGATIVE: 1, ARITH_LIA_STAR_SPLIT: 1, ARITH_ROW_IMPL: 5, ARITH_SPLIT_DEQ: 391 }",18,0,0,399,3379,3,0,363,2663,12,3459,2681,1,363,363,556,30,10,5,835,13,2,0,0,3,391,363,437,60,0,0,0,3,1,4697,1238,2680,0,3459,2681,0,160,563,{  },{  },{  },0,0,0,0,0,0,0,0,0,23310,0,0,0,0,0.0,172,0,46315,0,0,0,0,1375,222,43,0,47,0,0,0,0,0,0,0,0,0,0,0,0,0,0,0,0,0,0,0,0,0,0,0,0,0,0,0,0,0,0,0,0,0,0,0,0,0,0,0,0,0,0,0,0,174,0,nan,nan,nan,0,0,0,0,0,2,{  },{  },{  },0,0,0,0,0,0,0,2,0,0,0,0,0,0,0,0,0,0,0,0,0,0,2,0,0,0,0,0,0,0,0,0,0,0,0,2,{  },{  },{  },0,0,0,{  },0,0,0,0,0,{  },{  },{  },0,0,0,0,0,0,0,0,{  },{  },{  },0,0,25017,0,0,0,0,3,0,0,2,0,0,0,0,0,0,0,2,{  },{  },{  },0,0,0,0,0,0,0,0,0,0,0,2,{  },{  },{  },0,0,0,0,0,0,0,0,0,0,0,2,{  },{  },{  },0,0,0,0,0,0,0,0,0,0,0,0,0,0,0,0,0,0,2,{  },{  },{  },0,0,0,0,0,0,258,2200,2559,0,0,0,{  },{  },{  },0,0,0,0,0,0,0,0,0,0,0,2,{  },{  },{  },0,0,0,0,0,0,0,0,0,0,0,2,{  },{  },{  },0,0,0,0,0,0,{  },1,0,0,0,0,0,0,0,0,0,2,{  },{  },{  },0,0,0,{  },{  },{  },{  },1,0,0,0,0,0,0,0,0,2,{  },{  },{  },0,0,0,0,0,0,0,0,0,0,0,0
card/cvc5_bapa/fol_0000056.smt2,sat,0.016,0,0,25,30,0,0,0,0,3,13,2,0,1,2,0,{  },0,0,0,0,0,0,0,0,0,0,2,1,29,1,0,0,3,25,32,{  },{  },{  },,15,0,0,0,0,0,0,0,0,0,0,0,0,0,0,0,0,0,0,0,0,0,0,0,0,0,0,0,0,0,0,0,0,0,0,0,0,0,0,0,0,0,0,0,0,0,0,0,0,0,67,19,4037,4037,"{ ARITH_CONF_SIMPLEX: 1, ARITH_LIA_STAR_NONNEGATIVE: 1, ARITH_LIA_STAR_SPLIT: 1, ARITH_SPLIT_DEQ: 1 }","{ ArithPivotStep: 25, BvSatStep: 1, CnfStep: 59, DecisionStep: 20, LemmaStep: 3, PreprocessStep: 34, RewriteStep: 3812, SatConflictStep: 22, TheoryCheckStep: 55, TheoryFullCheckStep: 2 }",89,0,18,0,0,69,0,1,0,0,32,52,60,0,0,0,0,0,0,0,0,0,0,0,0,0,0,0,23,0,0,0,0,0,0,0,0,0,0,0,0,0,0,0,0,0,0,0,0,0,0,0,0,0,25,0,0,0,0,0,0,0,50,12,1,0,1,0,13,0,0,3,8,18,0,0,0,0,0,0,0,0,0,5,1,0,0,0,0,{ ARITH_CONF_SIMPLEX: 1 },{  },"{ ARITH_LIA_STAR_NONNEGATIVE: 1, ARITH_LIA_STAR_SPLIT: 1, ARITH_SPLIT_DEQ: 1 }",18,0,0,3,0,2,0,0,0,0,0,0,0,0,0,0,0,0,0,0,0,1,1,0,0,0,0,0,0,0,0,0,2,0,0,0,0,0,0,0,0,0,16,{  },{  },{  },0,0,0,0,0,0,0,0,0,12,0,0,0,0,0.0,1,0,29,0,0,0,0,27,1,1,0,1,0,0,0,0,0,0,0,0,0,0,0,0,0,0,0,0,0,0,0,0,0,0,0,0,0,0,0,0,0,0,0,0,0,0,0,0,0,0,0,0,0,0,0,0,0,0,nan,nan,nan,0,0,0,0,0,2,{  },{  },{  },0,0,0,0,0,0,0,2,0,0,0,0,0,0,0,0,0,0,0,0,0,0,2,0,0,0,0,0,0,0,0,0,0,0,0,2,{  },{  },{  },0,0,0,{  },0,0,0,0,0,{  },{  },{  },0,0,0,0,0,0,0,0,{  },{  },{  },0,0,32,0,0,0,0,2,0,0,2,0,0,0,0,0,0,0,2,{  },{  },{  },0,0,0,0,0,0,0,0,0,0,0,2,{  },{  },{  },0,0,0,0,0,0,0,0,0,0,0,2,{  },{  },{  },0,0,0,0,0,0,0,0,0,0,0,0,0,0,0,0,0,0,2,{  },{  },{  },0,0,0,0,0,0,3,25,32,0,0,0,{  },{  },{  },0,0,0,0,0,0,0,0,0,0,0,2,{  },{  },{  },0,0,0,0,0,0,0,0,0,0,0,2,{  },{  },{  },0,0,0,0,0,0,{  },1,0,0,0,0,0,0,0,0,0,2,{  },{  },{  },0,0,0,{  },{  },{  },{  },1,0,0,0,0,0,0,0,0,2,{  },{  },{  },0,0,0,0,0,0,0,0,0,0,0,0
card/cvc5_bapa/fol_0000057.smt2,sat,0.186,0,0,90,104,0,0,0,0,61,8,3,13,20,207,0,{  },0,0,0,0,0,0,0,0,0,0,3,1,377,1,0,0,34,194,245,{  },{  },{  },,185,0,0,0,0,0,0,0,0,0,0,0,0,0,0,0,0,0,0,0,0,0,0,0,0,0,0,0,0,0,0,0,0,0,0,0,0,0,0,0,0,0,0,0,0,0,0,0,0,1,279,13,14906,14906,"{ ARITH_CONF_SIMPLEX: 28, ARITH_LIA_STAR_EXISTS: 1, ARITH_LIA_STAR_NONNEGATIVE: 1, ARITH_LIA_STAR_SPLIT: 1, ARITH_ROW_IMPL: 2, ARITH_SPLIT_DEQ: 29 }","{ ArithPivotStep: 81, BvSatStep: 1, CnfStep: 99, DecisionStep: 202, LemmaStep: 30, PreprocessStep: 24, RewriteStep: 13764, SatConflictStep: 204, TheoryCheckStep: 436, TheoryFullCheckStep: 3 }",827,4,199,8,10,790,0,1,10,0,182,504,365,0,0,0,0,0,0,0,0,0,0,0,0,0,0,0,23,0,0,0,0,0,0,0,0,0,0,0,0,0,0,0,0,0,0,0,0,0,0,0,0,0,90,0,0,0,0,0,0,0,439,173,174,0,28,0,122,0,0,51,37,10,0,0,0,0,0,0,0,0,0,0,28,3,0,0,0,{ ARITH_CONF_SIMPLEX: 28 },{  },"{ ARITH_LIA_STAR_EXISTS: 1, ARITH_LIA_STAR_NONNEGATIVE: 1, ARITH_LIA_STAR_SPLIT: 1, ARITH_ROW_IMPL: 2, ARITH_SPLIT_DEQ: 29 }",14,0,0,34,168,3,0,26,134,9,97,135,1,26,26,26,1,0,3,44,9,2,0,0,2,27,26,20,2,0,0,0,3,1,233,136,134,0,97,135,0,2,79,{  },{  },{  },0,0,0,0,0,0,0,0,0,215,0,0,0,0,0.0,22,0,377,0,0,0,0,148,28,14,0,18,0,0,0,0,0,0,0,0,0,0,0,0,0,0,0,0,0,0,0,0,0,0,0,0,0,0,0,0,0,0,0,0,0,0,0,0,0,0,0,0,0,0,0,0,3,0,nan,nan,nan,0,0,0,0,0,2,{  },{  },{  },0,0,0,0,0,0,0,2,0,0,0,0,0,0,0,0,0,0,0,0,0,0,2,0,0,0,0,0,0,0,0,0,0,0,0,2,{  },{  },{  },0,0,0,{  },0,0,0,0,0,{  },{  },{  },0,0,0,0,0,0,0,0,{  },{  },{  },0,0,363,0,0,0,0,3,0,0,2,0,0,0,0,0,0,0,2,{  },{  },{  },0,0,0,0,0,0,0,0,0,0,0,2,{  },{  },{  },0,0,0,0,0,0,0,0,0,0,0,2,{  },{  },{  },0,0,0,0,0,0,0,0,0,0,0,0,0,0,0,0,0,0,2,{  },{  },{  },0,0,0,0,0,0,34,194,245,0,0,0,{  },{  },{  },0,0,0,0,0,0,0,0,0,0,0,2,{  },{  },{  },0,0,0,0,0,0,0,0,0,0,0,2,{  },{  },{  },0,0,0,0,0,0,{  },1,0,0,0,0,0,0,0,0,0,2,{  },{  },{  },0,0,0,{  },{  },{  },{  },1,0,0,0,0,0,0,0,0,2,{  },{  },{  },0,0,0,0,0,0,0,0,0,0,0,0
card/cvc5_bapa/fol_0000062.smt2,sat,0.194,0,0,88,96,0,0,0,0,66,7,3,20,35,199,0,{  },0,0,0,0,0,0,0,0,0,0,6,1,292,1,0,0,22,420,451,{  },{  },{  },,193,0,0,0,0,0,0,0,0,0,0,0,0,0,0,0,0,0,0,0,0,0,0,0,0,0,0,0,0,0,0,0,0,0,0,0,0,0,0,0,0,0,0,0,0,0,0,0,0,1,274,13,15180,15180,"{ ARITH_BB_LEMMA: 1, ARITH_CONF_SIMPLEX: 37, ARITH_DIO_CUT: 2, ARITH_LIA_STAR_EXISTS: 1, ARITH_LIA_STAR_NONNEGATIVE: 1, ARITH_LIA_STAR_SPLIT: 1, ARITH_ROW_IMPL: 1, ARITH_SPLIT_DEQ: 23 }","{ ArithPivotStep: 32, BvSatStep: 1, CnfStep: 104, DecisionStep: 156, LemmaStep: 28, PreprocessStep: 24, RewriteStep: 14216, SatConflictStep: 158, TheoryCheckStep: 388, TheoryFullCheckStep: 6 }",927,1,150,2,2,957,0,1,2,0,203,947,401,0,0,0,0,0,0,0,0,0,0,0,0,0,0,0,23,0,0,0,0,0,0,0,0,0,0,0,0,0,0,0,0,0,0,0,0,0,0,0,0,0,90,0,0,0,0,0,0,4,638,182,174,0,37,0,394,0,0,43,4,10,0,3,2,0,2,1,2,0,0,0,37,0,0,1,0,{ ARITH_CONF_SIMPLEX: 37 },{  },"{ ARITH_BB_LEMMA: 1, ARITH_DIO_CUT: 2, ARITH_LIA_STAR_EXISTS: 1, ARITH_LIA_STAR_NONNEGATIVE: 1, ARITH_LIA_STAR_SPLIT: 1, ARITH_ROW_IMPL: 1, ARITH_SPLIT_DEQ: 23 }",14,0,0,30,166,3,0,26,132,9,97,132,1,26,26,26,1,0,3,44,9,2,0,0,2,27,26,20,2,0,0,0,3,1,233,136,132,0,97,133,0,0,28,{  },{  },{  },0,0,0,0,0,0,0,1,0,209,0,0,0,0,0.0,23,0,292,0,0,0,0,74,37,24,0,25,0,0,0,0,0,0,0,0,0,0,0,0,0,0,0,0,0,0,0,0,0,0,0,0,0,0,0,0,0,0,0,0,0,0,0,0,0,0,0,0,0,0,0,0,1,0,nan,nan,nan,0,0,0,0,0,2,{  },{  },{  },0,0,0,0,0,0,0,2,0,0,0,0,0,0,0,0,0,0,0,0,0,0,2,0,0,0,0,0,0,0,0,0,0,0,0,2,{  },{  },{  },0,0,0,{  },0,0,0,0,0,{  },{  },{  },0,0,0,0,0,0,0,0,{  },{  },{  },0,0,552,0,0,0,0,6,0,0,2,0,0,0,0,0,0,0,2,{  },{  },{  },0,0,0,0,0,0,0,0,0,0,0,2,{  },{  },{  },0,0,0,0,0,0,0,0,0,0,0,2,{  },{  },{  },0,0,0,0,0,0,0,0,0,0,0,0,0,0,0,0,0,0,2,{  },{  },{  },0,0,0,0,0,0,22,420,451,0,0,0,{  },{  },{  },0,0,0,0,0,0,0,0,0,0,0,2,{  },{  },{  },0,0,0,0,0,0,0,0,0,0,0,2,{  },{  },{  },0,0,0,0,0,0,{  },1,0,0,0,0,0,0,0,0,0,2,{  },{  },{  },0,0,0,{  },{  },{  },{  },1,0,0,0,0,0,0,0,0,2,{  },{  },{  },0,0,0,0,0,0,0,0,0,0,0,0
card/cvc5_bapa/fol_0000069.smt2,sat,3.691,0,0,1360,1377,0,0,0,0,629,11,3,161,272,2604,20,{  },0,0,0,0,0,0,0,0,0,0,3,1,41725,1,0,0,491,2081,2735,{  },{  },{  },,3691,0,0,0,0,0,0,0,0,0,0,0,0,0,0,0,0,0,0,0,0,0,0,0,0,0,0,0,0,0,0,0,0,0,0,0,0,0,0,0,0,0,0,0,0,0,0,0,0,25,4088,14,319425,319425,"{ ARITH_CONF_SIMPLEX: 236, ARITH_LIA_STAR_EXISTS: 1, ARITH_LIA_STAR_NONNEGATIVE: 1, ARITH_LIA_STAR_SPLIT: 1, ARITH_ROW_IMPL: 3, ARITH_SPLIT_DEQ: 388 }","{ ArithPivotStep: 184, BvSatStep: 1, CnfStep: 675, DecisionStep: 21102, LemmaStep: 176, PreprocessStep: 29, RewriteStep: 233590, SatConflictStep: 21104, TheoryCheckStep: 41931, TheoryFullCheckStep: 3 }",13700,3,21099,6,12,46829,0,1,12,0,2722,24000,5443,0,0,0,0,0,0,0,0,0,0,0,0,0,0,0,30,0,0,0,0,0,0,0,0,0,0,0,0,0,0,0,0,0,0,0,0,0,0,0,0,0,1362,0,0,0,0,0,0,32,24457,2123,3567,0,236,0,1253,0,0,1082,336,14,0,0,0,0,0,0,0,0,0,0,236,58,0,0,0,{ ARITH_CONF_SIMPLEX: 236 },{  },"{ ARITH_LIA_STAR_EXISTS: 1, ARITH_LIA_STAR_NONNEGATIVE: 1, ARITH_LIA_STAR_SPLIT: 1, ARITH_ROW_IMPL: 3, ARITH_SPLIT_DEQ: 388 }",14,0,0,394,3443,3,0,363,2727,12,3564,2745,1,363,363,556,33,10,5,835,13,2,0,0,3,391,363,435,61,0,0,0,3,1,4823,1259,2744,0,3564,2745,0,57,181,{  },{  },{  },0,0,0,0,0,0,0,0,0,21060,0,0,0,0,0.0,169,0,41725,0,0,0,0,765,236,10,0,11,0,0,0,0,0,0,0,0,0,0,0,0,0,0,0,0,0,0,0,0,0,0,0,0,0,0,0,0,0,0,0,0,0,0,0,0,0,0,0,0,0,0,0,0,69,0,nan,nan,nan,0,0,0,0,0,2,{  },{  },{  },0,0,0,0,0,0,0,2,0,0,0,0,0,0,0,0,0,0,0,0,0,0,2,0,0,0,0,0,0,0,0,0,0,0,0,2,{  },{  },{  },0,0,0,{  },0,0,0,0,0,{  },{  },{  },0,0,0,0,0,0,0,0,{  },{  },{  },0,0,22417,0,0,0,0,3,0,0,2,0,0,0,0,0,0,0,2,{  },{  },{  },0,0,0,0,0,0,0,0,0,0,0,2,{  },{  },{  },0,0,0,0,0,0,0,0,0,0,0,2,{  },{  },{  },0,0,0,0,0,0,0,0,0,0,0,0,0,0,0,0,0,0,2,{  },{  },{  },0,0,0,0,0,0,491,2081,2735,0,0,0,{  },{  },{  },0,0,0,0,0,0,0,0,0,0,0,2,{  },{  },{  },0,0,0,0,0,0,0,0,0,0,0,2,{  },{  },{  },0,0,0,0,0,0,{  },1,0,0,0,0,0,0,0,0,0,2,{  },{  },{  },0,0,0,{  },{  },{  },{  },1,0,0,0,0,0,0,0,0,2,{  },{  },{  },0,0,0,0,0,0,0,0,0,0,0,0
card/cvc5_bapa/fol_0000073.smt2,sat,0.015,0,0,21,26,0,0,0,0,7,12,2,0,1,6,0,{  },0,0,0,0,0,0,0,0,0,0,2,1,33,1,0,0,7,34,40,{  },{  },{  },,15,0,0,0,0,0,0,0,0,0,0,0,0,0,0,0,0,0,0,0,0,0,0,0,0,0,0,0,0,0,0,0,0,0,0,0,0,0,0,0,0,0,0,0,0,0,0,0,0,0,57,14,3781,3781,"{ ARITH_CONF_SIMPLEX: 4, ARITH_LIA_STAR_NONNEGATIVE: 1, ARITH_LIA_STAR_SPLIT: 1, ARITH_ROW_IMPL: 1, ARITH_SPLIT_DEQ: 1 }","{ ArithPivotStep: 23, BvSatStep: 1, CnfStep: 54, DecisionStep: 22, LemmaStep: 6, PreprocessStep: 29, RewriteStep: 3550, SatConflictStep: 24, TheoryCheckStep: 62, TheoryFullCheckStep: 2 }",93,1,20,2,2,79,0,1,2,0,28,65,53,0,0,0,0,0,0,0,0,0,0,0,0,0,0,0,21,0,0,0,0,0,0,0,0,0,0,0,0,0,0,0,0,0,0,0,0,0,0,0,0,0,21,0,0,0,0,0,0,0,51,14,1,0,4,0,15,0,0,7,11,17,0,0,0,0,0,0,0,0,0,4,4,0,0,0,0,{ ARITH_CONF_SIMPLEX: 4 },{  },"{ ARITH_LIA_STAR_NONNEGATIVE: 1, ARITH_LIA_STAR_SPLIT: 1, ARITH_ROW_IMPL: 1, ARITH_SPLIT_DEQ: 1 }",14,0,0,4,0,2,0,0,0,0,0,0,0,0,0,0,0,0,0,0,0,1,1,0,0,0,0,0,0,0,0,0,2,0,0,0,0,0,0,0,0,0,16,{  },{  },{  },0,0,0,0,0,0,0,0,0,13,0,0,0,0,0.0,4,0,33,0,0,0,0,25,4,4,0,6,0,0,0,0,0,0,0,0,0,0,0,0,0,0,0,0,0,0,0,0,0,0,0,0,0,0,0,0,0,0,0,0,0,0,0,0,0,0,0,0,0,0,0,0,0,0,nan,nan,nan,0,0,0,0,0,2,{  },{  },{  },0,0,0,0,0,0,0,2,0,0,0,0,0,0,0,0,0,0,0,0,0,0,2,0,0,0,0,0,0,0,0,0,0,0,0,2,{  },{  },{  },0,0,0,{  },0,0,0,0,0,{  },{  },{  },0,0,0,0,0,0,0,0,{  },{  },{  },0,0,40,0,0,0,0,2,0,0,2,0,0,0,0,0,0,0,2,{  },{  },{  },0,0,0,0,0,0,0,0,0,0,0,2,{  },{  },{  },0,0,0,0,0,0,0,0,0,0,0,2,{  },{  },{  },0,0,0,0,0,0,0,0,0,0,0,0,0,0,0,0,0,0,2,{  },{  },{  },0,0,0,0,0,0,7,34,40,0,0,0,{  },{  },{  },0,0,0,0,0,0,0,0,0,0,0,2,{  },{  },{  },0,0,0,0,0,0,0,0,0,0,0,2,{  },{  },{  },0,0,0,0,0,0,{  },1,0,0,0,0,0,0,0,0,0,2,{  },{  },{  },0,0,0,{  },{  },{  },{  },1,0,0,0,0,0,0,0,0,2,{  },{  },{  },0,0,0,0,0,0,0,0,0,0,0,0
card/cvc5_bapa/fol_0000074.smt2,sat,3.816,0,0,1361,1378,0,0,0,0,591,11,3,131,269,2827,21,{  },0,0,0,0,0,0,0,0,0,0,3,1,48770,1,0,0,411,2039,2470,{  },{  },{  },,3815,0,0,0,0,0,0,0,0,0,0,0,0,0,0,0,0,0,0,0,0,0,0,0,0,0,0,0,0,0,0,0,0,0,0,0,0,0,0,0,0,0,0,0,0,0,0,0,0,25,4097,16,328622,328622,"{ ARITH_CONF_SIMPLEX: 193, ARITH_LIA_STAR_EXISTS: 1, ARITH_LIA_STAR_NONNEGATIVE: 1, ARITH_LIA_STAR_SPLIT: 1, ARITH_ROW_IMPL: 4, ARITH_SPLIT_DEQ: 392 }","{ ArithPivotStep: 460, BvSatStep: 1, CnfStep: 639, DecisionStep: 24599, LemmaStep: 153, PreprocessStep: 29, RewriteStep: 228595, SatConflictStep: 24601, TheoryCheckStep: 48950, TheoryFullCheckStep: 3 }",13732,5,24596,11,16,54299,0,1,16,0,2723,27624,5445,0,0,0,0,0,0,0,0,0,0,0,0,0,0,0,32,0,0,0,0,0,0,0,0,0,0,0,0,0,0,0,0,0,0,0,0,0,0,0,0,0,1363,1,0,0,0,0,0,65,27851,2789,3652,0,193,0,1212,0,0,916,415,15,0,0,0,0,0,0,0,0,1,0,193,115,0,0,0,{ ARITH_CONF_SIMPLEX: 193 },{  },"{ ARITH_LIA_STAR_EXISTS: 1, ARITH_LIA_STAR_NONNEGATIVE: 1, ARITH_LIA_STAR_SPLIT: 1, ARITH_ROW_IMPL: 4, ARITH_SPLIT_DEQ: 392 }",18,0,0,399,3460,3,0,363,2741,12,3564,2760,1,363,363,556,32,10,5,835,13,2,0,0,3,391,363,436,61,0,0,0,3,1,4823,1259,2759,0,3564,2760,1,113,457,{  },{  },{  },0,0,0,0,0,0,0,0,0,24840,0,0,0,0,0.0,143,0,48770,0,0,0,0,1246,193,14,0,15,0,0,0,0,0,0,0,0,0,0,0,0,0,0,0,0,0,0,0,0,0,0,0,0,0,0,0,0,0,0,0,0,0,0,0,0,0,0,0,0,0,0,0,0,129,0,nan,nan,nan,0,0,0,0,0,2,{  },{  },{  },0,0,0,0,0,0,0,2,0,0,0,0,0,0,0,0,0,0,0,0,0,0,2,0,0,0,0,0,0,0,0,0,0,0,0,2,{  },{  },{  },0,0,0,{  },0,0,0,0,0,{  },{  },{  },0,0,0,0,0,0,0,0,{  },{  },{  },0,0,26134,0,0,0,0,3,0,0,2,0,0,0,0,0,0,0,2,{  },{  },{  },0,0,0,0,0,0,0,0,0,0,0,2,{  },{  },{  },0,0,0,0,0,0,0,0,0,0,0,2,{  },{  },{  },0,0,0,0,0,0,0,0,0,0,0,0,0,0,0,0,0,0,2,{  },{  },{  },0,0,0,0,0,0,411,2039,2470,0,0,0,{  },{  },{  },0,0,0,0,0,0,0,0,0,0,0,2,{  },{  },{  },0,0,0,0,0,0,0,0,0,0,0,2,{  },{  },{  },0,0,0,0,0,0,{  },1,0,0,0,0,0,0,0,0,0,2,{  },{  },{  },0,0,0,{  },{  },{  },{  },1,0,0,0,0,0,0,0,0,2,{  },{  },{  },0,0,0,0,0,0,0,0,0,0,0,0
card/cvc5_bapa/fol_0000075.smt2,sat,3.717,0,0,1360,1376,0,0,0,0,629,11,3,160,323,2230,20,{  },0,0,0,0,0,0,0,0,0,0,3,1,39793,1,0,0,330,2159,2714,{  },{  },{  },,3716,0,0,0,0,0,0,0,0,0,0,0,0,0,0,0,0,0,0,0,0,0,0,0,0,0,0,0,0,0,0,0,0,0,0,0,0,0,0,0,0,0,0,0,0,0,0,0,0,25,4087,14,315310,315310,"{ ARITH_CONF_SIMPLEX: 235, ARITH_LIA_STAR_EXISTS: 1, ARITH_LIA_STAR_NONNEGATIVE: 1, ARITH_LIA_STAR_SPLIT: 1, ARITH_ROW_IMPL: 4, ARITH_SPLIT_DEQ: 388 }","{ ArithPivotStep: 265, BvSatStep: 1, CnfStep: 675, DecisionStep: 20101, LemmaStep: 176, PreprocessStep: 29, RewriteStep: 233329, SatConflictStep: 20103, TheoryCheckStep: 39998, TheoryFullCheckStep: 3 }",13698,2,20098,3,7,44875,0,1,7,0,2722,23523,5443,0,0,0,0,0,0,0,0,0,0,0,0,0,0,0,30,0,0,0,0,0,0,0,0,0,0,0,0,0,0,0,0,0,0,0,0,0,0,0,0,0,1362,1,0,0,0,0,0,61,23734,2058,3569,0,235,0,1492,0,0,540,336,14,0,0,0,0,0,0,0,0,1,0,235,111,0,0,0,{ ARITH_CONF_SIMPLEX: 235 },{  },"{ ARITH_LIA_STAR_EXISTS: 1, ARITH_LIA_STAR_NONNEGATIVE: 1, ARITH_LIA_STAR_SPLIT: 1, ARITH_ROW_IMPL: 4, ARITH_SPLIT_DEQ: 388 }",14,0,0,395,3397,3,0,363,2676,12,3459,2694,1,363,363,559,31,10,5,835,13,2,0,0,3,391,363,438,60,0,0,0,3,1,4697,1238,2693,0,3459,2694,0,110,262,{  },{  },{  },0,0,0,0,0,0,0,0,0,19841,0,0,0,0,0.0,168,0,39793,0,0,0,0,815,235,9,0,10,0,0,0,0,0,0,0,0,0,0,0,0,0,0,0,0,0,0,0,0,0,0,0,0,0,0,0,0,0,0,0,0,0,0,0,0,0,0,0,0,0,0,0,0,121,0,nan,nan,nan,0,0,0,0,0,2,{  },{  },{  },0,0,0,0,0,0,0,2,0,0,0,0,0,0,0,0,0,0,0,0,0,0,2,0,0,0,0,0,0,0,0,0,0,0,0,2,{  },{  },{  },0,0,0,{  },0,0,0,0,0,{  },{  },{  },0,0,0,0,0,0,0,0,{  },{  },{  },0,0,21701,0,0,0,0,3,0,0,2,0,0,0,0,0,0,0,2,{  },{  },{  },0,0,0,0,0,0,0,0,0,0,0,2,{  },{  },{  },0,0,0,0,0,0,0,0,0,0,0,2,{  },{  },{  },0,0,0,0,0,0,0,0,0,0,0,0,0,0,0,0,0,0,2,{  },{  },{  },0,0,0,0,0,0,330,2159,2714,0,0,0,{  },{  },{  },0,0,0,0,0,0,0,0,0,0,0,2,{  },{  },{  },0,0,0,0,0,0,0,0,0,0,0,2,{  },{  },{  },0,0,0,0,0,0,{  },1,0,0,0,0,0,0,0,0,0,2,{  },{  },{  },0,0,0,{  },{  },{  },{  },1,0,0,0,0,0,0,0,0,2,{  },{  },{  },0,0,0,0,0,0,0,0,0,0,0,0
card/cvc5_bapa/fol_0000076.smt2,sat,3.863,0,0,1361,1377,0,0,0,0,590,11,3,134,405,2698,21,{  },0,0,0,0,0,0,0,0,0,0,3,1,46088,1,0,0,410,1902,2438,{  },{  },{  },,3863,0,0,0,0,0,0,0,0,0,0,0,0,0,0,0,0,0,0,0,0,0,0,0,0,0,0,0,0,0,0,0,0,0,0,0,0,0,0,0,0,0,0,0,0,0,0,0,0,25,4095,16,323094,323094,"{ ARITH_CONF_SIMPLEX: 192, ARITH_LIA_STAR_EXISTS: 1, ARITH_LIA_STAR_NONNEGATIVE: 1, ARITH_LIA_STAR_SPLIT: 1, ARITH_ROW_IMPL: 5, ARITH_SPLIT_DEQ: 391 }","{ ArithPivotStep: 478, BvSatStep: 1, CnfStep: 638, DecisionStep: 23366, LemmaStep: 153, PreprocessStep: 29, RewriteStep: 228199, SatConflictStep: 23368, TheoryCheckStep: 46268, TheoryFullCheckStep: 3 }",13715,5,23363,888,20,50756,0,1,18,0,2723,25932,5445,0,0,0,0,0,0,0,0,0,0,0,0,0,0,0,32,0,0,0,0,0,0,0,0,0,0,0,0,0,0,0,0,0,0,0,0,0,0,0,0,0,1363,1,0,0,0,0,0,23,26087,1934,3740,0,192,0,1074,0,0,559,417,15,0,0,0,0,0,0,0,0,1,0,192,132,0,0,0,{ ARITH_CONF_SIMPLEX: 192 },{  },"{ ARITH_LIA_STAR_EXISTS: 1, ARITH_LIA_STAR_NONNEGATIVE: 1, ARITH_LIA_STAR_SPLIT: 1, ARITH_ROW_IMPL: 5, ARITH_SPLIT_DEQ: 391 }",18,0,0,399,3530,3,0,363,2792,12,3459,2811,1,363,363,572,33,11,5,835,13,2,0,0,3,391,363,450,62,0,0,0,3,1,4697,1238,2810,0,3459,2811,0,131,475,{  },{  },{  },0,0,0,0,0,0,0,0,0,23004,0,0,0,0,0.0,143,0,46088,0,0,0,0,1211,192,13,0,15,0,0,0,0,0,0,0,0,0,0,0,0,0,0,0,0,0,0,0,0,0,0,0,0,0,0,0,0,0,0,0,0,0,0,0,0,0,0,0,0,0,0,0,0,145,0,nan,nan,nan,0,0,0,0,0,2,{  },{  },{  },0,0,0,0,0,0,0,2,0,0,0,0,0,0,0,0,0,0,0,0,0,0,2,0,0,0,0,0,0,0,0,0,0,0,0,2,{  },{  },{  },0,0,0,{  },0,0,0,0,0,{  },{  },{  },0,0,0,0,0,0,0,0,{  },{  },{  },0,0,24578,0,0,0,0,3,0,0,2,0,0,0,0,0,0,0,2,{  },{  },{  },0,0,0,0,0,0,0,0,0,0,0,2,{  },{  },{  },0,0,0,0,0,0,0,0,0,0,0,2,{  },{  },{  },0,0,0,0,0,0,0,0,0,0,0,0,0,0,0,0,0,0,2,{  },{  },{  },0,0,0,0,0,0,410,1902,2438,0,0,0,{  },{  },{  },0,0,0,0,0,0,0,0,0,0,0,2,{  },{  },{  },0,0,0,0,0,0,0,0,0,0,0,2,{  },{  },{  },0,0,0,0,0,0,{  },1,0,0,0,0,0,0,0,0,0,2,{  },{  },{  },0,0,0,{  },{  },{  },{  },1,0,0,0,0,0,0,0,0,2,{  },{  },{  },0,0,0,0,0,0,0,0,0,0,0,0
card/cvc5_bapa/fol_0000077.smt2,sat,3.813,0,0,1357,1370,0,0,0,0,885,9,3,135,270,1426,22,{  },0,0,0,0,0,0,0,0,0,0,5,1,15238,1,0,0,138,68422,68669,{  },{  },{  },,3813,0,0,0,0,0,0,0,0,0,0,0,0,0,0,0,0,0,0,0,0,0,0,0,0,0,0,0,0,0,0,0,0,0,0,0,0,0,0,0,0,0,0,0,0,0,0,0,0,31,4086,16,536320,536320,"{ ARITH_BB_LEMMA: 1, ARITH_CONF_SIMPLEX: 496, ARITH_DIO_CUT: 1, ARITH_LIA_STAR_EXISTS: 1, ARITH_LIA_STAR_NONNEGATIVE: 1, ARITH_LIA_STAR_SPLIT: 1, ARITH_ROW_IMPL: 1, ARITH_SPLIT_DEQ: 384 }","{ ArithPivotStep: 39, BvSatStep: 1, CnfStep: 933, DecisionStep: 7665, LemmaStep: 339, PreprocessStep: 29, RewriteStep: 503123, SatConflictStep: 7667, TheoryCheckStep: 15633, TheoryFullCheckStep: 5 }",48065,1,7660,2,2,105399,0,1,2,0,2751,144259,5493,0,0,0,0,0,0,0,0,0,0,0,0,0,0,0,32,0,0,0,0,0,0,0,0,0,0,0,0,0,0,0,0,0,0,0,0,0,0,0,0,0,1363,0,0,0,0,0,0,66,77136,20153,3614,0,496,0,68279,0,0,275,5,15,0,2,0,0,1,0,1,0,4,0,496,9,0,1,0,{ ARITH_CONF_SIMPLEX: 496 },{  },"{ ARITH_BB_LEMMA: 1, ARITH_DIO_CUT: 1, ARITH_LIA_STAR_EXISTS: 1, ARITH_LIA_STAR_NONNEGATIVE: 1, ARITH_LIA_STAR_SPLIT: 1, ARITH_ROW_IMPL: 1, ARITH_SPLIT_DEQ: 384 }",18,0,0,390,3467,3,0,363,2747,12,3564,2766,1,363,363,557,32,10,5,835,13,2,0,0,3,391,363,437,61,0,0,0,3,1,4823,1259,2765,0,3564,2766,1,9,34,{  },{  },{  },0,0,0,0,0,0,0,1,0,26728,0,0,0,0,0.0,334,0,15238,0,0,0,0,751,496,318,3,426,0,0,0,0,0,0,0,0,0,0,0,0,0,0,0,0,0,0,0,0,0,0,0,0,0,0,0,0,0,0,0,0,0,0,0,0,0,0,0,0,0,0,0,0,24,0,nan,nan,nan,0,0,0,0,0,2,{  },{  },{  },0,0,0,0,0,0,0,2,0,0,0,0,0,0,0,0,0,0,0,0,0,0,2,0,0,0,0,0,0,0,0,0,0,0,0,2,{  },{  },{  },0,0,0,{  },0,0,0,0,0,{  },{  },{  },0,0,0,0,0,0,0,0,{  },{  },{  },0,0,75977,0,0,0,0,5,0,0,2,0,0,0,0,0,0,0,2,{  },{  },{  },0,0,0,0,0,0,0,0,0,0,0,2,{  },{  },{  },0,0,0,0,0,0,0,0,0,0,0,2,{  },{  },{  },0,0,0,0,0,0,0,0,0,0,0,0,0,0,0,0,0,0,2,{  },{  },{  },0,0,0,0,0,0,138,68422,68669,0,0,0,{  },{  },{  },0,0,0,0,0,0,0,0,0,0,0,2,{  },{  },{  },0,0,0,0,0,0,0,0,0,0,0,2,{  },{  },{  },0,0,0,0,0,0,{  },1,0,0,0,0,0,0,0,0,0,2,{  },{  },{  },0,0,0,{  },{  },{  },{  },1,0,0,0,0,0,0,0,0,2,{  },{  },{  },0,0,0,0,0,0,0,0,0,0,0,0
card/cvc5_bapa/fol_0000079.smt2,sat,0.015,0,0,25,30,0,0,0,0,3,13,2,0,1,2,0,{  },0,0,0,0,0,0,0,0,0,0,2,1,29,1,0,0,2,24,30,{  },{  },{  },,15,0,0,0,0,0,0,0,0,0,0,0,0,0,0,0,0,0,0,0,0,0,0,0,0,0,0,0,0,0,0,0,0,0,0,0,0,0,0,0,0,0,0,0,0,0,0,0,0,0,67,19,4067,4067,"{ ARITH_CONF_SIMPLEX: 1, ARITH_LIA_STAR_NONNEGATIVE: 1, ARITH_LIA_STAR_SPLIT: 1, ARITH_SPLIT_DEQ: 1 }","{ ArithPivotStep: 23, BvSatStep: 1, CnfStep: 59, DecisionStep: 20, LemmaStep: 3, PreprocessStep: 34, RewriteStep: 3844, SatConflictStep: 22, TheoryCheckStep: 55, TheoryFullCheckStep: 2 }",89,0,18,0,0,69,0,1,0,0,32,52,60,0,0,0,0,0,0,0,0,0,0,0,0,0,0,0,23,0,0,0,0,0,0,0,0,0,0,0,0,0,0,0,0,0,0,0,0,0,0,0,0,0,25,0,0,0,0,0,0,0,50,12,1,0,1,0,13,0,0,2,8,18,0,0,0,0,0,0,0,0,0,4,1,0,0,0,0,{ ARITH_CONF_SIMPLEX: 1 },{  },"{ ARITH_LIA_STAR_NONNEGATIVE: 1, ARITH_LIA_STAR_SPLIT: 1, ARITH_SPLIT_DEQ: 1 }",18,0,0,3,0,2,0,0,0,0,0,0,0,0,0,0,0,0,0,0,0,1,1,0,0,0,0,0,0,0,0,0,2,0,0,0,0,0,0,0,0,0,15,{  },{  },{  },0,0,0,0,0,0,0,0,0,12,0,0,0,0,0.0,1,0,29,0,0,0,0,26,1,1,0,1,0,0,0,0,0,0,0,0,0,0,0,0,0,0,0,0,0,0,0,0,0,0,0,0,0,0,0,0,0,0,0,0,0,0,0,0,0,0,0,0,0,0,0,0,0,0,nan,nan,nan,0,0,0,0,0,2,{  },{  },{  },0,0,0,0,0,0,0,2,0,0,0,0,0,0,0,0,0,0,0,0,0,0,2,0,0,0,0,0,0,0,0,0,0,0,0,2,{  },{  },{  },0,0,0,{  },0,0,0,0,0,{  },{  },{  },0,0,0,0,0,0,0,0,{  },{  },{  },0,0,32,0,0,0,0,2,0,0,2,0,0,0,0,0,0,0,2,{  },{  },{  },0,0,0,0,0,0,0,0,0,0,0,2,{  },{  },{  },0,0,0,0,0,0,0,0,0,0,0,2,{  },{  },{  },0,0,0,0,0,0,0,0,0,0,0,0,0,0,0,0,0,0,2,{  },{  },{  },0,0,0,0,0,0,2,24,30,0,0,0,{  },{  },{  },0,0,0,0,0,0,0,0,0,0,0,2,{  },{  },{  },0,0,0,0,0,0,0,0,0,0,0,2,{  },{  },{  },0,0,0,0,0,0,{  },1,0,0,0,0,0,0,0,0,0,2,{  },{  },{  },0,0,0,{  },{  },{  },{  },1,0,0,0,0,0,0,0,0,2,{  },{  },{  },0,0,0,0,0,0,0,0,0,0,0,0
card/cvc5_bapa/fol_0000080.smt2,sat,0.349,0,0,206,218,0,0,0,0,124,9,3,37,78,612,0,{  },0,0,0,0,0,0,0,0,0,0,3,1,855,1,0,0,81,419,509,{  },{  },{  },,349,0,0,0,0,0,0,0,0,0,0,0,0,0,0,0,0,0,0,0,0,0,0,0,0,0,0,0,0,0,0,0,0,0,0,0,0,0,0,0,0,0,0,0,0,0,0,0,0,4,636,16,38781,38781,"{ ARITH_CONF_SIMPLEX: 69, ARITH_LIA_STAR_EXISTS: 1, ARITH_LIA_STAR_NONNEGATIVE: 1, ARITH_LIA_STAR_SPLIT: 1, ARITH_ROW_IMPL: 1, ARITH_SPLIT_DEQ: 52 }","{ ArithPivotStep: 70, BvSatStep: 1, CnfStep: 170, DecisionStep: 478, LemmaStep: 52, PreprocessStep: 29, RewriteStep: 36436, SatConflictStep: 480, TheoryCheckStep: 937, TheoryFullCheckStep: 3 }",2121,3,475,5,7,1797,0,1,7,0,421,1109,843,0,0,0,0,0,0,0,0,0,0,0,0,0,0,0,28,0,0,0,0,0,0,0,0,0,0,0,0,0,0,0,0,0,0,0,0,0,0,0,0,0,208,0,0,0,0,0,0,5,1015,465,329,0,69,0,287,0,0,213,50,12,0,0,0,0,0,0,0,0,0,0,69,2,0,0,0,{ ARITH_CONF_SIMPLEX: 69 },{  },"{ ARITH_LIA_STAR_EXISTS: 1, ARITH_LIA_STAR_NONNEGATIVE: 1, ARITH_LIA_STAR_SPLIT: 1, ARITH_ROW_IMPL: 1, ARITH_SPLIT_DEQ: 52 }",18,0,0,56,321,3,0,48,229,12,155,230,1,48,48,71,4,0,6,134,9,2,0,0,2,49,48,57,6,0,0,0,3,1,374,219,230,0,155,230,0,2,67,{  },{  },{  },0,0,0,0,0,0,0,0,0,472,0,0,0,0,0.0,45,0,855,0,0,0,0,168,69,14,0,18,0,0,0,0,0,0,0,0,0,0,0,0,0,0,0,0,0,0,0,0,0,0,0,0,0,0,0,0,0,0,0,0,0,0,0,0,0,0,0,0,0,0,0,0,3,0,nan,nan,nan,0,0,0,0,0,2,{  },{  },{  },0,0,0,0,0,0,0,2,0,0,0,0,0,0,0,0,0,0,0,0,0,0,2,0,0,0,0,0,0,0,0,0,0,0,0,2,{  },{  },{  },0,0,0,{  },0,0,0,0,0,{  },{  },{  },0,0,0,0,0,0,0,0,{  },{  },{  },0,0,779,0,0,0,0,3,0,0,2,0,0,0,0,0,0,0,2,{  },{  },{  },0,0,0,0,0,0,0,0,0,0,0,2,{  },{  },{  },0,0,0,0,0,0,0,0,0,0,0,2,{  },{  },{  },0,0,0,0,0,0,0,0,0,0,0,0,0,0,0,0,0,0,2,{  },{  },{  },0,0,0,0,0,0,81,419,509,0,0,0,{  },{  },{  },0,0,0,0,0,0,0,0,0,0,0,2,{  },{  },{  },0,0,0,0,0,0,0,0,0,0,0,2,{  },{  },{  },0,0,0,0,0,0,{  },1,0,0,0,0,0,0,0,0,0,2,{  },{  },{  },0,0,0,{  },{  },{  },{  },1,0,0,0,0,0,0,0,0,2,{  },{  },{  },0,0,0,0,0,0,0,0,0,0,0,0
card/cvc5_bapa/fol_0000082.smt2,sat,0.371,0,0,206,220,0,0,0,0,136,9,3,34,93,498,0,{  },0,0,0,0,0,0,0,0,0,0,4,1,849,1,0,0,21,813,839,{  },{  },{  },,370,0,0,0,0,0,0,0,0,0,0,0,0,0,0,0,0,0,0,0,0,0,0,0,0,0,0,0,0,0,0,0,0,0,0,0,0,0,0,0,0,0,0,0,0,0,0,0,0,4,636,16,40154,40154,"{ ARITH_BB_LEMMA: 1, ARITH_CONF_SIMPLEX: 83, ARITH_LIA_STAR_EXISTS: 1, ARITH_LIA_STAR_NONNEGATIVE: 1, ARITH_LIA_STAR_SPLIT: 1, ARITH_SPLIT_DEQ: 50 }","{ ArithPivotStep: 89, BvSatStep: 1, CnfStep: 182, DecisionStep: 482, LemmaStep: 56, PreprocessStep: 29, RewriteStep: 37743, SatConflictStep: 484, TheoryCheckStep: 947, TheoryFullCheckStep: 4 }",2226,2,478,6,7,2152,0,1,7,0,422,1934,845,0,0,0,0,0,0,0,0,0,0,0,0,0,0,0,28,0,0,0,0,0,0,0,0,0,0,0,0,0,0,0,0,0,0,0,0,0,0,0,0,0,208,0,0,0,0,0,0,8,1467,562,344,0,83,0,737,0,0,47,54,12,0,1,11,0,0,0,0,0,0,0,83,6,0,1,0,{ ARITH_CONF_SIMPLEX: 83 },{  },"{ ARITH_BB_LEMMA: 1, ARITH_LIA_STAR_EXISTS: 1, ARITH_LIA_STAR_NONNEGATIVE: 1, ARITH_LIA_STAR_SPLIT: 1, ARITH_SPLIT_DEQ: 50 }",18,0,0,54,317,3,0,48,226,12,155,227,1,48,48,71,4,0,6,134,9,2,0,0,2,49,48,57,6,0,0,0,3,1,374,219,227,0,155,227,0,6,86,{  },{  },{  },0,0,0,0,0,0,0,1,0,485,0,0,0,0,0.0,49,0,849,0,0,0,0,236,83,29,0,39,0,0,0,0,0,0,0,0,0,0,0,0,0,0,0,0,0,0,0,0,0,0,0,0,0,0,0,0,0,0,0,0,0,0,0,0,0,0,0,0,0,0,0,0,7,0,nan,nan,nan,0,0,0,0,0,2,{  },{  },{  },0,0,0,0,0,0,0,2,0,0,0,0,0,0,0,0,0,0,0,0,0,0,2,0,0,0,0,0,0,0,0,0,0,0,0,2,{  },{  },{  },0,0,0,{  },0,0,0,0,0,{  },{  },{  },0,0,0,0,0,0,0,0,{  },{  },{  },0,0,1148,0,0,0,0,4,0,0,2,0,0,0,0,0,0,0,2,{  },{  },{  },0,0,0,0,0,0,0,0,0,0,0,2,{  },{  },{  },0,0,0,0,0,0,0,0,0,0,0,2,{  },{  },{  },0,0,0,0,0,0,0,0,0,0,0,0,0,0,0,0,0,0,2,{  },{  },{  },0,0,0,0,0,0,21,813,839,0,0,0,{  },{  },{  },0,0,0,0,0,0,0,0,0,0,0,2,{  },{  },{  },0,0,0,0,0,0,0,0,0,0,0,2,{  },{  },{  },0,0,0,0,0,0,{  },1,0,0,0,0,0,0,0,0,0,2,{  },{  },{  },0,0,0,{  },{  },{  },{  },1,0,0,0,0,0,0,0,0,2,{  },{  },{  },0,0,0,0,0,0,0,0,0,0,0,0
card/cvc5_bapa/fol_0000084.smt2,sat,3.706,0,0,1361,1378,0,0,0,0,628,11,3,160,278,2593,20,{  },0,0,0,0,0,0,0,0,0,0,3,1,41874,1,0,0,491,2086,2739,{  },{  },{  },,3706,0,0,0,0,0,0,0,0,0,0,0,0,0,0,0,0,0,0,0,0,0,0,0,0,0,0,0,0,0,0,0,0,0,0,0,0,0,0,0,0,0,0,0,0,0,0,0,0,25,4088,14,317963,317963,"{ ARITH_CONF_SIMPLEX: 235, ARITH_LIA_STAR_EXISTS: 1, ARITH_LIA_STAR_NONNEGATIVE: 1, ARITH_LIA_STAR_SPLIT: 1, ARITH_ROW_IMPL: 3, ARITH_SPLIT_DEQ: 388 }","{ ArithPivotStep: 184, BvSatStep: 1, CnfStep: 674, DecisionStep: 21179, LemmaStep: 175, PreprocessStep: 29, RewriteStep: 231829, SatConflictStep: 21181, TheoryCheckStep: 42079, TheoryFullCheckStep: 3 }",13700,3,21176,6,12,46987,0,1,12,0,2722,24086,5443,0,0,0,0,0,0,0,0,0,0,0,0,0,0,0,30,0,0,0,0,0,0,0,0,0,0,0,0,0,0,0,0,0,0,0,0,0,0,0,0,0,1362,0,0,0,0,0,0,34,24546,2139,3579,0,235,0,1258,0,0,1083,336,14,0,0,0,0,0,0,0,0,0,0,235,58,0,0,0,{ ARITH_CONF_SIMPLEX: 235 },{  },"{ ARITH_LIA_STAR_EXISTS: 1, ARITH_LIA_STAR_NONNEGATIVE: 1, ARITH_LIA_STAR_SPLIT: 1, ARITH_ROW_IMPL: 3, ARITH_SPLIT_DEQ: 388 }",14,0,0,394,3456,3,0,363,2738,12,3564,2757,1,363,363,556,32,10,5,835,13,2,0,0,3,391,363,435,61,0,0,0,3,1,4823,1259,2755,0,3564,2757,0,57,181,{  },{  },{  },0,0,0,0,0,0,0,0,0,21135,0,0,0,0,0.0,168,0,41874,0,0,0,0,765,235,9,0,9,0,0,0,0,0,0,0,0,0,0,0,0,0,0,0,0,0,0,0,0,0,0,0,0,0,0,0,0,0,0,0,0,0,0,0,0,0,0,0,0,0,0,0,0,69,0,nan,nan,nan,0,0,0,0,0,2,{  },{  },{  },0,0,0,0,0,0,0,2,0,0,0,0,0,0,0,0,0,0,0,0,0,0,2,0,0,0,0,0,0,0,0,0,0,0,0,2,{  },{  },{  },0,0,0,{  },0,0,0,0,0,{  },{  },{  },0,0,0,0,0,0,0,0,{  },{  },{  },0,0,22497,0,0,0,0,3,0,0,2,0,0,0,0,0,0,0,2,{  },{  },{  },0,0,0,0,0,0,0,0,0,0,0,2,{  },{  },{  },0,0,0,0,0,0,0,0,0,0,0,2,{  },{  },{  },0,0,0,0,0,0,0,0,0,0,0,0,0,0,0,0,0,0,2,{  },{  },{  },0,0,0,0,0,0,491,2086,2739,0,0,0,{  },{  },{  },0,0,0,0,0,0,0,0,0,0,0,2,{  },{  },{  },0,0,0,0,0,0,0,0,0,0,0,2,{  },{  },{  },0,0,0,0,0,0,{  },1,0,0,0,0,0,0,0,0,0,2,{  },{  },{  },0,0,0,{  },{  },{  },{  },1,0,0,0,0,0,0,0,0,2,{  },{  },{  },0,0,0,0,0,0,0,0,0,0,0,0
card/cvc5_bapa/fol_0000090.smt2,sat,0.341,0,0,205,215,0,0,0,0,145,9,3,41,84,554,0,{  },0,0,0,0,0,0,0,0,0,0,3,1,557,1,0,0,47,437,524,{  },{  },{  },,341,0,0,0,0,0,0,0,0,0,0,0,0,0,0,0,0,0,0,0,0,0,0,0,0,0,0,0,0,0,0,0,0,0,0,0,0,0,0,0,0,0,0,0,0,0,0,0,0,4,631,14,39542,39542,"{ ARITH_CONF_SIMPLEX: 90, ARITH_LIA_STAR_EXISTS: 1, ARITH_LIA_STAR_NONNEGATIVE: 1, ARITH_LIA_STAR_SPLIT: 1, ARITH_ROW_IMPL: 2, ARITH_SPLIT_DEQ: 51 }","{ ArithPivotStep: 44, BvSatStep: 1, CnfStep: 189, DecisionStep: 309, LemmaStep: 57, PreprocessStep: 29, RewriteStep: 37810, SatConflictStep: 311, TheoryCheckStep: 643, TheoryFullCheckStep: 3 }",2118,2,306,11,8,1480,0,1,8,0,420,1076,841,0,0,0,0,0,0,0,0,0,0,0,0,0,0,0,26,0,0,0,0,0,0,0,0,0,0,0,0,0,0,0,0,0,0,0,0,0,0,0,0,0,207,0,0,0,0,0,0,0,876,359,326,0,90,0,336,0,0,53,53,11,0,0,0,0,0,0,0,0,0,0,90,1,0,0,0,{ ARITH_CONF_SIMPLEX: 90 },{  },"{ ARITH_LIA_STAR_EXISTS: 1, ARITH_LIA_STAR_NONNEGATIVE: 1, ARITH_LIA_STAR_SPLIT: 1, ARITH_ROW_IMPL: 2, ARITH_SPLIT_DEQ: 51 }",14,0,0,56,320,3,0,48,228,12,155,230,1,48,48,70,4,0,6,134,9,2,0,0,2,49,48,56,6,0,0,0,3,1,374,219,230,0,155,230,0,1,41,{  },{  },{  },0,0,0,0,0,0,0,0,0,293,0,0,0,0,0.0,49,0,557,0,0,0,0,140,90,13,0,16,0,0,0,0,0,0,0,0,0,0,0,0,0,0,0,0,0,0,0,0,0,0,0,0,0,0,0,0,0,0,0,0,0,0,0,0,0,0,0,0,0,0,0,0,1,0,nan,nan,nan,0,0,0,0,0,2,{  },{  },{  },0,0,0,0,0,0,0,2,0,0,0,0,0,0,0,0,0,0,0,0,0,0,2,0,0,0,0,0,0,0,0,0,0,0,0,2,{  },{  },{  },0,0,0,{  },0,0,0,0,0,{  },{  },{  },0,0,0,0,0,0,0,0,{  },{  },{  },0,0,696,0,0,0,0,3,0,0,2,0,0,0,0,0,0,0,2,{  },{  },{  },0,0,0,0,0,0,0,0,0,0,0,2,{  },{  },{  },0,0,0,0,0,0,0,0,0,0,0,2,{  },{  },{  },0,0,0,0,0,0,0,0,0,0,0,0,0,0,0,0,0,0,2,{  },{  },{  },0,0,0,0,0,0,47,437,524,0,0,0,{  },{  },{  },0,0,0,0,0,0,0,0,0,0,0,2,{  },{  },{  },0,0,0,0,0,0,0,0,0,0,0,2,{  },{  },{  },0,0,0,0,0,0,{  },1,0,0,0,0,0,0,0,0,0,2,{  },{  },{  },0,0,0,{  },{  },{  },{  },1,0,0,0,0,0,0,0,0,2,{  },{  },{  },0,0,0,0,0,0,0,0,0,0,0,0
card/cvc5_bapa/fol_0000101.smt2,sat,0.016,0,0,31,36,0,0,0,0,11,18,2,0,1,10,0,{  },0,0,0,0,0,0,0,0,0,0,2,1,57,1,0,0,13,56,64,{  },{  },{  },,16,0,0,0,0,0,0,0,0,0,0,0,0,0,0,0,0,0,0,0,0,0,0,0,0,0,0,0,0,0,0,0,0,0,0,0,0,0,0,0,0,0,0,0,0,0,0,0,0,0,87,20,5622,5622,"{ ARITH_CONF_SIMPLEX: 6, ARITH_LIA_STAR_NONNEGATIVE: 1, ARITH_LIA_STAR_SPLIT: 1, ARITH_ROW_IMPL: 1, ARITH_SPLIT_DEQ: 3 }","{ ArithPivotStep: 35, BvSatStep: 1, CnfStep: 78, DecisionStep: 36, LemmaStep: 8, PreprocessStep: 39, RewriteStep: 5285, SatConflictStep: 38, TheoryCheckStep: 88, TheoryFullCheckStep: 2 }",144,3,34,9,9,127,0,1,9,0,42,107,76,0,0,0,0,0,0,0,0,0,0,0,0,0,0,0,33,0,0,0,0,0,0,0,0,0,0,0,0,0,0,0,0,0,0,0,0,0,0,0,0,0,31,0,0,0,0,0,0,0,83,26,1,0,6,0,23,0,0,13,19,27,0,0,0,0,0,0,0,0,0,6,6,0,0,0,0,{ ARITH_CONF_SIMPLEX: 6 },{  },"{ ARITH_LIA_STAR_NONNEGATIVE: 1, ARITH_LIA_STAR_SPLIT: 1, ARITH_ROW_IMPL: 1, ARITH_SPLIT_DEQ: 3 }",22,0,0,6,1,2,0,0,0,0,0,0,0,0,0,0,0,0,0,0,0,1,1,0,0,0,0,0,0,0,0,0,2,0,0,0,0,0,0,0,0,0,24,{  },{  },{  },0,0,0,0,0,0,0,0,0,23,0,0,0,0,0.0,6,0,57,0,0,0,0,35,6,6,0,10,0,0,0,0,0,0,0,0,0,0,0,0,0,0,0,0,0,0,0,0,0,0,0,0,0,0,0,0,0,0,0,0,0,0,0,0,0,0,0,0,0,0,0,0,0,0,nan,nan,nan,0,0,0,0,0,2,{  },{  },{  },0,0,0,0,0,0,0,2,0,0,0,0,0,0,0,0,0,0,0,0,0,0,2,0,0,0,0,0,0,0,0,0,0,0,0,2,{  },{  },{  },0,0,0,{  },0,0,0,0,0,{  },{  },{  },0,0,0,0,0,0,0,0,{  },{  },{  },0,0,66,0,0,0,0,2,0,0,2,0,0,0,0,0,0,0,2,{  },{  },{  },0,0,0,0,0,0,0,0,0,0,0,2,{  },{  },{  },0,0,0,0,0,0,0,0,0,0,0,2,{  },{  },{  },0,0,0,0,0,0,0,0,0,0,0,0,0,0,0,0,0,0,2,{  },{  },{  },0,0,0,0,0,0,13,56,64,0,0,0,{  },{  },{  },0,0,0,0,0,0,0,0,0,0,0,2,{  },{  },{  },0,0,0,0,0,0,0,0,0,0,0,2,{  },{  },{  },0,0,0,0,0,0,{  },1,0,0,0,0,0,0,0,0,0,2,{  },{  },{  },0,0,0,{  },{  },{  },{  },1,0,0,0,0,0,0,0,0,2,{  },{  },{  },0,0,0,0,0,0,0,0,0,0,0,0
card/cvc5_bapa/fol_0000108.smt2,sat,0.013,0,0,35,40,0,0,0,0,3,19,2,0,1,2,0,{  },0,0,0,0,0,0,0,0,0,0,2,1,41,1,0,0,4,34,42,{  },{  },{  },,12,0,0,0,0,0,0,0,0,0,0,0,0,0,0,0,0,0,0,0,0,0,0,0,0,0,0,0,0,0,0,0,0,0,0,0,0,0,0,0,0,0,0,0,0,0,0,0,0,0,93,25,5544,5544,"{ ARITH_CONF_SIMPLEX: 1, ARITH_LIA_STAR_NONNEGATIVE: 1, ARITH_LIA_STAR_SPLIT: 1, ARITH_SPLIT_DEQ: 1 }","{ ArithPivotStep: 37, BvSatStep: 1, CnfStep: 79, DecisionStep: 28, LemmaStep: 3, PreprocessStep: 44, RewriteStep: 5249, SatConflictStep: 30, TheoryCheckStep: 67, TheoryFullCheckStep: 2 }",125,0,26,0,0,93,0,1,0,0,46,72,84,0,0,0,0,0,0,0,0,0,0,0,0,0,0,0,35,0,0,0,0,0,0,0,0,0,0,0,0,0,0,0,0,0,0,0,0,0,0,0,0,0,35,0,0,0,0,0,0,0,70,16,1,0,1,0,17,0,0,4,12,28,0,0,0,0,0,0,0,0,0,8,1,0,0,0,0,{ ARITH_CONF_SIMPLEX: 1 },{  },"{ ARITH_LIA_STAR_NONNEGATIVE: 1, ARITH_LIA_STAR_SPLIT: 1, ARITH_SPLIT_DEQ: 1 }",26,0,0,3,1,2,0,0,0,0,0,0,0,0,0,0,0,0,0,0,0,1,1,0,0,0,0,0,0,0,0,0,2,0,0,0,0,0,0,0,0,0,23,{  },{  },{  },0,0,0,0,0,0,0,0,0,16,0,0,0,0,0.0,1,0,41,0,0,0,0,36,1,1,0,1,0,0,0,0,0,0,0,0,0,0,0,0,0,0,0,0,0,0,0,0,0,0,0,0,0,0,0,0,0,0,0,0,0,0,0,0,0,0,0,0,0,0,0,0,0,0,nan,nan,nan,0,0,0,0,0,2,{  },{  },{  },0,0,0,0,0,0,0,2,0,0,0,0,0,0,0,0,0,0,0,0,0,0,2,0,0,0,0,0,0,0,0,0,0,0,0,2,{  },{  },{  },0,0,0,{  },0,0,0,0,0,{  },{  },{  },0,0,0,0,0,0,0,0,{  },{  },{  },0,0,44,0,0,0,0,2,0,0,2,0,0,0,0,0,0,0,2,{  },{  },{  },0,0,0,0,0,0,0,0,0,0,0,2,{  },{  },{  },0,0,0,0,0,0,0,0,0,0,0,2,{  },{  },{  },0,0,0,0,0,0,0,0,0,0,0,0,0,0,0,0,0,0,2,{  },{  },{  },0,0,0,0,0,0,4,34,42,0,0,0,{  },{  },{  },0,0,0,0,0,0,0,0,0,0,0,2,{  },{  },{  },0,0,0,0,0,0,0,0,0,0,0,2,{  },{  },{  },0,0,0,0,0,0,{  },1,0,0,0,0,0,0,0,0,0,2,{  },{  },{  },0,0,0,{  },{  },{  },{  },1,0,0,0,0,0,0,0,0,2,{  },{  },{  },0,0,0,0,0,0,0,0,0,0,0,0
card/cvc5_bapa/fol_0000109.smt2,sat,5.436,0,0,1363,1378,0,0,0,0,601,11,3,134,400,2983,23,{  },0,0,0,0,0,0,0,0,0,0,5,1,48543,1,0,0,423,2070,2620,{  },{  },{  },,5436,0,0,0,0,0,0,0,0,0,0,0,0,0,0,0,0,0,0,0,0,0,0,0,0,0,0,0,0,0,0,0,0,0,0,0,0,0,0,0,0,0,0,0,0,0,0,0,0,26,4102,16,333717,333717,"{ ARITH_BB_LEMMA: 1, ARITH_CONF_SIMPLEX: 200, ARITH_DIO_CUT: 1, ARITH_LIA_STAR_EXISTS: 1, ARITH_LIA_STAR_NONNEGATIVE: 1, ARITH_LIA_STAR_SPLIT: 1, ARITH_ROW_IMPL: 4, ARITH_SPLIT_DEQ: 393 }","{ ArithPivotStep: 488, BvSatStep: 1, CnfStep: 649, DecisionStep: 24643, LemmaStep: 160, PreprocessStep: 29, RewriteStep: 233743, SatConflictStep: 24645, TheoryCheckStep: 48752, TheoryFullCheckStep: 5 }",14131,8,24638,783,218,53792,0,1,217,0,2724,27531,5447,0,0,0,0,0,0,0,0,0,0,0,0,0,0,0,32,0,0,0,0,0,0,0,0,0,0,0,0,0,0,0,0,0,0,0,0,0,0,0,0,0,1363,1,0,0,0,0,0,1304,27892,2072,4025,0,200,0,1221,0,0,695,425,15,0,2,291,0,1,33,1,0,1,1,200,119,0,1,0,{ ARITH_CONF_SIMPLEX: 200 },{  },"{ ARITH_BB_LEMMA: 1, ARITH_DIO_CUT: 1, ARITH_LIA_STAR_EXISTS: 1, ARITH_LIA_STAR_NONNEGATIVE: 1, ARITH_LIA_STAR_SPLIT: 1, ARITH_ROW_IMPL: 4, ARITH_SPLIT_DEQ: 393 }",18,0,0,402,3481,3,0,363,2760,12,3564,2779,1,363,363,558,32,10,5,835,13,2,0,0,3,391,363,437,61,0,0,0,3,1,4823,1259,2778,0,3564,2779,1,117,484,{  },{  },{  },0,0,0,0,0,0,0,1,0,24320,0,0,0,0,0.0,148,0,48543,0,0,0,0,1272,200,20,1,25,0,0,0,0,0,0,0,0,0,0,0,0,0,0,0,0,0,0,0,0,0,0,0,0,0,0,0,0,0,0,0,0,0,0,0,0,0,0,0,0,0,0,0,0,133,0,nan,nan,nan,0,0,0,0,0,2,{  },{  },{  },0,0,0,0,0,0,0,2,0,0,0,0,0,0,0,0,0,0,0,0,0,0,2,0,0,0,0,0,0,0,0,0,0,0,0,2,{  },{  },{  },0,0,0,{  },0,0,0,0,0,{  },{  },{  },0,0,0,0,0,0,0,0,{  },{  },{  },0,0,26026,0,0,0,0,5,0,0,2,0,0,0,0,0,0,0,2,{  },{  },{  },0,0,0,0,0,0,0,0,0,0,0,2,{  },{  },{  },0,0,0,0,0,0,0,0,0,0,0,2,{  },{  },{  },0,0,0,0,0,0,0,0,0,0,0,0,0,0,0,0,0,0,2,{  },{  },{  },0,0,0,0,0,0,423,2070,2620,0,0,0,{  },{  },{  },0,0,0,0,0,0,0,0,0,0,0,2,{  },{  },{  },0,0,0,0,0,0,0,0,0,0,0,2,{  },{  },{  },0,0,0,0,0,0,{  },1,0,0,0,0,0,0,0,0,0,2,{  },{  },{  },0,0,0,{  },{  },{  },{  },1,0,0,0,0,0,0,0,0,2,{  },{  },{  },0,0,0,0,0,0,0,0,0,0,0,0
card/cvc5_bapa/fol_0000113.smt2,sat,3.986,0,0,2055,2070,0,0,0,0,1143,12,3,360,761,5424,54,{  },0,0,0,0,0,0,0,0,0,0,3,1,31906,1,0,0,373,3885,4615,{  },{  },{  },,3985,0,0,0,0,0,0,0,0,0,0,0,0,0,0,0,0,0,0,0,0,0,0,0,0,0,0,0,0,0,0,0,0,0,0,0,0,0,0,0,0,0,0,0,0,0,0,0,0,47,6163,17,720657,720657,"{ ARITH_CONF_SIMPLEX: 679, ARITH_LIA_STAR_EXISTS: 1, ARITH_LIA_STAR_NONNEGATIVE: 1, ARITH_LIA_STAR_SPLIT: 1, ARITH_ROW_IMPL: 4, ARITH_SPLIT_DEQ: 458 }","{ ArithPivotStep: 344, BvSatStep: 1, CnfStep: 1197, DecisionStep: 16279, LemmaStep: 379, PreprocessStep: 34, RewriteStep: 652682, SatConflictStep: 16281, TheoryCheckStep: 32313, TheoryFullCheckStep: 3 }",21967,4,16276,7,16,41207,0,1,16,0,4103,22905,8205,0,0,0,0,0,0,0,0,0,0,0,0,0,0,0,35,0,0,0,0,0,0,0,0,0,0,0,0,0,0,0,0,0,0,0,0,0,0,0,0,0,2057,1,0,0,0,0,0,28,22506,3657,3813,0,679,0,2771,0,0,738,740,16,0,0,0,0,0,0,0,0,3,0,679,201,0,0,0,{ ARITH_CONF_SIMPLEX: 679 },{  },"{ ARITH_LIA_STAR_EXISTS: 1, ARITH_LIA_STAR_NONNEGATIVE: 1, ARITH_LIA_STAR_SPLIT: 1, ARITH_ROW_IMPL: 4, ARITH_SPLIT_DEQ: 458 }",18,0,0,465,3494,3,0,451,2258,15,2284,2275,1,451,451,969,61,12,10,1458,13,2,0,0,4,466,451,791,85,0,0,0,3,1,3578,1294,2273,0,2284,2275,0,200,340,{  },{  },{  },0,0,0,0,0,0,0,0,0,16365,0,0,0,0,0.0,370,0,31906,0,0,0,0,1168,679,9,3,10,0,0,0,0,0,0,0,0,0,0,0,0,0,0,0,0,0,0,0,0,0,0,0,0,0,0,0,0,0,0,0,0,0,0,0,0,0,0,0,0,0,0,0,0,214,0,nan,nan,nan,0,0,0,0,0,2,{  },{  },{  },0,0,0,0,0,0,0,2,0,0,0,0,0,0,0,0,0,0,0,0,0,0,2,0,0,0,0,0,0,0,0,0,0,0,0,2,{  },{  },{  },0,0,0,{  },0,0,0,0,0,{  },{  },{  },0,0,0,0,0,0,0,0,{  },{  },{  },0,0,19403,0,0,0,0,3,0,0,2,0,0,0,0,0,0,0,2,{  },{  },{  },0,0,0,0,0,0,0,0,0,0,0,2,{  },{  },{  },0,0,0,0,0,0,0,0,0,0,0,2,{  },{  },{  },0,0,0,0,0,0,0,0,0,0,0,0,0,0,0,0,0,0,2,{  },{  },{  },0,0,0,0,0,0,373,3885,4615,0,0,0,{  },{  },{  },0,0,0,0,0,0,0,0,0,0,0,2,{  },{  },{  },0,0,0,0,0,0,0,0,0,0,0,2,{  },{  },{  },0,0,0,0,0,0,{  },1,0,0,0,0,0,0,0,0,0,2,{  },{  },{  },0,0,0,{  },{  },{  },{  },1,0,0,0,0,0,0,0,0,2,{  },{  },{  },0,0,0,0,0,0,0,0,0,0,0,0
card/cvc5_bapa/fol_0000117.smt2,sat,3.954,0,0,2054,2067,0,0,0,0,1143,12,3,360,735,5450,53,{  },0,0,0,0,0,0,0,0,0,0,3,1,30952,1,0,0,373,3875,4605,{  },{  },{  },,3953,0,0,0,0,0,0,0,0,0,0,0,0,0,0,0,0,0,0,0,0,0,0,0,0,0,0,0,0,0,0,0,0,0,0,0,0,0,0,0,0,0,0,0,0,0,0,0,0,48,6163,17,718355,718355,"{ ARITH_CONF_SIMPLEX: 679, ARITH_LIA_STAR_EXISTS: 1, ARITH_LIA_STAR_NONNEGATIVE: 1, ARITH_LIA_STAR_SPLIT: 1, ARITH_ROW_IMPL: 4, ARITH_SPLIT_DEQ: 458 }","{ ArithPivotStep: 300, BvSatStep: 1, CnfStep: 1197, DecisionStep: 15790, LemmaStep: 379, PreprocessStep: 34, RewriteStep: 652356, SatConflictStep: 15792, TheoryCheckStep: 31359, TheoryFullCheckStep: 3 }",21967,4,15787,7,16,40259,0,1,16,0,4103,22412,8205,0,0,0,0,0,0,0,0,0,0,0,0,0,0,0,35,0,0,0,0,0,0,0,0,0,0,0,0,0,0,0,0,0,0,0,0,0,0,0,0,0,2057,1,0,0,0,0,0,20,22023,3647,3792,0,679,0,2761,0,0,738,740,16,0,0,0,0,0,0,0,0,3,0,679,164,0,0,0,{ ARITH_CONF_SIMPLEX: 679 },{  },"{ ARITH_LIA_STAR_EXISTS: 1, ARITH_LIA_STAR_NONNEGATIVE: 1, ARITH_LIA_STAR_SPLIT: 1, ARITH_ROW_IMPL: 4, ARITH_SPLIT_DEQ: 458 }",18,0,0,465,3511,3,0,451,2278,15,2284,2295,1,451,451,970,61,12,10,1458,13,2,0,0,4,466,451,791,85,0,0,0,3,1,3578,1294,2293,0,2284,2295,0,163,296,{  },{  },{  },0,0,0,0,0,0,0,0,0,15887,0,0,0,0,0.0,370,0,30952,0,0,0,0,1124,679,9,3,10,0,0,0,0,0,0,0,0,0,0,0,0,0,0,0,0,0,0,0,0,0,0,0,0,0,0,0,0,0,0,0,0,0,0,0,0,0,0,0,0,0,0,0,0,177,0,nan,nan,nan,0,0,0,0,0,2,{  },{  },{  },0,0,0,0,0,0,0,2,0,0,0,0,0,0,0,0,0,0,0,0,0,0,2,0,0,0,0,0,0,0,0,0,0,0,0,2,{  },{  },{  },0,0,0,{  },0,0,0,0,0,{  },{  },{  },0,0,0,0,0,0,0,0,{  },{  },{  },0,0,18920,0,0,0,0,3,0,0,2,0,0,0,0,0,0,0,2,{  },{  },{  },0,0,0,0,0,0,0,0,0,0,0,2,{  },{  },{  },0,0,0,0,0,0,0,0,0,0,0,2,{  },{  },{  },0,0,0,0,0,0,0,0,0,0,0,0,0,0,0,0,0,0,2,{  },{  },{  },0,0,0,0,0,0,373,3875,4605,0,0,0,{  },{  },{  },0,0,0,0,0,0,0,0,0,0,0,2,{  },{  },{  },0,0,0,0,0,0,0,0,0,0,0,2,{  },{  },{  },0,0,0,0,0,0,{  },1,0,0,0,0,0,0,0,0,0,2,{  },{  },{  },0,0,0,{  },{  },{  },{  },1,0,0,0,0,0,0,0,0,2,{  },{  },{  },0,0,0,0,0,0,0,0,0,0,0,0
arith/cvc5_mapa/fol_0000001.smt2,sat,0.013,0,0,6,10,0,0,0,0,1,1,2,0,1,0,0,{  },0,0,0,0,0,0,0,0,0,0,2,1,5,1,0,0,1,5,11,{  },{  },{  },,12,0,0,0,0,0,0,0,0,0,0,0,0,0,0,0,0,0,0,0,0,0,0,0,0,0,0,0,0,0,0,0,0,0,0,0,0,0,0,0,0,0,0,0,0,0,0,0,0,0,15,9,982,982,"{ ARITH_LIA_STAR_NONNEGATIVE: 1, ARITH_LIA_STAR_SPLIT: 1 }","{ ArithPivotStep: 1, BvSatStep: 1, CnfStep: 23, DecisionStep: 5, LemmaStep: 1, PreprocessStep: 18, RewriteStep: 892, SatConflictStep: 7, TheoryCheckStep: 30, TheoryFullCheckStep: 2 }",14,0,3,0,0,17,0,1,0,0,4,7,13,0,0,0,0,0,0,0,0,0,0,0,0,0,0,0,6,0,0,0,0,0,0,0,0,0,0,0,0,0,0,0,0,0,0,0,0,0,0,0,0,0,6,0,0,0,0,0,0,0,12,1,0,0,0,0,1,0,0,1,2,5,0,0,0,0,0,0,0,0,0,0,0,0,0,0,0,{  },{  },"{ ARITH_LIA_STAR_NONNEGATIVE: 1, ARITH_LIA_STAR_SPLIT: 1 }",9,0,0,2,0,2,0,0,0,0,0,0,0,0,0,0,0,0,0,0,0,1,1,0,0,0,0,0,0,0,0,0,2,0,0,0,0,0,0,0,0,0,1,{  },{  },{  },0,0,0,0,0,0,0,0,0,1,0,0,0,0,0.0,0,0,5,0,0,0,0,2,0,0,0,0,0,0,0,0,0,0,0,0,0,0,0,0,0,0,0,0,0,0,0,0,0,0,0,0,0,0,0,0,0,0,0,0,0,0,0,0,0,0,0,0,0,0,0,0,0,0,nan,nan,nan,0,0,0,0,0,2,{  },{  },{  },0,0,0,0,0,0,0,2,0,0,0,0,0,0,0,0,0,0,0,0,0,0,2,0,0,0,0,0,0,0,0,0,0,0,0,2,{  },{  },{  },0,0,0,{  },0,0,0,0,0,{  },{  },{  },0,0,0,0,0,0,0,0,{  },{  },{  },0,0,4,0,0,0,0,2,0,0,2,0,0,0,0,0,0,0,2,{  },{  },{  },0,0,0,0,0,0,0,0,0,0,0,2,{  },{  },{  },0,0,0,0,0,0,0,0,0,0,0,2,{  },{  },{  },0,0,0,0,0,0,0,0,0,0,0,0,0,0,0,0,0,0,2,{  },{  },{  },0,0,0,0,0,0,1,5,11,0,0,0,{  },{  },{  },0,0,0,0,0,0,0,0,0,0,0,2,{  },{  },{  },0,0,0,0,0,0,0,0,0,0,0,2,{  },{  },{  },0,0,0,0,0,0,{  },1,0,0,0,0,0,0,0,0,0,2,{  },{  },{  },0,0,0,{  },{  },{  },{  },1,0,0,0,0,0,0,0,0,2,{  },{  },{  },0,0,0,0,0,0,0,0,0,0,0,0
arith/cvc5_mapa/fol_0000002.smt2,sat,0.011,0,0,6,10,0,0,0,0,1,1,2,0,1,0,0,{  },0,0,0,0,0,0,0,0,0,0,2,1,5,1,0,0,0,4,9,{  },{  },{  },,10,0,0,0,0,0,0,0,0,0,0,0,0,0,0,0,0,0,0,0,0,0,0,0,0,0,0,0,0,0,0,0,0,0,0,0,0,0,0,0,0,0,0,0,0,0,0,0,0,0,15,9,988,988,"{ ARITH_LIA_STAR_NONNEGATIVE: 1, ARITH_LIA_STAR_SPLIT: 1 }","{ ArithPivotStep: 1, BvSatStep: 1, CnfStep: 22, DecisionStep: 5, LemmaStep: 1, PreprocessStep: 18, RewriteStep: 899, SatConflictStep: 7, TheoryCheckStep: 30, TheoryFullCheckStep: 2 }",14,0,3,0,0,17,0,1,0,0,4,7,13,0,0,0,0,0,0,0,0,0,0,0,0,0,0,0,6,0,0,0,0,0,0,0,0,0,0,0,0,0,0,0,0,0,0,0,0,0,0,0,0,0,6,0,0,0,0,0,0,0,12,1,0,0,0,0,1,0,0,0,2,4,0,0,0,0,0,0,0,0,0,0,0,0,0,0,0,{  },{  },"{ ARITH_LIA_STAR_NONNEGATIVE: 1, ARITH_LIA_STAR_SPLIT: 1 }",9,0,0,2,0,2,0,0,0,0,0,0,0,0,0,0,0,0,0,0,0,1,1,0,0,0,0,0,0,0,0,0,2,0,0,0,0,0,0,0,0,0,1,{  },{  },{  },0,0,0,0,0,0,0,0,0,1,0,0,0,0,0.0,0,0,5,0,0,0,0,2,0,0,0,0,0,0,0,0,0,0,0,0,0,0,0,0,0,0,0,0,0,0,0,0,0,0,0,0,0,0,0,0,0,0,0,0,0,0,0,0,0,0,0,0,0,0,0,0,0,0,nan,nan,nan,0,0,0,0,0,2,{  },{  },{  },0,0,0,0,0,0,0,2,0,0,0,0,0,0,0,0,0,0,0,0,0,0,2,0,0,0,0,0,0,0,0,0,0,0,0,2,{  },{  },{  },0,0,0,{  },0,0,0,0,0,{  },{  },{  },0,0,0,0,0,0,0,0,{  },{  },{  },0,0,4,0,0,0,0,2,0,0,2,0,0,0,0,0,0,0,2,{  },{  },{  },0,0,0,0,0,0,0,0,0,0,0,2,{  },{  },{  },0,0,0,0,0,0,0,0,0,0,0,2,{  },{  },{  },0,0,0,0,0,0,0,0,0,0,0,0,0,0,0,0,0,0,2,{  },{  },{  },0,0,0,0,0,0,0,4,9,0,0,0,{  },{  },{  },0,0,0,0,0,0,0,0,0,0,0,2,{  },{  },{  },0,0,0,0,0,0,0,0,0,0,0,2,{  },{  },{  },0,0,0,0,0,0,{  },1,0,0,0,0,0,0,0,0,0,2,{  },{  },{  },0,0,0,{  },{  },{  },{  },1,0,0,0,0,0,0,0,0,2,{  },{  },{  },0,0,0,0,0,0,0,0,0,0,0,0
arith/cvc5_mapa/fol_0000003.smt2,sat,0.010,0,0,6,10,0,0,0,0,1,1,2,0,1,0,0,{  },0,0,0,0,0,0,0,0,0,0,2,1,5,1,0,0,0,4,9,{  },{  },{  },,10,0,0,0,0,0,0,0,0,0,0,0,0,0,0,0,0,0,0,0,0,0,0,0,0,0,0,0,0,0,0,0,0,0,0,0,0,0,0,0,0,0,0,0,0,0,0,0,0,0,15,9,990,990,"{ ARITH_LIA_STAR_NONNEGATIVE: 1, ARITH_LIA_STAR_SPLIT: 1 }","{ ArithPivotStep: 1, BvSatStep: 1, CnfStep: 23, DecisionStep: 5, LemmaStep: 1, PreprocessStep: 18, RewriteStep: 900, SatConflictStep: 7, TheoryCheckStep: 30, TheoryFullCheckStep: 2 }",14,0,3,0,0,17,0,1,0,0,4,7,13,0,0,0,0,0,0,0,0,0,0,0,0,0,0,0,6,0,0,0,0,0,0,0,0,0,0,0,0,0,0,0,0,0,0,0,0,0,0,0,0,0,6,0,0,0,0,0,0,0,12,1,0,0,0,0,1,0,0,0,2,5,0,0,0,0,0,0,0,0,0,0,0,0,0,0,0,{  },{  },"{ ARITH_LIA_STAR_NONNEGATIVE: 1, ARITH_LIA_STAR_SPLIT: 1 }",9,0,0,2,0,2,0,0,0,0,0,0,0,0,0,0,0,0,0,0,0,1,1,0,0,0,0,0,0,0,0,0,2,0,0,0,0,0,0,0,0,0,1,{  },{  },{  },0,0,0,0,0,0,0,0,0,1,0,0,0,0,0.0,0,0,5,0,0,0,0,2,0,0,0,0,0,0,0,0,0,0,0,0,0,0,0,0,0,0,0,0,0,0,0,0,0,0,0,0,0,0,0,0,0,0,0,0,0,0,0,0,0,0,0,0,0,0,0,0,0,0,nan,nan,nan,0,0,0,0,0,2,{  },{  },{  },0,0,0,0,0,0,0,2,0,0,0,0,0,0,0,0,0,0,0,0,0,0,2,0,0,0,0,0,0,0,0,0,0,0,0,2,{  },{  },{  },0,0,0,{  },0,0,0,0,0,{  },{  },{  },0,0,0,0,0,0,0,0,{  },{  },{  },0,0,4,0,0,0,0,2,0,0,2,0,0,0,0,0,0,0,2,{  },{  },{  },0,0,0,0,0,0,0,0,0,0,0,2,{  },{  },{  },0,0,0,0,0,0,0,0,0,0,0,2,{  },{  },{  },0,0,0,0,0,0,0,0,0,0,0,0,0,0,0,0,0,0,2,{  },{  },{  },0,0,0,0,0,0,0,4,9,0,0,0,{  },{  },{  },0,0,0,0,0,0,0,0,0,0,0,2,{  },{  },{  },0,0,0,0,0,0,0,0,0,0,0,2,{  },{  },{  },0,0,0,0,0,0,{  },1,0,0,0,0,0,0,0,0,0,2,{  },{  },{  },0,0,0,{  },{  },{  },{  },1,0,0,0,0,0,0,0,0,2,{  },{  },{  },0,0,0,0,0,0,0,0,0,0,0,0
arith/cvc5_mapa/fol_0000004.smt2,sat,0.011,0,0,6,11,0,0,0,0,8,1,2,1,3,5,0,{  },0,0,0,0,0,0,0,0,0,0,4,1,11,1,0,0,0,5,11,{  },{  },{  },,10,0,0,0,0,0,0,0,0,0,0,0,0,0,0,0,0,0,0,0,0,0,0,0,0,0,0,0,0,0,0,0,0,0,0,0,0,0,0,0,0,0,0,0,0,0,0,0,0,0,21,9,1349,1349,"{ ARITH_BB_LEMMA: 1, ARITH_CONF_SIMPLEX: 2, ARITH_DIO_CUT: 1, ARITH_LIA_STAR_NONNEGATIVE: 1, ARITH_LIA_STAR_SPLIT: 1, ARITH_ROW_IMPL: 1, ARITH_SPLIT_DEQ: 2 }","{ ArithPivotStep: 6, BvSatStep: 1, CnfStep: 30, DecisionStep: 10, LemmaStep: 6, PreprocessStep: 18, RewriteStep: 1191, SatConflictStep: 12, TheoryCheckStep: 62, TheoryFullCheckStep: 4 }",27,0,6,0,0,27,0,1,0,0,6,11,17,0,0,0,0,0,0,0,0,0,0,0,0,0,0,0,6,0,0,0,0,0,0,0,0,0,0,0,0,0,0,0,0,0,0,0,0,0,0,0,0,0,6,0,0,0,0,0,0,0,16,4,0,0,2,0,2,0,0,0,2,4,0,2,0,0,1,0,1,0,0,0,2,0,0,1,0,{ ARITH_CONF_SIMPLEX: 2 },{  },"{ ARITH_BB_LEMMA: 1, ARITH_DIO_CUT: 1, ARITH_LIA_STAR_NONNEGATIVE: 1, ARITH_LIA_STAR_SPLIT: 1, ARITH_ROW_IMPL: 1, ARITH_SPLIT_DEQ: 2 }",9,0,0,7,0,2,0,0,0,0,0,0,0,0,0,0,0,0,0,0,0,1,1,0,0,0,0,0,0,0,0,0,2,0,0,0,0,0,0,0,0,0,6,{  },{  },{  },0,0,0,0,0,0,0,1,0,3,0,0,0,0,0.0,2,0,11,0,0,0,0,9,2,2,0,2,0,0,0,0,0,0,0,0,0,0,0,0,0,0,0,0,0,0,0,0,0,0,0,0,0,0,0,0,0,0,0,0,0,0,0,0,0,0,0,0,0,0,0,0,0,0,nan,nan,nan,0,0,0,0,0,2,{  },{  },{  },0,0,0,0,0,0,0,2,0,0,0,0,0,0,0,0,0,0,0,0,0,0,2,0,0,0,0,0,0,0,0,0,0,0,0,2,{  },{  },{  },0,0,0,{  },0,0,0,0,0,{  },{  },{  },0,0,0,0,0,0,0,0,{  },{  },{  },0,0,7,0,0,0,0,4,0,0,2,0,0,0,0,0,0,0,2,{  },{  },{  },0,0,0,0,0,0,0,0,0,0,0,2,{  },{  },{  },0,0,0,0,0,0,0,0,0,0,0,2,{  },{  },{  },0,0,0,0,0,0,0,0,0,0,0,0,0,0,0,0,0,0,2,{  },{  },{  },0,0,0,0,0,0,0,5,11,0,0,0,{  },{  },{  },0,0,0,0,0,0,0,0,0,0,0,2,{  },{  },{  },0,0,0,0,0,0,0,0,0,0,0,2,{  },{  },{  },0,0,0,0,0,0,{  },1,0,0,0,0,0,0,0,0,0,2,{  },{  },{  },0,0,0,{  },{  },{  },{  },1,0,0,0,0,0,0,0,0,2,{  },{  },{  },0,0,0,0,0,0,0,0,0,0,0,0
arith/cvc5_mapa/fol_0000005.smt2,sat,0.011,0,0,6,10,0,0,0,0,2,1,2,0,2,0,0,{  },0,0,0,0,0,0,0,0,0,0,2,1,7,1,0,0,1,5,11,{  },{  },{  },,10,0,0,0,0,0,0,0,0,0,0,0,0,0,0,0,0,0,0,0,0,0,0,0,0,0,0,0,0,0,0,0,0,0,0,0,0,0,0,0,0,0,0,0,0,0,0,0,0,0,17,9,1106,1106,"{ ARITH_LIA_STAR_NONNEGATIVE: 1, ARITH_LIA_STAR_SPLIT: 1, ARITH_SPLIT_DEQ: 1 }","{ ArithPivotStep: 3, BvSatStep: 1, CnfStep: 24, DecisionStep: 6, LemmaStep: 2, PreprocessStep: 18, RewriteStep: 1007, SatConflictStep: 8, TheoryCheckStep: 32, TheoryFullCheckStep: 2 }",16,0,4,0,0,19,0,1,0,0,5,8,16,0,0,0,0,0,0,0,0,0,0,0,0,0,0,0,6,0,0,0,0,0,0,0,0,0,0,0,0,0,0,0,0,0,0,0,0,0,0,0,0,0,6,0,0,0,0,0,0,0,13,1,0,0,0,0,1,0,0,2,2,5,0,0,0,0,0,0,0,0,0,0,0,0,0,0,0,{  },{  },"{ ARITH_LIA_STAR_NONNEGATIVE: 1, ARITH_LIA_STAR_SPLIT: 1, ARITH_SPLIT_DEQ: 1 }",9,0,0,3,0,2,0,0,0,0,0,0,0,0,0,0,0,0,0,0,0,1,1,0,0,0,0,0,0,0,0,0,2,0,0,0,0,0,0,0,0,0,3,{  },{  },{  },0,0,0,0,0,0,0,0,0,2,0,0,0,0,0.0,0,0,7,0,0,0,0,4,0,0,0,0,0,0,0,0,0,0,0,0,0,0,0,0,0,0,0,0,0,0,0,0,0,0,0,0,0,0,0,0,0,0,0,0,0,0,0,0,0,0,0,0,0,0,0,0,0,0,nan,nan,nan,0,0,0,0,0,2,{  },{  },{  },0,0,0,0,0,0,0,2,0,0,0,0,0,0,0,0,0,0,0,0,0,0,2,0,0,0,0,0,0,0,0,0,0,0,0,2,{  },{  },{  },0,0,0,{  },0,0,0,0,0,{  },{  },{  },0,0,0,0,0,0,0,0,{  },{  },{  },0,0,5,0,0,0,0,2,0,0,2,0,0,0,0,0,0,0,2,{  },{  },{  },0,0,0,0,0,0,0,0,0,0,0,2,{  },{  },{  },0,0,0,0,0,0,0,0,0,0,0,2,{  },{  },{  },0,0,0,0,0,0,0,0,0,0,0,0,0,0,0,0,0,0,2,{  },{  },{  },0,0,0,0,0,0,1,5,11,0,0,0,{  },{  },{  },0,0,0,0,0,0,0,0,0,0,0,2,{  },{  },{  },0,0,0,0,0,0,0,0,0,0,0,2,{  },{  },{  },0,0,0,0,0,0,{  },1,0,0,0,0,0,0,0,0,0,2,{  },{  },{  },0,0,0,{  },{  },{  },{  },1,0,0,0,0,0,0,0,0,2,{  },{  },{  },0,0,0,0,0,0,0,0,0,0,0,0
arith/cvc5_mapa/fol_0000006.smt2,sat,0.011,0,0,6,11,0,0,0,0,8,1,2,1,3,5,0,{  },0,0,0,0,0,0,0,0,0,0,4,1,11,1,0,0,0,5,11,{  },{  },{  },,10,0,0,0,0,0,0,0,0,0,0,0,0,0,0,0,0,0,0,0,0,0,0,0,0,0,0,0,0,0,0,0,0,0,0,0,0,0,0,0,0,0,0,0,0,0,0,0,0,0,21,9,1349,1349,"{ ARITH_BB_LEMMA: 1, ARITH_CONF_SIMPLEX: 2, ARITH_DIO_CUT: 1, ARITH_LIA_STAR_NONNEGATIVE: 1, ARITH_LIA_STAR_SPLIT: 1, ARITH_ROW_IMPL: 1, ARITH_SPLIT_DEQ: 2 }","{ ArithPivotStep: 6, BvSatStep: 1, CnfStep: 30, DecisionStep: 10, LemmaStep: 6, PreprocessStep: 18, RewriteStep: 1191, SatConflictStep: 12, TheoryCheckStep: 62, TheoryFullCheckStep: 4 }",27,0,6,0,0,27,0,1,0,0,6,11,17,0,0,0,0,0,0,0,0,0,0,0,0,0,0,0,6,0,0,0,0,0,0,0,0,0,0,0,0,0,0,0,0,0,0,0,0,0,0,0,0,0,6,0,0,0,0,0,0,0,16,4,0,0,2,0,2,0,0,0,2,4,0,2,0,0,1,0,1,0,0,0,2,0,0,1,0,{ ARITH_CONF_SIMPLEX: 2 },{  },"{ ARITH_BB_LEMMA: 1, ARITH_DIO_CUT: 1, ARITH_LIA_STAR_NONNEGATIVE: 1, ARITH_LIA_STAR_SPLIT: 1, ARITH_ROW_IMPL: 1, ARITH_SPLIT_DEQ: 2 }",9,0,0,7,0,2,0,0,0,0,0,0,0,0,0,0,0,0,0,0,0,1,1,0,0,0,0,0,0,0,0,0,2,0,0,0,0,0,0,0,0,0,6,{  },{  },{  },0,0,0,0,0,0,0,1,0,3,0,0,0,0,0.0,2,0,11,0,0,0,0,9,2,2,0,2,0,0,0,0,0,0,0,0,0,0,0,0,0,0,0,0,0,0,0,0,0,0,0,0,0,0,0,0,0,0,0,0,0,0,0,0,0,0,0,0,0,0,0,0,0,0,nan,nan,nan,0,0,0,0,0,2,{  },{  },{  },0,0,0,0,0,0,0,2,0,0,0,0,0,0,0,0,0,0,0,0,0,0,2,0,0,0,0,0,0,0,0,0,0,0,0,2,{  },{  },{  },0,0,0,{  },0,0,0,0,0,{  },{  },{  },0,0,0,0,0,0,0,0,{  },{  },{  },0,0,7,0,0,0,0,4,0,0,2,0,0,0,0,0,0,0,2,{  },{  },{  },0,0,0,0,0,0,0,0,0,0,0,2,{  },{  },{  },0,0,0,0,0,0,0,0,0,0,0,2,{  },{  },{  },0,0,0,0,0,0,0,0,0,0,0,0,0,0,0,0,0,0,2,{  },{  },{  },0,0,0,0,0,0,0,5,11,0,0,0,{  },{  },{  },0,0,0,0,0,0,0,0,0,0,0,2,{  },{  },{  },0,0,0,0,0,0,0,0,0,0,0,2,{  },{  },{  },0,0,0,0,0,0,{  },1,0,0,0,0,0,0,0,0,0,2,{  },{  },{  },0,0,0,{  },{  },{  },{  },1,0,0,0,0,0,0,0,0,2,{  },{  },{  },0,0,0,0,0,0,0,0,0,0,0,0
arith/cvc5_mapa/fol_0000007.smt2,sat,0.010,0,0,6,11,0,0,0,0,3,1,2,0,1,2,0,{  },0,0,0,0,0,0,0,0,0,0,2,1,7,1,0,0,0,4,9,{  },{  },{  },,9,0,0,0,0,0,0,0,0,0,0,0,0,0,0,0,0,0,0,0,0,0,0,0,0,0,0,0,0,0,0,0,0,0,0,0,0,0,0,0,0,0,0,0,0,0,0,0,0,0,17,9,1073,1073,"{ ARITH_LIA_STAR_NONNEGATIVE: 1, ARITH_LIA_STAR_SPLIT: 1, ARITH_ROW_IMPL: 1, ARITH_SPLIT_DEQ: 1 }","{ ArithPivotStep: 2, BvSatStep: 1, CnfStep: 25, DecisionStep: 5, LemmaStep: 2, PreprocessStep: 18, RewriteStep: 975, SatConflictStep: 7, TheoryCheckStep: 32, TheoryFullCheckStep: 2 }",16,0,3,0,0,19,0,1,0,0,5,8,15,0,0,0,0,0,0,0,0,0,0,0,0,0,0,0,5,0,0,0,0,0,0,0,0,0,0,0,0,0,0,0,0,0,0,0,0,0,0,0,0,0,6,0,0,0,0,0,0,0,13,1,0,0,0,0,1,0,0,0,2,4,0,0,0,0,0,0,0,0,0,0,0,0,0,0,0,{  },{  },"{ ARITH_LIA_STAR_NONNEGATIVE: 1, ARITH_LIA_STAR_SPLIT: 1, ARITH_ROW_IMPL: 1, ARITH_SPLIT_DEQ: 1 }",6,0,0,4,0,2,0,0,0,0,0,0,0,0,0,0,0,0,0,0,0,1,1,0,0,0,0,0,0,0,0,0,2,0,0,0,0,0,0,0,0,0,2,{  },{  },{  },0,0,0,0,0,0,0,0,0,2,0,0,0,0,0.0,0,0,7,0,0,0,0,4,0,0,0,0,0,0,0,0,0,0,0,0,0,0,0,0,0,0,0,0,0,0,0,0,0,0,0,0,0,0,0,0,0,0,0,0,0,0,0,0,0,0,0,0,0,0,0,0,0,0,nan,nan,nan,0,0,0,0,0,2,{  },{  },{  },0,0,0,0,0,0,0,2,0,0,0,0,0,0,0,0,0,0,0,0,0,0,2,0,0,0,0,0,0,0,0,0,0,0,0,2,{  },{  },{  },0,0,0,{  },0,0,0,0,0,{  },{  },{  },0,0,0,0,0,0,0,0,{  },{  },{  },0,0,5,0,0,0,0,2,0,0,2,0,0,0,0,0,0,0,2,{  },{  },{  },0,0,0,0,0,0,0,0,0,0,0,2,{  },{  },{  },0,0,0,0,0,0,0,0,0,0,0,2,{  },{  },{  },0,0,0,0,0,0,0,0,0,0,0,0,0,0,0,0,0,0,2,{  },{  },{  },0,0,0,0,0,0,0,4,9,0,0,0,{  },{  },{  },0,0,0,0,0,0,0,0,0,0,0,2,{  },{  },{  },0,0,0,0,0,0,0,0,0,0,0,2,{  },{  },{  },0,0,0,0,0,0,{  },1,0,0,0,0,0,0,0,0,0,2,{  },{  },{  },0,0,0,{  },{  },{  },{  },1,0,0,0,0,0,0,0,0,2,{  },{  },{  },0,0,0,0,0,0,0,0,0,0,0,0
arith/cvc5_mapa/fol_0000008.smt2,sat,0.010,0,0,6,10,0,0,0,0,2,1,2,0,2,0,0,{  },0,0,0,0,0,0,0,0,0,0,2,1,7,1,0,0,1,5,11,{  },{  },{  },,9,0,0,0,0,0,0,0,0,0,0,0,0,0,0,0,0,0,0,0,0,0,0,0,0,0,0,0,0,0,0,0,0,0,0,0,0,0,0,0,0,0,0,0,0,0,0,0,0,0,17,9,1106,1106,"{ ARITH_LIA_STAR_NONNEGATIVE: 1, ARITH_LIA_STAR_SPLIT: 1, ARITH_SPLIT_DEQ: 1 }","{ ArithPivotStep: 3, BvSatStep: 1, CnfStep: 24, DecisionStep: 6, LemmaStep: 2, PreprocessStep: 18, RewriteStep: 1007, SatConflictStep: 8, TheoryCheckStep: 32, TheoryFullCheckStep: 2 }",16,0,4,0,0,19,0,1,0,0,5,8,16,0,0,0,0,0,0,0,0,0,0,0,0,0,0,0,6,0,0,0,0,0,0,0,0,0,0,0,0,0,0,0,0,0,0,0,0,0,0,0,0,0,6,0,0,0,0,0,0,0,13,1,0,0,0,0,1,0,0,2,2,5,0,0,0,0,0,0,0,0,0,0,0,0,0,0,0,{  },{  },"{ ARITH_LIA_STAR_NONNEGATIVE: 1, ARITH_LIA_STAR_SPLIT: 1, ARITH_SPLIT_DEQ: 1 }",9,0,0,3,0,2,0,0,0,0,0,0,0,0,0,0,0,0,0,0,0,1,1,0,0,0,0,0,0,0,0,0,2,0,0,0,0,0,0,0,0,0,3,{  },{  },{  },0,0,0,0,0,0,0,0,0,2,0,0,0,0,0.0,0,0,7,0,0,0,0,4,0,0,0,0,0,0,0,0,0,0,0,0,0,0,0,0,0,0,0,0,0,0,0,0,0,0,0,0,0,0,0,0,0,0,0,0,0,0,0,0,0,0,0,0,0,0,0,0,0,0,nan,nan,nan,0,0,0,0,0,2,{  },{  },{  },0,0,0,0,0,0,0,2,0,0,0,0,0,0,0,0,0,0,0,0,0,0,2,0,0,0,0,0,0,0,0,0,0,0,0,2,{  },{  },{  },0,0,0,{  },0,0,0,0,0,{  },{  },{  },0,0,0,0,0,0,0,0,{  },{  },{  },0,0,5,0,0,0,0,2,0,0,2,0,0,0,0,0,0,0,2,{  },{  },{  },0,0,0,0,0,0,0,0,0,0,0,2,{  },{  },{  },0,0,0,0,0,0,0,0,0,0,0,2,{  },{  },{  },0,0,0,0,0,0,0,0,0,0,0,0,0,0,0,0,0,0,2,{  },{  },{  },0,0,0,0,0,0,1,5,11,0,0,0,{  },{  },{  },0,0,0,0,0,0,0,0,0,0,0,2,{  },{  },{  },0,0,0,0,0,0,0,0,0,0,0,2,{  },{  },{  },0,0,0,0,0,0,{  },1,0,0,0,0,0,0,0,0,0,2,{  },{  },{  },0,0,0,{  },{  },{  },{  },1,0,0,0,0,0,0,0,0,2,{  },{  },{  },0,0,0,0,0,0,0,0,0,0,0,0
arith/cvc5_mapa/fol_0000009.smt2,sat,0.009,0,0,6,11,0,0,0,0,3,1,2,0,1,2,0,{  },0,0,0,0,0,0,0,0,0,0,2,1,7,1,0,0,0,4,9,{  },{  },{  },,9,0,0,0,0,0,0,0,0,0,0,0,0,0,0,0,0,0,0,0,0,0,0,0,0,0,0,0,0,0,0,0,0,0,0,0,0,0,0,0,0,0,0,0,0,0,0,0,0,0,17,9,1073,1073,"{ ARITH_LIA_STAR_NONNEGATIVE: 1, ARITH_LIA_STAR_SPLIT: 1, ARITH_ROW_IMPL: 1, ARITH_SPLIT_DEQ: 1 }","{ ArithPivotStep: 2, BvSatStep: 1, CnfStep: 25, DecisionStep: 5, LemmaStep: 2, PreprocessStep: 18, RewriteStep: 975, SatConflictStep: 7, TheoryCheckStep: 32, TheoryFullCheckStep: 2 }",16,0,3,0,0,19,0,1,0,0,5,8,15,0,0,0,0,0,0,0,0,0,0,0,0,0,0,0,5,0,0,0,0,0,0,0,0,0,0,0,0,0,0,0,0,0,0,0,0,0,0,0,0,0,6,0,0,0,0,0,0,0,13,1,0,0,0,0,1,0,0,0,2,4,0,0,0,0,0,0,0,0,0,0,0,0,0,0,0,{  },{  },"{ ARITH_LIA_STAR_NONNEGATIVE: 1, ARITH_LIA_STAR_SPLIT: 1, ARITH_ROW_IMPL: 1, ARITH_SPLIT_DEQ: 1 }",6,0,0,4,0,2,0,0,0,0,0,0,0,0,0,0,0,0,0,0,0,1,1,0,0,0,0,0,0,0,0,0,2,0,0,0,0,0,0,0,0,0,2,{  },{  },{  },0,0,0,0,0,0,0,0,0,2,0,0,0,0,0.0,0,0,7,0,0,0,0,4,0,0,0,0,0,0,0,0,0,0,0,0,0,0,0,0,0,0,0,0,0,0,0,0,0,0,0,0,0,0,0,0,0,0,0,0,0,0,0,0,0,0,0,0,0,0,0,0,0,0,nan,nan,nan,0,0,0,0,0,2,{  },{  },{  },0,0,0,0,0,0,0,2,0,0,0,0,0,0,0,0,0,0,0,0,0,0,2,0,0,0,0,0,0,0,0,0,0,0,0,2,{  },{  },{  },0,0,0,{  },0,0,0,0,0,{  },{  },{  },0,0,0,0,0,0,0,0,{  },{  },{  },0,0,5,0,0,0,0,2,0,0,2,0,0,0,0,0,0,0,2,{  },{  },{  },0,0,0,0,0,0,0,0,0,0,0,2,{  },{  },{  },0,0,0,0,0,0,0,0,0,0,0,2,{  },{  },{  },0,0,0,0,0,0,0,0,0,0,0,0,0,0,0,0,0,0,2,{  },{  },{  },0,0,0,0,0,0,0,4,9,0,0,0,{  },{  },{  },0,0,0,0,0,0,0,0,0,0,0,2,{  },{  },{  },0,0,0,0,0,0,0,0,0,0,0,2,{  },{  },{  },0,0,0,0,0,0,{  },1,0,0,0,0,0,0,0,0,0,2,{  },{  },{  },0,0,0,{  },{  },{  },{  },1,0,0,0,0,0,0,0,0,2,{  },{  },{  },0,0,0,0,0,0,0,0,0,0,0,0
arith/cvc5_mapa/fol_0000010.smt2,sat,0.009,0,0,6,11,0,0,0,0,1,1,2,0,1,0,0,{  },0,0,0,0,0,0,0,0,0,0,2,1,5,1,0,0,1,5,11,{  },{  },{  },,8,0,0,0,0,0,0,0,0,0,0,0,0,0,0,0,0,0,0,0,0,0,0,0,0,0,0,0,0,0,0,0,0,0,0,0,0,0,0,0,0,0,0,0,0,0,0,0,0,0,16,10,1024,1024,"{ ARITH_LIA_STAR_NONNEGATIVE: 1, ARITH_LIA_STAR_SPLIT: 1 }","{ ArithPivotStep: 5, BvSatStep: 1, CnfStep: 24, DecisionStep: 5, LemmaStep: 1, PreprocessStep: 19, RewriteStep: 928, SatConflictStep: 7, TheoryCheckStep: 30, TheoryFullCheckStep: 2 }",14,0,3,0,0,18,0,1,0,0,4,7,13,0,0,0,0,0,0,0,0,0,0,0,0,0,0,0,6,0,0,0,0,0,0,0,0,0,0,0,0,0,0,0,0,0,0,0,0,0,0,0,0,0,6,0,0,0,0,0,0,0,13,1,0,0,0,0,1,0,0,1,2,5,0,0,0,0,0,0,0,0,0,0,0,0,0,0,0,{  },{  },"{ ARITH_LIA_STAR_NONNEGATIVE: 1, ARITH_LIA_STAR_SPLIT: 1 }",9,0,0,2,0,2,0,0,0,0,0,0,0,0,0,0,0,0,0,0,0,1,1,0,0,0,0,0,0,0,0,0,2,0,0,0,0,0,0,0,0,0,3,{  },{  },{  },0,0,0,0,0,0,0,0,0,1,0,0,0,0,0.0,0,0,5,0,0,0,0,5,0,0,0,0,0,0,0,0,0,0,0,0,0,0,0,0,0,0,0,0,0,0,0,0,0,0,0,0,0,0,0,0,0,0,0,0,0,0,0,0,0,0,0,0,0,0,0,0,0,0,nan,nan,nan,0,0,0,0,0,2,{  },{  },{  },0,0,0,0,0,0,0,2,0,0,0,0,0,0,0,0,0,0,0,0,0,0,2,0,0,0,0,0,0,0,0,0,0,0,0,2,{  },{  },{  },0,0,0,{  },0,0,0,0,0,{  },{  },{  },0,0,0,0,0,0,0,0,{  },{  },{  },0,0,4,0,0,0,0,2,0,0,2,0,0,0,0,0,0,0,2,{  },{  },{  },0,0,0,0,0,0,0,0,0,0,0,2,{  },{  },{  },0,0,0,0,0,0,0,0,0,0,0,2,{  },{  },{  },0,0,0,0,0,0,0,0,0,0,0,0,0,0,0,0,0,0,2,{  },{  },{  },0,0,0,0,0,0,1,5,11,0,0,0,{  },{  },{  },0,0,0,0,0,0,0,0,0,0,0,2,{  },{  },{  },0,0,0,0,0,0,0,0,0,0,0,2,{  },{  },{  },0,0,0,0,0,0,{  },1,0,0,0,0,0,0,0,0,0,2,{  },{  },{  },0,0,0,{  },{  },{  },{  },1,0,0,0,0,0,0,0,0,2,{  },{  },{  },0,0,0,0,0,0,0,0,0,0,0,0
arith/cvc5_mapa/fol_0000011.smt2,sat,0.008,0,0,6,11,0,0,0,0,1,1,2,0,1,0,0,{  },0,0,0,0,0,0,0,0,0,0,2,1,5,1,0,0,0,4,9,{  },{  },{  },,8,0,0,0,0,0,0,0,0,0,0,0,0,0,0,0,0,0,0,0,0,0,0,0,0,0,0,0,0,0,0,0,0,0,0,0,0,0,0,0,0,0,0,0,0,0,0,0,0,0,16,10,1036,1036,"{ ARITH_LIA_STAR_NONNEGATIVE: 1, ARITH_LIA_STAR_SPLIT: 1 }","{ ArithPivotStep: 3, BvSatStep: 1, CnfStep: 23, DecisionStep: 5, LemmaStep: 1, PreprocessStep: 19, RewriteStep: 943, SatConflictStep: 7, TheoryCheckStep: 30, TheoryFullCheckStep: 2 }",14,0,3,0,0,18,0,1,0,0,4,7,13,0,0,0,0,0,0,0,0,0,0,0,0,0,0,0,6,0,0,0,0,0,0,0,0,0,0,0,0,0,0,0,0,0,0,0,0,0,0,0,0,0,6,0,0,0,0,0,0,0,13,1,0,0,0,0,1,0,0,0,2,4,0,0,0,0,0,0,0,0,0,0,0,0,0,0,0,{  },{  },"{ ARITH_LIA_STAR_NONNEGATIVE: 1, ARITH_LIA_STAR_SPLIT: 1 }",9,0,0,2,0,2,0,0,0,0,0,0,0,0,0,0,0,0,0,0,0,1,1,0,0,0,0,0,0,0,0,0,2,0,0,0,0,0,0,0,0,0,2,{  },{  },{  },0,0,0,0,0,0,0,0,0,1,0,0,0,0,0.0,0,0,5,0,0,0,0,4,0,0,0,0,0,0,0,0,0,0,0,0,0,0,0,0,0,0,0,0,0,0,0,0,0,0,0,0,0,0,0,0,0,0,0,0,0,0,0,0,0,0,0,0,0,0,0,0,0,0,nan,nan,nan,0,0,0,0,0,2,{  },{  },{  },0,0,0,0,0,0,0,2,0,0,0,0,0,0,0,0,0,0,0,0,0,0,2,0,0,0,0,0,0,0,0,0,0,0,0,2,{  },{  },{  },0,0,0,{  },0,0,0,0,0,{  },{  },{  },0,0,0,0,0,0,0,0,{  },{  },{  },0,0,4,0,0,0,0,2,0,0,2,0,0,0,0,0,0,0,2,{  },{  },{  },0,0,0,0,0,0,0,0,0,0,0,2,{  },{  },{  },0,0,0,0,0,0,0,0,0,0,0,2,{  },{  },{  },0,0,0,0,0,0,0,0,0,0,0,0,0,0,0,0,0,0,2,{  },{  },{  },0,0,0,0,0,0,0,4,9,0,0,0,{  },{  },{  },0,0,0,0,0,0,0,0,0,0,0,2,{  },{  },{  },0,0,0,0,0,0,0,0,0,0,0,2,{  },{  },{  },0,0,0,0,0,0,{  },1,0,0,0,0,0,0,0,0,0,2,{  },{  },{  },0,0,0,{  },{  },{  },{  },1,0,0,0,0,0,0,0,0,2,{  },{  },{  },0,0,0,0,0,0,0,0,0,0,0,0
arith/cvc5_mapa/fol_0000012.smt2,sat,0.008,0,0,6,11,0,0,0,0,1,1,2,0,1,0,0,{  },0,0,0,0,0,0,0,0,0,0,2,1,5,1,0,0,0,4,9,{  },{  },{  },,8,0,0,0,0,0,0,0,0,0,0,0,0,0,0,0,0,0,0,0,0,0,0,0,0,0,0,0,0,0,0,0,0,0,0,0,0,0,0,0,0,0,0,0,0,0,0,0,0,0,16,10,1030,1030,"{ ARITH_LIA_STAR_NONNEGATIVE: 1, ARITH_LIA_STAR_SPLIT: 1 }","{ ArithPivotStep: 3, BvSatStep: 1, CnfStep: 24, DecisionStep: 5, LemmaStep: 1, PreprocessStep: 19, RewriteStep: 936, SatConflictStep: 7, TheoryCheckStep: 30, TheoryFullCheckStep: 2 }",14,0,3,0,0,18,0,1,0,0,4,7,13,0,0,0,0,0,0,0,0,0,0,0,0,0,0,0,6,0,0,0,0,0,0,0,0,0,0,0,0,0,0,0,0,0,0,0,0,0,0,0,0,0,6,0,0,0,0,0,0,0,13,1,0,0,0,0,1,0,0,0,2,5,0,0,0,0,0,0,0,0,0,0,0,0,0,0,0,{  },{  },"{ ARITH_LIA_STAR_NONNEGATIVE: 1, ARITH_LIA_STAR_SPLIT: 1 }",9,0,0,2,0,2,0,0,0,0,0,0,0,0,0,0,0,0,0,0,0,1,1,0,0,0,0,0,0,0,0,0,2,0,0,0,0,0,0,0,0,0,2,{  },{  },{  },0,0,0,0,0,0,0,0,0,1,0,0,0,0,0.0,0,0,5,0,0,0,0,4,0,0,0,0,0,0,0,0,0,0,0,0,0,0,0,0,0,0,0,0,0,0,0,0,0,0,0,0,0,0,0,0,0,0,0,0,0,0,0,0,0,0,0,0,0,0,0,0,0,0,nan,nan,nan,0,0,0,0,0,2,{  },{  },{  },0,0,0,0,0,0,0,2,0,0,0,0,0,0,0,0,0,0,0,0,0,0,2,0,0,0,0,0,0,0,0,0,0,0,0,2,{  },{  },{  },0,0,0,{  },0,0,0,0,0,{  },{  },{  },0,0,0,0,0,0,0,0,{  },{  },{  },0,0,4,0,0,0,0,2,0,0,2,0,0,0,0,0,0,0,2,{  },{  },{  },0,0,0,0,0,0,0,0,0,0,0,2,{  },{  },{  },0,0,0,0,0,0,0,0,0,0,0,2,{  },{  },{  },0,0,0,0,0,0,0,0,0,0,0,0,0,0,0,0,0,0,2,{  },{  },{  },0,0,0,0,0,0,0,4,9,0,0,0,{  },{  },{  },0,0,0,0,0,0,0,0,0,0,0,2,{  },{  },{  },0,0,0,0,0,0,0,0,0,0,0,2,{  },{  },{  },0,0,0,0,0,0,{  },1,0,0,0,0,0,0,0,0,0,2,{  },{  },{  },0,0,0,{  },{  },{  },{  },1,0,0,0,0,0,0,0,0,2,{  },{  },{  },0,0,0,0,0,0,0,0,0,0,0,0
arith/cvc5_mapa/fol_0000013.smt2,sat,0.008,0,0,6,10,0,0,0,0,1,1,2,0,1,0,0,{  },0,0,0,0,0,0,0,0,0,0,2,1,5,1,0,0,1,5,11,{  },{  },{  },,7,0,0,0,0,0,0,0,0,0,0,0,0,0,0,0,0,0,0,0,0,0,0,0,0,0,0,0,0,0,0,0,0,0,0,0,0,0,0,0,0,0,0,0,0,0,0,0,0,0,16,10,1040,1040,"{ ARITH_LIA_STAR_NONNEGATIVE: 1, ARITH_LIA_STAR_SPLIT: 1 }","{ ArithPivotStep: 5, BvSatStep: 1, CnfStep: 25, DecisionStep: 5, LemmaStep: 1, PreprocessStep: 19, RewriteStep: 943, SatConflictStep: 7, TheoryCheckStep: 30, TheoryFullCheckStep: 2 }",14,0,3,0,0,18,0,1,0,0,4,7,13,0,0,0,0,0,0,0,0,0,0,0,0,0,0,0,6,0,0,0,0,0,0,0,0,0,0,0,0,0,0,0,0,0,0,0,0,0,0,0,0,0,6,0,0,0,0,0,0,0,13,1,0,0,0,0,1,0,0,1,2,5,0,0,0,0,0,0,0,0,0,0,0,0,0,0,0,{  },{  },"{ ARITH_LIA_STAR_NONNEGATIVE: 1, ARITH_LIA_STAR_SPLIT: 1 }",9,0,0,2,0,2,0,0,0,0,0,0,0,0,0,0,0,0,0,0,0,1,1,0,0,0,0,0,0,0,0,0,2,0,0,0,0,0,0,0,0,0,3,{  },{  },{  },0,0,0,0,0,0,0,0,0,1,0,0,0,0,0.0,0,0,5,0,0,0,0,4,0,0,0,0,0,0,0,0,0,0,0,0,0,0,0,0,0,0,0,0,0,0,0,0,0,0,0,0,0,0,0,0,0,0,0,0,0,0,0,0,0,0,0,0,0,0,0,0,0,0,nan,nan,nan,0,0,0,0,0,2,{  },{  },{  },0,0,0,0,0,0,0,2,0,0,0,0,0,0,0,0,0,0,0,0,0,0,2,0,0,0,0,0,0,0,0,0,0,0,0,2,{  },{  },{  },0,0,0,{  },0,0,0,0,0,{  },{  },{  },0,0,0,0,0,0,0,0,{  },{  },{  },0,0,4,0,0,0,0,2,0,0,2,0,0,0,0,0,0,0,2,{  },{  },{  },0,0,0,0,0,0,0,0,0,0,0,2,{  },{  },{  },0,0,0,0,0,0,0,0,0,0,0,2,{  },{  },{  },0,0,0,0,0,0,0,0,0,0,0,0,0,0,0,0,0,0,2,{  },{  },{  },0,0,0,0,0,0,1,5,11,0,0,0,{  },{  },{  },0,0,0,0,0,0,0,0,0,0,0,2,{  },{  },{  },0,0,0,0,0,0,0,0,0,0,0,2,{  },{  },{  },0,0,0,0,0,0,{  },1,0,0,0,0,0,0,0,0,0,2,{  },{  },{  },0,0,0,{  },{  },{  },{  },1,0,0,0,0,0,0,0,0,2,{  },{  },{  },0,0,0,0,0,0,0,0,0,0,0,0
arith/cvc5_mapa/fol_0000014.smt2,sat,0.009,0,0,6,10,0,0,0,0,1,1,2,0,1,0,0,{  },0,0,0,0,0,0,0,0,0,0,2,1,5,1,0,0,0,4,9,{  },{  },{  },,8,0,0,0,0,0,0,0,0,0,0,0,0,0,0,0,0,0,0,0,0,0,0,0,0,0,0,0,0,0,0,0,0,0,0,0,0,0,0,0,0,0,0,0,0,0,0,0,0,0,16,10,1035,1035,"{ ARITH_LIA_STAR_NONNEGATIVE: 1, ARITH_LIA_STAR_SPLIT: 1 }","{ ArithPivotStep: 5, BvSatStep: 1, CnfStep: 24, DecisionStep: 5, LemmaStep: 1, PreprocessStep: 19, RewriteStep: 939, SatConflictStep: 7, TheoryCheckStep: 30, TheoryFullCheckStep: 2 }",14,0,3,0,0,18,0,1,0,0,4,7,13,0,0,0,0,0,0,0,0,0,0,0,0,0,0,0,6,0,0,0,0,0,0,0,0,0,0,0,0,0,0,0,0,0,0,0,0,0,0,0,0,0,6,0,0,0,0,0,0,0,13,1,0,0,0,0,1,0,0,0,2,4,0,0,0,0,0,0,0,0,0,0,0,0,0,0,0,{  },{  },"{ ARITH_LIA_STAR_NONNEGATIVE: 1, ARITH_LIA_STAR_SPLIT: 1 }",9,0,0,2,0,2,0,0,0,0,0,0,0,0,0,0,0,0,0,0,0,1,1,0,0,0,0,0,0,0,0,0,2,0,0,0,0,0,0,0,0,0,3,{  },{  },{  },0,0,0,0,0,0,0,0,0,1,0,0,0,0,0.0,0,0,5,0,0,0,0,4,0,0,0,0,0,0,0,0,0,0,0,0,0,0,0,0,0,0,0,0,0,0,0,0,0,0,0,0,0,0,0,0,0,0,0,0,0,0,0,0,0,0,0,0,0,0,0,0,0,0,nan,nan,nan,0,0,0,0,0,2,{  },{  },{  },0,0,0,0,0,0,0,2,0,0,0,0,0,0,0,0,0,0,0,0,0,0,2,0,0,0,0,0,0,0,0,0,0,0,0,2,{  },{  },{  },0,0,0,{  },0,0,0,0,0,{  },{  },{  },0,0,0,0,0,0,0,0,{  },{  },{  },0,0,4,0,0,0,0,2,0,0,2,0,0,0,0,0,0,0,2,{  },{  },{  },0,0,0,0,0,0,0,0,0,0,0,2,{  },{  },{  },0,0,0,0,0,0,0,0,0,0,0,2,{  },{  },{  },0,0,0,0,0,0,0,0,0,0,0,0,0,0,0,0,0,0,2,{  },{  },{  },0,0,0,0,0,0,0,4,9,0,0,0,{  },{  },{  },0,0,0,0,0,0,0,0,0,0,0,2,{  },{  },{  },0,0,0,0,0,0,0,0,0,0,0,2,{  },{  },{  },0,0,0,0,0,0,{  },1,0,0,0,0,0,0,0,0,0,2,{  },{  },{  },0,0,0,{  },{  },{  },{  },1,0,0,0,0,0,0,0,0,2,{  },{  },{  },0,0,0,0,0,0,0,0,0,0,0,0
arith/cvc5_mapa/fol_0000015.smt2,sat,0.008,0,0,6,10,0,0,0,0,1,1,2,0,1,0,0,{  },0,0,0,0,0,0,0,0,0,0,2,1,5,1,0,0,0,4,9,{  },{  },{  },,8,0,0,0,0,0,0,0,0,0,0,0,0,0,0,0,0,0,0,0,0,0,0,0,0,0,0,0,0,0,0,0,0,0,0,0,0,0,0,0,0,0,0,0,0,0,0,0,0,0,16,10,1048,1048,"{ ARITH_LIA_STAR_NONNEGATIVE: 1, ARITH_LIA_STAR_SPLIT: 1 }","{ ArithPivotStep: 5, BvSatStep: 1, CnfStep: 25, DecisionStep: 5, LemmaStep: 1, PreprocessStep: 19, RewriteStep: 951, SatConflictStep: 7, TheoryCheckStep: 30, TheoryFullCheckStep: 2 }",14,0,3,0,0,18,0,1,0,0,4,7,13,0,0,0,0,0,0,0,0,0,0,0,0,0,0,0,6,0,0,0,0,0,0,0,0,0,0,0,0,0,0,0,0,0,0,0,0,0,0,0,0,0,6,0,0,0,0,0,0,0,13,1,0,0,0,0,1,0,0,0,2,5,0,0,0,0,0,0,0,0,0,0,0,0,0,0,0,{  },{  },"{ ARITH_LIA_STAR_NONNEGATIVE: 1, ARITH_LIA_STAR_SPLIT: 1 }",9,0,0,2,0,2,0,0,0,0,0,0,0,0,0,0,0,0,0,0,0,1,1,0,0,0,0,0,0,0,0,0,2,0,0,0,0,0,0,0,0,0,3,{  },{  },{  },0,0,0,0,0,0,0,0,0,1,0,0,0,0,0.0,0,0,5,0,0,0,0,4,0,0,0,0,0,0,0,0,0,0,0,0,0,0,0,0,0,0,0,0,0,0,0,0,0,0,0,0,0,0,0,0,0,0,0,0,0,0,0,0,0,0,0,0,0,0,0,0,0,0,nan,nan,nan,0,0,0,0,0,2,{  },{  },{  },0,0,0,0,0,0,0,2,0,0,0,0,0,0,0,0,0,0,0,0,0,0,2,0,0,0,0,0,0,0,0,0,0,0,0,2,{  },{  },{  },0,0,0,{  },0,0,0,0,0,{  },{  },{  },0,0,0,0,0,0,0,0,{  },{  },{  },0,0,4,0,0,0,0,2,0,0,2,0,0,0,0,0,0,0,2,{  },{  },{  },0,0,0,0,0,0,0,0,0,0,0,2,{  },{  },{  },0,0,0,0,0,0,0,0,0,0,0,2,{  },{  },{  },0,0,0,0,0,0,0,0,0,0,0,0,0,0,0,0,0,0,2,{  },{  },{  },0,0,0,0,0,0,0,4,9,0,0,0,{  },{  },{  },0,0,0,0,0,0,0,0,0,0,0,2,{  },{  },{  },0,0,0,0,0,0,0,0,0,0,0,2,{  },{  },{  },0,0,0,0,0,0,{  },1,0,0,0,0,0,0,0,0,0,2,{  },{  },{  },0,0,0,{  },{  },{  },{  },1,0,0,0,0,0,0,0,0,2,{  },{  },{  },0,0,0,0,0,0,0,0,0,0,0,0
arith/cvc5_mapa/fol_0000016.smt2,sat,0.011,0,0,6,10,0,0,0,0,2,1,2,0,2,0,0,{  },0,0,0,0,0,0,0,0,0,0,3,1,7,1,0,0,1,6,12,{  },{  },{  },,10,0,0,0,0,0,0,0,0,0,0,0,0,0,0,0,0,0,0,0,0,0,0,0,0,0,0,0,0,0,0,0,0,0,0,0,0,0,0,0,0,0,0,0,0,0,0,0,0,0,19,10,1134,1134,"{ ARITH_BB_LEMMA: 1, ARITH_LIA_STAR_NONNEGATIVE: 1, ARITH_LIA_STAR_SPLIT: 1 }","{ ArithPivotStep: 8, BvSatStep: 1, CnfStep: 25, DecisionStep: 7, LemmaStep: 2, PreprocessStep: 19, RewriteStep: 1013, SatConflictStep: 9, TheoryCheckStep: 44, TheoryFullCheckStep: 3 }",17,0,4,0,0,20,0,1,0,0,5,9,15,0,0,0,0,0,0,0,0,0,0,0,0,0,0,0,7,0,0,0,0,0,0,0,0,0,0,0,0,0,0,0,0,0,0,0,0,0,0,0,0,0,6,0,0,0,0,0,0,0,14,2,0,0,0,0,2,0,0,1,2,5,0,1,0,0,0,0,0,0,0,0,0,0,0,1,0,{  },{  },"{ ARITH_BB_LEMMA: 1, ARITH_LIA_STAR_NONNEGATIVE: 1, ARITH_LIA_STAR_SPLIT: 1 }",12,0,0,3,0,2,0,0,0,0,0,0,0,0,0,0,0,0,0,0,0,1,1,0,0,0,0,0,0,0,0,0,2,0,0,0,0,0,0,0,0,0,5,{  },{  },{  },0,0,0,0,0,0,0,1,0,2,0,0,0,0,0.0,0,0,7,0,0,0,0,6,0,0,0,0,0,0,0,0,0,0,0,0,0,0,0,0,0,0,0,0,0,0,0,0,0,0,0,0,0,0,0,0,0,0,0,0,0,0,0,0,0,0,0,0,0,0,0,0,0,0,nan,nan,nan,0,0,0,0,0,2,{  },{  },{  },0,0,0,0,0,0,0,2,0,0,0,0,0,0,0,0,0,0,0,0,0,0,2,0,0,0,0,0,0,0,0,0,0,0,0,2,{  },{  },{  },0,0,0,{  },0,0,0,0,0,{  },{  },{  },0,0,0,0,0,0,0,0,{  },{  },{  },0,0,5,0,0,0,0,3,0,0,2,0,0,0,0,0,0,0,2,{  },{  },{  },0,0,0,0,0,0,0,0,0,0,0,2,{  },{  },{  },0,0,0,0,0,0,0,0,0,0,0,2,{  },{  },{  },0,0,0,0,0,0,0,0,0,0,0,0,0,0,0,0,0,0,2,{  },{  },{  },0,0,0,0,0,0,1,6,12,0,0,0,{  },{  },{  },0,0,0,0,0,0,0,0,0,0,0,2,{  },{  },{  },0,0,0,0,0,0,0,0,0,0,0,2,{  },{  },{  },0,0,0,0,0,0,{  },1,0,0,0,0,0,0,0,0,0,2,{  },{  },{  },0,0,0,{  },{  },{  },{  },1,0,0,0,0,0,0,0,0,2,{  },{  },{  },0,0,0,0,0,0,0,0,0,0,0,0
arith/cvc5_mapa/fol_0000017.smt2,sat,0.009,0,0,6,10,0,0,0,0,2,1,2,0,2,0,0,{  },0,0,0,0,0,0,0,0,0,0,3,1,7,1,0,0,0,5,10,{  },{  },{  },,9,0,0,0,0,0,0,0,0,0,0,0,0,0,0,0,0,0,0,0,0,0,0,0,0,0,0,0,0,0,0,0,0,0,0,0,0,0,0,0,0,0,0,0,0,0,0,0,0,0,19,10,1146,1146,"{ ARITH_BB_LEMMA: 1, ARITH_LIA_STAR_NONNEGATIVE: 1, ARITH_LIA_STAR_SPLIT: 1 }","{ ArithPivotStep: 6, BvSatStep: 1, CnfStep: 24, DecisionStep: 7, LemmaStep: 2, PreprocessStep: 19, RewriteStep: 1028, SatConflictStep: 9, TheoryCheckStep: 44, TheoryFullCheckStep: 3 }",17,0,4,0,0,20,0,1,0,0,5,9,15,0,0,0,0,0,0,0,0,0,0,0,0,0,0,0,7,0,0,0,0,0,0,0,0,0,0,0,0,0,0,0,0,0,0,0,0,0,0,0,0,0,6,0,0,0,0,0,0,0,14,2,0,0,0,0,2,0,0,0,2,4,0,1,0,0,0,0,0,0,0,0,0,0,0,1,0,{  },{  },"{ ARITH_BB_LEMMA: 1, ARITH_LIA_STAR_NONNEGATIVE: 1, ARITH_LIA_STAR_SPLIT: 1 }",12,0,0,3,0,2,0,0,0,0,0,0,0,0,0,0,0,0,0,0,0,1,1,0,0,0,0,0,0,0,0,0,2,0,0,0,0,0,0,0,0,0,4,{  },{  },{  },0,0,0,0,0,0,0,1,0,2,0,0,0,0,0.0,0,0,7,0,0,0,0,5,0,0,0,0,0,0,0,0,0,0,0,0,0,0,0,0,0,0,0,0,0,0,0,0,0,0,0,0,0,0,0,0,0,0,0,0,0,0,0,0,0,0,0,0,0,0,0,0,0,0,nan,nan,nan,0,0,0,0,0,2,{  },{  },{  },0,0,0,0,0,0,0,2,0,0,0,0,0,0,0,0,0,0,0,0,0,0,2,0,0,0,0,0,0,0,0,0,0,0,0,2,{  },{  },{  },0,0,0,{  },0,0,0,0,0,{  },{  },{  },0,0,0,0,0,0,0,0,{  },{  },{  },0,0,5,0,0,0,0,3,0,0,2,0,0,0,0,0,0,0,2,{  },{  },{  },0,0,0,0,0,0,0,0,0,0,0,2,{  },{  },{  },0,0,0,0,0,0,0,0,0,0,0,2,{  },{  },{  },0,0,0,0,0,0,0,0,0,0,0,0,0,0,0,0,0,0,2,{  },{  },{  },0,0,0,0,0,0,0,5,10,0,0,0,{  },{  },{  },0,0,0,0,0,0,0,0,0,0,0,2,{  },{  },{  },0,0,0,0,0,0,0,0,0,0,0,2,{  },{  },{  },0,0,0,0,0,0,{  },1,0,0,0,0,0,0,0,0,0,2,{  },{  },{  },0,0,0,{  },{  },{  },{  },1,0,0,0,0,0,0,0,0,2,{  },{  },{  },0,0,0,0,0,0,0,0,0,0,0,0
arith/cvc5_mapa/fol_0000018.smt2,sat,0.009,0,0,6,10,0,0,0,0,2,1,2,0,2,0,0,{  },0,0,0,0,0,0,0,0,0,0,3,1,7,1,0,0,0,5,10,{  },{  },{  },,9,0,0,0,0,0,0,0,0,0,0,0,0,0,0,0,0,0,0,0,0,0,0,0,0,0,0,0,0,0,0,0,0,0,0,0,0,0,0,0,0,0,0,0,0,0,0,0,0,0,19,10,1132,1132,"{ ARITH_BB_LEMMA: 1, ARITH_LIA_STAR_NONNEGATIVE: 1, ARITH_LIA_STAR_SPLIT: 1 }","{ ArithPivotStep: 6, BvSatStep: 1, CnfStep: 25, DecisionStep: 7, LemmaStep: 2, PreprocessStep: 19, RewriteStep: 1013, SatConflictStep: 9, TheoryCheckStep: 44, TheoryFullCheckStep: 3 }",17,0,4,0,0,20,0,1,0,0,5,9,15,0,0,0,0,0,0,0,0,0,0,0,0,0,0,0,7,0,0,0,0,0,0,0,0,0,0,0,0,0,0,0,0,0,0,0,0,0,0,0,0,0,6,0,0,0,0,0,0,0,14,2,0,0,0,0,2,0,0,0,2,5,0,1,0,0,0,0,0,0,0,0,0,0,0,1,0,{  },{  },"{ ARITH_BB_LEMMA: 1, ARITH_LIA_STAR_NONNEGATIVE: 1, ARITH_LIA_STAR_SPLIT: 1 }",12,0,0,3,0,2,0,0,0,0,0,0,0,0,0,0,0,0,0,0,0,1,1,0,0,0,0,0,0,0,0,0,2,0,0,0,0,0,0,0,0,0,4,{  },{  },{  },0,0,0,0,0,0,0,1,0,2,0,0,0,0,0.0,0,0,7,0,0,0,0,5,0,0,0,0,0,0,0,0,0,0,0,0,0,0,0,0,0,0,0,0,0,0,0,0,0,0,0,0,0,0,0,0,0,0,0,0,0,0,0,0,0,0,0,0,0,0,0,0,0,0,nan,nan,nan,0,0,0,0,0,2,{  },{  },{  },0,0,0,0,0,0,0,2,0,0,0,0,0,0,0,0,0,0,0,0,0,0,2,0,0,0,0,0,0,0,0,0,0,0,0,2,{  },{  },{  },0,0,0,{  },0,0,0,0,0,{  },{  },{  },0,0,0,0,0,0,0,0,{  },{  },{  },0,0,5,0,0,0,0,3,0,0,2,0,0,0,0,0,0,0,2,{  },{  },{  },0,0,0,0,0,0,0,0,0,0,0,2,{  },{  },{  },0,0,0,0,0,0,0,0,0,0,0,2,{  },{  },{  },0,0,0,0,0,0,0,0,0,0,0,0,0,0,0,0,0,0,2,{  },{  },{  },0,0,0,0,0,0,0,5,10,0,0,0,{  },{  },{  },0,0,0,0,0,0,0,0,0,0,0,2,{  },{  },{  },0,0,0,0,0,0,0,0,0,0,0,2,{  },{  },{  },0,0,0,0,0,0,{  },1,0,0,0,0,0,0,0,0,0,2,{  },{  },{  },0,0,0,{  },{  },{  },{  },1,0,0,0,0,0,0,0,0,2,{  },{  },{  },0,0,0,0,0,0,0,0,0,0,0,0
arith/cvc5_mapa/fol_0000019.smt2,sat,0.010,0,0,7,13,0,0,0,0,6,1,2,1,3,3,0,{  },0,0,0,0,0,0,0,0,0,0,5,1,10,1,0,0,0,5,11,{  },{  },{  },,10,0,0,0,0,0,0,0,0,0,0,0,0,0,0,0,0,0,0,0,0,0,0,0,0,0,0,0,0,0,0,0,0,0,0,0,0,0,0,0,0,0,0,0,0,0,0,0,0,0,24,13,1517,1517,"{ ARITH_BB_LEMMA: 1, ARITH_CONF_SIMPLEX: 2, ARITH_DIO_CUT: 2, ARITH_LIA_STAR_NONNEGATIVE: 1, ARITH_LIA_STAR_SPLIT: 1 }","{ ArithPivotStep: 11, BvSatStep: 1, CnfStep: 31, DecisionStep: 11, LemmaStep: 4, PreprocessStep: 22, RewriteStep: 1339, SatConflictStep: 13, TheoryCheckStep: 73, TheoryFullCheckStep: 5 }",19,0,6,0,0,30,0,1,0,0,5,10,15,0,0,0,0,0,0,0,0,0,0,0,0,0,0,0,9,0,0,0,0,0,0,0,0,0,0,0,0,0,0,0,0,0,0,0,0,0,0,0,0,0,7,0,0,0,0,0,0,0,20,6,0,0,2,0,2,0,0,0,2,5,0,3,0,0,2,0,2,0,0,0,2,0,0,1,0,{ ARITH_CONF_SIMPLEX: 2 },{  },"{ ARITH_BB_LEMMA: 1, ARITH_DIO_CUT: 2, ARITH_LIA_STAR_NONNEGATIVE: 1, ARITH_LIA_STAR_SPLIT: 1 }",20,0,0,5,0,2,0,0,0,0,0,0,0,0,0,0,0,0,0,0,0,1,1,0,0,0,0,0,0,0,0,0,2,0,0,0,0,0,0,0,0,0,7,{  },{  },{  },0,0,0,0,0,0,0,1,0,4,0,0,0,0,0.0,2,0,10,0,0,0,0,10,2,2,0,2,0,0,0,0,0,0,0,0,0,0,0,0,0,0,0,0,0,0,0,0,0,0,0,0,0,0,0,0,0,0,0,0,0,0,0,0,0,0,0,0,0,0,0,0,0,0,nan,nan,nan,0,0,0,0,0,2,{  },{  },{  },0,0,0,0,0,0,0,2,0,0,0,0,0,0,0,0,0,0,0,0,0,0,2,0,0,0,0,0,0,0,0,0,0,0,0,2,{  },{  },{  },0,0,0,{  },0,0,0,0,0,{  },{  },{  },0,0,0,0,0,0,0,0,{  },{  },{  },0,0,6,0,0,0,0,5,0,0,2,0,0,0,0,0,0,0,2,{  },{  },{  },0,0,0,0,0,0,0,0,0,0,0,2,{  },{  },{  },0,0,0,0,0,0,0,0,0,0,0,2,{  },{  },{  },0,0,0,0,0,0,0,0,0,0,0,0,0,0,0,0,0,0,2,{  },{  },{  },0,0,0,0,0,0,0,5,11,0,0,0,{  },{  },{  },0,0,0,0,0,0,0,0,0,0,0,2,{  },{  },{  },0,0,0,0,0,0,0,0,0,0,0,2,{  },{  },{  },0,0,0,0,0,0,{  },1,0,0,0,0,0,0,0,0,0,2,{  },{  },{  },0,0,0,{  },{  },{  },{  },1,0,0,0,0,0,0,0,0,2,{  },{  },{  },0,0,0,0,0,0,0,0,0,0,0,0
arith/cvc5_mapa/fol_0000020.smt2,sat,0.010,0,0,7,12,0,0,0,0,1,1,2,0,1,0,0,{  },0,0,0,0,0,0,0,0,0,0,2,1,5,1,0,0,1,5,11,{  },{  },{  },,10,0,0,0,0,0,0,0,0,0,0,0,0,0,0,0,0,0,0,0,0,0,0,0,0,0,0,0,0,0,0,0,0,0,0,0,0,0,0,0,0,0,0,0,0,0,0,0,0,0,19,13,1232,1232,"{ ARITH_LIA_STAR_NONNEGATIVE: 1, ARITH_LIA_STAR_SPLIT: 1 }","{ ArithPivotStep: 7, BvSatStep: 1, CnfStep: 29, DecisionStep: 5, LemmaStep: 1, PreprocessStep: 22, RewriteStep: 1126, SatConflictStep: 7, TheoryCheckStep: 30, TheoryFullCheckStep: 2 }",14,0,3,0,0,21,0,1,0,0,4,7,13,0,0,0,0,0,0,0,0,0,0,0,0,0,0,0,9,0,0,0,0,0,0,0,0,0,0,0,0,0,0,0,0,0,0,0,0,0,0,0,0,0,7,0,0,0,0,0,0,0,16,1,0,0,0,0,1,0,0,1,2,6,0,0,0,0,0,0,0,0,0,0,0,0,0,0,0,{  },{  },"{ ARITH_LIA_STAR_NONNEGATIVE: 1, ARITH_LIA_STAR_SPLIT: 1 }",20,0,0,2,0,2,0,0,0,0,0,0,0,0,0,0,0,0,0,0,0,1,1,0,0,0,0,0,0,0,0,0,2,0,0,0,0,0,0,0,0,0,4,{  },{  },{  },0,0,0,0,0,0,0,0,0,1,0,0,0,0,0.0,0,0,5,0,0,0,0,5,0,0,0,0,0,0,0,0,0,0,0,0,0,0,0,0,0,0,0,0,0,0,0,0,0,0,0,0,0,0,0,0,0,0,0,0,0,0,0,0,0,0,0,0,0,0,0,0,0,0,nan,nan,nan,0,0,0,0,0,2,{  },{  },{  },0,0,0,0,0,0,0,2,0,0,0,0,0,0,0,0,0,0,0,0,0,0,2,0,0,0,0,0,0,0,0,0,0,0,0,2,{  },{  },{  },0,0,0,{  },0,0,0,0,0,{  },{  },{  },0,0,0,0,0,0,0,0,{  },{  },{  },0,0,4,0,0,0,0,2,0,0,2,0,0,0,0,0,0,0,2,{  },{  },{  },0,0,0,0,0,0,0,0,0,0,0,2,{  },{  },{  },0,0,0,0,0,0,0,0,0,0,0,2,{  },{  },{  },0,0,0,0,0,0,0,0,0,0,0,0,0,0,0,0,0,0,2,{  },{  },{  },0,0,0,0,0,0,1,5,11,0,0,0,{  },{  },{  },0,0,0,0,0,0,0,0,0,0,0,2,{  },{  },{  },0,0,0,0,0,0,0,0,0,0,0,2,{  },{  },{  },0,0,0,0,0,0,{  },1,0,0,0,0,0,0,0,0,0,2,{  },{  },{  },0,0,0,{  },{  },{  },{  },1,0,0,0,0,0,0,0,0,2,{  },{  },{  },0,0,0,0,0,0,0,0,0,0,0,0
arith/cvc5_mapa/fol_0000022.smt2,sat,0.010,0,0,7,12,0,0,0,0,1,1,2,0,1,0,0,{  },0,0,0,0,0,0,0,0,0,0,2,1,5,1,0,0,1,5,11,{  },{  },{  },,9,0,0,0,0,0,0,0,0,0,0,0,0,0,0,0,0,0,0,0,0,0,0,0,0,0,0,0,0,0,0,0,0,0,0,0,0,0,0,0,0,0,0,0,0,0,0,0,0,0,19,13,1216,1216,"{ ARITH_LIA_STAR_NONNEGATIVE: 1, ARITH_LIA_STAR_SPLIT: 1 }","{ ArithPivotStep: 9, BvSatStep: 1, CnfStep: 28, DecisionStep: 5, LemmaStep: 1, PreprocessStep: 22, RewriteStep: 1109, SatConflictStep: 7, TheoryCheckStep: 30, TheoryFullCheckStep: 2 }",14,0,3,0,0,21,0,1,0,0,4,7,13,0,0,0,0,0,0,0,0,0,0,0,0,0,0,0,9,0,0,0,0,0,0,0,0,0,0,0,0,0,0,0,0,0,0,0,0,0,0,0,0,0,7,0,0,0,0,0,0,0,16,1,0,0,0,0,1,0,0,1,2,6,0,0,0,0,0,0,0,0,0,0,0,0,0,0,0,{  },{  },"{ ARITH_LIA_STAR_NONNEGATIVE: 1, ARITH_LIA_STAR_SPLIT: 1 }",20,0,0,2,0,2,0,0,0,0,0,0,0,0,0,0,0,0,0,0,0,1,1,0,0,0,0,0,0,0,0,0,2,0,0,0,0,0,0,0,0,0,5,{  },{  },{  },0,0,0,0,0,0,0,0,0,1,0,0,0,0,0.0,0,0,5,0,0,0,0,6,0,0,0,0,0,0,0,0,0,0,0,0,0,0,0,0,0,0,0,0,0,0,0,0,0,0,0,0,0,0,0,0,0,0,0,0,0,0,0,0,0,0,0,0,0,0,0,0,0,0,nan,nan,nan,0,0,0,0,0,2,{  },{  },{  },0,0,0,0,0,0,0,2,0,0,0,0,0,0,0,0,0,0,0,0,0,0,2,0,0,0,0,0,0,0,0,0,0,0,0,2,{  },{  },{  },0,0,0,{  },0,0,0,0,0,{  },{  },{  },0,0,0,0,0,0,0,0,{  },{  },{  },0,0,4,0,0,0,0,2,0,0,2,0,0,0,0,0,0,0,2,{  },{  },{  },0,0,0,0,0,0,0,0,0,0,0,2,{  },{  },{  },0,0,0,0,0,0,0,0,0,0,0,2,{  },{  },{  },0,0,0,0,0,0,0,0,0,0,0,0,0,0,0,0,0,0,2,{  },{  },{  },0,0,0,0,0,0,1,5,11,0,0,0,{  },{  },{  },0,0,0,0,0,0,0,0,0,0,0,2,{  },{  },{  },0,0,0,0,0,0,0,0,0,0,0,2,{  },{  },{  },0,0,0,0,0,0,{  },1,0,0,0,0,0,0,0,0,0,2,{  },{  },{  },0,0,0,{  },{  },{  },{  },1,0,0,0,0,0,0,0,0,2,{  },{  },{  },0,0,0,0,0,0,0,0,0,0,0,0
arith/cvc5_mapa/fol_0000024.smt2,sat,0.010,0,0,7,13,0,0,0,0,12,1,2,3,4,13,0,{  },0,0,0,0,0,0,0,0,0,0,6,1,14,1,0,0,0,7,15,{  },{  },{  },,9,0,0,0,0,0,0,0,0,0,0,0,0,0,0,0,0,0,0,0,0,0,0,0,0,0,0,0,0,0,0,0,0,0,0,0,0,0,0,0,0,0,0,0,0,0,0,0,0,0,25,13,1716,1716,"{ ARITH_BB_LEMMA: 1, ARITH_CONF_SIMPLEX: 6, ARITH_DIO_CUT: 3, ARITH_LIA_STAR_NONNEGATIVE: 1, ARITH_LIA_STAR_SPLIT: 1, ARITH_SPLIT_DEQ: 1 }","{ ArithPivotStep: 19, BvSatStep: 1, CnfStep: 37, DecisionStep: 17, LemmaStep: 9, PreprocessStep: 22, RewriteStep: 1480, SatConflictStep: 19, TheoryCheckStep: 93, TheoryFullCheckStep: 6 }",28,2,11,0,3,39,0,1,3,0,5,10,15,0,0,0,0,0,0,0,0,0,0,0,0,0,0,0,9,0,0,0,0,0,0,0,0,0,0,0,0,0,0,0,0,0,0,0,0,0,0,0,0,0,7,0,0,0,0,0,0,0,25,8,0,0,6,0,4,0,0,0,2,5,0,4,0,0,3,0,3,0,0,0,6,0,0,1,0,{ ARITH_CONF_SIMPLEX: 6 },{  },"{ ARITH_BB_LEMMA: 1, ARITH_DIO_CUT: 3, ARITH_LIA_STAR_NONNEGATIVE: 1, ARITH_LIA_STAR_SPLIT: 1, ARITH_SPLIT_DEQ: 1 }",20,0,0,7,0,2,0,0,0,0,0,0,0,0,0,0,0,0,0,0,0,1,1,0,0,0,0,0,0,0,0,0,2,0,0,0,0,0,0,0,0,0,14,{  },{  },{  },0,0,0,0,0,0,0,1,0,2,0,0,0,0,0.0,6,0,14,0,0,0,0,19,6,4,0,4,0,0,0,0,0,0,0,0,0,0,0,0,0,0,0,0,0,0,0,0,0,0,0,0,0,0,0,0,0,0,0,0,0,0,0,0,0,0,0,0,0,0,0,0,0,0,nan,nan,nan,0,0,0,0,0,2,{  },{  },{  },0,0,0,0,0,0,0,2,0,0,0,0,0,0,0,0,0,0,0,0,0,0,2,0,0,0,0,0,0,0,0,0,0,0,0,2,{  },{  },{  },0,0,0,{  },0,0,0,0,0,{  },{  },{  },0,0,0,0,0,0,0,0,{  },{  },{  },0,0,6,0,0,0,0,6,0,0,2,0,0,0,0,0,0,0,2,{  },{  },{  },0,0,0,0,0,0,0,0,0,0,0,2,{  },{  },{  },0,0,0,0,0,0,0,0,0,0,0,2,{  },{  },{  },0,0,0,0,0,0,0,0,0,0,0,0,0,0,0,0,0,0,2,{  },{  },{  },0,0,0,0,0,0,0,7,15,0,0,0,{  },{  },{  },0,0,0,0,0,0,0,0,0,0,0,2,{  },{  },{  },0,0,0,0,0,0,0,0,0,0,0,2,{  },{  },{  },0,0,0,0,0,0,{  },1,0,0,0,0,0,0,0,0,0,2,{  },{  },{  },0,0,0,{  },{  },{  },{  },1,0,0,0,0,0,0,0,0,2,{  },{  },{  },0,0,0,0,0,0,0,0,0,0,0,0
arith/cvc5_mapa/fol_0000025.smt2,sat,0.010,0,0,6,10,0,0,0,0,1,1,2,0,1,0,0,{  },0,0,0,0,0,0,0,0,0,0,2,1,5,1,0,0,1,5,11,{  },{  },{  },,9,0,0,0,0,0,0,0,0,0,0,0,0,0,0,0,0,0,0,0,0,0,0,0,0,0,0,0,0,0,0,0,0,0,0,0,0,0,0,0,0,0,0,0,0,0,0,0,0,0,16,10,1037,1037,"{ ARITH_LIA_STAR_NONNEGATIVE: 1, ARITH_LIA_STAR_SPLIT: 1 }","{ ArithPivotStep: 1, BvSatStep: 1, CnfStep: 25, DecisionStep: 5, LemmaStep: 1, PreprocessStep: 19, RewriteStep: 944, SatConflictStep: 7, TheoryCheckStep: 30, TheoryFullCheckStep: 2 }",14,0,3,0,0,18,0,1,0,0,4,7,13,0,0,0,0,0,0,0,0,0,0,0,0,0,0,0,7,0,0,0,0,0,0,0,0,0,0,0,0,0,0,0,0,0,0,0,0,0,0,0,0,0,6,0,0,0,0,0,0,0,13,1,0,0,0,0,1,0,0,1,2,5,0,0,0,0,0,0,0,0,0,0,0,0,0,0,0,{  },{  },"{ ARITH_LIA_STAR_NONNEGATIVE: 1, ARITH_LIA_STAR_SPLIT: 1 }",13,0,0,2,0,2,0,0,0,0,0,0,0,0,0,0,0,0,0,0,0,1,1,0,0,0,0,0,0,0,0,0,2,0,0,0,0,0,0,0,0,0,1,{  },{  },{  },0,0,0,0,0,0,0,0,0,1,0,0,0,0,0.0,0,0,5,0,0,0,0,2,0,0,0,0,0,0,0,0,0,0,0,0,0,0,0,0,0,0,0,0,0,0,0,0,0,0,0,0,0,0,0,0,0,0,0,0,0,0,0,0,0,0,0,0,0,0,0,0,0,0,nan,nan,nan,0,0,0,0,0,2,{  },{  },{  },0,0,0,0,0,0,0,2,0,0,0,0,0,0,0,0,0,0,0,0,0,0,2,0,0,0,0,0,0,0,0,0,0,0,0,2,{  },{  },{  },0,0,0,{  },0,0,0,0,0,{  },{  },{  },0,0,0,0,0,0,0,0,{  },{  },{  },0,0,4,0,0,0,0,2,0,0,2,0,0,0,0,0,0,0,2,{  },{  },{  },0,0,0,0,0,0,0,0,0,0,0,2,{  },{  },{  },0,0,0,0,0,0,0,0,0,0,0,2,{  },{  },{  },0,0,0,0,0,0,0,0,0,0,0,0,0,0,0,0,0,0,2,{  },{  },{  },0,0,0,0,0,0,1,5,11,0,0,0,{  },{  },{  },0,0,0,0,0,0,0,0,0,0,0,2,{  },{  },{  },0,0,0,0,0,0,0,0,0,0,0,2,{  },{  },{  },0,0,0,0,0,0,{  },1,0,0,0,0,0,0,0,0,0,2,{  },{  },{  },0,0,0,{  },{  },{  },{  },1,0,0,0,0,0,0,0,0,2,{  },{  },{  },0,0,0,0,0,0,0,0,0,0,0,0
arith/cvc5_mapa/fol_0000026.smt2,sat,0.008,0,0,6,10,0,0,0,0,1,1,2,0,1,0,0,{  },0,0,0,0,0,0,0,0,0,0,2,1,5,1,0,0,0,4,9,{  },{  },{  },,8,0,0,0,0,0,0,0,0,0,0,0,0,0,0,0,0,0,0,0,0,0,0,0,0,0,0,0,0,0,0,0,0,0,0,0,0,0,0,0,0,0,0,0,0,0,0,0,0,0,16,10,1071,1071,"{ ARITH_LIA_STAR_NONNEGATIVE: 1, ARITH_LIA_STAR_SPLIT: 1 }","{ ArithPivotStep: 1, BvSatStep: 1, CnfStep: 24, DecisionStep: 5, LemmaStep: 1, PreprocessStep: 19, RewriteStep: 979, SatConflictStep: 7, TheoryCheckStep: 30, TheoryFullCheckStep: 2 }",14,0,3,0,0,18,0,1,0,0,4,7,13,0,0,0,0,0,0,0,0,0,0,0,0,0,0,0,7,0,0,0,0,0,0,0,0,0,0,0,0,0,0,0,0,0,0,0,0,0,0,0,0,0,6,0,0,0,0,0,0,0,13,1,0,0,0,0,1,0,0,0,2,4,0,0,0,0,0,0,0,0,0,0,0,0,0,0,0,{  },{  },"{ ARITH_LIA_STAR_NONNEGATIVE: 1, ARITH_LIA_STAR_SPLIT: 1 }",13,0,0,2,0,2,0,0,0,0,0,0,0,0,0,0,0,0,0,0,0,1,1,0,0,0,0,0,0,0,0,0,2,0,0,0,0,0,0,0,0,0,1,{  },{  },{  },0,0,0,0,0,0,0,0,0,1,0,0,0,0,0.0,0,0,5,0,0,0,0,2,0,0,0,0,0,0,0,0,0,0,0,0,0,0,0,0,0,0,0,0,0,0,0,0,0,0,0,0,0,0,0,0,0,0,0,0,0,0,0,0,0,0,0,0,0,0,0,0,0,0,nan,nan,nan,0,0,0,0,0,2,{  },{  },{  },0,0,0,0,0,0,0,2,0,0,0,0,0,0,0,0,0,0,0,0,0,0,2,0,0,0,0,0,0,0,0,0,0,0,0,2,{  },{  },{  },0,0,0,{  },0,0,0,0,0,{  },{  },{  },0,0,0,0,0,0,0,0,{  },{  },{  },0,0,4,0,0,0,0,2,0,0,2,0,0,0,0,0,0,0,2,{  },{  },{  },0,0,0,0,0,0,0,0,0,0,0,2,{  },{  },{  },0,0,0,0,0,0,0,0,0,0,0,2,{  },{  },{  },0,0,0,0,0,0,0,0,0,0,0,0,0,0,0,0,0,0,2,{  },{  },{  },0,0,0,0,0,0,0,4,9,0,0,0,{  },{  },{  },0,0,0,0,0,0,0,0,0,0,0,2,{  },{  },{  },0,0,0,0,0,0,0,0,0,0,0,2,{  },{  },{  },0,0,0,0,0,0,{  },1,0,0,0,0,0,0,0,0,0,2,{  },{  },{  },0,0,0,{  },{  },{  },{  },1,0,0,0,0,0,0,0,0,2,{  },{  },{  },0,0,0,0,0,0,0,0,0,0,0,0
arith/cvc5_mapa/fol_0000027.smt2,sat,0.009,0,0,6,10,0,0,0,0,1,1,2,0,1,0,0,{  },0,0,0,0,0,0,0,0,0,0,2,1,5,1,0,0,0,4,9,{  },{  },{  },,8,0,0,0,0,0,0,0,0,0,0,0,0,0,0,0,0,0,0,0,0,0,0,0,0,0,0,0,0,0,0,0,0,0,0,0,0,0,0,0,0,0,0,0,0,0,0,0,0,0,16,10,1063,1063,"{ ARITH_LIA_STAR_NONNEGATIVE: 1, ARITH_LIA_STAR_SPLIT: 1 }","{ ArithPivotStep: 1, BvSatStep: 1, CnfStep: 25, DecisionStep: 5, LemmaStep: 1, PreprocessStep: 19, RewriteStep: 970, SatConflictStep: 7, TheoryCheckStep: 30, TheoryFullCheckStep: 2 }",14,0,3,0,0,18,0,1,0,0,4,7,13,0,0,0,0,0,0,0,0,0,0,0,0,0,0,0,7,0,0,0,0,0,0,0,0,0,0,0,0,0,0,0,0,0,0,0,0,0,0,0,0,0,6,0,0,0,0,0,0,0,13,1,0,0,0,0,1,0,0,0,2,5,0,0,0,0,0,0,0,0,0,0,0,0,0,0,0,{  },{  },"{ ARITH_LIA_STAR_NONNEGATIVE: 1, ARITH_LIA_STAR_SPLIT: 1 }",13,0,0,2,0,2,0,0,0,0,0,0,0,0,0,0,0,0,0,0,0,1,1,0,0,0,0,0,0,0,0,0,2,0,0,0,0,0,0,0,0,0,1,{  },{  },{  },0,0,0,0,0,0,0,0,0,1,0,0,0,0,0.0,0,0,5,0,0,0,0,2,0,0,0,0,0,0,0,0,0,0,0,0,0,0,0,0,0,0,0,0,0,0,0,0,0,0,0,0,0,0,0,0,0,0,0,0,0,0,0,0,0,0,0,0,0,0,0,0,0,0,nan,nan,nan,0,0,0,0,0,2,{  },{  },{  },0,0,0,0,0,0,0,2,0,0,0,0,0,0,0,0,0,0,0,0,0,0,2,0,0,0,0,0,0,0,0,0,0,0,0,2,{  },{  },{  },0,0,0,{  },0,0,0,0,0,{  },{  },{  },0,0,0,0,0,0,0,0,{  },{  },{  },0,0,4,0,0,0,0,2,0,0,2,0,0,0,0,0,0,0,2,{  },{  },{  },0,0,0,0,0,0,0,0,0,0,0,2,{  },{  },{  },0,0,0,0,0,0,0,0,0,0,0,2,{  },{  },{  },0,0,0,0,0,0,0,0,0,0,0,0,0,0,0,0,0,0,2,{  },{  },{  },0,0,0,0,0,0,0,4,9,0,0,0,{  },{  },{  },0,0,0,0,0,0,0,0,0,0,0,2,{  },{  },{  },0,0,0,0,0,0,0,0,0,0,0,2,{  },{  },{  },0,0,0,0,0,0,{  },1,0,0,0,0,0,0,0,0,0,2,{  },{  },{  },0,0,0,{  },{  },{  },{  },1,0,0,0,0,0,0,0,0,2,{  },{  },{  },0,0,0,0,0,0,0,0,0,0,0,0
arith/cvc5_mapa/fol_0000029.smt2,sat,0.009,0,0,8,14,0,0,0,0,10,2,2,1,5,5,0,{  },0,0,0,0,0,0,0,0,0,0,6,1,16,1,0,0,1,11,16,{  },{  },{  },,9,0,0,0,0,0,0,0,0,0,0,0,0,0,0,0,0,0,0,0,0,0,0,0,0,0,0,0,0,0,0,0,0,0,0,0,0,0,0,0,0,0,0,0,0,0,0,0,0,0,27,11,1820,1820,"{ ARITH_BB_LEMMA: 1, ARITH_CONF_SIMPLEX: 4, ARITH_DIO_CUT: 3, ARITH_LIA_STAR_NONNEGATIVE: 1, ARITH_LIA_STAR_SPLIT: 1, ARITH_SPLIT_DEQ: 1 }","{ ArithPivotStep: 22, BvSatStep: 1, CnfStep: 36, DecisionStep: 18, LemmaStep: 7, PreprocessStep: 20, RewriteStep: 1586, SatConflictStep: 20, TheoryCheckStep: 93, TheoryFullCheckStep: 6 }",42,1,12,6,5,40,0,1,4,0,8,19,21,0,0,0,0,0,0,0,0,0,0,0,0,0,0,0,10,0,0,0,0,0,0,0,0,0,0,0,0,0,0,0,0,0,0,0,0,0,0,0,0,0,8,0,0,0,0,0,0,0,24,5,1,0,4,0,4,0,0,1,5,5,0,4,0,0,3,0,3,0,0,1,4,0,0,1,0,{ ARITH_CONF_SIMPLEX: 4 },{  },"{ ARITH_BB_LEMMA: 1, ARITH_DIO_CUT: 3, ARITH_LIA_STAR_NONNEGATIVE: 1, ARITH_LIA_STAR_SPLIT: 1, ARITH_SPLIT_DEQ: 1 }",13,0,0,7,0,2,0,0,0,0,0,0,0,0,0,0,0,0,0,0,0,1,1,0,0,0,0,0,0,0,0,0,2,0,0,0,0,0,0,0,0,0,16,{  },{  },{  },0,0,0,0,0,0,0,1,0,3,0,0,0,0,0.0,4,0,16,0,0,0,0,21,4,3,0,4,0,0,0,0,0,0,0,0,0,0,0,0,0,0,0,0,0,0,0,0,0,0,0,0,0,0,0,0,0,0,0,0,0,0,0,0,0,0,0,0,0,0,0,0,0,0,nan,nan,nan,0,0,0,0,0,2,{  },{  },{  },0,0,0,0,0,0,0,2,0,0,0,0,0,0,0,0,0,0,0,0,0,0,2,0,0,0,0,0,0,0,0,0,0,0,0,2,{  },{  },{  },0,0,0,{  },0,0,0,0,0,{  },{  },{  },0,0,0,0,0,0,0,0,{  },{  },{  },0,0,11,0,0,0,0,6,0,0,2,0,0,0,0,0,0,0,2,{  },{  },{  },0,0,0,0,0,0,0,0,0,0,0,2,{  },{  },{  },0,0,0,0,0,0,0,0,0,0,0,2,{  },{  },{  },0,0,0,0,0,0,0,0,0,0,0,0,0,0,0,0,0,0,2,{  },{  },{  },0,0,0,0,0,0,1,11,16,0,0,0,{  },{  },{  },0,0,0,0,0,0,0,0,0,0,0,2,{  },{  },{  },0,0,0,0,0,0,0,0,0,0,0,2,{  },{  },{  },0,0,0,0,0,0,{  },1,0,0,0,0,0,0,0,0,0,2,{  },{  },{  },0,0,0,{  },{  },{  },{  },1,0,0,0,0,0,0,0,0,2,{  },{  },{  },0,0,0,0,0,0,0,0,0,0,0,0
arith/cvc5_mapa/fol_0000031.smt2,sat,0.009,0,0,7,12,0,0,0,0,1,1,2,0,1,0,0,{  },0,0,0,0,0,0,0,0,0,0,2,1,5,1,0,0,1,5,11,{  },{  },{  },,9,0,0,0,0,0,0,0,0,0,0,0,0,0,0,0,0,0,0,0,0,0,0,0,0,0,0,0,0,0,0,0,0,0,0,0,0,0,0,0,0,0,0,0,0,0,0,0,0,0,19,13,1175,1175,"{ ARITH_LIA_STAR_NONNEGATIVE: 1, ARITH_LIA_STAR_SPLIT: 1 }","{ ArithPivotStep: 5, BvSatStep: 1, CnfStep: 28, DecisionStep: 5, LemmaStep: 1, PreprocessStep: 22, RewriteStep: 1072, SatConflictStep: 7, TheoryCheckStep: 30, TheoryFullCheckStep: 2 }",14,0,3,0,0,21,0,1,0,0,4,7,13,0,0,0,0,0,0,0,0,0,0,0,0,0,0,0,8,0,0,0,0,0,0,0,0,0,0,0,0,0,0,0,0,0,0,0,0,0,0,0,0,0,7,0,0,0,0,0,0,0,16,1,0,0,0,0,1,0,0,1,2,6,0,0,0,0,0,0,0,0,0,0,0,0,0,0,0,{  },{  },"{ ARITH_LIA_STAR_NONNEGATIVE: 1, ARITH_LIA_STAR_SPLIT: 1 }",16,0,0,2,0,2,0,0,0,0,0,0,0,0,0,0,0,0,0,0,0,1,1,0,0,0,0,0,0,0,0,0,2,0,0,0,0,0,0,0,0,0,3,{  },{  },{  },0,0,0,0,0,0,0,0,0,1,0,0,0,0,0.0,0,0,5,0,0,0,0,5,0,0,0,0,0,0,0,0,0,0,0,0,0,0,0,0,0,0,0,0,0,0,0,0,0,0,0,0,0,0,0,0,0,0,0,0,0,0,0,0,0,0,0,0,0,0,0,0,0,0,nan,nan,nan,0,0,0,0,0,2,{  },{  },{  },0,0,0,0,0,0,0,2,0,0,0,0,0,0,0,0,0,0,0,0,0,0,2,0,0,0,0,0,0,0,0,0,0,0,0,2,{  },{  },{  },0,0,0,{  },0,0,0,0,0,{  },{  },{  },0,0,0,0,0,0,0,0,{  },{  },{  },0,0,4,0,0,0,0,2,0,0,2,0,0,0,0,0,0,0,2,{  },{  },{  },0,0,0,0,0,0,0,0,0,0,0,2,{  },{  },{  },0,0,0,0,0,0,0,0,0,0,0,2,{  },{  },{  },0,0,0,0,0,0,0,0,0,0,0,0,0,0,0,0,0,0,2,{  },{  },{  },0,0,0,0,0,0,1,5,11,0,0,0,{  },{  },{  },0,0,0,0,0,0,0,0,0,0,0,2,{  },{  },{  },0,0,0,0,0,0,0,0,0,0,0,2,{  },{  },{  },0,0,0,0,0,0,{  },1,0,0,0,0,0,0,0,0,0,2,{  },{  },{  },0,0,0,{  },{  },{  },{  },1,0,0,0,0,0,0,0,0,2,{  },{  },{  },0,0,0,0,0,0,0,0,0,0,0,0
arith/cvc5_mapa/fol_0000033.smt2,sat,0.008,0,0,7,12,0,0,0,0,2,1,2,0,2,0,0,{  },0,0,0,0,0,0,0,0,0,0,3,1,7,1,0,0,0,5,10,{  },{  },{  },,8,0,0,0,0,0,0,0,0,0,0,0,0,0,0,0,0,0,0,0,0,0,0,0,0,0,0,0,0,0,0,0,0,0,0,0,0,0,0,0,0,0,0,0,0,0,0,0,0,0,22,13,1340,1340,"{ ARITH_BB_LEMMA: 1, ARITH_LIA_STAR_NONNEGATIVE: 1, ARITH_LIA_STAR_SPLIT: 1 }","{ ArithPivotStep: 6, BvSatStep: 1, CnfStep: 27, DecisionStep: 7, LemmaStep: 2, PreprocessStep: 22, RewriteStep: 1216, SatConflictStep: 9, TheoryCheckStep: 44, TheoryFullCheckStep: 3 }",17,0,4,0,0,23,0,1,0,0,5,9,15,0,0,0,0,0,0,0,0,0,0,0,0,0,0,0,8,0,0,0,0,0,0,0,0,0,0,0,0,0,0,0,0,0,0,0,0,0,0,0,0,0,7,0,0,0,0,0,0,0,17,2,0,0,0,0,2,0,0,0,2,5,0,1,0,0,0,0,0,0,0,0,0,0,0,1,0,{  },{  },"{ ARITH_BB_LEMMA: 1, ARITH_LIA_STAR_NONNEGATIVE: 1, ARITH_LIA_STAR_SPLIT: 1 }",16,0,0,3,0,2,0,0,0,0,0,0,0,0,0,0,0,0,0,0,0,1,1,0,0,0,0,0,0,0,0,0,2,0,0,0,0,0,0,0,0,0,4,{  },{  },{  },0,0,0,0,0,0,0,1,0,2,0,0,0,0,0.0,0,0,7,0,0,0,0,6,0,0,0,0,0,0,0,0,0,0,0,0,0,0,0,0,0,0,0,0,0,0,0,0,0,0,0,0,0,0,0,0,0,0,0,0,0,0,0,0,0,0,0,0,0,0,0,0,0,0,nan,nan,nan,0,0,0,0,0,2,{  },{  },{  },0,0,0,0,0,0,0,2,0,0,0,0,0,0,0,0,0,0,0,0,0,0,2,0,0,0,0,0,0,0,0,0,0,0,0,2,{  },{  },{  },0,0,0,{  },0,0,0,0,0,{  },{  },{  },0,0,0,0,0,0,0,0,{  },{  },{  },0,0,5,0,0,0,0,3,0,0,2,0,0,0,0,0,0,0,2,{  },{  },{  },0,0,0,0,0,0,0,0,0,0,0,2,{  },{  },{  },0,0,0,0,0,0,0,0,0,0,0,2,{  },{  },{  },0,0,0,0,0,0,0,0,0,0,0,0,0,0,0,0,0,0,2,{  },{  },{  },0,0,0,0,0,0,0,5,10,0,0,0,{  },{  },{  },0,0,0,0,0,0,0,0,0,0,0,2,{  },{  },{  },0,0,0,0,0,0,0,0,0,0,0,2,{  },{  },{  },0,0,0,0,0,0,{  },1,0,0,0,0,0,0,0,0,0,2,{  },{  },{  },0,0,0,{  },{  },{  },{  },1,0,0,0,0,0,0,0,0,2,{  },{  },{  },0,0,0,0,0,0,0,0,0,0,0,0
arith/cvc5_mapa/fol_0000035.smt2,sat,0.009,0,0,7,12,0,0,0,0,1,1,2,0,1,0,0,{  },0,0,0,0,0,0,0,0,0,0,2,1,5,1,0,0,0,4,9,{  },{  },{  },,9,0,0,0,0,0,0,0,0,0,0,0,0,0,0,0,0,0,0,0,0,0,0,0,0,0,0,0,0,0,0,0,0,0,0,0,0,0,0,0,0,0,0,0,0,0,0,0,0,0,19,13,1239,1239,"{ ARITH_LIA_STAR_NONNEGATIVE: 1, ARITH_LIA_STAR_SPLIT: 1 }","{ ArithPivotStep: 5, BvSatStep: 1, CnfStep: 28, DecisionStep: 5, LemmaStep: 1, PreprocessStep: 22, RewriteStep: 1136, SatConflictStep: 7, TheoryCheckStep: 30, TheoryFullCheckStep: 2 }",14,0,3,0,0,21,0,1,0,0,4,7,13,0,0,0,0,0,0,0,0,0,0,0,0,0,0,0,8,0,0,0,0,0,0,0,0,0,0,0,0,0,0,0,0,0,0,0,0,0,0,0,0,0,7,0,0,0,0,0,0,0,16,1,0,0,0,0,1,0,0,0,2,6,0,0,0,0,0,0,0,0,0,0,0,0,0,0,0,{  },{  },"{ ARITH_LIA_STAR_NONNEGATIVE: 1, ARITH_LIA_STAR_SPLIT: 1 }",16,0,0,2,0,2,0,0,0,0,0,0,0,0,0,0,0,0,0,0,0,1,1,0,0,0,0,0,0,0,0,0,2,0,0,0,0,0,0,0,0,0,3,{  },{  },{  },0,0,0,0,0,0,0,0,0,1,0,0,0,0,0.0,0,0,5,0,0,0,0,5,0,0,0,0,0,0,0,0,0,0,0,0,0,0,0,0,0,0,0,0,0,0,0,0,0,0,0,0,0,0,0,0,0,0,0,0,0,0,0,0,0,0,0,0,0,0,0,0,0,0,nan,nan,nan,0,0,0,0,0,2,{  },{  },{  },0,0,0,0,0,0,0,2,0,0,0,0,0,0,0,0,0,0,0,0,0,0,2,0,0,0,0,0,0,0,0,0,0,0,0,2,{  },{  },{  },0,0,0,{  },0,0,0,0,0,{  },{  },{  },0,0,0,0,0,0,0,0,{  },{  },{  },0,0,4,0,0,0,0,2,0,0,2,0,0,0,0,0,0,0,2,{  },{  },{  },0,0,0,0,0,0,0,0,0,0,0,2,{  },{  },{  },0,0,0,0,0,0,0,0,0,0,0,2,{  },{  },{  },0,0,0,0,0,0,0,0,0,0,0,0,0,0,0,0,0,0,2,{  },{  },{  },0,0,0,0,0,0,0,4,9,0,0,0,{  },{  },{  },0,0,0,0,0,0,0,0,0,0,0,2,{  },{  },{  },0,0,0,0,0,0,0,0,0,0,0,2,{  },{  },{  },0,0,0,0,0,0,{  },1,0,0,0,0,0,0,0,0,0,2,{  },{  },{  },0,0,0,{  },{  },{  },{  },1,0,0,0,0,0,0,0,0,2,{  },{  },{  },0,0,0,0,0,0,0,0,0,0,0,0
arith/cvc5_mapa/fol_0000036.smt2,sat,0.008,0,0,6,10,0,0,0,0,1,1,2,0,1,0,0,{  },0,0,0,0,0,0,0,0,0,0,2,1,5,1,0,0,0,5,9,{  },{  },{  },,7,0,0,0,0,0,0,0,0,0,0,0,0,0,0,0,0,0,0,0,0,0,0,0,0,0,0,0,0,0,0,0,0,0,0,0,0,0,0,0,0,0,0,0,0,0,0,0,0,0,15,9,983,983,"{ ARITH_LIA_STAR_NONNEGATIVE: 1, ARITH_LIA_STAR_SPLIT: 1 }","{ ArithPivotStep: 1, BvSatStep: 1, CnfStep: 24, DecisionStep: 5, LemmaStep: 1, PreprocessStep: 19, RewriteStep: 891, SatConflictStep: 7, TheoryCheckStep: 30, TheoryFullCheckStep: 2 }",14,0,3,0,0,17,0,1,0,0,4,7,13,0,0,0,0,0,0,0,0,0,0,0,0,0,0,0,5,0,0,0,0,0,0,0,0,0,0,0,0,0,0,0,0,0,0,0,0,0,0,0,0,0,6,0,0,0,0,0,0,0,12,1,0,0,0,0,2,0,0,0,2,4,0,0,0,0,0,0,0,0,0,0,0,0,0,0,0,{  },{  },"{ ARITH_LIA_STAR_NONNEGATIVE: 1, ARITH_LIA_STAR_SPLIT: 1 }",6,0,0,2,0,2,0,0,0,0,0,0,0,0,0,0,0,0,0,0,0,1,1,0,0,0,0,0,0,0,0,0,2,0,0,0,0,0,0,0,0,0,1,{  },{  },{  },0,0,0,0,0,0,0,0,0,1,0,0,0,0,0.0,0,0,5,0,0,0,0,2,0,0,0,0,0,0,0,0,0,0,0,0,0,0,0,0,0,0,0,0,0,0,0,0,0,0,0,0,0,0,0,0,0,0,0,0,0,0,0,0,0,0,0,0,0,0,0,0,0,0,nan,nan,nan,0,0,0,0,0,2,{  },{  },{  },0,0,0,0,0,0,0,2,0,0,0,0,0,0,0,0,0,0,0,0,0,0,2,0,0,0,0,0,0,0,0,0,0,0,0,2,{  },{  },{  },0,0,0,{  },0,0,0,0,0,{  },{  },{  },0,0,0,0,0,0,0,0,{  },{  },{  },0,0,4,0,0,0,0,2,0,0,2,0,0,0,0,0,0,0,2,{  },{  },{  },0,0,0,0,0,0,0,0,0,0,0,2,{  },{  },{  },0,0,0,0,0,0,0,0,0,0,0,2,{  },{  },{  },0,0,0,0,0,0,0,0,0,0,0,0,0,0,0,0,0,0,2,{  },{  },{  },0,0,0,0,0,0,0,5,9,0,0,0,{  },{  },{  },0,0,0,0,0,0,0,0,0,0,0,2,{  },{  },{  },0,0,0,0,0,0,0,0,0,0,0,2,{  },{  },{  },0,0,0,0,0,0,{  },1,0,0,0,0,0,0,0,0,0,2,{  },{  },{  },0,0,0,{  },{  },{  },{  },1,0,0,0,0,0,0,0,0,2,{  },{  },{  },0,0,0,0,0,0,0,0,0,0,0,0
arith/cvc5_mapa/fol_0000037.smt2,sat,0.008,0,0,7,13,0,0,0,0,1,1,2,0,1,0,0,{  },0,0,0,0,0,0,0,0,0,0,2,1,5,1,0,0,1,5,11,{  },{  },{  },,8,0,0,0,0,0,0,0,0,0,0,0,0,0,0,0,0,0,0,0,0,0,0,0,0,0,0,0,0,0,0,0,0,0,0,0,0,0,0,0,0,0,0,0,0,0,0,0,0,0,18,12,1155,1155,"{ ARITH_LIA_STAR_NONNEGATIVE: 1, ARITH_LIA_STAR_SPLIT: 1 }","{ ArithPivotStep: 7, BvSatStep: 1, CnfStep: 26, DecisionStep: 5, LemmaStep: 1, PreprocessStep: 22, RewriteStep: 1052, SatConflictStep: 7, TheoryCheckStep: 30, TheoryFullCheckStep: 2 }",14,0,3,0,0,20,0,1,0,0,4,7,13,0,0,0,0,0,0,0,0,0,0,0,0,0,0,0,7,0,0,0,0,0,0,0,0,0,0,0,0,0,0,0,0,0,0,0,0,0,0,0,0,0,7,0,0,0,0,0,0,0,15,1,0,0,0,0,1,0,0,1,2,5,0,0,0,0,0,0,0,0,0,0,0,0,0,0,0,{  },{  },"{ ARITH_LIA_STAR_NONNEGATIVE: 1, ARITH_LIA_STAR_SPLIT: 1 }",13,0,0,2,0,2,0,0,0,0,0,0,0,0,0,0,0,0,0,0,0,1,1,0,0,0,0,0,0,0,0,0,2,0,0,0,0,0,0,0,0,0,4,{  },{  },{  },0,0,0,0,0,0,0,0,0,1,0,0,0,0,0.0,0,0,5,0,0,0,0,5,0,0,0,0,0,0,0,0,0,0,0,0,0,0,0,0,0,0,0,0,0,0,0,0,0,0,0,0,0,0,0,0,0,0,0,0,0,0,0,0,0,0,0,0,0,0,0,0,0,0,nan,nan,nan,0,0,0,0,0,2,{  },{  },{  },0,0,0,0,0,0,0,2,0,0,0,0,0,0,0,0,0,0,0,0,0,0,2,0,0,0,0,0,0,0,0,0,0,0,0,2,{  },{  },{  },0,0,0,{  },0,0,0,0,0,{  },{  },{  },0,0,0,0,0,0,0,0,{  },{  },{  },0,0,4,0,0,0,0,2,0,0,2,0,0,0,0,0,0,0,2,{  },{  },{  },0,0,0,0,0,0,0,0,0,0,0,2,{  },{  },{  },0,0,0,0,0,0,0,0,0,0,0,2,{  },{  },{  },0,0,0,0,0,0,0,0,0,0,0,0,0,0,0,0,0,0,2,{  },{  },{  },0,0,0,0,0,0,1,5,11,0,0,0,{  },{  },{  },0,0,0,0,0,0,0,0,0,0,0,2,{  },{  },{  },0,0,0,0,0,0,0,0,0,0,0,2,{  },{  },{  },0,0,0,0,0,0,{  },1,0,0,0,0,0,0,0,0,0,2,{  },{  },{  },0,0,0,{  },{  },{  },{  },1,0,0,0,0,0,0,0,0,2,{  },{  },{  },0,0,0,0,0,0,0,0,0,0,0,0
arith/cvc5_mapa/fol_0000039.smt2,sat,0.008,0,0,7,12,0,0,0,0,1,1,2,0,1,0,0,{  },0,0,0,0,0,0,0,0,0,0,2,1,5,1,0,0,1,5,11,{  },{  },{  },,7,0,0,0,0,0,0,0,0,0,0,0,0,0,0,0,0,0,0,0,0,0,0,0,0,0,0,0,0,0,0,0,0,0,0,0,0,0,0,0,0,0,0,0,0,0,0,0,0,0,18,12,1177,1177,"{ ARITH_LIA_STAR_NONNEGATIVE: 1, ARITH_LIA_STAR_SPLIT: 1 }","{ ArithPivotStep: 7, BvSatStep: 1, CnfStep: 29, DecisionStep: 5, LemmaStep: 1, PreprocessStep: 22, RewriteStep: 1071, SatConflictStep: 7, TheoryCheckStep: 30, TheoryFullCheckStep: 2 }",14,0,3,0,0,20,0,1,0,0,4,7,13,0,0,0,0,0,0,0,0,0,0,0,0,0,0,0,7,0,0,0,0,0,0,0,0,0,0,0,0,0,0,0,0,0,0,0,0,0,0,0,0,0,7,0,0,0,0,0,0,0,15,1,0,0,0,0,1,0,0,1,2,5,0,0,0,0,0,0,0,0,0,0,0,0,0,0,0,{  },{  },"{ ARITH_LIA_STAR_NONNEGATIVE: 1, ARITH_LIA_STAR_SPLIT: 1 }",13,0,0,2,0,2,0,0,0,0,0,0,0,0,0,0,0,0,0,0,0,1,1,0,0,0,0,0,0,0,0,0,2,0,0,0,0,0,0,0,0,0,4,{  },{  },{  },0,0,0,0,0,0,0,0,0,1,0,0,0,0,0.0,0,0,5,0,0,0,0,5,0,0,0,0,0,0,0,0,0,0,0,0,0,0,0,0,0,0,0,0,0,0,0,0,0,0,0,0,0,0,0,0,0,0,0,0,0,0,0,0,0,0,0,0,0,0,0,0,0,0,nan,nan,nan,0,0,0,0,0,2,{  },{  },{  },0,0,0,0,0,0,0,2,0,0,0,0,0,0,0,0,0,0,0,0,0,0,2,0,0,0,0,0,0,0,0,0,0,0,0,2,{  },{  },{  },0,0,0,{  },0,0,0,0,0,{  },{  },{  },0,0,0,0,0,0,0,0,{  },{  },{  },0,0,4,0,0,0,0,2,0,0,2,0,0,0,0,0,0,0,2,{  },{  },{  },0,0,0,0,0,0,0,0,0,0,0,2,{  },{  },{  },0,0,0,0,0,0,0,0,0,0,0,2,{  },{  },{  },0,0,0,0,0,0,0,0,0,0,0,0,0,0,0,0,0,0,2,{  },{  },{  },0,0,0,0,0,0,1,5,11,0,0,0,{  },{  },{  },0,0,0,0,0,0,0,0,0,0,0,2,{  },{  },{  },0,0,0,0,0,0,0,0,0,0,0,2,{  },{  },{  },0,0,0,0,0,0,{  },1,0,0,0,0,0,0,0,0,0,2,{  },{  },{  },0,0,0,{  },{  },{  },{  },1,0,0,0,0,0,0,0,0,2,{  },{  },{  },0,0,0,0,0,0,0,0,0,0,0,0
arith/cvc5_mapa/fol_0000041.smt2,sat,0.008,0,0,7,12,0,0,0,0,2,1,2,0,2,0,0,{  },0,0,0,0,0,0,0,0,0,0,3,1,7,1,0,0,1,6,12,{  },{  },{  },,8,0,0,0,0,0,0,0,0,0,0,0,0,0,0,0,0,0,0,0,0,0,0,0,0,0,0,0,0,0,0,0,0,0,0,0,0,0,0,0,0,0,0,0,0,0,0,0,0,0,21,12,1257,1257,"{ ARITH_BB_LEMMA: 1, ARITH_LIA_STAR_NONNEGATIVE: 1, ARITH_LIA_STAR_SPLIT: 1 }","{ ArithPivotStep: 8, BvSatStep: 1, CnfStep: 27, DecisionStep: 7, LemmaStep: 2, PreprocessStep: 22, RewriteStep: 1131, SatConflictStep: 9, TheoryCheckStep: 44, TheoryFullCheckStep: 3 }",17,0,4,0,0,22,0,1,0,0,5,9,15,0,0,0,0,0,0,0,0,0,0,0,0,0,0,0,7,0,0,0,0,0,0,0,0,0,0,0,0,0,0,0,0,0,0,0,0,0,0,0,0,0,7,0,0,0,0,0,0,0,16,2,0,0,0,0,2,0,0,1,2,5,0,1,0,0,0,0,0,0,0,0,0,0,0,1,0,{  },{  },"{ ARITH_BB_LEMMA: 1, ARITH_LIA_STAR_NONNEGATIVE: 1, ARITH_LIA_STAR_SPLIT: 1 }",13,0,0,3,0,2,0,0,0,0,0,0,0,0,0,0,0,0,0,0,0,1,1,0,0,0,0,0,0,0,0,0,2,0,0,0,0,0,0,0,0,0,5,{  },{  },{  },0,0,0,0,0,0,0,1,0,2,0,0,0,0,0.0,0,0,7,0,0,0,0,6,0,0,0,0,0,0,0,0,0,0,0,0,0,0,0,0,0,0,0,0,0,0,0,0,0,0,0,0,0,0,0,0,0,0,0,0,0,0,0,0,0,0,0,0,0,0,0,0,0,0,nan,nan,nan,0,0,0,0,0,2,{  },{  },{  },0,0,0,0,0,0,0,2,0,0,0,0,0,0,0,0,0,0,0,0,0,0,2,0,0,0,0,0,0,0,0,0,0,0,0,2,{  },{  },{  },0,0,0,{  },0,0,0,0,0,{  },{  },{  },0,0,0,0,0,0,0,0,{  },{  },{  },0,0,5,0,0,0,0,3,0,0,2,0,0,0,0,0,0,0,2,{  },{  },{  },0,0,0,0,0,0,0,0,0,0,0,2,{  },{  },{  },0,0,0,0,0,0,0,0,0,0,0,2,{  },{  },{  },0,0,0,0,0,0,0,0,0,0,0,0,0,0,0,0,0,0,2,{  },{  },{  },0,0,0,0,0,0,1,6,12,0,0,0,{  },{  },{  },0,0,0,0,0,0,0,0,0,0,0,2,{  },{  },{  },0,0,0,0,0,0,0,0,0,0,0,2,{  },{  },{  },0,0,0,0,0,0,{  },1,0,0,0,0,0,0,0,0,0,2,{  },{  },{  },0,0,0,{  },{  },{  },{  },1,0,0,0,0,0,0,0,0,2,{  },{  },{  },0,0,0,0,0,0,0,0,0,0,0,0
arith/cvc5_mapa/fol_0000042.smt2,sat,0.008,0,0,6,10,0,0,0,0,1,1,2,0,1,0,0,{  },0,0,0,0,0,0,0,0,0,0,2,1,5,1,0,0,1,5,10,{  },{  },{  },,8,0,0,0,0,0,0,0,0,0,0,0,0,0,0,0,0,0,0,0,0,0,0,0,0,0,0,0,0,0,0,0,0,0,0,0,0,0,0,0,0,0,0,0,0,0,0,0,0,0,15,9,997,997,"{ ARITH_LIA_STAR_NONNEGATIVE: 1, ARITH_LIA_STAR_SPLIT: 1 }","{ ArithPivotStep: 1, BvSatStep: 1, CnfStep: 24, DecisionStep: 5, LemmaStep: 1, PreprocessStep: 19, RewriteStep: 905, SatConflictStep: 7, TheoryCheckStep: 30, TheoryFullCheckStep: 2 }",14,0,3,0,0,17,0,1,0,0,4,7,13,0,0,0,0,0,0,0,0,0,0,0,0,0,0,0,6,0,0,0,0,0,0,0,0,0,0,0,0,0,0,0,0,0,0,0,0,0,0,0,0,0,6,0,0,0,0,0,0,0,12,1,0,0,0,0,1,0,0,1,2,5,0,0,0,0,0,0,0,0,0,0,0,0,0,0,0,{  },{  },"{ ARITH_LIA_STAR_NONNEGATIVE: 1, ARITH_LIA_STAR_SPLIT: 1 }",9,0,0,2,0,2,0,0,0,0,0,0,0,0,0,0,0,0,0,0,0,1,1,0,0,0,0,0,0,0,0,0,2,0,0,0,0,0,0,0,0,0,1,{  },{  },{  },0,0,0,0,0,0,0,0,0,1,0,0,0,0,0.0,0,0,5,0,0,0,0,2,0,0,0,0,0,0,0,0,0,0,0,0,0,0,0,0,0,0,0,0,0,0,0,0,0,0,0,0,0,0,0,0,0,0,0,0,0,0,0,0,0,0,0,0,0,0,0,0,0,0,nan,nan,nan,0,0,0,0,0,2,{  },{  },{  },0,0,0,0,0,0,0,2,0,0,0,0,0,0,0,0,0,0,0,0,0,0,2,0,0,0,0,0,0,0,0,0,0,0,0,2,{  },{  },{  },0,0,0,{  },0,0,0,0,0,{  },{  },{  },0,0,0,0,0,0,0,0,{  },{  },{  },0,0,4,0,0,0,0,2,0,0,2,0,0,0,0,0,0,0,2,{  },{  },{  },0,0,0,0,0,0,0,0,0,0,0,2,{  },{  },{  },0,0,0,0,0,0,0,0,0,0,0,2,{  },{  },{  },0,0,0,0,0,0,0,0,0,0,0,0,0,0,0,0,0,0,2,{  },{  },{  },0,0,0,0,0,0,1,5,10,0,0,0,{  },{  },{  },0,0,0,0,0,0,0,0,0,0,0,2,{  },{  },{  },0,0,0,0,0,0,0,0,0,0,0,2,{  },{  },{  },0,0,0,0,0,0,{  },1,0,0,0,0,0,0,0,0,0,2,{  },{  },{  },0,0,0,{  },{  },{  },{  },1,0,0,0,0,0,0,0,0,2,{  },{  },{  },0,0,0,0,0,0,0,0,0,0,0,0
arith/cvc5_mapa/fol_0000043.smt2,sat,0.008,0,0,8,14,0,0,0,0,2,2,2,0,1,1,0,{  },0,0,0,0,0,0,0,0,0,0,2,1,8,1,0,0,2,11,15,{  },{  },{  },,8,0,0,0,0,0,0,0,0,0,0,0,0,0,0,0,0,0,0,0,0,0,0,0,0,0,0,0,0,0,0,0,0,0,0,0,0,0,0,0,0,0,0,0,0,0,0,0,0,0,20,10,1371,1371,"{ ARITH_CONF_SIMPLEX: 1, ARITH_LIA_STAR_NONNEGATIVE: 1, ARITH_LIA_STAR_SPLIT: 1 }","{ ArithPivotStep: 11, BvSatStep: 1, CnfStep: 28, DecisionStep: 8, LemmaStep: 2, PreprocessStep: 20, RewriteStep: 1252, SatConflictStep: 10, TheoryCheckStep: 34, TheoryFullCheckStep: 2 }",24,0,6,0,0,25,0,1,0,0,7,15,19,0,0,0,0,0,0,0,0,0,0,0,0,0,0,0,8,0,0,0,0,0,0,0,0,0,0,0,0,0,0,0,0,0,0,0,0,0,0,0,0,0,8,0,0,0,0,0,0,0,17,1,0,0,1,0,3,0,0,2,5,6,0,0,0,0,0,0,0,0,0,3,1,0,0,0,0,{ ARITH_CONF_SIMPLEX: 1 },{  },"{ ARITH_LIA_STAR_NONNEGATIVE: 1, ARITH_LIA_STAR_SPLIT: 1 }",9,0,0,2,0,2,0,0,0,0,0,0,0,0,0,0,0,0,0,0,0,1,1,0,0,0,0,0,0,0,0,0,2,0,0,0,0,0,0,0,0,0,8,{  },{  },{  },0,0,0,0,0,0,0,0,0,1,0,0,0,0,0.0,1,0,8,0,0,0,0,10,1,1,0,1,0,0,0,0,0,0,0,0,0,0,0,0,0,0,0,0,0,0,0,0,0,0,0,0,0,0,0,0,0,0,0,0,0,0,0,0,0,0,0,0,0,0,0,0,0,0,nan,nan,nan,0,0,0,0,0,2,{  },{  },{  },0,0,0,0,0,0,0,2,0,0,0,0,0,0,0,0,0,0,0,0,0,0,2,0,0,0,0,0,0,0,0,0,0,0,0,2,{  },{  },{  },0,0,0,{  },0,0,0,0,0,{  },{  },{  },0,0,0,0,0,0,0,0,{  },{  },{  },0,0,8,0,0,0,0,2,0,0,2,0,0,0,0,0,0,0,2,{  },{  },{  },0,0,0,0,0,0,0,0,0,0,0,2,{  },{  },{  },0,0,0,0,0,0,0,0,0,0,0,2,{  },{  },{  },0,0,0,0,0,0,0,0,0,0,0,0,0,0,0,0,0,0,2,{  },{  },{  },0,0,0,0,0,0,2,11,15,0,0,0,{  },{  },{  },0,0,0,0,0,0,0,0,0,0,0,2,{  },{  },{  },0,0,0,0,0,0,0,0,0,0,0,2,{  },{  },{  },0,0,0,0,0,0,{  },1,0,0,0,0,0,0,0,0,0,2,{  },{  },{  },0,0,0,{  },{  },{  },{  },1,0,0,0,0,0,0,0,0,2,{  },{  },{  },0,0,0,0,0,0,0,0,0,0,0,0
arith/cvc5_mapa/fol_0000044.smt2,sat,0.008,0,0,7,12,0,0,0,0,1,1,2,0,1,0,0,{  },0,0,0,0,0,0,0,0,0,0,2,1,5,1,0,0,1,5,11,{  },{  },{  },,7,0,0,0,0,0,0,0,0,0,0,0,0,0,0,0,0,0,0,0,0,0,0,0,0,0,0,0,0,0,0,0,0,0,0,0,0,0,0,0,0,0,0,0,0,0,0,0,0,0,18,12,1122,1122,"{ ARITH_LIA_STAR_NONNEGATIVE: 1, ARITH_LIA_STAR_SPLIT: 1 }","{ ArithPivotStep: 3, BvSatStep: 1, CnfStep: 26, DecisionStep: 5, LemmaStep: 1, PreprocessStep: 22, RewriteStep: 1023, SatConflictStep: 7, TheoryCheckStep: 30, TheoryFullCheckStep: 2 }",14,0,3,0,0,20,0,1,0,0,4,7,13,0,0,0,0,0,0,0,0,0,0,0,0,0,0,0,6,0,0,0,0,0,0,0,0,0,0,0,0,0,0,0,0,0,0,0,0,0,0,0,0,0,7,0,0,0,0,0,0,0,15,1,0,0,0,0,1,0,0,1,2,5,0,0,0,0,0,0,0,0,0,0,0,0,0,0,0,{  },{  },"{ ARITH_LIA_STAR_NONNEGATIVE: 1, ARITH_LIA_STAR_SPLIT: 1 }",9,0,0,2,0,2,0,0,0,0,0,0,0,0,0,0,0,0,0,0,0,1,1,0,0,0,0,0,0,0,0,0,2,0,0,0,0,0,0,0,0,0,2,{  },{  },{  },0,0,0,0,0,0,0,0,0,1,0,0,0,0,0.0,0,0,5,0,0,0,0,4,0,0,0,0,0,0,0,0,0,0,0,0,0,0,0,0,0,0,0,0,0,0,0,0,0,0,0,0,0,0,0,0,0,0,0,0,0,0,0,0,0,0,0,0,0,0,0,0,0,0,nan,nan,nan,0,0,0,0,0,2,{  },{  },{  },0,0,0,0,0,0,0,2,0,0,0,0,0,0,0,0,0,0,0,0,0,0,2,0,0,0,0,0,0,0,0,0,0,0,0,2,{  },{  },{  },0,0,0,{  },0,0,0,0,0,{  },{  },{  },0,0,0,0,0,0,0,0,{  },{  },{  },0,0,4,0,0,0,0,2,0,0,2,0,0,0,0,0,0,0,2,{  },{  },{  },0,0,0,0,0,0,0,0,0,0,0,2,{  },{  },{  },0,0,0,0,0,0,0,0,0,0,0,2,{  },{  },{  },0,0,0,0,0,0,0,0,0,0,0,0,0,0,0,0,0,0,2,{  },{  },{  },0,0,0,0,0,0,1,5,11,0,0,0,{  },{  },{  },0,0,0,0,0,0,0,0,0,0,0,2,{  },{  },{  },0,0,0,0,0,0,0,0,0,0,0,2,{  },{  },{  },0,0,0,0,0,0,{  },1,0,0,0,0,0,0,0,0,0,2,{  },{  },{  },0,0,0,{  },{  },{  },{  },1,0,0,0,0,0,0,0,0,2,{  },{  },{  },0,0,0,0,0,0,0,0,0,0,0,0
arith/cvc5_mapa/fol_0000046.smt2,sat,0.010,0,0,9,15,0,0,0,0,9,2,2,1,4,5,0,{  },0,0,0,0,0,0,0,0,0,0,5,1,14,1,0,0,1,11,16,{  },{  },{  },,9,0,0,0,0,0,0,0,0,0,0,0,0,0,0,0,0,0,0,0,0,0,0,0,0,0,0,0,0,0,0,0,0,0,0,0,0,0,0,0,0,0,0,0,0,0,0,0,0,0,29,14,1921,1921,"{ ARITH_BB_LEMMA: 1, ARITH_CONF_SIMPLEX: 4, ARITH_DIO_CUT: 2, ARITH_LIA_STAR_NONNEGATIVE: 1, ARITH_LIA_STAR_SPLIT: 1, ARITH_SPLIT_DEQ: 1 }","{ ArithPivotStep: 21, BvSatStep: 1, CnfStep: 39, DecisionStep: 16, LemmaStep: 7, PreprocessStep: 23, RewriteStep: 1702, SatConflictStep: 18, TheoryCheckStep: 79, TheoryFullCheckStep: 5 }",42,1,11,6,5,41,0,1,4,0,8,18,21,0,0,0,0,0,0,0,0,0,0,0,0,0,0,0,12,0,0,0,0,0,0,0,0,0,0,0,0,0,0,0,0,0,0,0,0,0,0,0,0,0,9,0,0,0,0,0,0,0,26,4,1,0,4,0,4,0,0,1,5,7,0,3,0,0,2,0,2,0,0,1,4,0,0,1,0,{ ARITH_CONF_SIMPLEX: 4 },{  },"{ ARITH_BB_LEMMA: 1, ARITH_DIO_CUT: 2, ARITH_LIA_STAR_NONNEGATIVE: 1, ARITH_LIA_STAR_SPLIT: 1, ARITH_SPLIT_DEQ: 1 }",21,0,0,6,0,2,0,0,0,0,0,0,0,0,0,0,0,0,0,0,0,1,1,0,0,0,0,0,0,0,0,0,2,0,0,0,0,0,0,0,0,0,14,{  },{  },{  },0,0,0,0,0,0,0,1,0,2,0,0,0,0,0.0,4,0,14,0,0,0,0,19,4,3,0,5,0,0,0,0,0,0,0,0,0,0,0,0,0,0,0,0,0,0,0,0,0,0,0,0,0,0,0,0,0,0,0,0,0,0,0,0,0,0,0,0,0,0,0,0,0,0,nan,nan,nan,0,0,0,0,0,2,{  },{  },{  },0,0,0,0,0,0,0,2,0,0,0,0,0,0,0,0,0,0,0,0,0,0,2,0,0,0,0,0,0,0,0,0,0,0,0,2,{  },{  },{  },0,0,0,{  },0,0,0,0,0,{  },{  },{  },0,0,0,0,0,0,0,0,{  },{  },{  },0,0,10,0,0,0,0,5,0,0,2,0,0,0,0,0,0,0,2,{  },{  },{  },0,0,0,0,0,0,0,0,0,0,0,2,{  },{  },{  },0,0,0,0,0,0,0,0,0,0,0,2,{  },{  },{  },0,0,0,0,0,0,0,0,0,0,0,0,0,0,0,0,0,0,2,{  },{  },{  },0,0,0,0,0,0,1,11,16,0,0,0,{  },{  },{  },0,0,0,0,0,0,0,0,0,0,0,2,{  },{  },{  },0,0,0,0,0,0,0,0,0,0,0,2,{  },{  },{  },0,0,0,0,0,0,{  },1,0,0,0,0,0,0,0,0,0,2,{  },{  },{  },0,0,0,{  },{  },{  },{  },1,0,0,0,0,0,0,0,0,2,{  },{  },{  },0,0,0,0,0,0,0,0,0,0,0,0
arith/cvc5_mapa/fol_0000048.smt2,sat,0.010,0,0,10,15,0,0,0,0,4,2,2,0,3,1,0,{  },0,0,0,0,0,0,0,0,0,0,4,1,12,1,0,0,1,11,17,{  },{  },{  },,9,0,0,0,0,0,0,0,0,0,0,0,0,0,0,0,0,0,0,0,0,0,0,0,0,0,0,0,0,0,0,0,0,0,0,0,0,0,0,0,0,0,0,0,0,0,0,0,0,0,31,17,1830,1830,"{ ARITH_BB_LEMMA: 1, ARITH_CONF_SIMPLEX: 1, ARITH_DIO_CUT: 1, ARITH_LIA_STAR_NONNEGATIVE: 1, ARITH_LIA_STAR_SPLIT: 1 }","{ ArithPivotStep: 20, BvSatStep: 1, CnfStep: 40, DecisionStep: 12, LemmaStep: 3, PreprocessStep: 26, RewriteStep: 1643, SatConflictStep: 14, TheoryCheckStep: 62, TheoryFullCheckStep: 4 }",27,0,8,0,0,36,0,1,0,0,8,18,22,0,0,0,0,0,0,0,0,0,0,0,0,0,0,0,13,0,0,0,0,0,0,0,0,0,0,0,0,0,0,0,0,0,0,0,0,0,0,0,0,0,10,0,0,0,0,0,0,0,26,3,1,0,1,0,4,0,0,1,5,8,0,2,0,0,1,0,1,0,0,0,1,0,0,1,0,{ ARITH_CONF_SIMPLEX: 1 },{  },"{ ARITH_BB_LEMMA: 1, ARITH_DIO_CUT: 1, ARITH_LIA_STAR_NONNEGATIVE: 1, ARITH_LIA_STAR_SPLIT: 1 }",29,0,0,4,0,2,0,0,0,0,0,0,0,0,0,0,0,0,0,0,0,1,1,0,0,0,0,0,0,0,0,0,2,0,0,0,0,0,0,0,0,0,13,{  },{  },{  },0,0,0,0,0,0,0,1,0,3,0,0,0,0,0.0,1,0,12,0,0,0,0,15,1,1,0,2,0,0,0,0,0,0,0,0,0,0,0,0,0,0,0,0,0,0,0,0,0,0,0,0,0,0,0,0,0,0,0,0,0,0,0,0,0,0,0,0,0,0,0,0,0,0,nan,nan,nan,0,0,0,0,0,2,{  },{  },{  },0,0,0,0,0,0,0,2,0,0,0,0,0,0,0,0,0,0,0,0,0,0,2,0,0,0,0,0,0,0,0,0,0,0,0,2,{  },{  },{  },0,0,0,{  },0,0,0,0,0,{  },{  },{  },0,0,0,0,0,0,0,0,{  },{  },{  },0,0,10,0,0,0,0,4,0,0,2,0,0,0,0,0,0,0,2,{  },{  },{  },0,0,0,0,0,0,0,0,0,0,0,2,{  },{  },{  },0,0,0,0,0,0,0,0,0,0,0,2,{  },{  },{  },0,0,0,0,0,0,0,0,0,0,0,0,0,0,0,0,0,0,2,{  },{  },{  },0,0,0,0,0,0,1,11,17,0,0,0,{  },{  },{  },0,0,0,0,0,0,0,0,0,0,0,2,{  },{  },{  },0,0,0,0,0,0,0,0,0,0,0,2,{  },{  },{  },0,0,0,0,0,0,{  },1,0,0,0,0,0,0,0,0,0,2,{  },{  },{  },0,0,0,{  },{  },{  },{  },1,0,0,0,0,0,0,0,0,2,{  },{  },{  },0,0,0,0,0,0,0,0,0,0,0,0
arith/cvc5_mapa/fol_0000049.smt2,sat,0.010,0,0,11,18,0,0,0,0,11,2,2,1,5,8,0,{  },0,0,0,0,0,0,0,0,0,0,5,1,15,1,0,0,1,12,17,{  },{  },{  },,10,0,0,0,0,0,0,0,0,0,0,0,0,0,0,0,0,0,0,0,0,0,0,0,0,0,0,0,0,0,0,0,0,0,0,0,0,0,0,0,0,0,0,0,0,0,0,0,0,0,35,20,2212,2212,"{ ARITH_BB_LEMMA: 1, ARITH_CONF_SIMPLEX: 6, ARITH_DIO_CUT: 2, ARITH_LIA_STAR_NONNEGATIVE: 1, ARITH_LIA_STAR_SPLIT: 1, ARITH_SPLIT_DEQ: 1 }","{ ArithPivotStep: 33, BvSatStep: 1, CnfStep: 48, DecisionStep: 17, LemmaStep: 9, PreprocessStep: 29, RewriteStep: 1957, SatConflictStep: 19, TheoryCheckStep: 82, TheoryFullCheckStep: 5 }",48,2,12,10,10,50,0,1,8,0,8,18,21,0,0,0,0,0,0,0,0,0,0,0,0,0,0,0,15,0,0,0,0,0,0,0,0,0,0,0,0,0,0,0,0,0,0,0,0,0,0,0,0,0,11,0,0,0,0,0,0,0,33,5,1,0,6,0,5,0,0,1,5,9,0,3,0,0,2,0,2,0,0,0,6,0,0,1,0,{ ARITH_CONF_SIMPLEX: 6 },{  },"{ ARITH_BB_LEMMA: 1, ARITH_DIO_CUT: 2, ARITH_LIA_STAR_NONNEGATIVE: 1, ARITH_LIA_STAR_SPLIT: 1, ARITH_SPLIT_DEQ: 1 }",37,0,0,6,0,2,0,0,0,0,0,0,0,0,0,0,0,0,0,0,0,1,1,0,0,0,0,0,0,0,0,0,2,0,0,0,0,0,0,0,0,0,21,{  },{  },{  },0,0,0,0,0,0,0,1,0,2,0,0,0,0,0.0,6,0,15,0,0,0,0,29,6,6,0,8,0,0,0,0,0,0,0,0,0,0,0,0,0,0,0,0,0,0,0,0,0,0,0,0,0,0,0,0,0,0,0,0,0,0,0,0,0,0,0,0,0,0,0,0,0,0,nan,nan,nan,0,0,0,0,0,2,{  },{  },{  },0,0,0,0,0,0,0,2,0,0,0,0,0,0,0,0,0,0,0,0,0,0,2,0,0,0,0,0,0,0,0,0,0,0,0,2,{  },{  },{  },0,0,0,{  },0,0,0,0,0,{  },{  },{  },0,0,0,0,0,0,0,0,{  },{  },{  },0,0,10,0,0,0,0,5,0,0,2,0,0,0,0,0,0,0,2,{  },{  },{  },0,0,0,0,0,0,0,0,0,0,0,2,{  },{  },{  },0,0,0,0,0,0,0,0,0,0,0,2,{  },{  },{  },0,0,0,0,0,0,0,0,0,0,0,0,0,0,0,0,0,0,2,{  },{  },{  },0,0,0,0,0,0,1,12,17,0,0,0,{  },{  },{  },0,0,0,0,0,0,0,0,0,0,0,2,{  },{  },{  },0,0,0,0,0,0,0,0,0,0,0,2,{  },{  },{  },0,0,0,0,0,0,{  },1,0,0,0,0,0,0,0,0,0,2,{  },{  },{  },0,0,0,{  },{  },{  },{  },1,0,0,0,0,0,0,0,0,2,{  },{  },{  },0,0,0,0,0,0,0,0,0,0,0,0
arith/cvc5_mapa/fol_0000050.smt2,sat,0.010,0,0,11,15,0,0,0,0,3,3,2,0,1,2,0,{  },0,0,0,0,0,0,0,0,0,0,2,1,11,1,0,0,2,15,21,{  },{  },{  },,9,0,0,0,0,0,0,0,0,0,0,0,0,0,0,0,0,0,0,0,0,0,0,0,0,0,0,0,0,0,0,0,0,0,0,0,0,0,0,0,0,0,0,0,0,0,0,0,0,0,30,17,1947,1947,"{ ARITH_CONF_SIMPLEX: 2, ARITH_LIA_STAR_NONNEGATIVE: 1, ARITH_LIA_STAR_SPLIT: 1 }","{ ArithPivotStep: 11, BvSatStep: 1, CnfStep: 38, DecisionStep: 11, LemmaStep: 3, PreprocessStep: 26, RewriteStep: 1800, SatConflictStep: 13, TheoryCheckStep: 38, TheoryFullCheckStep: 2 }",33,0,9,0,0,40,0,1,0,0,9,23,22,0,0,0,0,0,0,0,0,0,0,0,0,0,0,0,16,0,0,0,0,0,0,0,0,0,0,0,0,0,0,0,0,0,0,0,0,0,0,0,0,0,11,0,0,0,0,0,0,0,29,1,0,0,2,0,3,0,0,2,9,11,0,0,0,0,0,0,0,0,0,0,2,0,0,0,0,{ ARITH_CONF_SIMPLEX: 2 },{  },"{ ARITH_LIA_STAR_NONNEGATIVE: 1, ARITH_LIA_STAR_SPLIT: 1 }",29,0,0,2,0,2,0,0,0,0,0,0,0,0,0,0,0,0,0,0,0,1,1,0,0,0,0,0,0,0,0,0,2,0,0,0,0,0,0,0,0,0,8,{  },{  },{  },0,0,0,0,0,0,0,0,0,1,0,0,0,0,0.0,2,0,11,0,0,0,0,11,2,2,0,4,0,0,0,0,0,0,0,0,0,0,0,0,0,0,0,0,0,0,0,0,0,0,0,0,0,0,0,0,0,0,0,0,0,0,0,0,0,0,0,0,0,0,0,0,0,0,nan,nan,nan,0,0,0,0,0,2,{  },{  },{  },0,0,0,0,0,0,0,2,0,0,0,0,0,0,0,0,0,0,0,0,0,0,2,0,0,0,0,0,0,0,0,0,0,0,0,2,{  },{  },{  },0,0,0,{  },0,0,0,0,0,{  },{  },{  },0,0,0,0,0,0,0,0,{  },{  },{  },0,0,12,0,0,0,0,2,0,0,2,0,0,0,0,0,0,0,2,{  },{  },{  },0,0,0,0,0,0,0,0,0,0,0,2,{  },{  },{  },0,0,0,0,0,0,0,0,0,0,0,2,{  },{  },{  },0,0,0,0,0,0,0,0,0,0,0,0,0,0,0,0,0,0,2,{  },{  },{  },0,0,0,0,0,0,2,15,21,0,0,0,{  },{  },{  },0,0,0,0,0,0,0,0,0,0,0,2,{  },{  },{  },0,0,0,0,0,0,0,0,0,0,0,2,{  },{  },{  },0,0,0,0,0,0,{  },1,0,0,0,0,0,0,0,0,0,2,{  },{  },{  },0,0,0,{  },{  },{  },{  },1,0,0,0,0,0,0,0,0,2,{  },{  },{  },0,0,0,0,0,0,0,0,0,0,0,0
arith/cvc5_mapa/fol_0000051.smt2,sat,0.011,0,0,10,15,0,0,0,0,2,2,2,0,1,1,0,{  },0,0,0,0,0,0,0,0,0,0,2,1,8,1,0,0,2,11,17,{  },{  },{  },,10,0,0,0,0,0,0,0,0,0,0,0,0,0,0,0,0,0,0,0,0,0,0,0,0,0,0,0,0,0,0,0,0,0,0,0,0,0,0,0,0,0,0,0,0,0,0,0,0,0,27,17,1628,1628,"{ ARITH_CONF_SIMPLEX: 1, ARITH_LIA_STAR_NONNEGATIVE: 1, ARITH_LIA_STAR_SPLIT: 1 }","{ ArithPivotStep: 18, BvSatStep: 1, CnfStep: 37, DecisionStep: 8, LemmaStep: 2, PreprocessStep: 26, RewriteStep: 1487, SatConflictStep: 10, TheoryCheckStep: 34, TheoryFullCheckStep: 2 }",24,0,6,0,0,32,0,1,0,0,7,15,19,0,0,0,0,0,0,0,0,0,0,0,0,0,0,0,13,0,0,0,0,0,0,0,0,0,0,0,0,0,0,0,0,0,0,0,0,0,0,0,0,0,10,0,0,0,0,0,0,0,24,1,0,0,1,0,3,0,0,2,5,8,0,0,0,0,0,0,0,0,0,4,1,0,0,0,0,{ ARITH_CONF_SIMPLEX: 1 },{  },"{ ARITH_LIA_STAR_NONNEGATIVE: 1, ARITH_LIA_STAR_SPLIT: 1 }",29,0,0,2,0,2,0,0,0,0,0,0,0,0,0,0,0,0,0,0,0,1,1,0,0,0,0,0,0,0,0,0,2,0,0,0,0,0,0,0,0,0,11,{  },{  },{  },0,0,0,0,0,0,0,0,0,1,0,0,0,0,0.0,1,0,8,0,0,0,0,13,1,1,0,1,0,0,0,0,0,0,0,0,0,0,0,0,0,0,0,0,0,0,0,0,0,0,0,0,0,0,0,0,0,0,0,0,0,0,0,0,0,0,0,0,0,0,0,0,0,0,nan,nan,nan,0,0,0,0,0,2,{  },{  },{  },0,0,0,0,0,0,0,2,0,0,0,0,0,0,0,0,0,0,0,0,0,0,2,0,0,0,0,0,0,0,0,0,0,0,0,2,{  },{  },{  },0,0,0,{  },0,0,0,0,0,{  },{  },{  },0,0,0,0,0,0,0,0,{  },{  },{  },0,0,8,0,0,0,0,2,0,0,2,0,0,0,0,0,0,0,2,{  },{  },{  },0,0,0,0,0,0,0,0,0,0,0,2,{  },{  },{  },0,0,0,0,0,0,0,0,0,0,0,2,{  },{  },{  },0,0,0,0,0,0,0,0,0,0,0,0,0,0,0,0,0,0,2,{  },{  },{  },0,0,0,0,0,0,2,11,17,0,0,0,{  },{  },{  },0,0,0,0,0,0,0,0,0,0,0,2,{  },{  },{  },0,0,0,0,0,0,0,0,0,0,0,2,{  },{  },{  },0,0,0,0,0,0,{  },1,0,0,0,0,0,0,0,0,0,2,{  },{  },{  },0,0,0,{  },{  },{  },{  },1,0,0,0,0,0,0,0,0,2,{  },{  },{  },0,0,0,0,0,0,0,0,0,0,0,0
arith/cvc5_mapa/fol_0000052.smt2,sat,0.010,0,0,10,15,0,0,0,0,4,2,2,0,3,1,0,{  },0,0,0,0,0,0,0,0,0,0,4,1,11,1,0,0,2,12,19,{  },{  },{  },,9,0,0,0,0,0,0,0,0,0,0,0,0,0,0,0,0,0,0,0,0,0,0,0,0,0,0,0,0,0,0,0,0,0,0,0,0,0,0,0,0,0,0,0,0,0,0,0,0,0,31,17,1831,1831,"{ ARITH_BB_LEMMA: 1, ARITH_CONF_SIMPLEX: 1, ARITH_DIO_CUT: 1, ARITH_LIA_STAR_NONNEGATIVE: 1, ARITH_LIA_STAR_SPLIT: 1 }","{ ArithPivotStep: 25, BvSatStep: 1, CnfStep: 39, DecisionStep: 12, LemmaStep: 3, PreprocessStep: 26, RewriteStep: 1641, SatConflictStep: 14, TheoryCheckStep: 61, TheoryFullCheckStep: 4 }",27,0,8,0,0,35,0,1,0,0,8,17,22,0,0,0,0,0,0,0,0,0,0,0,0,0,0,0,14,0,0,0,0,0,0,0,0,0,0,0,0,0,0,0,0,0,0,0,0,0,0,0,0,0,10,0,0,0,0,0,0,0,26,2,1,0,1,0,4,0,0,2,5,9,0,2,0,0,1,0,1,0,0,1,1,0,0,1,0,{ ARITH_CONF_SIMPLEX: 1 },{  },"{ ARITH_BB_LEMMA: 1, ARITH_DIO_CUT: 1, ARITH_LIA_STAR_NONNEGATIVE: 1, ARITH_LIA_STAR_SPLIT: 1 }",29,0,0,4,0,2,0,0,0,0,0,0,0,0,0,0,0,0,0,0,0,1,1,0,0,0,0,0,0,0,0,0,2,0,0,0,0,0,0,0,0,0,15,{  },{  },{  },0,0,0,0,0,0,0,1,0,2,0,0,0,0,0.0,1,0,11,0,0,0,0,17,1,1,0,2,0,0,0,0,0,0,0,0,0,0,0,0,0,0,0,0,0,0,0,0,0,0,0,0,0,0,0,0,0,0,0,0,0,0,0,0,0,0,0,0,0,0,0,0,0,0,nan,nan,nan,0,0,0,0,0,2,{  },{  },{  },0,0,0,0,0,0,0,2,0,0,0,0,0,0,0,0,0,0,0,0,0,0,2,0,0,0,0,0,0,0,0,0,0,0,0,2,{  },{  },{  },0,0,0,{  },0,0,0,0,0,{  },{  },{  },0,0,0,0,0,0,0,0,{  },{  },{  },0,0,9,0,0,0,0,4,0,0,2,0,0,0,0,0,0,0,2,{  },{  },{  },0,0,0,0,0,0,0,0,0,0,0,2,{  },{  },{  },0,0,0,0,0,0,0,0,0,0,0,2,{  },{  },{  },0,0,0,0,0,0,0,0,0,0,0,0,0,0,0,0,0,0,2,{  },{  },{  },0,0,0,0,0,0,2,12,19,0,0,0,{  },{  },{  },0,0,0,0,0,0,0,0,0,0,0,2,{  },{  },{  },0,0,0,0,0,0,0,0,0,0,0,2,{  },{  },{  },0,0,0,0,0,0,{  },1,0,0,0,0,0,0,0,0,0,2,{  },{  },{  },0,0,0,{  },{  },{  },{  },1,0,0,0,0,0,0,0,0,2,{  },{  },{  },0,0,0,0,0,0,0,0,0,0,0,0
arith/cvc5_mapa/fol_0000053.smt2,sat,0.010,0,0,10,16,0,0,0,0,9,2,2,1,3,7,0,{  },0,0,0,0,0,0,0,0,0,0,5,1,13,1,0,0,1,11,16,{  },{  },{  },,9,0,0,0,0,0,0,0,0,0,0,0,0,0,0,0,0,0,0,0,0,0,0,0,0,0,0,0,0,0,0,0,0,0,0,0,0,0,0,0,0,0,0,0,0,0,0,0,0,0,32,17,1979,1979,"{ ARITH_BB_LEMMA: 1, ARITH_CONF_SIMPLEX: 4, ARITH_DIO_CUT: 2, ARITH_LIA_STAR_NONNEGATIVE: 1, ARITH_LIA_STAR_SPLIT: 1, ARITH_ROW_IMPL: 1 }","{ ArithPivotStep: 22, BvSatStep: 1, CnfStep: 44, DecisionStep: 14, LemmaStep: 6, PreprocessStep: 26, RewriteStep: 1758, SatConflictStep: 16, TheoryCheckStep: 77, TheoryFullCheckStep: 5 }",38,0,9,0,0,42,0,1,0,0,8,18,21,0,0,0,0,0,0,0,0,0,0,0,0,0,0,0,13,0,0,0,0,0,0,0,0,0,0,0,0,0,0,0,0,0,0,0,0,0,0,0,0,0,10,0,0,0,0,0,0,0,29,6,1,0,4,0,4,0,0,1,5,7,0,3,0,0,2,0,2,0,0,0,4,0,0,1,0,{ ARITH_CONF_SIMPLEX: 4 },{  },"{ ARITH_BB_LEMMA: 1, ARITH_DIO_CUT: 2, ARITH_LIA_STAR_NONNEGATIVE: 1, ARITH_LIA_STAR_SPLIT: 1, ARITH_ROW_IMPL: 1 }",29,0,0,6,0,2,0,0,0,0,0,0,0,0,0,0,0,0,0,0,0,1,1,0,0,0,0,0,0,0,0,0,2,0,0,0,0,0,0,0,0,0,15,{  },{  },{  },0,0,0,0,0,0,0,1,0,4,0,0,0,0,0.0,3,0,13,0,0,0,0,20,4,4,0,7,0,0,0,0,0,0,0,0,0,0,0,0,0,0,0,0,0,0,0,0,0,0,0,0,0,0,0,0,0,0,0,0,0,0,0,0,0,0,0,0,0,0,0,0,0,0,nan,nan,nan,0,0,0,0,0,2,{  },{  },{  },0,0,0,0,0,0,0,2,0,0,0,0,0,0,0,0,0,0,0,0,0,0,2,0,0,0,0,0,0,0,0,0,0,0,0,2,{  },{  },{  },0,0,0,{  },0,0,0,0,0,{  },{  },{  },0,0,0,0,0,0,0,0,{  },{  },{  },0,0,10,0,0,0,0,5,0,0,2,0,0,0,0,0,0,0,2,{  },{  },{  },0,0,0,0,0,0,0,0,0,0,0,2,{  },{  },{  },0,0,0,0,0,0,0,0,0,0,0,2,{  },{  },{  },0,0,0,0,0,0,0,0,0,0,0,0,0,0,0,0,0,0,2,{  },{  },{  },0,0,0,0,0,0,1,11,16,0,0,0,{  },{  },{  },0,0,0,0,0,0,0,0,0,0,0,2,{  },{  },{  },0,0,0,0,0,0,0,0,0,0,0,2,{  },{  },{  },0,0,0,0,0,0,{  },1,0,0,0,0,0,0,0,0,0,2,{  },{  },{  },0,0,0,{  },{  },{  },{  },1,0,0,0,0,0,0,0,0,2,{  },{  },{  },0,0,0,0,0,0,0,0,0,0,0,0
arith/cvc5_mapa/fol_0000054.smt2,sat,0.010,0,0,10,17,0,0,0,0,10,2,2,1,4,6,0,{  },0,0,0,0,0,0,0,0,0,0,5,1,14,1,0,0,1,12,17,{  },{  },{  },,9,0,0,0,0,0,0,0,0,0,0,0,0,0,0,0,0,0,0,0,0,0,0,0,0,0,0,0,0,0,0,0,0,0,0,0,0,0,0,0,0,0,0,0,0,0,0,0,0,0,32,17,2058,2058,"{ ARITH_BB_LEMMA: 1, ARITH_CONF_SIMPLEX: 5, ARITH_DIO_CUT: 2, ARITH_LIA_STAR_NONNEGATIVE: 1, ARITH_LIA_STAR_SPLIT: 1, ARITH_SPLIT_DEQ: 1 }","{ ArithPivotStep: 25, BvSatStep: 1, CnfStep: 44, DecisionStep: 16, LemmaStep: 8, PreprocessStep: 26, RewriteStep: 1824, SatConflictStep: 18, TheoryCheckStep: 80, TheoryFullCheckStep: 5 }",44,1,11,4,5,44,0,1,4,0,8,18,21,0,0,0,0,0,0,0,0,0,0,0,0,0,0,0,14,0,0,0,0,0,0,0,0,0,0,0,0,0,0,0,0,0,0,0,0,0,0,0,0,0,10,0,0,0,0,0,0,0,29,4,1,0,5,0,5,0,0,1,5,8,0,3,0,0,2,0,2,0,0,1,5,0,0,1,0,{ ARITH_CONF_SIMPLEX: 5 },{  },"{ ARITH_BB_LEMMA: 1, ARITH_DIO_CUT: 2, ARITH_LIA_STAR_NONNEGATIVE: 1, ARITH_LIA_STAR_SPLIT: 1, ARITH_SPLIT_DEQ: 1 }",29,0,0,6,0,2,0,0,0,0,0,0,0,0,0,0,0,0,0,0,0,1,1,0,0,0,0,0,0,0,0,0,2,0,0,0,0,0,0,0,0,0,17,{  },{  },{  },0,0,0,0,0,0,0,1,0,2,0,0,0,0,0.0,5,0,14,0,0,0,0,24,5,3,0,5,0,0,0,0,0,0,0,0,0,0,0,0,0,0,0,0,0,0,0,0,0,0,0,0,0,0,0,0,0,0,0,0,0,0,0,0,0,0,0,0,0,0,0,0,0,0,nan,nan,nan,0,0,0,0,0,2,{  },{  },{  },0,0,0,0,0,0,0,2,0,0,0,0,0,0,0,0,0,0,0,0,0,0,2,0,0,0,0,0,0,0,0,0,0,0,0,2,{  },{  },{  },0,0,0,{  },0,0,0,0,0,{  },{  },{  },0,0,0,0,0,0,0,0,{  },{  },{  },0,0,10,0,0,0,0,5,0,0,2,0,0,0,0,0,0,0,2,{  },{  },{  },0,0,0,0,0,0,0,0,0,0,0,2,{  },{  },{  },0,0,0,0,0,0,0,0,0,0,0,2,{  },{  },{  },0,0,0,0,0,0,0,0,0,0,0,0,0,0,0,0,0,0,2,{  },{  },{  },0,0,0,0,0,0,1,12,17,0,0,0,{  },{  },{  },0,0,0,0,0,0,0,0,0,0,0,2,{  },{  },{  },0,0,0,0,0,0,0,0,0,0,0,2,{  },{  },{  },0,0,0,0,0,0,{  },1,0,0,0,0,0,0,0,0,0,2,{  },{  },{  },0,0,0,{  },{  },{  },{  },1,0,0,0,0,0,0,0,0,2,{  },{  },{  },0,0,0,0,0,0,0,0,0,0,0,0
arith/cvc5_mapa/fol_0000056.smt2,sat,0.009,0,0,8,13,0,0,0,0,4,1,2,0,3,1,0,{  },0,0,0,0,0,0,0,0,0,0,4,1,8,1,0,0,0,5,10,{  },{  },{  },,8,0,0,0,0,0,0,0,0,0,0,0,0,0,0,0,0,0,0,0,0,0,0,0,0,0,0,0,0,0,0,0,0,0,0,0,0,0,0,0,0,0,0,0,0,0,0,0,0,0,25,15,1470,1470,"{ ARITH_BB_LEMMA: 1, ARITH_CONF_SIMPLEX: 1, ARITH_DIO_CUT: 1, ARITH_LIA_STAR_NONNEGATIVE: 1, ARITH_LIA_STAR_SPLIT: 1 }","{ ArithPivotStep: 12, BvSatStep: 1, CnfStep: 35, DecisionStep: 9, LemmaStep: 3, PreprocessStep: 25, RewriteStep: 1307, SatConflictStep: 11, TheoryCheckStep: 58, TheoryFullCheckStep: 4 }",19,0,5,0,0,27,0,1,0,0,5,9,15,0,0,0,0,0,0,0,0,0,0,0,0,0,0,0,10,0,0,0,0,0,0,0,0,0,0,0,0,0,0,0,0,0,0,0,0,0,0,0,0,0,8,0,0,0,0,0,0,0,20,2,0,0,1,0,2,0,0,0,2,6,0,2,0,0,1,0,1,0,0,0,1,0,0,1,0,{ ARITH_CONF_SIMPLEX: 1 },{  },"{ ARITH_BB_LEMMA: 1, ARITH_DIO_CUT: 1, ARITH_LIA_STAR_NONNEGATIVE: 1, ARITH_LIA_STAR_SPLIT: 1 }",24,0,0,4,0,2,0,0,0,0,0,0,0,0,0,0,0,0,0,0,0,1,1,0,0,0,0,0,0,0,0,0,2,0,0,0,0,0,0,0,0,0,7,{  },{  },{  },0,0,0,0,0,0,0,1,0,2,0,0,0,0,0.0,1,0,8,0,0,0,0,8,1,1,0,1,0,0,0,0,0,0,0,0,0,0,0,0,0,0,0,0,0,0,0,0,0,0,0,0,0,0,0,0,0,0,0,0,0,0,0,0,0,0,0,0,0,0,0,0,0,0,nan,nan,nan,0,0,0,0,0,2,{  },{  },{  },0,0,0,0,0,0,0,2,0,0,0,0,0,0,0,0,0,0,0,0,0,0,2,0,0,0,0,0,0,0,0,0,0,0,0,2,{  },{  },{  },0,0,0,{  },0,0,0,0,0,{  },{  },{  },0,0,0,0,0,0,0,0,{  },{  },{  },0,0,5,0,0,0,0,4,0,0,2,0,0,0,0,0,0,0,2,{  },{  },{  },0,0,0,0,0,0,0,0,0,0,0,2,{  },{  },{  },0,0,0,0,0,0,0,0,0,0,0,2,{  },{  },{  },0,0,0,0,0,0,0,0,0,0,0,0,0,0,0,0,0,0,2,{  },{  },{  },0,0,0,0,0,0,0,5,10,0,0,0,{  },{  },{  },0,0,0,0,0,0,0,0,0,0,0,2,{  },{  },{  },0,0,0,0,0,0,0,0,0,0,0,2,{  },{  },{  },0,0,0,0,0,0,{  },1,0,0,0,0,0,0,0,0,0,2,{  },{  },{  },0,0,0,{  },{  },{  },{  },1,0,0,0,0,0,0,0,0,2,{  },{  },{  },0,0,0,0,0,0,0,0,0,0,0,0
arith/cvc5_mapa/fol_0000057.smt2,sat,0.009,0,0,9,15,0,0,0,0,2,2,2,0,1,1,0,{  },0,0,0,0,0,0,0,0,0,0,2,1,8,1,0,0,2,11,17,{  },{  },{  },,8,0,0,0,0,0,0,0,0,0,0,0,0,0,0,0,0,0,0,0,0,0,0,0,0,0,0,0,0,0,0,0,0,0,0,0,0,0,0,0,0,0,0,0,0,0,0,0,0,0,24,14,1511,1511,"{ ARITH_CONF_SIMPLEX: 1, ARITH_LIA_STAR_NONNEGATIVE: 1, ARITH_LIA_STAR_SPLIT: 1 }","{ ArithPivotStep: 16, BvSatStep: 1, CnfStep: 32, DecisionStep: 8, LemmaStep: 2, PreprocessStep: 23, RewriteStep: 1380, SatConflictStep: 10, TheoryCheckStep: 34, TheoryFullCheckStep: 2 }",24,0,6,0,0,29,0,1,0,0,7,15,19,0,0,0,0,0,0,0,0,0,0,0,0,0,0,0,11,0,0,0,0,0,0,0,0,0,0,0,0,0,0,0,0,0,0,0,0,0,0,0,0,0,9,0,0,0,0,0,0,0,21,1,0,0,1,0,3,0,0,2,5,7,0,0,0,0,0,0,0,0,0,4,1,0,0,0,0,{ ARITH_CONF_SIMPLEX: 1 },{  },"{ ARITH_LIA_STAR_NONNEGATIVE: 1, ARITH_LIA_STAR_SPLIT: 1 }",21,0,0,2,0,2,0,0,0,0,0,0,0,0,0,0,0,0,0,0,0,1,1,0,0,0,0,0,0,0,0,0,2,0,0,0,0,0,0,0,0,0,10,{  },{  },{  },0,0,0,0,0,0,0,0,0,1,0,0,0,0,0.0,1,0,8,0,0,0,0,12,1,1,0,1,0,0,0,0,0,0,0,0,0,0,0,0,0,0,0,0,0,0,0,0,0,0,0,0,0,0,0,0,0,0,0,0,0,0,0,0,0,0,0,0,0,0,0,0,0,0,nan,nan,nan,0,0,0,0,0,2,{  },{  },{  },0,0,0,0,0,0,0,2,0,0,0,0,0,0,0,0,0,0,0,0,0,0,2,0,0,0,0,0,0,0,0,0,0,0,0,2,{  },{  },{  },0,0,0,{  },0,0,0,0,0,{  },{  },{  },0,0,0,0,0,0,0,0,{  },{  },{  },0,0,8,0,0,0,0,2,0,0,2,0,0,0,0,0,0,0,2,{  },{  },{  },0,0,0,0,0,0,0,0,0,0,0,2,{  },{  },{  },0,0,0,0,0,0,0,0,0,0,0,2,{  },{  },{  },0,0,0,0,0,0,0,0,0,0,0,0,0,0,0,0,0,0,2,{  },{  },{  },0,0,0,0,0,0,2,11,17,0,0,0,{  },{  },{  },0,0,0,0,0,0,0,0,0,0,0,2,{  },{  },{  },0,0,0,0,0,0,0,0,0,0,0,2,{  },{  },{  },0,0,0,0,0,0,{  },1,0,0,0,0,0,0,0,0,0,2,{  },{  },{  },0,0,0,{  },{  },{  },{  },1,0,0,0,0,0,0,0,0,2,{  },{  },{  },0,0,0,0,0,0,0,0,0,0,0,0
arith/cvc5_mapa/fol_0000062.smt2,sat,0.009,0,0,9,16,0,0,0,0,9,2,2,1,3,6,0,{  },0,0,0,0,0,0,0,0,0,0,4,1,13,1,0,0,1,11,16,{  },{  },{  },,8,0,0,0,0,0,0,0,0,0,0,0,0,0,0,0,0,0,0,0,0,0,0,0,0,0,0,0,0,0,0,0,0,0,0,0,0,0,0,0,0,0,0,0,0,0,0,0,0,0,28,14,1878,1878,"{ ARITH_BB_LEMMA: 1, ARITH_CONF_SIMPLEX: 5, ARITH_DIO_CUT: 1, ARITH_LIA_STAR_NONNEGATIVE: 1, ARITH_LIA_STAR_SPLIT: 1, ARITH_SPLIT_DEQ: 1 }","{ ArithPivotStep: 21, BvSatStep: 1, CnfStep: 39, DecisionStep: 14, LemmaStep: 8, PreprocessStep: 23, RewriteStep: 1675, SatConflictStep: 16, TheoryCheckStep: 67, TheoryFullCheckStep: 4 }",44,1,10,4,5,40,0,1,4,0,8,18,21,0,0,0,0,0,0,0,0,0,0,0,0,0,0,0,11,0,0,0,0,0,0,0,0,0,0,0,0,0,0,0,0,0,0,0,0,0,0,0,0,0,9,0,0,0,0,0,0,0,25,4,1,0,5,0,4,0,0,1,5,7,0,2,0,0,1,0,1,0,0,0,5,0,0,1,0,{ ARITH_CONF_SIMPLEX: 5 },{  },"{ ARITH_BB_LEMMA: 1, ARITH_DIO_CUT: 1, ARITH_LIA_STAR_NONNEGATIVE: 1, ARITH_LIA_STAR_SPLIT: 1, ARITH_SPLIT_DEQ: 1 }",21,0,0,5,0,2,0,0,0,0,0,0,0,0,0,0,0,0,0,0,0,1,1,0,0,0,0,0,0,0,0,0,2,0,0,0,0,0,0,0,0,0,15,{  },{  },{  },0,0,0,0,0,0,0,1,0,2,0,0,0,0,0.0,5,0,13,0,0,0,0,22,5,4,0,5,0,0,0,0,0,0,0,0,0,0,0,0,0,0,0,0,0,0,0,0,0,0,0,0,0,0,0,0,0,0,0,0,0,0,0,0,0,0,0,0,0,0,0,0,0,0,nan,nan,nan,0,0,0,0,0,2,{  },{  },{  },0,0,0,0,0,0,0,2,0,0,0,0,0,0,0,0,0,0,0,0,0,0,2,0,0,0,0,0,0,0,0,0,0,0,0,2,{  },{  },{  },0,0,0,{  },0,0,0,0,0,{  },{  },{  },0,0,0,0,0,0,0,0,{  },{  },{  },0,0,10,0,0,0,0,4,0,0,2,0,0,0,0,0,0,0,2,{  },{  },{  },0,0,0,0,0,0,0,0,0,0,0,2,{  },{  },{  },0,0,0,0,0,0,0,0,0,0,0,2,{  },{  },{  },0,0,0,0,0,0,0,0,0,0,0,0,0,0,0,0,0,0,2,{  },{  },{  },0,0,0,0,0,0,1,11,16,0,0,0,{  },{  },{  },0,0,0,0,0,0,0,0,0,0,0,2,{  },{  },{  },0,0,0,0,0,0,0,0,0,0,0,2,{  },{  },{  },0,0,0,0,0,0,{  },1,0,0,0,0,0,0,0,0,0,2,{  },{  },{  },0,0,0,{  },{  },{  },{  },1,0,0,0,0,0,0,0,0,2,{  },{  },{  },0,0,0,0,0,0,0,0,0,0,0,0
arith/cvc5_mapa/fol_0000069.smt2,sat,0.009,0,0,10,17,0,0,0,0,2,2,2,0,1,1,0,{  },0,0,0,0,0,0,0,0,0,0,2,1,8,1,0,0,1,10,15,{  },{  },{  },,8,0,0,0,0,0,0,0,0,0,0,0,0,0,0,0,0,0,0,0,0,0,0,0,0,0,0,0,0,0,0,0,0,0,0,0,0,0,0,0,0,0,0,0,0,0,0,0,0,0,26,16,1585,1585,"{ ARITH_CONF_SIMPLEX: 1, ARITH_LIA_STAR_NONNEGATIVE: 1, ARITH_LIA_STAR_SPLIT: 1 }","{ ArithPivotStep: 16, BvSatStep: 1, CnfStep: 34, DecisionStep: 8, LemmaStep: 2, PreprocessStep: 26, RewriteStep: 1449, SatConflictStep: 10, TheoryCheckStep: 34, TheoryFullCheckStep: 2 }",24,0,6,0,0,31,0,1,0,0,7,15,19,0,0,0,0,0,0,0,0,0,0,0,0,0,0,0,12,0,0,0,0,0,0,0,0,0,0,0,0,0,0,0,0,0,0,0,0,0,0,0,0,0,10,0,0,0,0,0,0,0,23,1,0,0,1,0,3,0,0,1,5,7,0,0,0,0,0,0,0,0,0,3,1,0,0,0,0,{ ARITH_CONF_SIMPLEX: 1 },{  },"{ ARITH_LIA_STAR_NONNEGATIVE: 1, ARITH_LIA_STAR_SPLIT: 1 }",25,0,0,2,0,2,0,0,0,0,0,0,0,0,0,0,0,0,0,0,0,1,1,0,0,0,0,0,0,0,0,0,2,0,0,0,0,0,0,0,0,0,10,{  },{  },{  },0,0,0,0,0,0,0,0,0,1,0,0,0,0,0.0,1,0,8,0,0,0,0,12,1,1,0,2,0,0,0,0,0,0,0,0,0,0,0,0,0,0,0,0,0,0,0,0,0,0,0,0,0,0,0,0,0,0,0,0,0,0,0,0,0,0,0,0,0,0,0,0,0,0,nan,nan,nan,0,0,0,0,0,2,{  },{  },{  },0,0,0,0,0,0,0,2,0,0,0,0,0,0,0,0,0,0,0,0,0,0,2,0,0,0,0,0,0,0,0,0,0,0,0,2,{  },{  },{  },0,0,0,{  },0,0,0,0,0,{  },{  },{  },0,0,0,0,0,0,0,0,{  },{  },{  },0,0,8,0,0,0,0,2,0,0,2,0,0,0,0,0,0,0,2,{  },{  },{  },0,0,0,0,0,0,0,0,0,0,0,2,{  },{  },{  },0,0,0,0,0,0,0,0,0,0,0,2,{  },{  },{  },0,0,0,0,0,0,0,0,0,0,0,0,0,0,0,0,0,0,2,{  },{  },{  },0,0,0,0,0,0,1,10,15,0,0,0,{  },{  },{  },0,0,0,0,0,0,0,0,0,0,0,2,{  },{  },{  },0,0,0,0,0,0,0,0,0,0,0,2,{  },{  },{  },0,0,0,0,0,0,{  },1,0,0,0,0,0,0,0,0,0,2,{  },{  },{  },0,0,0,{  },{  },{  },{  },1,0,0,0,0,0,0,0,0,2,{  },{  },{  },0,0,0,0,0,0,0,0,0,0,0,0
arith/cvc5_mapa/fol_0000071.smt2,sat,0.009,0,0,10,15,0,0,0,0,2,2,2,0,1,1,0,{  },0,0,0,0,0,0,0,0,0,0,2,1,8,1,0,0,1,10,15,{  },{  },{  },,8,0,0,0,0,0,0,0,0,0,0,0,0,0,0,0,0,0,0,0,0,0,0,0,0,0,0,0,0,0,0,0,0,0,0,0,0,0,0,0,0,0,0,0,0,0,0,0,0,0,26,16,1603,1603,"{ ARITH_CONF_SIMPLEX: 1, ARITH_LIA_STAR_NONNEGATIVE: 1, ARITH_LIA_STAR_SPLIT: 1 }","{ ArithPivotStep: 20, BvSatStep: 1, CnfStep: 36, DecisionStep: 8, LemmaStep: 2, PreprocessStep: 26, RewriteStep: 1461, SatConflictStep: 10, TheoryCheckStep: 34, TheoryFullCheckStep: 2 }",24,0,6,0,0,31,0,1,0,0,7,15,19,0,0,0,0,0,0,0,0,0,0,0,0,0,0,0,12,0,0,0,0,0,0,0,0,0,0,0,0,0,0,0,0,0,0,0,0,0,0,0,0,0,10,0,0,0,0,0,0,0,23,1,0,0,1,0,3,0,0,1,5,7,0,0,0,0,0,0,0,0,0,5,1,0,0,0,0,{ ARITH_CONF_SIMPLEX: 1 },{  },"{ ARITH_LIA_STAR_NONNEGATIVE: 1, ARITH_LIA_STAR_SPLIT: 1 }",25,0,0,2,0,2,0,0,0,0,0,0,0,0,0,0,0,0,0,0,0,1,1,0,0,0,0,0,0,0,0,0,2,0,0,0,0,0,0,0,0,0,12,{  },{  },{  },0,0,0,0,0,0,0,0,0,1,0,0,0,0,0.0,1,0,8,0,0,0,0,14,1,1,0,2,0,0,0,0,0,0,0,0,0,0,0,0,0,0,0,0,0,0,0,0,0,0,0,0,0,0,0,0,0,0,0,0,0,0,0,0,0,0,0,0,0,0,0,0,0,0,nan,nan,nan,0,0,0,0,0,2,{  },{  },{  },0,0,0,0,0,0,0,2,0,0,0,0,0,0,0,0,0,0,0,0,0,0,2,0,0,0,0,0,0,0,0,0,0,0,0,2,{  },{  },{  },0,0,0,{  },0,0,0,0,0,{  },{  },{  },0,0,0,0,0,0,0,0,{  },{  },{  },0,0,8,0,0,0,0,2,0,0,2,0,0,0,0,0,0,0,2,{  },{  },{  },0,0,0,0,0,0,0,0,0,0,0,2,{  },{  },{  },0,0,0,0,0,0,0,0,0,0,0,2,{  },{  },{  },0,0,0,0,0,0,0,0,0,0,0,0,0,0,0,0,0,0,2,{  },{  },{  },0,0,0,0,0,0,1,10,15,0,0,0,{  },{  },{  },0,0,0,0,0,0,0,0,0,0,0,2,{  },{  },{  },0,0,0,0,0,0,0,0,0,0,0,2,{  },{  },{  },0,0,0,0,0,0,{  },1,0,0,0,0,0,0,0,0,0,2,{  },{  },{  },0,0,0,{  },{  },{  },{  },1,0,0,0,0,0,0,0,0,2,{  },{  },{  },0,0,0,0,0,0,0,0,0,0,0,0
arith/cvc5_mapa/fol_0000072.smt2,sat,0.010,0,0,10,15,0,0,0,0,6,2,2,0,3,3,0,{  },0,0,0,0,0,0,0,0,0,0,4,1,11,1,0,0,1,11,16,{  },{  },{  },,9,0,0,0,0,0,0,0,0,0,0,0,0,0,0,0,0,0,0,0,0,0,0,0,0,0,0,0,0,0,0,0,0,0,0,0,0,0,0,0,0,0,0,0,0,0,0,0,0,0,30,16,1790,1790,"{ ARITH_BB_LEMMA: 1, ARITH_CONF_SIMPLEX: 3, ARITH_DIO_CUT: 1, ARITH_LIA_STAR_NONNEGATIVE: 1, ARITH_LIA_STAR_SPLIT: 1 }","{ ArithPivotStep: 28, BvSatStep: 1, CnfStep: 40, DecisionStep: 12, LemmaStep: 4, PreprocessStep: 26, RewriteStep: 1592, SatConflictStep: 14, TheoryCheckStep: 62, TheoryFullCheckStep: 4 }",31,0,8,0,0,35,0,1,0,0,8,17,21,0,0,0,0,0,0,0,0,0,0,0,0,0,0,0,12,0,0,0,0,0,0,0,0,0,0,0,0,0,0,0,0,0,0,0,0,0,0,0,0,0,10,0,0,0,0,0,0,0,25,3,1,0,3,0,4,0,0,1,5,7,0,2,0,0,1,0,1,0,0,3,3,0,0,1,0,{ ARITH_CONF_SIMPLEX: 3 },{  },"{ ARITH_BB_LEMMA: 1, ARITH_DIO_CUT: 1, ARITH_LIA_STAR_NONNEGATIVE: 1, ARITH_LIA_STAR_SPLIT: 1 }",25,0,0,4,0,2,0,0,0,0,0,0,0,0,0,0,0,0,0,0,0,1,1,0,0,0,0,0,0,0,0,0,2,0,0,0,0,0,0,0,0,0,17,{  },{  },{  },0,0,0,0,0,0,0,1,0,2,0,0,0,0,0.0,2,0,11,0,0,0,0,20,3,3,0,4,0,0,0,0,0,0,0,0,0,0,0,0,0,0,0,0,0,0,0,0,0,0,0,0,0,0,0,0,0,0,0,0,0,0,0,0,0,0,0,0,0,0,0,0,0,0,nan,nan,nan,0,0,0,0,0,2,{  },{  },{  },0,0,0,0,0,0,0,2,0,0,0,0,0,0,0,0,0,0,0,0,0,0,2,0,0,0,0,0,0,0,0,0,0,0,0,2,{  },{  },{  },0,0,0,{  },0,0,0,0,0,{  },{  },{  },0,0,0,0,0,0,0,0,{  },{  },{  },0,0,9,0,0,0,0,4,0,0,2,0,0,0,0,0,0,0,2,{  },{  },{  },0,0,0,0,0,0,0,0,0,0,0,2,{  },{  },{  },0,0,0,0,0,0,0,0,0,0,0,2,{  },{  },{  },0,0,0,0,0,0,0,0,0,0,0,0,0,0,0,0,0,0,2,{  },{  },{  },0,0,0,0,0,0,1,11,16,0,0,0,{  },{  },{  },0,0,0,0,0,0,0,0,0,0,0,2,{  },{  },{  },0,0,0,0,0,0,0,0,0,0,0,2,{  },{  },{  },0,0,0,0,0,0,{  },1,0,0,0,0,0,0,0,0,0,2,{  },{  },{  },0,0,0,{  },{  },{  },{  },1,0,0,0,0,0,0,0,0,2,{  },{  },{  },0,0,0,0,0,0,0,0,0,0,0,0
arith/cvc5_mapa/fol_0000073.smt2,sat,0.009,0,0,11,15,0,0,0,0,3,3,2,0,1,2,0,{  },0,0,0,0,0,0,0,0,0,0,2,1,11,1,0,0,2,15,21,{  },{  },{  },,9,0,0,0,0,0,0,0,0,0,0,0,0,0,0,0,0,0,0,0,0,0,0,0,0,0,0,0,0,0,0,0,0,0,0,0,0,0,0,0,0,0,0,0,0,0,0,0,0,0,29,16,1856,1856,"{ ARITH_CONF_SIMPLEX: 2, ARITH_LIA_STAR_NONNEGATIVE: 1, ARITH_LIA_STAR_SPLIT: 1 }","{ ArithPivotStep: 11, BvSatStep: 1, CnfStep: 37, DecisionStep: 11, LemmaStep: 3, PreprocessStep: 26, RewriteStep: 1710, SatConflictStep: 13, TheoryCheckStep: 38, TheoryFullCheckStep: 2 }",33,0,9,0,0,39,0,1,0,0,9,23,22,0,0,0,0,0,0,0,0,0,0,0,0,0,0,0,15,0,0,0,0,0,0,0,0,0,0,0,0,0,0,0,0,0,0,0,0,0,0,0,0,0,11,0,0,0,0,0,0,0,28,1,0,0,2,0,3,0,0,2,9,10,0,0,0,0,0,0,0,0,0,0,2,0,0,0,0,{ ARITH_CONF_SIMPLEX: 2 },{  },"{ ARITH_LIA_STAR_NONNEGATIVE: 1, ARITH_LIA_STAR_SPLIT: 1 }",25,0,0,2,0,2,0,0,0,0,0,0,0,0,0,0,0,0,0,0,0,1,1,0,0,0,0,0,0,0,0,0,2,0,0,0,0,0,0,0,0,0,8,{  },{  },{  },0,0,0,0,0,0,0,0,0,1,0,0,0,0,0.0,2,0,11,0,0,0,0,11,2,2,0,4,0,0,0,0,0,0,0,0,0,0,0,0,0,0,0,0,0,0,0,0,0,0,0,0,0,0,0,0,0,0,0,0,0,0,0,0,0,0,0,0,0,0,0,0,0,0,nan,nan,nan,0,0,0,0,0,2,{  },{  },{  },0,0,0,0,0,0,0,2,0,0,0,0,0,0,0,0,0,0,0,0,0,0,2,0,0,0,0,0,0,0,0,0,0,0,0,2,{  },{  },{  },0,0,0,{  },0,0,0,0,0,{  },{  },{  },0,0,0,0,0,0,0,0,{  },{  },{  },0,0,12,0,0,0,0,2,0,0,2,0,0,0,0,0,0,0,2,{  },{  },{  },0,0,0,0,0,0,0,0,0,0,0,2,{  },{  },{  },0,0,0,0,0,0,0,0,0,0,0,2,{  },{  },{  },0,0,0,0,0,0,0,0,0,0,0,0,0,0,0,0,0,0,2,{  },{  },{  },0,0,0,0,0,0,2,15,21,0,0,0,{  },{  },{  },0,0,0,0,0,0,0,0,0,0,0,2,{  },{  },{  },0,0,0,0,0,0,0,0,0,0,0,2,{  },{  },{  },0,0,0,0,0,0,{  },1,0,0,0,0,0,0,0,0,0,2,{  },{  },{  },0,0,0,{  },{  },{  },{  },1,0,0,0,0,0,0,0,0,2,{  },{  },{  },0,0,0,0,0,0,0,0,0,0,0,0
arith/cvc5_mapa/fol_0000074.smt2,sat,0.010,0,0,10,17,0,0,0,0,6,2,2,0,5,1,0,{  },0,0,0,0,0,0,0,0,0,0,6,1,13,1,0,0,2,12,19,{  },{  },{  },,9,0,0,0,0,0,0,0,0,0,0,0,0,0,0,0,0,0,0,0,0,0,0,0,0,0,0,0,0,0,0,0,0,0,0,0,0,0,0,0,0,0,0,0,0,0,0,0,0,0,33,17,1888,1888,"{ ARITH_BB_LEMMA: 1, ARITH_CONF_SIMPLEX: 1, ARITH_DIO_CUT: 3, ARITH_LIA_STAR_NONNEGATIVE: 1, ARITH_LIA_STAR_SPLIT: 1 }","{ ArithPivotStep: 29, BvSatStep: 1, CnfStep: 41, DecisionStep: 16, LemmaStep: 3, PreprocessStep: 26, RewriteStep: 1654, SatConflictStep: 18, TheoryCheckStep: 87, TheoryFullCheckStep: 6 }",27,0,10,0,0,37,0,1,0,0,8,17,22,0,0,0,0,0,0,0,0,0,0,0,0,0,0,0,13,0,0,0,0,0,0,0,0,0,0,0,0,0,0,0,0,0,0,0,0,0,0,0,0,0,10,0,0,0,0,0,0,0,28,2,1,0,1,0,4,0,0,2,5,8,0,4,0,0,3,0,3,0,0,2,1,0,0,1,0,{ ARITH_CONF_SIMPLEX: 1 },{  },"{ ARITH_BB_LEMMA: 1, ARITH_DIO_CUT: 3, ARITH_LIA_STAR_NONNEGATIVE: 1, ARITH_LIA_STAR_SPLIT: 1 }",29,0,0,6,0,2,0,0,0,0,0,0,0,0,0,0,0,0,0,0,0,1,1,0,0,0,0,0,0,0,0,0,2,0,0,0,0,0,0,0,0,0,17,{  },{  },{  },0,0,0,0,0,0,0,1,0,2,0,0,0,0,0.0,1,0,13,0,0,0,0,19,1,1,0,1,0,0,0,0,0,0,0,0,0,0,0,0,0,0,0,0,0,0,0,0,0,0,0,0,0,0,0,0,0,0,0,0,0,0,0,0,0,0,0,0,0,0,0,0,0,0,nan,nan,nan,0,0,0,0,0,2,{  },{  },{  },0,0,0,0,0,0,0,2,0,0,0,0,0,0,0,0,0,0,0,0,0,0,2,0,0,0,0,0,0,0,0,0,0,0,0,2,{  },{  },{  },0,0,0,{  },0,0,0,0,0,{  },{  },{  },0,0,0,0,0,0,0,0,{  },{  },{  },0,0,9,0,0,0,0,6,0,0,2,0,0,0,0,0,0,0,2,{  },{  },{  },0,0,0,0,0,0,0,0,0,0,0,2,{  },{  },{  },0,0,0,0,0,0,0,0,0,0,0,2,{  },{  },{  },0,0,0,0,0,0,0,0,0,0,0,0,0,0,0,0,0,0,2,{  },{  },{  },0,0,0,0,0,0,2,12,19,0,0,0,{  },{  },{  },0,0,0,0,0,0,0,0,0,0,0,2,{  },{  },{  },0,0,0,0,0,0,0,0,0,0,0,2,{  },{  },{  },0,0,0,0,0,0,{  },1,0,0,0,0,0,0,0,0,0,2,{  },{  },{  },0,0,0,{  },{  },{  },{  },1,0,0,0,0,0,0,0,0,2,{  },{  },{  },0,0,0,0,0,0,0,0,0,0,0,0
arith/cvc5_mapa/fol_0000075.smt2,sat,0.009,0,0,9,16,0,0,0,0,9,2,2,1,3,6,0,{  },0,0,0,0,0,0,0,0,0,0,4,1,13,1,0,0,1,11,16,{  },{  },{  },,9,0,0,0,0,0,0,0,0,0,0,0,0,0,0,0,0,0,0,0,0,0,0,0,0,0,0,0,0,0,0,0,0,0,0,0,0,0,0,0,0,0,0,0,0,0,0,0,0,0,27,13,1798,1798,"{ ARITH_BB_LEMMA: 1, ARITH_CONF_SIMPLEX: 5, ARITH_DIO_CUT: 1, ARITH_LIA_STAR_NONNEGATIVE: 1, ARITH_LIA_STAR_SPLIT: 1, ARITH_SPLIT_DEQ: 1 }","{ ArithPivotStep: 19, BvSatStep: 1, CnfStep: 38, DecisionStep: 14, LemmaStep: 8, PreprocessStep: 23, RewriteStep: 1598, SatConflictStep: 16, TheoryCheckStep: 67, TheoryFullCheckStep: 4 }",44,1,10,4,5,39,0,1,4,0,8,18,21,0,0,0,0,0,0,0,0,0,0,0,0,0,0,0,10,0,0,0,0,0,0,0,0,0,0,0,0,0,0,0,0,0,0,0,0,0,0,0,0,0,9,0,0,0,0,0,0,0,24,4,0,0,5,0,4,0,0,1,5,6,0,2,0,0,1,0,1,0,0,0,5,0,0,1,0,{ ARITH_CONF_SIMPLEX: 5 },{  },"{ ARITH_BB_LEMMA: 1, ARITH_DIO_CUT: 1, ARITH_LIA_STAR_NONNEGATIVE: 1, ARITH_LIA_STAR_SPLIT: 1, ARITH_SPLIT_DEQ: 1 }",17,0,0,5,0,2,0,0,0,0,0,0,0,0,0,0,0,0,0,0,0,1,1,0,0,0,0,0,0,0,0,0,2,0,0,0,0,0,0,0,0,0,14,{  },{  },{  },0,0,0,0,0,0,0,1,0,2,0,0,0,0,0.0,5,0,13,0,0,0,0,21,5,4,0,5,0,0,0,0,0,0,0,0,0,0,0,0,0,0,0,0,0,0,0,0,0,0,0,0,0,0,0,0,0,0,0,0,0,0,0,0,0,0,0,0,0,0,0,0,0,0,nan,nan,nan,0,0,0,0,0,2,{  },{  },{  },0,0,0,0,0,0,0,2,0,0,0,0,0,0,0,0,0,0,0,0,0,0,2,0,0,0,0,0,0,0,0,0,0,0,0,2,{  },{  },{  },0,0,0,{  },0,0,0,0,0,{  },{  },{  },0,0,0,0,0,0,0,0,{  },{  },{  },0,0,10,0,0,0,0,4,0,0,2,0,0,0,0,0,0,0,2,{  },{  },{  },0,0,0,0,0,0,0,0,0,0,0,2,{  },{  },{  },0,0,0,0,0,0,0,0,0,0,0,2,{  },{  },{  },0,0,0,0,0,0,0,0,0,0,0,0,0,0,0,0,0,0,2,{  },{  },{  },0,0,0,0,0,0,1,11,16,0,0,0,{  },{  },{  },0,0,0,0,0,0,0,0,0,0,0,2,{  },{  },{  },0,0,0,0,0,0,0,0,0,0,0,2,{  },{  },{  },0,0,0,0,0,0,{  },1,0,0,0,0,0,0,0,0,0,2,{  },{  },{  },0,0,0,{  },{  },{  },{  },1,0,0,0,0,0,0,0,0,2,{  },{  },{  },0,0,0,0,0,0,0,0,0,0,0,0
arith/cvc5_mapa/fol_0000076.smt2,sat,0.010,0,0,10,17,0,0,0,0,12,2,2,1,4,8,0,{  },0,0,0,0,0,0,0,0,0,0,5,1,14,1,0,0,1,12,17,{  },{  },{  },,9,0,0,0,0,0,0,0,0,0,0,0,0,0,0,0,0,0,0,0,0,0,0,0,0,0,0,0,0,0,0,0,0,0,0,0,0,0,0,0,0,0,0,0,0,0,0,0,0,0,32,17,2152,2152,"{ ARITH_BB_LEMMA: 1, ARITH_CONF_SIMPLEX: 7, ARITH_DIO_CUT: 2, ARITH_LIA_STAR_NONNEGATIVE: 1, ARITH_LIA_STAR_SPLIT: 1, ARITH_SPLIT_DEQ: 1 }","{ ArithPivotStep: 25, BvSatStep: 1, CnfStep: 45, DecisionStep: 16, LemmaStep: 8, PreprocessStep: 26, RewriteStep: 1915, SatConflictStep: 18, TheoryCheckStep: 80, TheoryFullCheckStep: 5 }",52,1,11,4,5,44,0,1,4,0,8,18,21,0,0,0,0,0,0,0,0,0,0,0,0,0,0,0,13,0,0,0,0,0,0,0,0,0,0,0,0,0,0,0,0,0,0,0,0,0,0,0,0,0,10,0,0,0,0,0,0,0,29,4,1,0,7,0,5,0,0,1,5,7,0,3,0,0,2,0,2,0,0,1,7,0,0,1,0,{ ARITH_CONF_SIMPLEX: 7 },{  },"{ ARITH_BB_LEMMA: 1, ARITH_DIO_CUT: 2, ARITH_LIA_STAR_NONNEGATIVE: 1, ARITH_LIA_STAR_SPLIT: 1, ARITH_SPLIT_DEQ: 1 }",29,0,0,6,0,2,0,0,0,0,0,0,0,0,0,0,0,0,0,0,0,1,1,0,0,0,0,0,0,0,0,0,2,0,0,0,0,0,0,0,0,0,18,{  },{  },{  },0,0,0,0,0,0,0,1,0,2,0,0,0,0,0.0,5,0,14,0,0,0,0,25,7,5,0,7,0,0,0,0,0,0,0,0,0,0,0,0,0,0,0,0,0,0,0,0,0,0,0,0,0,0,0,0,0,0,0,0,0,0,0,0,0,0,0,0,0,0,0,0,0,0,nan,nan,nan,0,0,0,0,0,2,{  },{  },{  },0,0,0,0,0,0,0,2,0,0,0,0,0,0,0,0,0,0,0,0,0,0,2,0,0,0,0,0,0,0,0,0,0,0,0,2,{  },{  },{  },0,0,0,{  },0,0,0,0,0,{  },{  },{  },0,0,0,0,0,0,0,0,{  },{  },{  },0,0,10,0,0,0,0,5,0,0,2,0,0,0,0,0,0,0,2,{  },{  },{  },0,0,0,0,0,0,0,0,0,0,0,2,{  },{  },{  },0,0,0,0,0,0,0,0,0,0,0,2,{  },{  },{  },0,0,0,0,0,0,0,0,0,0,0,0,0,0,0,0,0,0,2,{  },{  },{  },0,0,0,0,0,0,1,12,17,0,0,0,{  },{  },{  },0,0,0,0,0,0,0,0,0,0,0,2,{  },{  },{  },0,0,0,0,0,0,0,0,0,0,0,2,{  },{  },{  },0,0,0,0,0,0,{  },1,0,0,0,0,0,0,0,0,0,2,{  },{  },{  },0,0,0,{  },{  },{  },{  },1,0,0,0,0,0,0,0,0,2,{  },{  },{  },0,0,0,0,0,0,0,0,0,0,0,0
arith/cvc5_mapa/fol_0000077.smt2,sat,0.010,0,0,10,15,0,0,0,0,4,2,2,0,3,1,0,{  },0,0,0,0,0,0,0,0,0,0,4,1,11,1,0,0,2,12,19,{  },{  },{  },,9,0,0,0,0,0,0,0,0,0,0,0,0,0,0,0,0,0,0,0,0,0,0,0,0,0,0,0,0,0,0,0,0,0,0,0,0,0,0,0,0,0,0,0,0,0,0,0,0,0,31,17,1831,1831,"{ ARITH_BB_LEMMA: 1, ARITH_CONF_SIMPLEX: 1, ARITH_DIO_CUT: 1, ARITH_LIA_STAR_NONNEGATIVE: 1, ARITH_LIA_STAR_SPLIT: 1 }","{ ArithPivotStep: 25, BvSatStep: 1, CnfStep: 39, DecisionStep: 12, LemmaStep: 3, PreprocessStep: 26, RewriteStep: 1641, SatConflictStep: 14, TheoryCheckStep: 61, TheoryFullCheckStep: 4 }",27,0,8,0,0,35,0,1,0,0,8,17,22,0,0,0,0,0,0,0,0,0,0,0,0,0,0,0,14,0,0,0,0,0,0,0,0,0,0,0,0,0,0,0,0,0,0,0,0,0,0,0,0,0,10,0,0,0,0,0,0,0,26,2,1,0,1,0,4,0,0,2,5,9,0,2,0,0,1,0,1,0,0,1,1,0,0,1,0,{ ARITH_CONF_SIMPLEX: 1 },{  },"{ ARITH_BB_LEMMA: 1, ARITH_DIO_CUT: 1, ARITH_LIA_STAR_NONNEGATIVE: 1, ARITH_LIA_STAR_SPLIT: 1 }",29,0,0,4,0,2,0,0,0,0,0,0,0,0,0,0,0,0,0,0,0,1,1,0,0,0,0,0,0,0,0,0,2,0,0,0,0,0,0,0,0,0,15,{  },{  },{  },0,0,0,0,0,0,0,1,0,2,0,0,0,0,0.0,1,0,11,0,0,0,0,17,1,1,0,2,0,0,0,0,0,0,0,0,0,0,0,0,0,0,0,0,0,0,0,0,0,0,0,0,0,0,0,0,0,0,0,0,0,0,0,0,0,0,0,0,0,0,0,0,0,0,nan,nan,nan,0,0,0,0,0,2,{  },{  },{  },0,0,0,0,0,0,0,2,0,0,0,0,0,0,0,0,0,0,0,0,0,0,2,0,0,0,0,0,0,0,0,0,0,0,0,2,{  },{  },{  },0,0,0,{  },0,0,0,0,0,{  },{  },{  },0,0,0,0,0,0,0,0,{  },{  },{  },0,0,9,0,0,0,0,4,0,0,2,0,0,0,0,0,0,0,2,{  },{  },{  },0,0,0,0,0,0,0,0,0,0,0,2,{  },{  },{  },0,0,0,0,0,0,0,0,0,0,0,2,{  },{  },{  },0,0,0,0,0,0,0,0,0,0,0,0,0,0,0,0,0,0,2,{  },{  },{  },0,0,0,0,0,0,2,12,19,0,0,0,{  },{  },{  },0,0,0,0,0,0,0,0,0,0,0,2,{  },{  },{  },0,0,0,0,0,0,0,0,0,0,0,2,{  },{  },{  },0,0,0,0,0,0,{  },1,0,0,0,0,0,0,0,0,0,2,{  },{  },{  },0,0,0,{  },{  },{  },{  },1,0,0,0,0,0,0,0,0,2,{  },{  },{  },0,0,0,0,0,0,0,0,0,0,0,0
arith/cvc5_mapa/fol_0000079.smt2,sat,0.011,0,0,9,14,0,0,0,0,4,1,2,0,4,0,0,{  },0,0,0,0,0,0,0,0,0,0,5,1,9,1,0,0,0,5,10,{  },{  },{  },,10,0,0,0,0,0,0,0,0,0,0,0,0,0,0,0,0,0,0,0,0,0,0,0,0,0,0,0,0,0,0,0,0,0,0,0,0,0,0,0,0,0,0,0,0,0,0,0,0,0,29,18,1605,1605,"{ ARITH_BB_LEMMA: 1, ARITH_DIO_CUT: 2, ARITH_LIA_STAR_NONNEGATIVE: 1, ARITH_LIA_STAR_SPLIT: 1 }","{ ArithPivotStep: 16, BvSatStep: 1, CnfStep: 36, DecisionStep: 11, LemmaStep: 2, PreprocessStep: 28, RewriteStep: 1418, SatConflictStep: 13, TheoryCheckStep: 70, TheoryFullCheckStep: 5 }",17,0,6,0,0,30,0,1,0,0,5,9,15,0,0,0,0,0,0,0,0,0,0,0,0,0,0,0,12,0,0,0,0,0,0,0,0,0,0,0,0,0,0,0,0,0,0,0,0,0,0,0,0,0,9,0,0,0,0,0,0,0,24,2,0,0,0,0,2,0,0,0,2,7,0,3,0,0,2,0,2,0,0,0,0,0,0,1,0,{  },{  },"{ ARITH_BB_LEMMA: 1, ARITH_DIO_CUT: 2, ARITH_LIA_STAR_NONNEGATIVE: 1, ARITH_LIA_STAR_SPLIT: 1 }",32,0,0,5,0,2,0,0,0,0,0,0,0,0,0,0,0,0,0,0,0,1,1,0,0,0,0,0,0,0,0,0,2,0,0,0,0,0,0,0,0,0,9,{  },{  },{  },0,0,0,0,0,0,0,1,0,2,0,0,0,0,0.0,0,0,9,0,0,0,0,10,0,0,0,0,0,0,0,0,0,0,0,0,0,0,0,0,0,0,0,0,0,0,0,0,0,0,0,0,0,0,0,0,0,0,0,0,0,0,0,0,0,0,0,0,0,0,0,0,0,0,nan,nan,nan,0,0,0,0,0,2,{  },{  },{  },0,0,0,0,0,0,0,2,0,0,0,0,0,0,0,0,0,0,0,0,0,0,2,0,0,0,0,0,0,0,0,0,0,0,0,2,{  },{  },{  },0,0,0,{  },0,0,0,0,0,{  },{  },{  },0,0,0,0,0,0,0,0,{  },{  },{  },0,0,5,0,0,0,0,5,0,0,2,0,0,0,0,0,0,0,2,{  },{  },{  },0,0,0,0,0,0,0,0,0,0,0,2,{  },{  },{  },0,0,0,0,0,0,0,0,0,0,0,2,{  },{  },{  },0,0,0,0,0,0,0,0,0,0,0,0,0,0,0,0,0,0,2,{  },{  },{  },0,0,0,0,0,0,0,5,10,0,0,0,{  },{  },{  },0,0,0,0,0,0,0,0,0,0,0,2,{  },{  },{  },0,0,0,0,0,0,0,0,0,0,0,2,{  },{  },{  },0,0,0,0,0,0,{  },1,0,0,0,0,0,0,0,0,0,2,{  },{  },{  },0,0,0,{  },{  },{  },{  },1,0,0,0,0,0,0,0,0,2,{  },{  },{  },0,0,0,0,0,0,0,0,0,0,0,0
arith/cvc5_mapa/fol_0000080.smt2,sat,0.010,0,0,7,12,0,0,0,0,4,1,2,0,3,1,0,{  },0,0,0,0,0,0,0,0,0,0,4,1,8,1,0,0,0,5,11,{  },{  },{  },,9,0,0,0,0,0,0,0,0,0,0,0,0,0,0,0,0,0,0,0,0,0,0,0,0,0,0,0,0,0,0,0,0,0,0,0,0,0,0,0,0,0,0,0,0,0,0,0,0,0,23,13,1483,1483,"{ ARITH_BB_LEMMA: 1, ARITH_CONF_SIMPLEX: 1, ARITH_DIO_CUT: 1, ARITH_LIA_STAR_NONNEGATIVE: 1, ARITH_LIA_STAR_SPLIT: 1 }","{ ArithPivotStep: 10, BvSatStep: 1, CnfStep: 30, DecisionStep: 9, LemmaStep: 3, PreprocessStep: 22, RewriteStep: 1330, SatConflictStep: 11, TheoryCheckStep: 58, TheoryFullCheckStep: 4 }",19,0,5,0,0,25,0,1,0,0,5,9,16,0,0,0,0,0,0,0,0,0,0,0,0,0,0,0,10,0,0,0,0,0,0,0,0,0,0,0,0,0,0,0,0,0,0,0,0,0,0,0,0,0,7,0,0,0,0,0,0,0,18,3,0,0,1,0,2,0,0,0,2,5,0,2,0,0,1,0,1,0,0,0,1,0,0,1,0,{ ARITH_CONF_SIMPLEX: 1 },{  },"{ ARITH_BB_LEMMA: 1, ARITH_DIO_CUT: 1, ARITH_LIA_STAR_NONNEGATIVE: 1, ARITH_LIA_STAR_SPLIT: 1 }",20,0,0,4,0,2,0,0,0,0,0,0,0,0,0,0,0,0,0,0,0,1,1,0,0,0,0,0,0,0,0,0,2,0,0,0,0,0,0,0,0,0,6,{  },{  },{  },0,0,0,0,0,0,0,1,0,2,0,0,0,0,0.0,1,0,8,0,0,0,0,7,1,0,0,0,0,0,0,0,0,0,0,0,0,0,0,0,0,0,0,0,0,0,0,0,0,0,0,0,0,0,0,0,0,0,0,0,0,0,0,0,0,0,0,0,0,0,0,0,0,0,nan,nan,nan,0,0,0,0,0,2,{  },{  },{  },0,0,0,0,0,0,0,2,0,0,0,0,0,0,0,0,0,0,0,0,0,0,2,0,0,0,0,0,0,0,0,0,0,0,0,2,{  },{  },{  },0,0,0,{  },0,0,0,0,0,{  },{  },{  },0,0,0,0,0,0,0,0,{  },{  },{  },0,0,5,0,0,0,0,4,0,0,2,0,0,0,0,0,0,0,2,{  },{  },{  },0,0,0,0,0,0,0,0,0,0,0,2,{  },{  },{  },0,0,0,0,0,0,0,0,0,0,0,2,{  },{  },{  },0,0,0,0,0,0,0,0,0,0,0,0,0,0,0,0,0,0,2,{  },{  },{  },0,0,0,0,0,0,0,5,11,0,0,0,{  },{  },{  },0,0,0,0,0,0,0,0,0,0,0,2,{  },{  },{  },0,0,0,0,0,0,0,0,0,0,0,2,{  },{  },{  },0,0,0,0,0,0,{  },1,0,0,0,0,0,0,0,0,0,2,{  },{  },{  },0,0,0,{  },{  },{  },{  },1,0,0,0,0,0,0,0,0,2,{  },{  },{  },0,0,0,0,0,0,0,0,0,0,0,0
arith/cvc5_mapa/fol_0000082.smt2,sat,0.010,0,0,7,12,0,0,0,0,3,1,2,0,3,0,0,{  },0,0,0,0,0,0,0,0,0,0,4,1,8,1,0,0,0,5,11,{  },{  },{  },,9,0,0,0,0,0,0,0,0,0,0,0,0,0,0,0,0,0,0,0,0,0,0,0,0,0,0,0,0,0,0,0,0,0,0,0,0,0,0,0,0,0,0,0,0,0,0,0,0,0,23,13,1447,1447,"{ ARITH_BB_LEMMA: 1, ARITH_DIO_CUT: 1, ARITH_LIA_STAR_NONNEGATIVE: 1, ARITH_LIA_STAR_SPLIT: 1 }","{ ArithPivotStep: 10, BvSatStep: 1, CnfStep: 31, DecisionStep: 9, LemmaStep: 2, PreprocessStep: 22, RewriteStep: 1296, SatConflictStep: 11, TheoryCheckStep: 57, TheoryFullCheckStep: 4 }",17,0,5,0,0,24,0,1,0,0,5,9,16,0,0,0,0,0,0,0,0,0,0,0,0,0,0,0,9,0,0,0,0,0,0,0,0,0,0,0,0,0,0,0,0,0,0,0,0,0,0,0,0,0,7,0,0,0,0,0,0,0,18,2,0,0,0,0,2,0,0,0,2,6,0,2,0,0,1,0,1,0,0,0,0,0,0,1,0,{  },{  },"{ ARITH_BB_LEMMA: 1, ARITH_DIO_CUT: 1, ARITH_LIA_STAR_NONNEGATIVE: 1, ARITH_LIA_STAR_SPLIT: 1 }",20,0,0,4,0,2,0,0,0,0,0,0,0,0,0,0,0,0,0,0,0,1,1,0,0,0,0,0,0,0,0,0,2,0,0,0,0,0,0,0,0,0,6,{  },{  },{  },0,0,0,0,0,0,0,1,0,2,0,0,0,0,0.0,0,0,8,0,0,0,0,7,0,0,0,0,0,0,0,0,0,0,0,0,0,0,0,0,0,0,0,0,0,0,0,0,0,0,0,0,0,0,0,0,0,0,0,0,0,0,0,0,0,0,0,0,0,0,0,0,0,0,nan,nan,nan,0,0,0,0,0,2,{  },{  },{  },0,0,0,0,0,0,0,2,0,0,0,0,0,0,0,0,0,0,0,0,0,0,2,0,0,0,0,0,0,0,0,0,0,0,0,2,{  },{  },{  },0,0,0,{  },0,0,0,0,0,{  },{  },{  },0,0,0,0,0,0,0,0,{  },{  },{  },0,0,5,0,0,0,0,4,0,0,2,0,0,0,0,0,0,0,2,{  },{  },{  },0,0,0,0,0,0,0,0,0,0,0,2,{  },{  },{  },0,0,0,0,0,0,0,0,0,0,0,2,{  },{  },{  },0,0,0,0,0,0,0,0,0,0,0,0,0,0,0,0,0,0,2,{  },{  },{  },0,0,0,0,0,0,0,5,11,0,0,0,{  },{  },{  },0,0,0,0,0,0,0,0,0,0,0,2,{  },{  },{  },0,0,0,0,0,0,0,0,0,0,0,2,{  },{  },{  },0,0,0,0,0,0,{  },1,0,0,0,0,0,0,0,0,0,2,{  },{  },{  },0,0,0,{  },{  },{  },{  },1,0,0,0,0,0,0,0,0,2,{  },{  },{  },0,0,0,0,0,0,0,0,0,0,0,0
arith/cvc5_mapa/fol_0000084.smt2,sat,0.010,0,0,10,17,0,0,0,0,2,2,2,0,1,1,0,{  },0,0,0,0,0,0,0,0,0,0,2,1,8,1,0,0,1,10,15,{  },{  },{  },,10,0,0,0,0,0,0,0,0,0,0,0,0,0,0,0,0,0,0,0,0,0,0,0,0,0,0,0,0,0,0,0,0,0,0,0,0,0,0,0,0,0,0,0,0,0,0,0,0,0,26,16,1584,1584,"{ ARITH_CONF_SIMPLEX: 1, ARITH_LIA_STAR_NONNEGATIVE: 1, ARITH_LIA_STAR_SPLIT: 1 }","{ ArithPivotStep: 16, BvSatStep: 1, CnfStep: 35, DecisionStep: 8, LemmaStep: 2, PreprocessStep: 26, RewriteStep: 1447, SatConflictStep: 10, TheoryCheckStep: 34, TheoryFullCheckStep: 2 }",24,0,6,0,0,31,0,1,0,0,7,15,19,0,0,0,0,0,0,0,0,0,0,0,0,0,0,0,12,0,0,0,0,0,0,0,0,0,0,0,0,0,0,0,0,0,0,0,0,0,0,0,0,0,10,0,0,0,0,0,0,0,23,1,0,0,1,0,3,0,0,1,5,7,0,0,0,0,0,0,0,0,0,3,1,0,0,0,0,{ ARITH_CONF_SIMPLEX: 1 },{  },"{ ARITH_LIA_STAR_NONNEGATIVE: 1, ARITH_LIA_STAR_SPLIT: 1 }",25,0,0,2,0,2,0,0,0,0,0,0,0,0,0,0,0,0,0,0,0,1,1,0,0,0,0,0,0,0,0,0,2,0,0,0,0,0,0,0,0,0,10,{  },{  },{  },0,0,0,0,0,0,0,0,0,1,0,0,0,0,0.0,1,0,8,0,0,0,0,12,1,1,0,2,0,0,0,0,0,0,0,0,0,0,0,0,0,0,0,0,0,0,0,0,0,0,0,0,0,0,0,0,0,0,0,0,0,0,0,0,0,0,0,0,0,0,0,0,0,0,nan,nan,nan,0,0,0,0,0,2,{  },{  },{  },0,0,0,0,0,0,0,2,0,0,0,0,0,0,0,0,0,0,0,0,0,0,2,0,0,0,0,0,0,0,0,0,0,0,0,2,{  },{  },{  },0,0,0,{  },0,0,0,0,0,{  },{  },{  },0,0,0,0,0,0,0,0,{  },{  },{  },0,0,8,0,0,0,0,2,0,0,2,0,0,0,0,0,0,0,2,{  },{  },{  },0,0,0,0,0,0,0,0,0,0,0,2,{  },{  },{  },0,0,0,0,0,0,0,0,0,0,0,2,{  },{  },{  },0,0,0,0,0,0,0,0,0,0,0,0,0,0,0,0,0,0,2,{  },{  },{  },0,0,0,0,0,0,1,10,15,0,0,0,{  },{  },{  },0,0,0,0,0,0,0,0,0,0,0,2,{  },{  },{  },0,0,0,0,0,0,0,0,0,0,0,2,{  },{  },{  },0,0,0,0,0,0,{  },1,0,0,0,0,0,0,0,0,0,2,{  },{  },{  },0,0,0,{  },{  },{  },{  },1,0,0,0,0,0,0,0,0,2,{  },{  },{  },0,0,0,0,0,0,0,0,0,0,0,0
arith/cvc5_mapa/fol_0000090.smt2,sat,0.010,0,0,7,13,0,0,0,0,1,1,2,0,1,0,0,{  },0,0,0,0,0,0,0,0,0,0,2,1,5,1,0,0,0,4,9,{  },{  },{  },,9,0,0,0,0,0,0,0,0,0,0,0,0,0,0,0,0,0,0,0,0,0,0,0,0,0,0,0,0,0,0,0,0,0,0,0,0,0,0,0,0,0,0,0,0,0,0,0,0,0,18,12,1183,1183,"{ ARITH_LIA_STAR_NONNEGATIVE: 1, ARITH_LIA_STAR_SPLIT: 1 }","{ ArithPivotStep: 7, BvSatStep: 1, CnfStep: 26, DecisionStep: 5, LemmaStep: 1, PreprocessStep: 22, RewriteStep: 1080, SatConflictStep: 7, TheoryCheckStep: 30, TheoryFullCheckStep: 2 }",14,0,3,0,0,20,0,1,0,0,4,7,13,0,0,0,0,0,0,0,0,0,0,0,0,0,0,0,8,0,0,0,0,0,0,0,0,0,0,0,0,0,0,0,0,0,0,0,0,0,0,0,0,0,7,0,0,0,0,0,0,0,15,1,0,0,0,0,1,0,0,0,2,5,0,0,0,0,0,0,0,0,0,0,0,0,0,0,0,{  },{  },"{ ARITH_LIA_STAR_NONNEGATIVE: 1, ARITH_LIA_STAR_SPLIT: 1 }",16,0,0,2,0,2,0,0,0,0,0,0,0,0,0,0,0,0,0,0,0,1,1,0,0,0,0,0,0,0,0,0,2,0,0,0,0,0,0,0,0,0,4,{  },{  },{  },0,0,0,0,0,0,0,0,0,1,0,0,0,0,0.0,0,0,5,0,0,0,0,5,0,0,0,0,0,0,0,0,0,0,0,0,0,0,0,0,0,0,0,0,0,0,0,0,0,0,0,0,0,0,0,0,0,0,0,0,0,0,0,0,0,0,0,0,0,0,0,0,0,0,nan,nan,nan,0,0,0,0,0,2,{  },{  },{  },0,0,0,0,0,0,0,2,0,0,0,0,0,0,0,0,0,0,0,0,0,0,2,0,0,0,0,0,0,0,0,0,0,0,0,2,{  },{  },{  },0,0,0,{  },0,0,0,0,0,{  },{  },{  },0,0,0,0,0,0,0,0,{  },{  },{  },0,0,4,0,0,0,0,2,0,0,2,0,0,0,0,0,0,0,2,{  },{  },{  },0,0,0,0,0,0,0,0,0,0,0,2,{  },{  },{  },0,0,0,0,0,0,0,0,0,0,0,2,{  },{  },{  },0,0,0,0,0,0,0,0,0,0,0,0,0,0,0,0,0,0,2,{  },{  },{  },0,0,0,0,0,0,0,4,9,0,0,0,{  },{  },{  },0,0,0,0,0,0,0,0,0,0,0,2,{  },{  },{  },0,0,0,0,0,0,0,0,0,0,0,2,{  },{  },{  },0,0,0,0,0,0,{  },1,0,0,0,0,0,0,0,0,0,2,{  },{  },{  },0,0,0,{  },{  },{  },{  },1,0,0,0,0,0,0,0,0,2,{  },{  },{  },0,0,0,0,0,0,0,0,0,0,0,0
arith/cvc5_mapa/fol_0000096.smt2,sat,0.009,0,0,9,15,0,0,0,0,2,2,2,0,1,1,0,{  },0,0,0,0,0,0,0,0,0,0,2,1,8,1,0,0,1,10,15,{  },{  },{  },,8,0,0,0,0,0,0,0,0,0,0,0,0,0,0,0,0,0,0,0,0,0,0,0,0,0,0,0,0,0,0,0,0,0,0,0,0,0,0,0,0,0,0,0,0,0,0,0,0,0,23,13,1482,1482,"{ ARITH_CONF_SIMPLEX: 1, ARITH_LIA_STAR_NONNEGATIVE: 1, ARITH_LIA_STAR_SPLIT: 1 }","{ ArithPivotStep: 14, BvSatStep: 1, CnfStep: 31, DecisionStep: 8, LemmaStep: 2, PreprocessStep: 23, RewriteStep: 1354, SatConflictStep: 10, TheoryCheckStep: 34, TheoryFullCheckStep: 2 }",24,0,6,0,0,28,0,1,0,0,7,15,19,0,0,0,0,0,0,0,0,0,0,0,0,0,0,0,10,0,0,0,0,0,0,0,0,0,0,0,0,0,0,0,0,0,0,0,0,0,0,0,0,0,9,0,0,0,0,0,0,0,20,1,0,0,1,0,3,0,0,1,5,6,0,0,0,0,0,0,0,0,0,3,1,0,0,0,0,{ ARITH_CONF_SIMPLEX: 1 },{  },"{ ARITH_LIA_STAR_NONNEGATIVE: 1, ARITH_LIA_STAR_SPLIT: 1 }",17,0,0,2,0,2,0,0,0,0,0,0,0,0,0,0,0,0,0,0,0,1,1,0,0,0,0,0,0,0,0,0,2,0,0,0,0,0,0,0,0,0,9,{  },{  },{  },0,0,0,0,0,0,0,0,0,1,0,0,0,0,0.0,1,0,8,0,0,0,0,11,1,1,0,2,0,0,0,0,0,0,0,0,0,0,0,0,0,0,0,0,0,0,0,0,0,0,0,0,0,0,0,0,0,0,0,0,0,0,0,0,0,0,0,0,0,0,0,0,0,0,nan,nan,nan,0,0,0,0,0,2,{  },{  },{  },0,0,0,0,0,0,0,2,0,0,0,0,0,0,0,0,0,0,0,0,0,0,2,0,0,0,0,0,0,0,0,0,0,0,0,2,{  },{  },{  },0,0,0,{  },0,0,0,0,0,{  },{  },{  },0,0,0,0,0,0,0,0,{  },{  },{  },0,0,8,0,0,0,0,2,0,0,2,0,0,0,0,0,0,0,2,{  },{  },{  },0,0,0,0,0,0,0,0,0,0,0,2,{  },{  },{  },0,0,0,0,0,0,0,0,0,0,0,2,{  },{  },{  },0,0,0,0,0,0,0,0,0,0,0,0,0,0,0,0,0,0,2,{  },{  },{  },0,0,0,0,0,0,1,10,15,0,0,0,{  },{  },{  },0,0,0,0,0,0,0,0,0,0,0,2,{  },{  },{  },0,0,0,0,0,0,0,0,0,0,0,2,{  },{  },{  },0,0,0,0,0,0,{  },1,0,0,0,0,0,0,0,0,0,2,{  },{  },{  },0,0,0,{  },{  },{  },{  },1,0,0,0,0,0,0,0,0,2,{  },{  },{  },0,0,0,0,0,0,0,0,0,0,0,0
arith/cvc5_mapa/fol_0000099.smt2,sat,0.010,0,0,10,15,0,0,0,0,2,2,2,0,1,1,0,{  },0,0,0,0,0,0,0,0,0,0,2,1,8,1,0,0,1,10,15,{  },{  },{  },,9,0,0,0,0,0,0,0,0,0,0,0,0,0,0,0,0,0,0,0,0,0,0,0,0,0,0,0,0,0,0,0,0,0,0,0,0,0,0,0,0,0,0,0,0,0,0,0,0,0,26,16,1600,1600,"{ ARITH_CONF_SIMPLEX: 1, ARITH_LIA_STAR_NONNEGATIVE: 1, ARITH_LIA_STAR_SPLIT: 1 }","{ ArithPivotStep: 18, BvSatStep: 1, CnfStep: 37, DecisionStep: 8, LemmaStep: 2, PreprocessStep: 26, RewriteStep: 1459, SatConflictStep: 10, TheoryCheckStep: 34, TheoryFullCheckStep: 2 }",24,0,6,0,0,31,0,1,0,0,7,15,19,0,0,0,0,0,0,0,0,0,0,0,0,0,0,0,12,0,0,0,0,0,0,0,0,0,0,0,0,0,0,0,0,0,0,0,0,0,0,0,0,0,10,0,0,0,0,0,0,0,23,1,0,0,1,0,3,0,0,1,5,7,0,0,0,0,0,0,0,0,0,4,1,0,0,0,0,{ ARITH_CONF_SIMPLEX: 1 },{  },"{ ARITH_LIA_STAR_NONNEGATIVE: 1, ARITH_LIA_STAR_SPLIT: 1 }",25,0,0,2,0,2,0,0,0,0,0,0,0,0,0,0,0,0,0,0,0,1,1,0,0,0,0,0,0,0,0,0,2,0,0,0,0,0,0,0,0,0,11,{  },{  },{  },0,0,0,0,0,0,0,0,0,1,0,0,0,0,0.0,1,0,8,0,0,0,0,13,1,1,0,2,0,0,0,0,0,0,0,0,0,0,0,0,0,0,0,0,0,0,0,0,0,0,0,0,0,0,0,0,0,0,0,0,0,0,0,0,0,0,0,0,0,0,0,0,0,0,nan,nan,nan,0,0,0,0,0,2,{  },{  },{  },0,0,0,0,0,0,0,2,0,0,0,0,0,0,0,0,0,0,0,0,0,0,2,0,0,0,0,0,0,0,0,0,0,0,0,2,{  },{  },{  },0,0,0,{  },0,0,0,0,0,{  },{  },{  },0,0,0,0,0,0,0,0,{  },{  },{  },0,0,8,0,0,0,0,2,0,0,2,0,0,0,0,0,0,0,2,{  },{  },{  },0,0,0,0,0,0,0,0,0,0,0,2,{  },{  },{  },0,0,0,0,0,0,0,0,0,0,0,2,{  },{  },{  },0,0,0,0,0,0,0,0,0,0,0,0,0,0,0,0,0,0,2,{  },{  },{  },0,0,0,0,0,0,1,10,15,0,0,0,{  },{  },{  },0,0,0,0,0,0,0,0,0,0,0,2,{  },{  },{  },0,0,0,0,0,0,0,0,0,0,0,2,{  },{  },{  },0,0,0,0,0,0,{  },1,0,0,0,0,0,0,0,0,0,2,{  },{  },{  },0,0,0,{  },{  },{  },{  },1,0,0,0,0,0,0,0,0,2,{  },{  },{  },0,0,0,0,0,0,0,0,0,0,0,0
arith/cvc5_mapa/fol_0000100.smt2,sat,0.010,0,0,11,16,0,0,0,0,5,2,2,0,3,2,0,{  },0,0,0,0,0,0,0,0,0,0,4,1,11,1,0,0,1,11,16,{  },{  },{  },,9,0,0,0,0,0,0,0,0,0,0,0,0,0,0,0,0,0,0,0,0,0,0,0,0,0,0,0,0,0,0,0,0,0,0,0,0,0,0,0,0,0,0,0,0,0,0,0,0,0,33,19,1866,1866,"{ ARITH_BB_LEMMA: 1, ARITH_CONF_SIMPLEX: 2, ARITH_DIO_CUT: 1, ARITH_LIA_STAR_NONNEGATIVE: 1, ARITH_LIA_STAR_SPLIT: 1 }","{ ArithPivotStep: 29, BvSatStep: 1, CnfStep: 42, DecisionStep: 12, LemmaStep: 4, PreprocessStep: 29, RewriteStep: 1663, SatConflictStep: 14, TheoryCheckStep: 62, TheoryFullCheckStep: 4 }",29,0,8,0,0,38,0,1,0,0,8,17,21,0,0,0,0,0,0,0,0,0,0,0,0,0,0,0,14,0,0,0,0,0,0,0,0,0,0,0,0,0,0,0,0,0,0,0,0,0,0,0,0,0,11,0,0,0,0,0,0,0,28,2,1,0,2,0,4,0,0,1,5,8,0,2,0,0,1,0,1,0,0,1,2,0,0,1,0,{ ARITH_CONF_SIMPLEX: 2 },{  },"{ ARITH_BB_LEMMA: 1, ARITH_DIO_CUT: 1, ARITH_LIA_STAR_NONNEGATIVE: 1, ARITH_LIA_STAR_SPLIT: 1 }",33,0,0,4,0,2,0,0,0,0,0,0,0,0,0,0,0,0,0,0,0,1,1,0,0,0,0,0,0,0,0,0,2,0,0,0,0,0,0,0,0,0,17,{  },{  },{  },0,0,0,0,0,0,0,1,0,2,0,0,0,0,0.0,2,0,11,0,0,0,0,19,2,2,0,3,0,0,0,0,0,0,0,0,0,0,0,0,0,0,0,0,0,0,0,0,0,0,0,0,0,0,0,0,0,0,0,0,0,0,0,0,0,0,0,0,0,0,0,0,0,0,nan,nan,nan,0,0,0,0,0,2,{  },{  },{  },0,0,0,0,0,0,0,2,0,0,0,0,0,0,0,0,0,0,0,0,0,0,2,0,0,0,0,0,0,0,0,0,0,0,0,2,{  },{  },{  },0,0,0,{  },0,0,0,0,0,{  },{  },{  },0,0,0,0,0,0,0,0,{  },{  },{  },0,0,9,0,0,0,0,4,0,0,2,0,0,0,0,0,0,0,2,{  },{  },{  },0,0,0,0,0,0,0,0,0,0,0,2,{  },{  },{  },0,0,0,0,0,0,0,0,0,0,0,2,{  },{  },{  },0,0,0,0,0,0,0,0,0,0,0,0,0,0,0,0,0,0,2,{  },{  },{  },0,0,0,0,0,0,1,11,16,0,0,0,{  },{  },{  },0,0,0,0,0,0,0,0,0,0,0,2,{  },{  },{  },0,0,0,0,0,0,0,0,0,0,0,2,{  },{  },{  },0,0,0,0,0,0,{  },1,0,0,0,0,0,0,0,0,0,2,{  },{  },{  },0,0,0,{  },{  },{  },{  },1,0,0,0,0,0,0,0,0,2,{  },{  },{  },0,0,0,0,0,0,0,0,0,0,0,0
arith/cvc5_mapa/fol_0000101.smt2,sat,0.011,0,0,11,15,0,0,0,0,3,3,2,0,1,2,0,{  },0,0,0,0,0,0,0,0,0,0,2,1,11,1,0,0,2,15,21,{  },{  },{  },,10,0,0,0,0,0,0,0,0,0,0,0,0,0,0,0,0,0,0,0,0,0,0,0,0,0,0,0,0,0,0,0,0,0,0,0,0,0,0,0,0,0,0,0,0,0,0,0,0,0,29,16,1848,1848,"{ ARITH_CONF_SIMPLEX: 2, ARITH_LIA_STAR_NONNEGATIVE: 1, ARITH_LIA_STAR_SPLIT: 1 }","{ ArithPivotStep: 11, BvSatStep: 1, CnfStep: 39, DecisionStep: 11, LemmaStep: 3, PreprocessStep: 26, RewriteStep: 1700, SatConflictStep: 13, TheoryCheckStep: 38, TheoryFullCheckStep: 2 }",33,0,9,0,0,39,0,1,0,0,9,23,22,0,0,0,0,0,0,0,0,0,0,0,0,0,0,0,15,0,0,0,0,0,0,0,0,0,0,0,0,0,0,0,0,0,0,0,0,0,0,0,0,0,11,0,0,0,0,0,0,0,28,1,0,0,2,0,3,0,0,2,9,10,0,0,0,0,0,0,0,0,0,0,2,0,0,0,0,{ ARITH_CONF_SIMPLEX: 2 },{  },"{ ARITH_LIA_STAR_NONNEGATIVE: 1, ARITH_LIA_STAR_SPLIT: 1 }",25,0,0,2,0,2,0,0,0,0,0,0,0,0,0,0,0,0,0,0,0,1,1,0,0,0,0,0,0,0,0,0,2,0,0,0,0,0,0,0,0,0,8,{  },{  },{  },0,0,0,0,0,0,0,0,0,1,0,0,0,0,0.0,2,0,11,0,0,0,0,11,2,2,0,4,0,0,0,0,0,0,0,0,0,0,0,0,0,0,0,0,0,0,0,0,0,0,0,0,0,0,0,0,0,0,0,0,0,0,0,0,0,0,0,0,0,0,0,0,0,0,nan,nan,nan,0,0,0,0,0,2,{  },{  },{  },0,0,0,0,0,0,0,2,0,0,0,0,0,0,0,0,0,0,0,0,0,0,2,0,0,0,0,0,0,0,0,0,0,0,0,2,{  },{  },{  },0,0,0,{  },0,0,0,0,0,{  },{  },{  },0,0,0,0,0,0,0,0,{  },{  },{  },0,0,12,0,0,0,0,2,0,0,2,0,0,0,0,0,0,0,2,{  },{  },{  },0,0,0,0,0,0,0,0,0,0,0,2,{  },{  },{  },0,0,0,0,0,0,0,0,0,0,0,2,{  },{  },{  },0,0,0,0,0,0,0,0,0,0,0,0,0,0,0,0,0,0,2,{  },{  },{  },0,0,0,0,0,0,2,15,21,0,0,0,{  },{  },{  },0,0,0,0,0,0,0,0,0,0,0,2,{  },{  },{  },0,0,0,0,0,0,0,0,0,0,0,2,{  },{  },{  },0,0,0,0,0,0,{  },1,0,0,0,0,0,0,0,0,0,2,{  },{  },{  },0,0,0,{  },{  },{  },{  },1,0,0,0,0,0,0,0,0,2,{  },{  },{  },0,0,0,0,0,0,0,0,0,0,0,0
arith/cvc5_mapa/fol_0000102.smt2,sat,0.011,0,0,11,16,0,0,0,0,2,2,2,0,1,1,0,{  },0,0,0,0,0,0,0,0,0,0,2,1,8,1,0,0,1,10,15,{  },{  },{  },,10,0,0,0,0,0,0,0,0,0,0,0,0,0,0,0,0,0,0,0,0,0,0,0,0,0,0,0,0,0,0,0,0,0,0,0,0,0,0,0,0,0,0,0,0,0,0,0,0,0,29,19,1696,1696,"{ ARITH_CONF_SIMPLEX: 1, ARITH_LIA_STAR_NONNEGATIVE: 1, ARITH_LIA_STAR_SPLIT: 1 }","{ ArithPivotStep: 22, BvSatStep: 1, CnfStep: 39, DecisionStep: 8, LemmaStep: 2, PreprocessStep: 29, RewriteStep: 1546, SatConflictStep: 10, TheoryCheckStep: 34, TheoryFullCheckStep: 2 }",24,0,6,0,0,34,0,1,0,0,7,15,19,0,0,0,0,0,0,0,0,0,0,0,0,0,0,0,14,0,0,0,0,0,0,0,0,0,0,0,0,0,0,0,0,0,0,0,0,0,0,0,0,0,11,0,0,0,0,0,0,0,26,1,0,0,1,0,3,0,0,1,5,8,0,0,0,0,0,0,0,0,0,5,1,0,0,0,0,{ ARITH_CONF_SIMPLEX: 1 },{  },"{ ARITH_LIA_STAR_NONNEGATIVE: 1, ARITH_LIA_STAR_SPLIT: 1 }",33,0,0,2,0,2,0,0,0,0,0,0,0,0,0,0,0,0,0,0,0,1,1,0,0,0,0,0,0,0,0,0,2,0,0,0,0,0,0,0,0,0,13,{  },{  },{  },0,0,0,0,0,0,0,0,0,1,0,0,0,0,0.0,1,0,8,0,0,0,0,15,1,1,0,2,0,0,0,0,0,0,0,0,0,0,0,0,0,0,0,0,0,0,0,0,0,0,0,0,0,0,0,0,0,0,0,0,0,0,0,0,0,0,0,0,0,0,0,0,0,0,nan,nan,nan,0,0,0,0,0,2,{  },{  },{  },0,0,0,0,0,0,0,2,0,0,0,0,0,0,0,0,0,0,0,0,0,0,2,0,0,0,0,0,0,0,0,0,0,0,0,2,{  },{  },{  },0,0,0,{  },0,0,0,0,0,{  },{  },{  },0,0,0,0,0,0,0,0,{  },{  },{  },0,0,8,0,0,0,0,2,0,0,2,0,0,0,0,0,0,0,2,{  },{  },{  },0,0,0,0,0,0,0,0,0,0,0,2,{  },{  },{  },0,0,0,0,0,0,0,0,0,0,0,2,{  },{  },{  },0,0,0,0,0,0,0,0,0,0,0,0,0,0,0,0,0,0,2,{  },{  },{  },0,0,0,0,0,0,1,10,15,0,0,0,{  },{  },{  },0,0,0,0,0,0,0,0,0,0,0,2,{  },{  },{  },0,0,0,0,0,0,0,0,0,0,0,2,{  },{  },{  },0,0,0,0,0,0,{  },1,0,0,0,0,0,0,0,0,0,2,{  },{  },{  },0,0,0,{  },{  },{  },{  },1,0,0,0,0,0,0,0,0,2,{  },{  },{  },0,0,0,0,0,0,0,0,0,0,0,0
arith/cvc5_mapa/fol_0000103.smt2,sat,0.011,0,0,10,15,0,0,0,0,4,2,2,0,3,1,0,{  },0,0,0,0,0,0,0,0,0,0,4,1,11,1,0,0,2,12,19,{  },{  },{  },,11,0,0,0,0,0,0,0,0,0,0,0,0,0,0,0,0,0,0,0,0,0,0,0,0,0,0,0,0,0,0,0,0,0,0,0,0,0,0,0,0,0,0,0,0,0,0,0,0,0,31,17,1787,1787,"{ ARITH_BB_LEMMA: 1, ARITH_CONF_SIMPLEX: 1, ARITH_DIO_CUT: 1, ARITH_LIA_STAR_NONNEGATIVE: 1, ARITH_LIA_STAR_SPLIT: 1 }","{ ArithPivotStep: 25, BvSatStep: 1, CnfStep: 39, DecisionStep: 12, LemmaStep: 3, PreprocessStep: 26, RewriteStep: 1597, SatConflictStep: 14, TheoryCheckStep: 61, TheoryFullCheckStep: 4 }",27,0,8,0,0,35,0,1,0,0,8,17,22,0,0,0,0,0,0,0,0,0,0,0,0,0,0,0,14,0,0,0,0,0,0,0,0,0,0,0,0,0,0,0,0,0,0,0,0,0,0,0,0,0,10,0,0,0,0,0,0,0,26,2,1,0,1,0,4,0,0,2,5,8,0,2,0,0,1,0,1,0,0,2,1,0,0,1,0,{ ARITH_CONF_SIMPLEX: 1 },{  },"{ ARITH_BB_LEMMA: 1, ARITH_DIO_CUT: 1, ARITH_LIA_STAR_NONNEGATIVE: 1, ARITH_LIA_STAR_SPLIT: 1 }",29,0,0,4,0,2,0,0,0,0,0,0,0,0,0,0,0,0,0,0,0,1,1,0,0,0,0,0,0,0,0,0,2,0,0,0,0,0,0,0,0,0,15,{  },{  },{  },0,0,0,0,0,0,0,1,0,2,0,0,0,0,0.0,1,0,11,0,0,0,0,17,1,1,0,1,0,0,0,0,0,0,0,0,0,0,0,0,0,0,0,0,0,0,0,0,0,0,0,0,0,0,0,0,0,0,0,0,0,0,0,0,0,0,0,0,0,0,0,0,0,0,nan,nan,nan,0,0,0,0,0,2,{  },{  },{  },0,0,0,0,0,0,0,2,0,0,0,0,0,0,0,0,0,0,0,0,0,0,2,0,0,0,0,0,0,0,0,0,0,0,0,2,{  },{  },{  },0,0,0,{  },0,0,0,0,0,{  },{  },{  },0,0,0,0,0,0,0,0,{  },{  },{  },0,0,9,0,0,0,0,4,0,0,2,0,0,0,0,0,0,0,2,{  },{  },{  },0,0,0,0,0,0,0,0,0,0,0,2,{  },{  },{  },0,0,0,0,0,0,0,0,0,0,0,2,{  },{  },{  },0,0,0,0,0,0,0,0,0,0,0,0,0,0,0,0,0,0,2,{  },{  },{  },0,0,0,0,0,0,2,12,19,0,0,0,{  },{  },{  },0,0,0,0,0,0,0,0,0,0,0,2,{  },{  },{  },0,0,0,0,0,0,0,0,0,0,0,2,{  },{  },{  },0,0,0,0,0,0,{  },1,0,0,0,0,0,0,0,0,0,2,{  },{  },{  },0,0,0,{  },{  },{  },{  },1,0,0,0,0,0,0,0,0,2,{  },{  },{  },0,0,0,0,0,0,0,0,0,0,0,0
arith/cvc5_mapa/fol_0000104.smt2,sat,0.012,0,0,11,18,0,0,0,0,12,2,2,1,3,9,0,{  },0,0,0,0,0,0,0,0,0,0,4,1,13,1,0,0,1,11,16,{  },{  },{  },,11,0,0,0,0,0,0,0,0,0,0,0,0,0,0,0,0,0,0,0,0,0,0,0,0,0,0,0,0,0,0,0,0,0,0,0,0,0,0,0,0,0,0,0,0,0,0,0,0,0,33,19,2113,2113,"{ ARITH_BB_LEMMA: 1, ARITH_CONF_SIMPLEX: 8, ARITH_DIO_CUT: 1, ARITH_LIA_STAR_NONNEGATIVE: 1, ARITH_LIA_STAR_SPLIT: 1, ARITH_SPLIT_DEQ: 1 }","{ ArithPivotStep: 23, BvSatStep: 1, CnfStep: 49, DecisionStep: 14, LemmaStep: 8, PreprocessStep: 29, RewriteStep: 1889, SatConflictStep: 16, TheoryCheckStep: 67, TheoryFullCheckStep: 4 }",53,1,10,4,5,45,0,1,4,0,8,18,21,0,0,0,0,0,0,0,0,0,0,0,0,0,0,0,14,0,0,0,0,0,0,0,0,0,0,0,0,0,0,0,0,0,0,0,0,0,0,0,0,0,11,0,0,0,0,0,0,0,30,4,1,0,8,0,4,0,0,1,5,8,0,2,0,0,1,0,1,0,0,0,8,0,0,1,0,{ ARITH_CONF_SIMPLEX: 8 },{  },"{ ARITH_BB_LEMMA: 1, ARITH_DIO_CUT: 1, ARITH_LIA_STAR_NONNEGATIVE: 1, ARITH_LIA_STAR_SPLIT: 1, ARITH_SPLIT_DEQ: 1 }",33,0,0,5,0,2,0,0,0,0,0,0,0,0,0,0,0,0,0,0,0,1,1,0,0,0,0,0,0,0,0,0,2,0,0,0,0,0,0,0,0,0,16,{  },{  },{  },0,0,0,0,0,0,0,1,0,2,0,0,0,0,0.0,5,0,13,0,0,0,0,22,8,6,0,7,0,0,0,0,0,0,0,0,0,0,0,0,0,0,0,0,0,0,0,0,0,0,0,0,0,0,0,0,0,0,0,0,0,0,0,0,0,0,0,0,0,0,0,0,0,0,nan,nan,nan,0,0,0,0,0,2,{  },{  },{  },0,0,0,0,0,0,0,2,0,0,0,0,0,0,0,0,0,0,0,0,0,0,2,0,0,0,0,0,0,0,0,0,0,0,0,2,{  },{  },{  },0,0,0,{  },0,0,0,0,0,{  },{  },{  },0,0,0,0,0,0,0,0,{  },{  },{  },0,0,10,0,0,0,0,4,0,0,2,0,0,0,0,0,0,0,2,{  },{  },{  },0,0,0,0,0,0,0,0,0,0,0,2,{  },{  },{  },0,0,0,0,0,0,0,0,0,0,0,2,{  },{  },{  },0,0,0,0,0,0,0,0,0,0,0,0,0,0,0,0,0,0,2,{  },{  },{  },0,0,0,0,0,0,1,11,16,0,0,0,{  },{  },{  },0,0,0,0,0,0,0,0,0,0,0,2,{  },{  },{  },0,0,0,0,0,0,0,0,0,0,0,2,{  },{  },{  },0,0,0,0,0,0,{  },1,0,0,0,0,0,0,0,0,0,2,{  },{  },{  },0,0,0,{  },{  },{  },{  },1,0,0,0,0,0,0,0,0,2,{  },{  },{  },0,0,0,0,0,0,0,0,0,0,0,0
arith/cvc5_mapa/fol_0000105.smt2,sat,0.012,0,0,10,16,0,0,0,0,13,2,2,1,5,9,0,{  },0,0,0,0,0,0,0,0,0,0,5,1,16,1,0,0,1,12,17,{  },{  },{  },,11,0,0,0,0,0,0,0,0,0,0,0,0,0,0,0,0,0,0,0,0,0,0,0,0,0,0,0,0,0,0,0,0,0,0,0,0,0,0,0,0,0,0,0,0,0,0,0,0,0,32,17,2180,2180,"{ ARITH_BB_LEMMA: 1, ARITH_CONF_SIMPLEX: 8, ARITH_DIO_CUT: 2, ARITH_LIA_STAR_NONNEGATIVE: 1, ARITH_LIA_STAR_SPLIT: 1, ARITH_SPLIT_DEQ: 1 }","{ ArithPivotStep: 37, BvSatStep: 1, CnfStep: 46, DecisionStep: 18, LemmaStep: 8, PreprocessStep: 26, RewriteStep: 1923, SatConflictStep: 20, TheoryCheckStep: 82, TheoryFullCheckStep: 5 }",55,2,13,10,10,47,0,1,8,0,8,18,21,0,0,0,0,0,0,0,0,0,0,0,0,0,0,0,13,0,0,0,0,0,0,0,0,0,0,0,0,0,0,0,0,0,0,0,0,0,0,0,0,0,10,0,0,0,0,0,0,0,31,5,1,0,8,0,5,0,0,1,5,7,0,3,0,0,2,0,2,0,0,3,8,0,0,1,0,{ ARITH_CONF_SIMPLEX: 8 },{  },"{ ARITH_BB_LEMMA: 1, ARITH_DIO_CUT: 2, ARITH_LIA_STAR_NONNEGATIVE: 1, ARITH_LIA_STAR_SPLIT: 1, ARITH_SPLIT_DEQ: 1 }",29,0,0,6,0,2,0,0,0,0,0,0,0,0,0,0,0,0,0,0,0,1,1,0,0,0,0,0,0,0,0,0,2,0,0,0,0,0,0,0,0,0,26,{  },{  },{  },0,0,0,0,0,0,0,1,0,2,0,0,0,0,0.0,5,0,16,0,0,0,0,33,8,8,0,11,0,0,0,0,0,0,0,0,0,0,0,0,0,0,0,0,0,0,0,0,0,0,0,0,0,0,0,0,0,0,0,0,0,0,0,0,0,0,0,0,0,0,0,0,0,0,nan,nan,nan,0,0,0,0,0,2,{  },{  },{  },0,0,0,0,0,0,0,2,0,0,0,0,0,0,0,0,0,0,0,0,0,0,2,0,0,0,0,0,0,0,0,0,0,0,0,2,{  },{  },{  },0,0,0,{  },0,0,0,0,0,{  },{  },{  },0,0,0,0,0,0,0,0,{  },{  },{  },0,0,10,0,0,0,0,5,0,0,2,0,0,0,0,0,0,0,2,{  },{  },{  },0,0,0,0,0,0,0,0,0,0,0,2,{  },{  },{  },0,0,0,0,0,0,0,0,0,0,0,2,{  },{  },{  },0,0,0,0,0,0,0,0,0,0,0,0,0,0,0,0,0,0,2,{  },{  },{  },0,0,0,0,0,0,1,12,17,0,0,0,{  },{  },{  },0,0,0,0,0,0,0,0,0,0,0,2,{  },{  },{  },0,0,0,0,0,0,0,0,0,0,0,2,{  },{  },{  },0,0,0,0,0,0,{  },1,0,0,0,0,0,0,0,0,0,2,{  },{  },{  },0,0,0,{  },{  },{  },{  },1,0,0,0,0,0,0,0,0,2,{  },{  },{  },0,0,0,0,0,0,0,0,0,0,0,0
arith/cvc5_mapa/fol_0000106.smt2,sat,0.011,0,0,10,15,0,0,0,0,5,2,2,0,3,2,0,{  },0,0,0,0,0,0,0,0,0,0,4,1,11,1,0,0,1,11,17,{  },{  },{  },,10,0,0,0,0,0,0,0,0,0,0,0,0,0,0,0,0,0,0,0,0,0,0,0,0,0,0,0,0,0,0,0,0,0,0,0,0,0,0,0,0,0,0,0,0,0,0,0,0,0,31,17,1887,1887,"{ ARITH_BB_LEMMA: 1, ARITH_CONF_SIMPLEX: 2, ARITH_DIO_CUT: 1, ARITH_LIA_STAR_NONNEGATIVE: 1, ARITH_LIA_STAR_SPLIT: 1 }","{ ArithPivotStep: 25, BvSatStep: 1, CnfStep: 39, DecisionStep: 12, LemmaStep: 4, PreprocessStep: 26, RewriteStep: 1694, SatConflictStep: 14, TheoryCheckStep: 62, TheoryFullCheckStep: 4 }",33,0,8,0,0,36,0,1,0,0,8,17,22,0,0,0,0,0,0,0,0,0,0,0,0,0,0,0,13,0,0,0,0,0,0,0,0,0,0,0,0,0,0,0,0,0,0,0,0,0,0,0,0,0,10,0,0,0,0,0,0,0,26,3,1,0,2,0,4,0,0,1,5,8,0,2,0,0,1,0,1,0,0,2,2,0,0,1,0,{ ARITH_CONF_SIMPLEX: 2 },{  },"{ ARITH_BB_LEMMA: 1, ARITH_DIO_CUT: 1, ARITH_LIA_STAR_NONNEGATIVE: 1, ARITH_LIA_STAR_SPLIT: 1 }",29,0,0,4,0,2,0,0,0,0,0,0,0,0,0,0,0,0,0,0,0,1,1,0,0,0,0,0,0,0,0,0,2,0,0,0,0,0,0,0,0,0,15,{  },{  },{  },0,0,0,0,0,0,0,1,0,2,0,0,0,0,0.0,2,0,11,0,0,0,0,17,2,1,0,2,0,0,0,0,0,0,0,0,0,0,0,0,0,0,0,0,0,0,0,0,0,0,0,0,0,0,0,0,0,0,0,0,0,0,0,0,0,0,0,0,0,0,0,0,0,0,nan,nan,nan,0,0,0,0,0,2,{  },{  },{  },0,0,0,0,0,0,0,2,0,0,0,0,0,0,0,0,0,0,0,0,0,0,2,0,0,0,0,0,0,0,0,0,0,0,0,2,{  },{  },{  },0,0,0,{  },0,0,0,0,0,{  },{  },{  },0,0,0,0,0,0,0,0,{  },{  },{  },0,0,9,0,0,0,0,4,0,0,2,0,0,0,0,0,0,0,2,{  },{  },{  },0,0,0,0,0,0,0,0,0,0,0,2,{  },{  },{  },0,0,0,0,0,0,0,0,0,0,0,2,{  },{  },{  },0,0,0,0,0,0,0,0,0,0,0,0,0,0,0,0,0,0,2,{  },{  },{  },0,0,0,0,0,0,1,11,17,0,0,0,{  },{  },{  },0,0,0,0,0,0,0,0,0,0,0,2,{  },{  },{  },0,0,0,0,0,0,0,0,0,0,0,2,{  },{  },{  },0,0,0,0,0,0,{  },1,0,0,0,0,0,0,0,0,0,2,{  },{  },{  },0,0,0,{  },{  },{  },{  },1,0,0,0,0,0,0,0,0,2,{  },{  },{  },0,0,0,0,0,0,0,0,0,0,0,0
arith/cvc5_mapa/fol_0000108.smt2,sat,0.010,0,0,8,13,0,0,0,0,5,1,2,0,5,0,0,{  },0,0,0,0,0,0,0,0,0,0,6,1,10,1,0,0,0,6,12,{  },{  },{  },,9,0,0,0,0,0,0,0,0,0,0,0,0,0,0,0,0,0,0,0,0,0,0,0,0,0,0,0,0,0,0,0,0,0,0,0,0,0,0,0,0,0,0,0,0,0,0,0,0,0,27,15,1531,1531,"{ ARITH_BB_LEMMA: 1, ARITH_DIO_CUT: 3, ARITH_LIA_STAR_NONNEGATIVE: 1, ARITH_LIA_STAR_SPLIT: 1 }","{ ArithPivotStep: 16, BvSatStep: 1, CnfStep: 36, DecisionStep: 13, LemmaStep: 2, PreprocessStep: 25, RewriteStep: 1328, SatConflictStep: 15, TheoryCheckStep: 83, TheoryFullCheckStep: 6 }",17,0,7,0,0,28,0,1,0,0,5,9,15,0,0,0,0,0,0,0,0,0,0,0,0,0,0,0,10,0,0,0,0,0,0,0,0,0,0,0,0,0,0,0,0,0,0,0,0,0,0,0,0,0,8,0,0,0,0,0,0,0,22,2,0,0,0,0,3,0,0,0,2,6,0,4,0,0,3,0,3,0,0,0,0,0,0,1,0,{  },{  },"{ ARITH_BB_LEMMA: 1, ARITH_DIO_CUT: 3, ARITH_LIA_STAR_NONNEGATIVE: 1, ARITH_LIA_STAR_SPLIT: 1 }",24,0,0,6,0,2,0,0,0,0,0,0,0,0,0,0,0,0,0,0,0,1,1,0,0,0,0,0,0,0,0,0,2,0,0,0,0,0,0,0,0,0,9,{  },{  },{  },0,0,0,0,0,0,0,1,0,2,0,0,0,0,0.0,0,0,10,0,0,0,0,10,0,0,0,0,0,0,0,0,0,0,0,0,0,0,0,0,0,0,0,0,0,0,0,0,0,0,0,0,0,0,0,0,0,0,0,0,0,0,0,0,0,0,0,0,0,0,0,0,0,0,nan,nan,nan,0,0,0,0,0,2,{  },{  },{  },0,0,0,0,0,0,0,2,0,0,0,0,0,0,0,0,0,0,0,0,0,0,2,0,0,0,0,0,0,0,0,0,0,0,0,2,{  },{  },{  },0,0,0,{  },0,0,0,0,0,{  },{  },{  },0,0,0,0,0,0,0,0,{  },{  },{  },0,0,5,0,0,0,0,6,0,0,2,0,0,0,0,0,0,0,2,{  },{  },{  },0,0,0,0,0,0,0,0,0,0,0,2,{  },{  },{  },0,0,0,0,0,0,0,0,0,0,0,2,{  },{  },{  },0,0,0,0,0,0,0,0,0,0,0,0,0,0,0,0,0,0,2,{  },{  },{  },0,0,0,0,0,0,0,6,12,0,0,0,{  },{  },{  },0,0,0,0,0,0,0,0,0,0,0,2,{  },{  },{  },0,0,0,0,0,0,0,0,0,0,0,2,{  },{  },{  },0,0,0,0,0,0,{  },1,0,0,0,0,0,0,0,0,0,2,{  },{  },{  },0,0,0,{  },{  },{  },{  },1,0,0,0,0,0,0,0,0,2,{  },{  },{  },0,0,0,0,0,0,0,0,0,0,0,0
arith/cvc5_mapa/fol_0000109.smt2,sat,0.010,0,0,9,15,0,0,0,0,9,2,2,1,4,5,0,{  },0,0,0,0,0,0,0,0,0,0,5,1,14,1,0,0,1,11,16,{  },{  },{  },,9,0,0,0,0,0,0,0,0,0,0,0,0,0,0,0,0,0,0,0,0,0,0,0,0,0,0,0,0,0,0,0,0,0,0,0,0,0,0,0,0,0,0,0,0,0,0,0,0,0,29,14,1921,1921,"{ ARITH_BB_LEMMA: 1, ARITH_CONF_SIMPLEX: 4, ARITH_DIO_CUT: 2, ARITH_LIA_STAR_NONNEGATIVE: 1, ARITH_LIA_STAR_SPLIT: 1, ARITH_SPLIT_DEQ: 1 }","{ ArithPivotStep: 21, BvSatStep: 1, CnfStep: 39, DecisionStep: 16, LemmaStep: 7, PreprocessStep: 23, RewriteStep: 1702, SatConflictStep: 18, TheoryCheckStep: 79, TheoryFullCheckStep: 5 }",42,1,11,6,5,41,0,1,4,0,8,18,21,0,0,0,0,0,0,0,0,0,0,0,0,0,0,0,12,0,0,0,0,0,0,0,0,0,0,0,0,0,0,0,0,0,0,0,0,0,0,0,0,0,9,0,0,0,0,0,0,0,26,4,1,0,4,0,4,0,0,1,5,7,0,3,0,0,2,0,2,0,0,1,4,0,0,1,0,{ ARITH_CONF_SIMPLEX: 4 },{  },"{ ARITH_BB_LEMMA: 1, ARITH_DIO_CUT: 2, ARITH_LIA_STAR_NONNEGATIVE: 1, ARITH_LIA_STAR_SPLIT: 1, ARITH_SPLIT_DEQ: 1 }",21,0,0,6,0,2,0,0,0,0,0,0,0,0,0,0,0,0,0,0,0,1,1,0,0,0,0,0,0,0,0,0,2,0,0,0,0,0,0,0,0,0,14,{  },{  },{  },0,0,0,0,0,0,0,1,0,2,0,0,0,0,0.0,4,0,14,0,0,0,0,19,4,3,0,5,0,0,0,0,0,0,0,0,0,0,0,0,0,0,0,0,0,0,0,0,0,0,0,0,0,0,0,0,0,0,0,0,0,0,0,0,0,0,0,0,0,0,0,0,0,0,nan,nan,nan,0,0,0,0,0,2,{  },{  },{  },0,0,0,0,0,0,0,2,0,0,0,0,0,0,0,0,0,0,0,0,0,0,2,0,0,0,0,0,0,0,0,0,0,0,0,2,{  },{  },{  },0,0,0,{  },0,0,0,0,0,{  },{  },{  },0,0,0,0,0,0,0,0,{  },{  },{  },0,0,10,0,0,0,0,5,0,0,2,0,0,0,0,0,0,0,2,{  },{  },{  },0,0,0,0,0,0,0,0,0,0,0,2,{  },{  },{  },0,0,0,0,0,0,0,0,0,0,0,2,{  },{  },{  },0,0,0,0,0,0,0,0,0,0,0,0,0,0,0,0,0,0,2,{  },{  },{  },0,0,0,0,0,0,1,11,16,0,0,0,{  },{  },{  },0,0,0,0,0,0,0,0,0,0,0,2,{  },{  },{  },0,0,0,0,0,0,0,0,0,0,0,2,{  },{  },{  },0,0,0,0,0,0,{  },1,0,0,0,0,0,0,0,0,0,2,{  },{  },{  },0,0,0,{  },{  },{  },{  },1,0,0,0,0,0,0,0,0,2,{  },{  },{  },0,0,0,0,0,0,0,0,0,0,0,0
arith/cvc5_mapa/fol_0000113.smt2,sat,0.010,0,0,8,13,0,0,0,0,1,1,2,0,1,0,0,{  },0,0,0,0,0,0,0,0,0,0,2,1,5,1,0,0,0,4,9,{  },{  },{  },,9,0,0,0,0,0,0,0,0,0,0,0,0,0,0,0,0,0,0,0,0,0,0,0,0,0,0,0,0,0,0,0,0,0,0,0,0,0,0,0,0,0,0,0,0,0,0,0,0,0,21,15,1320,1320,"{ ARITH_LIA_STAR_NONNEGATIVE: 1, ARITH_LIA_STAR_SPLIT: 1 }","{ ArithPivotStep: 13, BvSatStep: 1, CnfStep: 30, DecisionStep: 5, LemmaStep: 1, PreprocessStep: 25, RewriteStep: 1204, SatConflictStep: 7, TheoryCheckStep: 30, TheoryFullCheckStep: 2 }",14,0,3,0,0,23,0,1,0,0,4,7,13,0,0,0,0,0,0,0,0,0,0,0,0,0,0,0,10,0,0,0,0,0,0,0,0,0,0,0,0,0,0,0,0,0,0,0,0,0,0,0,0,0,8,0,0,0,0,0,0,0,18,1,0,0,0,0,1,0,0,0,2,6,0,0,0,0,0,0,0,0,0,0,0,0,0,0,0,{  },{  },"{ ARITH_LIA_STAR_NONNEGATIVE: 1, ARITH_LIA_STAR_SPLIT: 1 }",24,0,0,2,0,2,0,0,0,0,0,0,0,0,0,0,0,0,0,0,0,1,1,0,0,0,0,0,0,0,0,0,2,0,0,0,0,0,0,0,0,0,7,{  },{  },{  },0,0,0,0,0,0,0,0,0,1,0,0,0,0,0.0,0,0,5,0,0,0,0,8,0,0,0,0,0,0,0,0,0,0,0,0,0,0,0,0,0,0,0,0,0,0,0,0,0,0,0,0,0,0,0,0,0,0,0,0,0,0,0,0,0,0,0,0,0,0,0,0,0,0,nan,nan,nan,0,0,0,0,0,2,{  },{  },{  },0,0,0,0,0,0,0,2,0,0,0,0,0,0,0,0,0,0,0,0,0,0,2,0,0,0,0,0,0,0,0,0,0,0,0,2,{  },{  },{  },0,0,0,{  },0,0,0,0,0,{  },{  },{  },0,0,0,0,0,0,0,0,{  },{  },{  },0,0,4,0,0,0,0,2,0,0,2,0,0,0,0,0,0,0,2,{  },{  },{  },0,0,0,0,0,0,0,0,0,0,0,2,{  },{  },{  },0,0,0,0,0,0,0,0,0,0,0,2,{  },{  },{  },0,0,0,0,0,0,0,0,0,0,0,0,0,0,0,0,0,0,2,{  },{  },{  },0,0,0,0,0,0,0,4,9,0,0,0,{  },{  },{  },0,0,0,0,0,0,0,0,0,0,0,2,{  },{  },{  },0,0,0,0,0,0,0,0,0,0,0,2,{  },{  },{  },0,0,0,0,0,0,{  },1,0,0,0,0,0,0,0,0,0,2,{  },{  },{  },0,0,0,{  },{  },{  },{  },1,0,0,0,0,0,0,0,0,2,{  },{  },{  },0,0,0,0,0,0,0,0,0,0,0,0
arith/cvc5_mapa/fol_0000117.smt2,sat,0.009,0,0,7,12,0,0,0,0,1,1,2,0,1,0,0,{  },0,0,0,0,0,0,0,0,0,0,2,1,5,1,0,0,0,4,9,{  },{  },{  },,8,0,0,0,0,0,0,0,0,0,0,0,0,0,0,0,0,0,0,0,0,0,0,0,0,0,0,0,0,0,0,0,0,0,0,0,0,0,0,0,0,0,0,0,0,0,0,0,0,0,18,12,1197,1197,"{ ARITH_LIA_STAR_NONNEGATIVE: 1, ARITH_LIA_STAR_SPLIT: 1 }","{ ArithPivotStep: 7, BvSatStep: 1, CnfStep: 29, DecisionStep: 5, LemmaStep: 1, PreprocessStep: 22, RewriteStep: 1091, SatConflictStep: 7, TheoryCheckStep: 30, TheoryFullCheckStep: 2 }",14,0,3,0,0,20,0,1,0,0,4,7,13,0,0,0,0,0,0,0,0,0,0,0,0,0,0,0,8,0,0,0,0,0,0,0,0,0,0,0,0,0,0,0,0,0,0,0,0,0,0,0,0,0,7,0,0,0,0,0,0,0,15,1,0,0,0,0,1,0,0,0,2,5,0,0,0,0,0,0,0,0,0,0,0,0,0,0,0,{  },{  },"{ ARITH_LIA_STAR_NONNEGATIVE: 1, ARITH_LIA_STAR_SPLIT: 1 }",16,0,0,2,0,2,0,0,0,0,0,0,0,0,0,0,0,0,0,0,0,1,1,0,0,0,0,0,0,0,0,0,2,0,0,0,0,0,0,0,0,0,4,{  },{  },{  },0,0,0,0,0,0,0,0,0,1,0,0,0,0,0.0,0,0,5,0,0,0,0,5,0,0,0,0,0,0,0,0,0,0,0,0,0,0,0,0,0,0,0,0,0,0,0,0,0,0,0,0,0,0,0,0,0,0,0,0,0,0,0,0,0,0,0,0,0,0,0,0,0,0,nan,nan,nan,0,0,0,0,0,2,{  },{  },{  },0,0,0,0,0,0,0,2,0,0,0,0,0,0,0,0,0,0,0,0,0,0,2,0,0,0,0,0,0,0,0,0,0,0,0,2,{  },{  },{  },0,0,0,{  },0,0,0,0,0,{  },{  },{  },0,0,0,0,0,0,0,0,{  },{  },{  },0,0,4,0,0,0,0,2,0,0,2,0,0,0,0,0,0,0,2,{  },{  },{  },0,0,0,0,0,0,0,0,0,0,0,2,{  },{  },{  },0,0,0,0,0,0,0,0,0,0,0,2,{  },{  },{  },0,0,0,0,0,0,0,0,0,0,0,0,0,0,0,0,0,0,2,{  },{  },{  },0,0,0,0,0,0,0,4,9,0,0,0,{  },{  },{  },0,0,0,0,0,0,0,0,0,0,0,2,{  },{  },{  },0,0,0,0,0,0,0,0,0,0,0,2,{  },{  },{  },0,0,0,0,0,0,{  },1,0,0,0,0,0,0,0,0,0,2,{  },{  },{  },0,0,0,{  },{  },{  },{  },1,0,0,0,0,0,0,0,0,2,{  },{  },{  },0,0,0,0,0,0,0,0,0,0,0,0
arith/cvc5_mapa/fol_0000118.smt2,sat,0.010,0,0,9,15,0,0,0,0,2,2,2,0,1,1,0,{  },0,0,0,0,0,0,0,0,0,0,2,1,8,1,0,0,1,10,15,{  },{  },{  },,9,0,0,0,0,0,0,0,0,0,0,0,0,0,0,0,0,0,0,0,0,0,0,0,0,0,0,0,0,0,0,0,0,0,0,0,0,0,0,0,0,0,0,0,0,0,0,0,0,0,23,13,1482,1482,"{ ARITH_CONF_SIMPLEX: 1, ARITH_LIA_STAR_NONNEGATIVE: 1, ARITH_LIA_STAR_SPLIT: 1 }","{ ArithPivotStep: 14, BvSatStep: 1, CnfStep: 31, DecisionStep: 8, LemmaStep: 2, PreprocessStep: 23, RewriteStep: 1354, SatConflictStep: 10, TheoryCheckStep: 34, TheoryFullCheckStep: 2 }",24,0,6,0,0,28,0,1,0,0,7,15,19,0,0,0,0,0,0,0,0,0,0,0,0,0,0,0,10,0,0,0,0,0,0,0,0,0,0,0,0,0,0,0,0,0,0,0,0,0,0,0,0,0,9,0,0,0,0,0,0,0,20,1,0,0,1,0,3,0,0,1,5,6,0,0,0,0,0,0,0,0,0,3,1,0,0,0,0,{ ARITH_CONF_SIMPLEX: 1 },{  },"{ ARITH_LIA_STAR_NONNEGATIVE: 1, ARITH_LIA_STAR_SPLIT: 1 }",17,0,0,2,0,2,0,0,0,0,0,0,0,0,0,0,0,0,0,0,0,1,1,0,0,0,0,0,0,0,0,0,2,0,0,0,0,0,0,0,0,0,9,{  },{  },{  },0,0,0,0,0,0,0,0,0,1,0,0,0,0,0.0,1,0,8,0,0,0,0,11,1,1,0,2,0,0,0,0,0,0,0,0,0,0,0,0,0,0,0,0,0,0,0,0,0,0,0,0,0,0,0,0,0,0,0,0,0,0,0,0,0,0,0,0,0,0,0,0,0,0,nan,nan,nan,0,0,0,0,0,2,{  },{  },{  },0,0,0,0,0,0,0,2,0,0,0,0,0,0,0,0,0,0,0,0,0,0,2,0,0,0,0,0,0,0,0,0,0,0,0,2,{  },{  },{  },0,0,0,{  },0,0,0,0,0,{  },{  },{  },0,0,0,0,0,0,0,0,{  },{  },{  },0,0,8,0,0,0,0,2,0,0,2,0,0,0,0,0,0,0,2,{  },{  },{  },0,0,0,0,0,0,0,0,0,0,0,2,{  },{  },{  },0,0,0,0,0,0,0,0,0,0,0,2,{  },{  },{  },0,0,0,0,0,0,0,0,0,0,0,0,0,0,0,0,0,0,2,{  },{  },{  },0,0,0,0,0,0,1,10,15,0,0,0,{  },{  },{  },0,0,0,0,0,0,0,0,0,0,0,2,{  },{  },{  },0,0,0,0,0,0,0,0,0,0,0,2,{  },{  },{  },0,0,0,0,0,0,{  },1,0,0,0,0,0,0,0,0,0,2,{  },{  },{  },0,0,0,{  },{  },{  },{  },1,0,0,0,0,0,0,0,0,2,{  },{  },{  },0,0,0,0,0,0,0,0,0,0,0,0
card/cvc5_mapa/fol_0000001.smt2,sat,0.008,0,0,6,10,0,0,0,0,1,1,2,0,1,0,0,{  },0,0,0,0,0,0,0,0,0,0,2,1,5,1,0,0,1,5,11,{  },{  },{  },,7,0,0,0,0,0,0,0,0,0,0,0,0,0,0,0,0,0,0,0,0,0,0,0,0,0,0,0,0,0,0,0,0,0,0,0,0,0,0,0,0,0,0,0,0,0,0,0,0,0,15,9,982,982,"{ ARITH_LIA_STAR_NONNEGATIVE: 1, ARITH_LIA_STAR_SPLIT: 1 }","{ ArithPivotStep: 1, BvSatStep: 1, CnfStep: 23, DecisionStep: 5, LemmaStep: 1, PreprocessStep: 18, RewriteStep: 892, SatConflictStep: 7, TheoryCheckStep: 30, TheoryFullCheckStep: 2 }",14,0,3,0,0,17,0,1,0,0,4,7,13,0,0,0,0,0,0,0,0,0,0,0,0,0,0,0,6,0,0,0,0,0,0,0,0,0,0,0,0,0,0,0,0,0,0,0,0,0,0,0,0,0,6,0,0,0,0,0,0,0,12,1,0,0,0,0,1,0,0,1,2,5,0,0,0,0,0,0,0,0,0,0,0,0,0,0,0,{  },{  },"{ ARITH_LIA_STAR_NONNEGATIVE: 1, ARITH_LIA_STAR_SPLIT: 1 }",9,0,0,2,0,2,0,0,0,0,0,0,0,0,0,0,0,0,0,0,0,1,1,0,0,0,0,0,0,0,0,0,2,0,0,0,0,0,0,0,0,0,1,{  },{  },{  },0,0,0,0,0,0,0,0,0,1,0,0,0,0,0.0,0,0,5,0,0,0,0,2,0,0,0,0,0,0,0,0,0,0,0,0,0,0,0,0,0,0,0,0,0,0,0,0,0,0,0,0,0,0,0,0,0,0,0,0,0,0,0,0,0,0,0,0,0,0,0,0,0,0,nan,nan,nan,0,0,0,0,0,2,{  },{  },{  },0,0,0,0,0,0,0,2,0,0,0,0,0,0,0,0,0,0,0,0,0,0,2,0,0,0,0,0,0,0,0,0,0,0,0,2,{  },{  },{  },0,0,0,{  },0,0,0,0,0,{  },{  },{  },0,0,0,0,0,0,0,0,{  },{  },{  },0,0,4,0,0,0,0,2,0,0,2,0,0,0,0,0,0,0,2,{  },{  },{  },0,0,0,0,0,0,0,0,0,0,0,2,{  },{  },{  },0,0,0,0,0,0,0,0,0,0,0,2,{  },{  },{  },0,0,0,0,0,0,0,0,0,0,0,0,0,0,0,0,0,0,2,{  },{  },{  },0,0,0,0,0,0,1,5,11,0,0,0,{  },{  },{  },0,0,0,0,0,0,0,0,0,0,0,2,{  },{  },{  },0,0,0,0,0,0,0,0,0,0,0,2,{  },{  },{  },0,0,0,0,0,0,{  },1,0,0,0,0,0,0,0,0,0,2,{  },{  },{  },0,0,0,{  },{  },{  },{  },1,0,0,0,0,0,0,0,0,2,{  },{  },{  },0,0,0,0,0,0,0,0,0,0,0,0
card/cvc5_mapa/fol_0000002.smt2,sat,0.004,0,0,6,10,0,0,0,0,1,1,2,0,1,0,0,{  },0,0,0,0,0,0,0,0,0,0,2,1,5,1,0,0,0,4,9,{  },{  },{  },,3,0,0,0,0,0,0,0,0,0,0,0,0,0,0,0,0,0,0,0,0,0,0,0,0,0,0,0,0,0,0,0,0,0,0,0,0,0,0,0,0,0,0,0,0,0,0,0,0,0,15,9,988,988,"{ ARITH_LIA_STAR_NONNEGATIVE: 1, ARITH_LIA_STAR_SPLIT: 1 }","{ ArithPivotStep: 1, BvSatStep: 1, CnfStep: 22, DecisionStep: 5, LemmaStep: 1, PreprocessStep: 18, RewriteStep: 899, SatConflictStep: 7, TheoryCheckStep: 30, TheoryFullCheckStep: 2 }",14,0,3,0,0,17,0,1,0,0,4,7,13,0,0,0,0,0,0,0,0,0,0,0,0,0,0,0,6,0,0,0,0,0,0,0,0,0,0,0,0,0,0,0,0,0,0,0,0,0,0,0,0,0,6,0,0,0,0,0,0,0,12,1,0,0,0,0,1,0,0,0,2,4,0,0,0,0,0,0,0,0,0,0,0,0,0,0,0,{  },{  },"{ ARITH_LIA_STAR_NONNEGATIVE: 1, ARITH_LIA_STAR_SPLIT: 1 }",9,0,0,2,0,2,0,0,0,0,0,0,0,0,0,0,0,0,0,0,0,1,1,0,0,0,0,0,0,0,0,0,2,0,0,0,0,0,0,0,0,0,1,{  },{  },{  },0,0,0,0,0,0,0,0,0,1,0,0,0,0,0.0,0,0,5,0,0,0,0,2,0,0,0,0,0,0,0,0,0,0,0,0,0,0,0,0,0,0,0,0,0,0,0,0,0,0,0,0,0,0,0,0,0,0,0,0,0,0,0,0,0,0,0,0,0,0,0,0,0,0,nan,nan,nan,0,0,0,0,0,2,{  },{  },{  },0,0,0,0,0,0,0,2,0,0,0,0,0,0,0,0,0,0,0,0,0,0,2,0,0,0,0,0,0,0,0,0,0,0,0,2,{  },{  },{  },0,0,0,{  },0,0,0,0,0,{  },{  },{  },0,0,0,0,0,0,0,0,{  },{  },{  },0,0,4,0,0,0,0,2,0,0,2,0,0,0,0,0,0,0,2,{  },{  },{  },0,0,0,0,0,0,0,0,0,0,0,2,{  },{  },{  },0,0,0,0,0,0,0,0,0,0,0,2,{  },{  },{  },0,0,0,0,0,0,0,0,0,0,0,0,0,0,0,0,0,0,2,{  },{  },{  },0,0,0,0,0,0,0,4,9,0,0,0,{  },{  },{  },0,0,0,0,0,0,0,0,0,0,0,2,{  },{  },{  },0,0,0,0,0,0,0,0,0,0,0,2,{  },{  },{  },0,0,0,0,0,0,{  },1,0,0,0,0,0,0,0,0,0,2,{  },{  },{  },0,0,0,{  },{  },{  },{  },1,0,0,0,0,0,0,0,0,2,{  },{  },{  },0,0,0,0,0,0,0,0,0,0,0,0
card/cvc5_mapa/fol_0000003.smt2,sat,0.003,0,0,6,10,0,0,0,0,1,1,2,0,1,0,0,{  },0,0,0,0,0,0,0,0,0,0,2,1,5,1,0,0,0,4,9,{  },{  },{  },,3,0,0,0,0,0,0,0,0,0,0,0,0,0,0,0,0,0,0,0,0,0,0,0,0,0,0,0,0,0,0,0,0,0,0,0,0,0,0,0,0,0,0,0,0,0,0,0,0,0,15,9,990,990,"{ ARITH_LIA_STAR_NONNEGATIVE: 1, ARITH_LIA_STAR_SPLIT: 1 }","{ ArithPivotStep: 1, BvSatStep: 1, CnfStep: 23, DecisionStep: 5, LemmaStep: 1, PreprocessStep: 18, RewriteStep: 900, SatConflictStep: 7, TheoryCheckStep: 30, TheoryFullCheckStep: 2 }",14,0,3,0,0,17,0,1,0,0,4,7,13,0,0,0,0,0,0,0,0,0,0,0,0,0,0,0,6,0,0,0,0,0,0,0,0,0,0,0,0,0,0,0,0,0,0,0,0,0,0,0,0,0,6,0,0,0,0,0,0,0,12,1,0,0,0,0,1,0,0,0,2,5,0,0,0,0,0,0,0,0,0,0,0,0,0,0,0,{  },{  },"{ ARITH_LIA_STAR_NONNEGATIVE: 1, ARITH_LIA_STAR_SPLIT: 1 }",9,0,0,2,0,2,0,0,0,0,0,0,0,0,0,0,0,0,0,0,0,1,1,0,0,0,0,0,0,0,0,0,2,0,0,0,0,0,0,0,0,0,1,{  },{  },{  },0,0,0,0,0,0,0,0,0,1,0,0,0,0,0.0,0,0,5,0,0,0,0,2,0,0,0,0,0,0,0,0,0,0,0,0,0,0,0,0,0,0,0,0,0,0,0,0,0,0,0,0,0,0,0,0,0,0,0,0,0,0,0,0,0,0,0,0,0,0,0,0,0,0,nan,nan,nan,0,0,0,0,0,2,{  },{  },{  },0,0,0,0,0,0,0,2,0,0,0,0,0,0,0,0,0,0,0,0,0,0,2,0,0,0,0,0,0,0,0,0,0,0,0,2,{  },{  },{  },0,0,0,{  },0,0,0,0,0,{  },{  },{  },0,0,0,0,0,0,0,0,{  },{  },{  },0,0,4,0,0,0,0,2,0,0,2,0,0,0,0,0,0,0,2,{  },{  },{  },0,0,0,0,0,0,0,0,0,0,0,2,{  },{  },{  },0,0,0,0,0,0,0,0,0,0,0,2,{  },{  },{  },0,0,0,0,0,0,0,0,0,0,0,0,0,0,0,0,0,0,2,{  },{  },{  },0,0,0,0,0,0,0,4,9,0,0,0,{  },{  },{  },0,0,0,0,0,0,0,0,0,0,0,2,{  },{  },{  },0,0,0,0,0,0,0,0,0,0,0,2,{  },{  },{  },0,0,0,0,0,0,{  },1,0,0,0,0,0,0,0,0,0,2,{  },{  },{  },0,0,0,{  },{  },{  },{  },1,0,0,0,0,0,0,0,0,2,{  },{  },{  },0,0,0,0,0,0,0,0,0,0,0,0
card/cvc5_mapa/fol_0000004.smt2,sat,0.004,0,0,6,11,0,0,0,0,8,1,2,1,3,5,0,{  },0,0,0,0,0,0,0,0,0,0,4,1,11,1,0,0,0,5,11,{  },{  },{  },,3,0,0,0,0,0,0,0,0,0,0,0,0,0,0,0,0,0,0,0,0,0,0,0,0,0,0,0,0,0,0,0,0,0,0,0,0,0,0,0,0,0,0,0,0,0,0,0,0,0,21,9,1349,1349,"{ ARITH_BB_LEMMA: 1, ARITH_CONF_SIMPLEX: 2, ARITH_DIO_CUT: 1, ARITH_LIA_STAR_NONNEGATIVE: 1, ARITH_LIA_STAR_SPLIT: 1, ARITH_ROW_IMPL: 1, ARITH_SPLIT_DEQ: 2 }","{ ArithPivotStep: 6, BvSatStep: 1, CnfStep: 30, DecisionStep: 10, LemmaStep: 6, PreprocessStep: 18, RewriteStep: 1191, SatConflictStep: 12, TheoryCheckStep: 62, TheoryFullCheckStep: 4 }",27,0,6,0,0,27,0,1,0,0,6,11,17,0,0,0,0,0,0,0,0,0,0,0,0,0,0,0,6,0,0,0,0,0,0,0,0,0,0,0,0,0,0,0,0,0,0,0,0,0,0,0,0,0,6,0,0,0,0,0,0,0,16,4,0,0,2,0,2,0,0,0,2,4,0,2,0,0,1,0,1,0,0,0,2,0,0,1,0,{ ARITH_CONF_SIMPLEX: 2 },{  },"{ ARITH_BB_LEMMA: 1, ARITH_DIO_CUT: 1, ARITH_LIA_STAR_NONNEGATIVE: 1, ARITH_LIA_STAR_SPLIT: 1, ARITH_ROW_IMPL: 1, ARITH_SPLIT_DEQ: 2 }",9,0,0,7,0,2,0,0,0,0,0,0,0,0,0,0,0,0,0,0,0,1,1,0,0,0,0,0,0,0,0,0,2,0,0,0,0,0,0,0,0,0,6,{  },{  },{  },0,0,0,0,0,0,0,1,0,3,0,0,0,0,0.0,2,0,11,0,0,0,0,9,2,2,0,2,0,0,0,0,0,0,0,0,0,0,0,0,0,0,0,0,0,0,0,0,0,0,0,0,0,0,0,0,0,0,0,0,0,0,0,0,0,0,0,0,0,0,0,0,0,0,nan,nan,nan,0,0,0,0,0,2,{  },{  },{  },0,0,0,0,0,0,0,2,0,0,0,0,0,0,0,0,0,0,0,0,0,0,2,0,0,0,0,0,0,0,0,0,0,0,0,2,{  },{  },{  },0,0,0,{  },0,0,0,0,0,{  },{  },{  },0,0,0,0,0,0,0,0,{  },{  },{  },0,0,7,0,0,0,0,4,0,0,2,0,0,0,0,0,0,0,2,{  },{  },{  },0,0,0,0,0,0,0,0,0,0,0,2,{  },{  },{  },0,0,0,0,0,0,0,0,0,0,0,2,{  },{  },{  },0,0,0,0,0,0,0,0,0,0,0,0,0,0,0,0,0,0,2,{  },{  },{  },0,0,0,0,0,0,0,5,11,0,0,0,{  },{  },{  },0,0,0,0,0,0,0,0,0,0,0,2,{  },{  },{  },0,0,0,0,0,0,0,0,0,0,0,2,{  },{  },{  },0,0,0,0,0,0,{  },1,0,0,0,0,0,0,0,0,0,2,{  },{  },{  },0,0,0,{  },{  },{  },{  },1,0,0,0,0,0,0,0,0,2,{  },{  },{  },0,0,0,0,0,0,0,0,0,0,0,0
card/cvc5_mapa/fol_0000005.smt2,sat,0.004,0,0,6,10,0,0,0,0,2,1,2,0,2,0,0,{  },0,0,0,0,0,0,0,0,0,0,2,1,7,1,0,0,1,5,11,{  },{  },{  },,3,0,0,0,0,0,0,0,0,0,0,0,0,0,0,0,0,0,0,0,0,0,0,0,0,0,0,0,0,0,0,0,0,0,0,0,0,0,0,0,0,0,0,0,0,0,0,0,0,0,17,9,1106,1106,"{ ARITH_LIA_STAR_NONNEGATIVE: 1, ARITH_LIA_STAR_SPLIT: 1, ARITH_SPLIT_DEQ: 1 }","{ ArithPivotStep: 3, BvSatStep: 1, CnfStep: 24, DecisionStep: 6, LemmaStep: 2, PreprocessStep: 18, RewriteStep: 1007, SatConflictStep: 8, TheoryCheckStep: 32, TheoryFullCheckStep: 2 }",16,0,4,0,0,19,0,1,0,0,5,8,16,0,0,0,0,0,0,0,0,0,0,0,0,0,0,0,6,0,0,0,0,0,0,0,0,0,0,0,0,0,0,0,0,0,0,0,0,0,0,0,0,0,6,0,0,0,0,0,0,0,13,1,0,0,0,0,1,0,0,2,2,5,0,0,0,0,0,0,0,0,0,0,0,0,0,0,0,{  },{  },"{ ARITH_LIA_STAR_NONNEGATIVE: 1, ARITH_LIA_STAR_SPLIT: 1, ARITH_SPLIT_DEQ: 1 }",9,0,0,3,0,2,0,0,0,0,0,0,0,0,0,0,0,0,0,0,0,1,1,0,0,0,0,0,0,0,0,0,2,0,0,0,0,0,0,0,0,0,3,{  },{  },{  },0,0,0,0,0,0,0,0,0,2,0,0,0,0,0.0,0,0,7,0,0,0,0,4,0,0,0,0,0,0,0,0,0,0,0,0,0,0,0,0,0,0,0,0,0,0,0,0,0,0,0,0,0,0,0,0,0,0,0,0,0,0,0,0,0,0,0,0,0,0,0,0,0,0,nan,nan,nan,0,0,0,0,0,2,{  },{  },{  },0,0,0,0,0,0,0,2,0,0,0,0,0,0,0,0,0,0,0,0,0,0,2,0,0,0,0,0,0,0,0,0,0,0,0,2,{  },{  },{  },0,0,0,{  },0,0,0,0,0,{  },{  },{  },0,0,0,0,0,0,0,0,{  },{  },{  },0,0,5,0,0,0,0,2,0,0,2,0,0,0,0,0,0,0,2,{  },{  },{  },0,0,0,0,0,0,0,0,0,0,0,2,{  },{  },{  },0,0,0,0,0,0,0,0,0,0,0,2,{  },{  },{  },0,0,0,0,0,0,0,0,0,0,0,0,0,0,0,0,0,0,2,{  },{  },{  },0,0,0,0,0,0,1,5,11,0,0,0,{  },{  },{  },0,0,0,0,0,0,0,0,0,0,0,2,{  },{  },{  },0,0,0,0,0,0,0,0,0,0,0,2,{  },{  },{  },0,0,0,0,0,0,{  },1,0,0,0,0,0,0,0,0,0,2,{  },{  },{  },0,0,0,{  },{  },{  },{  },1,0,0,0,0,0,0,0,0,2,{  },{  },{  },0,0,0,0,0,0,0,0,0,0,0,0
card/cvc5_mapa/fol_0000006.smt2,sat,0.004,0,0,6,11,0,0,0,0,8,1,2,1,3,5,0,{  },0,0,0,0,0,0,0,0,0,0,4,1,11,1,0,0,0,5,11,{  },{  },{  },,3,0,0,0,0,0,0,0,0,0,0,0,0,0,0,0,0,0,0,0,0,0,0,0,0,0,0,0,0,0,0,0,0,0,0,0,0,0,0,0,0,0,0,0,0,0,0,0,0,0,21,9,1349,1349,"{ ARITH_BB_LEMMA: 1, ARITH_CONF_SIMPLEX: 2, ARITH_DIO_CUT: 1, ARITH_LIA_STAR_NONNEGATIVE: 1, ARITH_LIA_STAR_SPLIT: 1, ARITH_ROW_IMPL: 1, ARITH_SPLIT_DEQ: 2 }","{ ArithPivotStep: 6, BvSatStep: 1, CnfStep: 30, DecisionStep: 10, LemmaStep: 6, PreprocessStep: 18, RewriteStep: 1191, SatConflictStep: 12, TheoryCheckStep: 62, TheoryFullCheckStep: 4 }",27,0,6,0,0,27,0,1,0,0,6,11,17,0,0,0,0,0,0,0,0,0,0,0,0,0,0,0,6,0,0,0,0,0,0,0,0,0,0,0,0,0,0,0,0,0,0,0,0,0,0,0,0,0,6,0,0,0,0,0,0,0,16,4,0,0,2,0,2,0,0,0,2,4,0,2,0,0,1,0,1,0,0,0,2,0,0,1,0,{ ARITH_CONF_SIMPLEX: 2 },{  },"{ ARITH_BB_LEMMA: 1, ARITH_DIO_CUT: 1, ARITH_LIA_STAR_NONNEGATIVE: 1, ARITH_LIA_STAR_SPLIT: 1, ARITH_ROW_IMPL: 1, ARITH_SPLIT_DEQ: 2 }",9,0,0,7,0,2,0,0,0,0,0,0,0,0,0,0,0,0,0,0,0,1,1,0,0,0,0,0,0,0,0,0,2,0,0,0,0,0,0,0,0,0,6,{  },{  },{  },0,0,0,0,0,0,0,1,0,3,0,0,0,0,0.0,2,0,11,0,0,0,0,9,2,2,0,2,0,0,0,0,0,0,0,0,0,0,0,0,0,0,0,0,0,0,0,0,0,0,0,0,0,0,0,0,0,0,0,0,0,0,0,0,0,0,0,0,0,0,0,0,0,0,nan,nan,nan,0,0,0,0,0,2,{  },{  },{  },0,0,0,0,0,0,0,2,0,0,0,0,0,0,0,0,0,0,0,0,0,0,2,0,0,0,0,0,0,0,0,0,0,0,0,2,{  },{  },{  },0,0,0,{  },0,0,0,0,0,{  },{  },{  },0,0,0,0,0,0,0,0,{  },{  },{  },0,0,7,0,0,0,0,4,0,0,2,0,0,0,0,0,0,0,2,{  },{  },{  },0,0,0,0,0,0,0,0,0,0,0,2,{  },{  },{  },0,0,0,0,0,0,0,0,0,0,0,2,{  },{  },{  },0,0,0,0,0,0,0,0,0,0,0,0,0,0,0,0,0,0,2,{  },{  },{  },0,0,0,0,0,0,0,5,11,0,0,0,{  },{  },{  },0,0,0,0,0,0,0,0,0,0,0,2,{  },{  },{  },0,0,0,0,0,0,0,0,0,0,0,2,{  },{  },{  },0,0,0,0,0,0,{  },1,0,0,0,0,0,0,0,0,0,2,{  },{  },{  },0,0,0,{  },{  },{  },{  },1,0,0,0,0,0,0,0,0,2,{  },{  },{  },0,0,0,0,0,0,0,0,0,0,0,0
card/cvc5_mapa/fol_0000007.smt2,sat,0.004,0,0,6,11,0,0,0,0,3,1,2,0,1,2,0,{  },0,0,0,0,0,0,0,0,0,0,2,1,7,1,0,0,0,4,9,{  },{  },{  },,3,0,0,0,0,0,0,0,0,0,0,0,0,0,0,0,0,0,0,0,0,0,0,0,0,0,0,0,0,0,0,0,0,0,0,0,0,0,0,0,0,0,0,0,0,0,0,0,0,0,17,9,1073,1073,"{ ARITH_LIA_STAR_NONNEGATIVE: 1, ARITH_LIA_STAR_SPLIT: 1, ARITH_ROW_IMPL: 1, ARITH_SPLIT_DEQ: 1 }","{ ArithPivotStep: 2, BvSatStep: 1, CnfStep: 25, DecisionStep: 5, LemmaStep: 2, PreprocessStep: 18, RewriteStep: 975, SatConflictStep: 7, TheoryCheckStep: 32, TheoryFullCheckStep: 2 }",16,0,3,0,0,19,0,1,0,0,5,8,15,0,0,0,0,0,0,0,0,0,0,0,0,0,0,0,5,0,0,0,0,0,0,0,0,0,0,0,0,0,0,0,0,0,0,0,0,0,0,0,0,0,6,0,0,0,0,0,0,0,13,1,0,0,0,0,1,0,0,0,2,4,0,0,0,0,0,0,0,0,0,0,0,0,0,0,0,{  },{  },"{ ARITH_LIA_STAR_NONNEGATIVE: 1, ARITH_LIA_STAR_SPLIT: 1, ARITH_ROW_IMPL: 1, ARITH_SPLIT_DEQ: 1 }",6,0,0,4,0,2,0,0,0,0,0,0,0,0,0,0,0,0,0,0,0,1,1,0,0,0,0,0,0,0,0,0,2,0,0,0,0,0,0,0,0,0,2,{  },{  },{  },0,0,0,0,0,0,0,0,0,2,0,0,0,0,0.0,0,0,7,0,0,0,0,4,0,0,0,0,0,0,0,0,0,0,0,0,0,0,0,0,0,0,0,0,0,0,0,0,0,0,0,0,0,0,0,0,0,0,0,0,0,0,0,0,0,0,0,0,0,0,0,0,0,0,nan,nan,nan,0,0,0,0,0,2,{  },{  },{  },0,0,0,0,0,0,0,2,0,0,0,0,0,0,0,0,0,0,0,0,0,0,2,0,0,0,0,0,0,0,0,0,0,0,0,2,{  },{  },{  },0,0,0,{  },0,0,0,0,0,{  },{  },{  },0,0,0,0,0,0,0,0,{  },{  },{  },0,0,5,0,0,0,0,2,0,0,2,0,0,0,0,0,0,0,2,{  },{  },{  },0,0,0,0,0,0,0,0,0,0,0,2,{  },{  },{  },0,0,0,0,0,0,0,0,0,0,0,2,{  },{  },{  },0,0,0,0,0,0,0,0,0,0,0,0,0,0,0,0,0,0,2,{  },{  },{  },0,0,0,0,0,0,0,4,9,0,0,0,{  },{  },{  },0,0,0,0,0,0,0,0,0,0,0,2,{  },{  },{  },0,0,0,0,0,0,0,0,0,0,0,2,{  },{  },{  },0,0,0,0,0,0,{  },1,0,0,0,0,0,0,0,0,0,2,{  },{  },{  },0,0,0,{  },{  },{  },{  },1,0,0,0,0,0,0,0,0,2,{  },{  },{  },0,0,0,0,0,0,0,0,0,0,0,0
card/cvc5_mapa/fol_0000008.smt2,sat,0.004,0,0,6,10,0,0,0,0,2,1,2,0,2,0,0,{  },0,0,0,0,0,0,0,0,0,0,2,1,7,1,0,0,1,5,11,{  },{  },{  },,3,0,0,0,0,0,0,0,0,0,0,0,0,0,0,0,0,0,0,0,0,0,0,0,0,0,0,0,0,0,0,0,0,0,0,0,0,0,0,0,0,0,0,0,0,0,0,0,0,0,17,9,1106,1106,"{ ARITH_LIA_STAR_NONNEGATIVE: 1, ARITH_LIA_STAR_SPLIT: 1, ARITH_SPLIT_DEQ: 1 }","{ ArithPivotStep: 3, BvSatStep: 1, CnfStep: 24, DecisionStep: 6, LemmaStep: 2, PreprocessStep: 18, RewriteStep: 1007, SatConflictStep: 8, TheoryCheckStep: 32, TheoryFullCheckStep: 2 }",16,0,4,0,0,19,0,1,0,0,5,8,16,0,0,0,0,0,0,0,0,0,0,0,0,0,0,0,6,0,0,0,0,0,0,0,0,0,0,0,0,0,0,0,0,0,0,0,0,0,0,0,0,0,6,0,0,0,0,0,0,0,13,1,0,0,0,0,1,0,0,2,2,5,0,0,0,0,0,0,0,0,0,0,0,0,0,0,0,{  },{  },"{ ARITH_LIA_STAR_NONNEGATIVE: 1, ARITH_LIA_STAR_SPLIT: 1, ARITH_SPLIT_DEQ: 1 }",9,0,0,3,0,2,0,0,0,0,0,0,0,0,0,0,0,0,0,0,0,1,1,0,0,0,0,0,0,0,0,0,2,0,0,0,0,0,0,0,0,0,3,{  },{  },{  },0,0,0,0,0,0,0,0,0,2,0,0,0,0,0.0,0,0,7,0,0,0,0,4,0,0,0,0,0,0,0,0,0,0,0,0,0,0,0,0,0,0,0,0,0,0,0,0,0,0,0,0,0,0,0,0,0,0,0,0,0,0,0,0,0,0,0,0,0,0,0,0,0,0,nan,nan,nan,0,0,0,0,0,2,{  },{  },{  },0,0,0,0,0,0,0,2,0,0,0,0,0,0,0,0,0,0,0,0,0,0,2,0,0,0,0,0,0,0,0,0,0,0,0,2,{  },{  },{  },0,0,0,{  },0,0,0,0,0,{  },{  },{  },0,0,0,0,0,0,0,0,{  },{  },{  },0,0,5,0,0,0,0,2,0,0,2,0,0,0,0,0,0,0,2,{  },{  },{  },0,0,0,0,0,0,0,0,0,0,0,2,{  },{  },{  },0,0,0,0,0,0,0,0,0,0,0,2,{  },{  },{  },0,0,0,0,0,0,0,0,0,0,0,0,0,0,0,0,0,0,2,{  },{  },{  },0,0,0,0,0,0,1,5,11,0,0,0,{  },{  },{  },0,0,0,0,0,0,0,0,0,0,0,2,{  },{  },{  },0,0,0,0,0,0,0,0,0,0,0,2,{  },{  },{  },0,0,0,0,0,0,{  },1,0,0,0,0,0,0,0,0,0,2,{  },{  },{  },0,0,0,{  },{  },{  },{  },1,0,0,0,0,0,0,0,0,2,{  },{  },{  },0,0,0,0,0,0,0,0,0,0,0,0
card/cvc5_mapa/fol_0000009.smt2,sat,0.004,0,0,6,11,0,0,0,0,3,1,2,0,1,2,0,{  },0,0,0,0,0,0,0,0,0,0,2,1,7,1,0,0,0,4,9,{  },{  },{  },,3,0,0,0,0,0,0,0,0,0,0,0,0,0,0,0,0,0,0,0,0,0,0,0,0,0,0,0,0,0,0,0,0,0,0,0,0,0,0,0,0,0,0,0,0,0,0,0,0,0,17,9,1073,1073,"{ ARITH_LIA_STAR_NONNEGATIVE: 1, ARITH_LIA_STAR_SPLIT: 1, ARITH_ROW_IMPL: 1, ARITH_SPLIT_DEQ: 1 }","{ ArithPivotStep: 2, BvSatStep: 1, CnfStep: 25, DecisionStep: 5, LemmaStep: 2, PreprocessStep: 18, RewriteStep: 975, SatConflictStep: 7, TheoryCheckStep: 32, TheoryFullCheckStep: 2 }",16,0,3,0,0,19,0,1,0,0,5,8,15,0,0,0,0,0,0,0,0,0,0,0,0,0,0,0,5,0,0,0,0,0,0,0,0,0,0,0,0,0,0,0,0,0,0,0,0,0,0,0,0,0,6,0,0,0,0,0,0,0,13,1,0,0,0,0,1,0,0,0,2,4,0,0,0,0,0,0,0,0,0,0,0,0,0,0,0,{  },{  },"{ ARITH_LIA_STAR_NONNEGATIVE: 1, ARITH_LIA_STAR_SPLIT: 1, ARITH_ROW_IMPL: 1, ARITH_SPLIT_DEQ: 1 }",6,0,0,4,0,2,0,0,0,0,0,0,0,0,0,0,0,0,0,0,0,1,1,0,0,0,0,0,0,0,0,0,2,0,0,0,0,0,0,0,0,0,2,{  },{  },{  },0,0,0,0,0,0,0,0,0,2,0,0,0,0,0.0,0,0,7,0,0,0,0,4,0,0,0,0,0,0,0,0,0,0,0,0,0,0,0,0,0,0,0,0,0,0,0,0,0,0,0,0,0,0,0,0,0,0,0,0,0,0,0,0,0,0,0,0,0,0,0,0,0,0,nan,nan,nan,0,0,0,0,0,2,{  },{  },{  },0,0,0,0,0,0,0,2,0,0,0,0,0,0,0,0,0,0,0,0,0,0,2,0,0,0,0,0,0,0,0,0,0,0,0,2,{  },{  },{  },0,0,0,{  },0,0,0,0,0,{  },{  },{  },0,0,0,0,0,0,0,0,{  },{  },{  },0,0,5,0,0,0,0,2,0,0,2,0,0,0,0,0,0,0,2,{  },{  },{  },0,0,0,0,0,0,0,0,0,0,0,2,{  },{  },{  },0,0,0,0,0,0,0,0,0,0,0,2,{  },{  },{  },0,0,0,0,0,0,0,0,0,0,0,0,0,0,0,0,0,0,2,{  },{  },{  },0,0,0,0,0,0,0,4,9,0,0,0,{  },{  },{  },0,0,0,0,0,0,0,0,0,0,0,2,{  },{  },{  },0,0,0,0,0,0,0,0,0,0,0,2,{  },{  },{  },0,0,0,0,0,0,{  },1,0,0,0,0,0,0,0,0,0,2,{  },{  },{  },0,0,0,{  },{  },{  },{  },1,0,0,0,0,0,0,0,0,2,{  },{  },{  },0,0,0,0,0,0,0,0,0,0,0,0
card/cvc5_mapa/fol_0000010.smt2,sat,0.004,0,0,6,11,0,0,0,0,1,1,2,0,1,0,0,{  },0,0,0,0,0,0,0,0,0,0,2,1,5,1,0,0,1,5,11,{  },{  },{  },,3,0,0,0,0,0,0,0,0,0,0,0,0,0,0,0,0,0,0,0,0,0,0,0,0,0,0,0,0,0,0,0,0,0,0,0,0,0,0,0,0,0,0,0,0,0,0,0,0,0,16,10,1024,1024,"{ ARITH_LIA_STAR_NONNEGATIVE: 1, ARITH_LIA_STAR_SPLIT: 1 }","{ ArithPivotStep: 5, BvSatStep: 1, CnfStep: 24, DecisionStep: 5, LemmaStep: 1, PreprocessStep: 19, RewriteStep: 928, SatConflictStep: 7, TheoryCheckStep: 30, TheoryFullCheckStep: 2 }",14,0,3,0,0,18,0,1,0,0,4,7,13,0,0,0,0,0,0,0,0,0,0,0,0,0,0,0,6,0,0,0,0,0,0,0,0,0,0,0,0,0,0,0,0,0,0,0,0,0,0,0,0,0,6,0,0,0,0,0,0,0,13,1,0,0,0,0,1,0,0,1,2,5,0,0,0,0,0,0,0,0,0,0,0,0,0,0,0,{  },{  },"{ ARITH_LIA_STAR_NONNEGATIVE: 1, ARITH_LIA_STAR_SPLIT: 1 }",9,0,0,2,0,2,0,0,0,0,0,0,0,0,0,0,0,0,0,0,0,1,1,0,0,0,0,0,0,0,0,0,2,0,0,0,0,0,0,0,0,0,3,{  },{  },{  },0,0,0,0,0,0,0,0,0,1,0,0,0,0,0.0,0,0,5,0,0,0,0,5,0,0,0,0,0,0,0,0,0,0,0,0,0,0,0,0,0,0,0,0,0,0,0,0,0,0,0,0,0,0,0,0,0,0,0,0,0,0,0,0,0,0,0,0,0,0,0,0,0,0,nan,nan,nan,0,0,0,0,0,2,{  },{  },{  },0,0,0,0,0,0,0,2,0,0,0,0,0,0,0,0,0,0,0,0,0,0,2,0,0,0,0,0,0,0,0,0,0,0,0,2,{  },{  },{  },0,0,0,{  },0,0,0,0,0,{  },{  },{  },0,0,0,0,0,0,0,0,{  },{  },{  },0,0,4,0,0,0,0,2,0,0,2,0,0,0,0,0,0,0,2,{  },{  },{  },0,0,0,0,0,0,0,0,0,0,0,2,{  },{  },{  },0,0,0,0,0,0,0,0,0,0,0,2,{  },{  },{  },0,0,0,0,0,0,0,0,0,0,0,0,0,0,0,0,0,0,2,{  },{  },{  },0,0,0,0,0,0,1,5,11,0,0,0,{  },{  },{  },0,0,0,0,0,0,0,0,0,0,0,2,{  },{  },{  },0,0,0,0,0,0,0,0,0,0,0,2,{  },{  },{  },0,0,0,0,0,0,{  },1,0,0,0,0,0,0,0,0,0,2,{  },{  },{  },0,0,0,{  },{  },{  },{  },1,0,0,0,0,0,0,0,0,2,{  },{  },{  },0,0,0,0,0,0,0,0,0,0,0,0
card/cvc5_mapa/fol_0000011.smt2,sat,0.004,0,0,6,11,0,0,0,0,1,1,2,0,1,0,0,{  },0,0,0,0,0,0,0,0,0,0,2,1,5,1,0,0,0,4,9,{  },{  },{  },,3,0,0,0,0,0,0,0,0,0,0,0,0,0,0,0,0,0,0,0,0,0,0,0,0,0,0,0,0,0,0,0,0,0,0,0,0,0,0,0,0,0,0,0,0,0,0,0,0,0,16,10,1036,1036,"{ ARITH_LIA_STAR_NONNEGATIVE: 1, ARITH_LIA_STAR_SPLIT: 1 }","{ ArithPivotStep: 3, BvSatStep: 1, CnfStep: 23, DecisionStep: 5, LemmaStep: 1, PreprocessStep: 19, RewriteStep: 943, SatConflictStep: 7, TheoryCheckStep: 30, TheoryFullCheckStep: 2 }",14,0,3,0,0,18,0,1,0,0,4,7,13,0,0,0,0,0,0,0,0,0,0,0,0,0,0,0,6,0,0,0,0,0,0,0,0,0,0,0,0,0,0,0,0,0,0,0,0,0,0,0,0,0,6,0,0,0,0,0,0,0,13,1,0,0,0,0,1,0,0,0,2,4,0,0,0,0,0,0,0,0,0,0,0,0,0,0,0,{  },{  },"{ ARITH_LIA_STAR_NONNEGATIVE: 1, ARITH_LIA_STAR_SPLIT: 1 }",9,0,0,2,0,2,0,0,0,0,0,0,0,0,0,0,0,0,0,0,0,1,1,0,0,0,0,0,0,0,0,0,2,0,0,0,0,0,0,0,0,0,2,{  },{  },{  },0,0,0,0,0,0,0,0,0,1,0,0,0,0,0.0,0,0,5,0,0,0,0,4,0,0,0,0,0,0,0,0,0,0,0,0,0,0,0,0,0,0,0,0,0,0,0,0,0,0,0,0,0,0,0,0,0,0,0,0,0,0,0,0,0,0,0,0,0,0,0,0,0,0,nan,nan,nan,0,0,0,0,0,2,{  },{  },{  },0,0,0,0,0,0,0,2,0,0,0,0,0,0,0,0,0,0,0,0,0,0,2,0,0,0,0,0,0,0,0,0,0,0,0,2,{  },{  },{  },0,0,0,{  },0,0,0,0,0,{  },{  },{  },0,0,0,0,0,0,0,0,{  },{  },{  },0,0,4,0,0,0,0,2,0,0,2,0,0,0,0,0,0,0,2,{  },{  },{  },0,0,0,0,0,0,0,0,0,0,0,2,{  },{  },{  },0,0,0,0,0,0,0,0,0,0,0,2,{  },{  },{  },0,0,0,0,0,0,0,0,0,0,0,0,0,0,0,0,0,0,2,{  },{  },{  },0,0,0,0,0,0,0,4,9,0,0,0,{  },{  },{  },0,0,0,0,0,0,0,0,0,0,0,2,{  },{  },{  },0,0,0,0,0,0,0,0,0,0,0,2,{  },{  },{  },0,0,0,0,0,0,{  },1,0,0,0,0,0,0,0,0,0,2,{  },{  },{  },0,0,0,{  },{  },{  },{  },1,0,0,0,0,0,0,0,0,2,{  },{  },{  },0,0,0,0,0,0,0,0,0,0,0,0
card/cvc5_mapa/fol_0000012.smt2,sat,0.004,0,0,6,11,0,0,0,0,1,1,2,0,1,0,0,{  },0,0,0,0,0,0,0,0,0,0,2,1,5,1,0,0,0,4,9,{  },{  },{  },,3,0,0,0,0,0,0,0,0,0,0,0,0,0,0,0,0,0,0,0,0,0,0,0,0,0,0,0,0,0,0,0,0,0,0,0,0,0,0,0,0,0,0,0,0,0,0,0,0,0,16,10,1030,1030,"{ ARITH_LIA_STAR_NONNEGATIVE: 1, ARITH_LIA_STAR_SPLIT: 1 }","{ ArithPivotStep: 3, BvSatStep: 1, CnfStep: 24, DecisionStep: 5, LemmaStep: 1, PreprocessStep: 19, RewriteStep: 936, SatConflictStep: 7, TheoryCheckStep: 30, TheoryFullCheckStep: 2 }",14,0,3,0,0,18,0,1,0,0,4,7,13,0,0,0,0,0,0,0,0,0,0,0,0,0,0,0,6,0,0,0,0,0,0,0,0,0,0,0,0,0,0,0,0,0,0,0,0,0,0,0,0,0,6,0,0,0,0,0,0,0,13,1,0,0,0,0,1,0,0,0,2,5,0,0,0,0,0,0,0,0,0,0,0,0,0,0,0,{  },{  },"{ ARITH_LIA_STAR_NONNEGATIVE: 1, ARITH_LIA_STAR_SPLIT: 1 }",9,0,0,2,0,2,0,0,0,0,0,0,0,0,0,0,0,0,0,0,0,1,1,0,0,0,0,0,0,0,0,0,2,0,0,0,0,0,0,0,0,0,2,{  },{  },{  },0,0,0,0,0,0,0,0,0,1,0,0,0,0,0.0,0,0,5,0,0,0,0,4,0,0,0,0,0,0,0,0,0,0,0,0,0,0,0,0,0,0,0,0,0,0,0,0,0,0,0,0,0,0,0,0,0,0,0,0,0,0,0,0,0,0,0,0,0,0,0,0,0,0,nan,nan,nan,0,0,0,0,0,2,{  },{  },{  },0,0,0,0,0,0,0,2,0,0,0,0,0,0,0,0,0,0,0,0,0,0,2,0,0,0,0,0,0,0,0,0,0,0,0,2,{  },{  },{  },0,0,0,{  },0,0,0,0,0,{  },{  },{  },0,0,0,0,0,0,0,0,{  },{  },{  },0,0,4,0,0,0,0,2,0,0,2,0,0,0,0,0,0,0,2,{  },{  },{  },0,0,0,0,0,0,0,0,0,0,0,2,{  },{  },{  },0,0,0,0,0,0,0,0,0,0,0,2,{  },{  },{  },0,0,0,0,0,0,0,0,0,0,0,0,0,0,0,0,0,0,2,{  },{  },{  },0,0,0,0,0,0,0,4,9,0,0,0,{  },{  },{  },0,0,0,0,0,0,0,0,0,0,0,2,{  },{  },{  },0,0,0,0,0,0,0,0,0,0,0,2,{  },{  },{  },0,0,0,0,0,0,{  },1,0,0,0,0,0,0,0,0,0,2,{  },{  },{  },0,0,0,{  },{  },{  },{  },1,0,0,0,0,0,0,0,0,2,{  },{  },{  },0,0,0,0,0,0,0,0,0,0,0,0
card/cvc5_mapa/fol_0000013.smt2,sat,0.004,0,0,6,10,0,0,0,0,1,1,2,0,1,0,0,{  },0,0,0,0,0,0,0,0,0,0,2,1,5,1,0,0,1,5,11,{  },{  },{  },,3,0,0,0,0,0,0,0,0,0,0,0,0,0,0,0,0,0,0,0,0,0,0,0,0,0,0,0,0,0,0,0,0,0,0,0,0,0,0,0,0,0,0,0,0,0,0,0,0,0,16,10,1040,1040,"{ ARITH_LIA_STAR_NONNEGATIVE: 1, ARITH_LIA_STAR_SPLIT: 1 }","{ ArithPivotStep: 5, BvSatStep: 1, CnfStep: 25, DecisionStep: 5, LemmaStep: 1, PreprocessStep: 19, RewriteStep: 943, SatConflictStep: 7, TheoryCheckStep: 30, TheoryFullCheckStep: 2 }",14,0,3,0,0,18,0,1,0,0,4,7,13,0,0,0,0,0,0,0,0,0,0,0,0,0,0,0,6,0,0,0,0,0,0,0,0,0,0,0,0,0,0,0,0,0,0,0,0,0,0,0,0,0,6,0,0,0,0,0,0,0,13,1,0,0,0,0,1,0,0,1,2,5,0,0,0,0,0,0,0,0,0,0,0,0,0,0,0,{  },{  },"{ ARITH_LIA_STAR_NONNEGATIVE: 1, ARITH_LIA_STAR_SPLIT: 1 }",9,0,0,2,0,2,0,0,0,0,0,0,0,0,0,0,0,0,0,0,0,1,1,0,0,0,0,0,0,0,0,0,2,0,0,0,0,0,0,0,0,0,3,{  },{  },{  },0,0,0,0,0,0,0,0,0,1,0,0,0,0,0.0,0,0,5,0,0,0,0,4,0,0,0,0,0,0,0,0,0,0,0,0,0,0,0,0,0,0,0,0,0,0,0,0,0,0,0,0,0,0,0,0,0,0,0,0,0,0,0,0,0,0,0,0,0,0,0,0,0,0,nan,nan,nan,0,0,0,0,0,2,{  },{  },{  },0,0,0,0,0,0,0,2,0,0,0,0,0,0,0,0,0,0,0,0,0,0,2,0,0,0,0,0,0,0,0,0,0,0,0,2,{  },{  },{  },0,0,0,{  },0,0,0,0,0,{  },{  },{  },0,0,0,0,0,0,0,0,{  },{  },{  },0,0,4,0,0,0,0,2,0,0,2,0,0,0,0,0,0,0,2,{  },{  },{  },0,0,0,0,0,0,0,0,0,0,0,2,{  },{  },{  },0,0,0,0,0,0,0,0,0,0,0,2,{  },{  },{  },0,0,0,0,0,0,0,0,0,0,0,0,0,0,0,0,0,0,2,{  },{  },{  },0,0,0,0,0,0,1,5,11,0,0,0,{  },{  },{  },0,0,0,0,0,0,0,0,0,0,0,2,{  },{  },{  },0,0,0,0,0,0,0,0,0,0,0,2,{  },{  },{  },0,0,0,0,0,0,{  },1,0,0,0,0,0,0,0,0,0,2,{  },{  },{  },0,0,0,{  },{  },{  },{  },1,0,0,0,0,0,0,0,0,2,{  },{  },{  },0,0,0,0,0,0,0,0,0,0,0,0
card/cvc5_mapa/fol_0000014.smt2,sat,0.004,0,0,6,10,0,0,0,0,1,1,2,0,1,0,0,{  },0,0,0,0,0,0,0,0,0,0,2,1,5,1,0,0,0,4,9,{  },{  },{  },,3,0,0,0,0,0,0,0,0,0,0,0,0,0,0,0,0,0,0,0,0,0,0,0,0,0,0,0,0,0,0,0,0,0,0,0,0,0,0,0,0,0,0,0,0,0,0,0,0,0,16,10,1035,1035,"{ ARITH_LIA_STAR_NONNEGATIVE: 1, ARITH_LIA_STAR_SPLIT: 1 }","{ ArithPivotStep: 5, BvSatStep: 1, CnfStep: 24, DecisionStep: 5, LemmaStep: 1, PreprocessStep: 19, RewriteStep: 939, SatConflictStep: 7, TheoryCheckStep: 30, TheoryFullCheckStep: 2 }",14,0,3,0,0,18,0,1,0,0,4,7,13,0,0,0,0,0,0,0,0,0,0,0,0,0,0,0,6,0,0,0,0,0,0,0,0,0,0,0,0,0,0,0,0,0,0,0,0,0,0,0,0,0,6,0,0,0,0,0,0,0,13,1,0,0,0,0,1,0,0,0,2,4,0,0,0,0,0,0,0,0,0,0,0,0,0,0,0,{  },{  },"{ ARITH_LIA_STAR_NONNEGATIVE: 1, ARITH_LIA_STAR_SPLIT: 1 }",9,0,0,2,0,2,0,0,0,0,0,0,0,0,0,0,0,0,0,0,0,1,1,0,0,0,0,0,0,0,0,0,2,0,0,0,0,0,0,0,0,0,3,{  },{  },{  },0,0,0,0,0,0,0,0,0,1,0,0,0,0,0.0,0,0,5,0,0,0,0,4,0,0,0,0,0,0,0,0,0,0,0,0,0,0,0,0,0,0,0,0,0,0,0,0,0,0,0,0,0,0,0,0,0,0,0,0,0,0,0,0,0,0,0,0,0,0,0,0,0,0,nan,nan,nan,0,0,0,0,0,2,{  },{  },{  },0,0,0,0,0,0,0,2,0,0,0,0,0,0,0,0,0,0,0,0,0,0,2,0,0,0,0,0,0,0,0,0,0,0,0,2,{  },{  },{  },0,0,0,{  },0,0,0,0,0,{  },{  },{  },0,0,0,0,0,0,0,0,{  },{  },{  },0,0,4,0,0,0,0,2,0,0,2,0,0,0,0,0,0,0,2,{  },{  },{  },0,0,0,0,0,0,0,0,0,0,0,2,{  },{  },{  },0,0,0,0,0,0,0,0,0,0,0,2,{  },{  },{  },0,0,0,0,0,0,0,0,0,0,0,0,0,0,0,0,0,0,2,{  },{  },{  },0,0,0,0,0,0,0,4,9,0,0,0,{  },{  },{  },0,0,0,0,0,0,0,0,0,0,0,2,{  },{  },{  },0,0,0,0,0,0,0,0,0,0,0,2,{  },{  },{  },0,0,0,0,0,0,{  },1,0,0,0,0,0,0,0,0,0,2,{  },{  },{  },0,0,0,{  },{  },{  },{  },1,0,0,0,0,0,0,0,0,2,{  },{  },{  },0,0,0,0,0,0,0,0,0,0,0,0
card/cvc5_mapa/fol_0000015.smt2,sat,0.004,0,0,6,10,0,0,0,0,1,1,2,0,1,0,0,{  },0,0,0,0,0,0,0,0,0,0,2,1,5,1,0,0,0,4,9,{  },{  },{  },,3,0,0,0,0,0,0,0,0,0,0,0,0,0,0,0,0,0,0,0,0,0,0,0,0,0,0,0,0,0,0,0,0,0,0,0,0,0,0,0,0,0,0,0,0,0,0,0,0,0,16,10,1048,1048,"{ ARITH_LIA_STAR_NONNEGATIVE: 1, ARITH_LIA_STAR_SPLIT: 1 }","{ ArithPivotStep: 5, BvSatStep: 1, CnfStep: 25, DecisionStep: 5, LemmaStep: 1, PreprocessStep: 19, RewriteStep: 951, SatConflictStep: 7, TheoryCheckStep: 30, TheoryFullCheckStep: 2 }",14,0,3,0,0,18,0,1,0,0,4,7,13,0,0,0,0,0,0,0,0,0,0,0,0,0,0,0,6,0,0,0,0,0,0,0,0,0,0,0,0,0,0,0,0,0,0,0,0,0,0,0,0,0,6,0,0,0,0,0,0,0,13,1,0,0,0,0,1,0,0,0,2,5,0,0,0,0,0,0,0,0,0,0,0,0,0,0,0,{  },{  },"{ ARITH_LIA_STAR_NONNEGATIVE: 1, ARITH_LIA_STAR_SPLIT: 1 }",9,0,0,2,0,2,0,0,0,0,0,0,0,0,0,0,0,0,0,0,0,1,1,0,0,0,0,0,0,0,0,0,2,0,0,0,0,0,0,0,0,0,3,{  },{  },{  },0,0,0,0,0,0,0,0,0,1,0,0,0,0,0.0,0,0,5,0,0,0,0,4,0,0,0,0,0,0,0,0,0,0,0,0,0,0,0,0,0,0,0,0,0,0,0,0,0,0,0,0,0,0,0,0,0,0,0,0,0,0,0,0,0,0,0,0,0,0,0,0,0,0,nan,nan,nan,0,0,0,0,0,2,{  },{  },{  },0,0,0,0,0,0,0,2,0,0,0,0,0,0,0,0,0,0,0,0,0,0,2,0,0,0,0,0,0,0,0,0,0,0,0,2,{  },{  },{  },0,0,0,{  },0,0,0,0,0,{  },{  },{  },0,0,0,0,0,0,0,0,{  },{  },{  },0,0,4,0,0,0,0,2,0,0,2,0,0,0,0,0,0,0,2,{  },{  },{  },0,0,0,0,0,0,0,0,0,0,0,2,{  },{  },{  },0,0,0,0,0,0,0,0,0,0,0,2,{  },{  },{  },0,0,0,0,0,0,0,0,0,0,0,0,0,0,0,0,0,0,2,{  },{  },{  },0,0,0,0,0,0,0,4,9,0,0,0,{  },{  },{  },0,0,0,0,0,0,0,0,0,0,0,2,{  },{  },{  },0,0,0,0,0,0,0,0,0,0,0,2,{  },{  },{  },0,0,0,0,0,0,{  },1,0,0,0,0,0,0,0,0,0,2,{  },{  },{  },0,0,0,{  },{  },{  },{  },1,0,0,0,0,0,0,0,0,2,{  },{  },{  },0,0,0,0,0,0,0,0,0,0,0,0
card/cvc5_mapa/fol_0000016.smt2,sat,0.004,0,0,6,10,0,0,0,0,2,1,2,0,2,0,0,{  },0,0,0,0,0,0,0,0,0,0,3,1,7,1,0,0,1,6,12,{  },{  },{  },,3,0,0,0,0,0,0,0,0,0,0,0,0,0,0,0,0,0,0,0,0,0,0,0,0,0,0,0,0,0,0,0,0,0,0,0,0,0,0,0,0,0,0,0,0,0,0,0,0,0,19,10,1134,1134,"{ ARITH_BB_LEMMA: 1, ARITH_LIA_STAR_NONNEGATIVE: 1, ARITH_LIA_STAR_SPLIT: 1 }","{ ArithPivotStep: 8, BvSatStep: 1, CnfStep: 25, DecisionStep: 7, LemmaStep: 2, PreprocessStep: 19, RewriteStep: 1013, SatConflictStep: 9, TheoryCheckStep: 44, TheoryFullCheckStep: 3 }",17,0,4,0,0,20,0,1,0,0,5,9,15,0,0,0,0,0,0,0,0,0,0,0,0,0,0,0,7,0,0,0,0,0,0,0,0,0,0,0,0,0,0,0,0,0,0,0,0,0,0,0,0,0,6,0,0,0,0,0,0,0,14,2,0,0,0,0,2,0,0,1,2,5,0,1,0,0,0,0,0,0,0,0,0,0,0,1,0,{  },{  },"{ ARITH_BB_LEMMA: 1, ARITH_LIA_STAR_NONNEGATIVE: 1, ARITH_LIA_STAR_SPLIT: 1 }",12,0,0,3,0,2,0,0,0,0,0,0,0,0,0,0,0,0,0,0,0,1,1,0,0,0,0,0,0,0,0,0,2,0,0,0,0,0,0,0,0,0,5,{  },{  },{  },0,0,0,0,0,0,0,1,0,2,0,0,0,0,0.0,0,0,7,0,0,0,0,6,0,0,0,0,0,0,0,0,0,0,0,0,0,0,0,0,0,0,0,0,0,0,0,0,0,0,0,0,0,0,0,0,0,0,0,0,0,0,0,0,0,0,0,0,0,0,0,0,0,0,nan,nan,nan,0,0,0,0,0,2,{  },{  },{  },0,0,0,0,0,0,0,2,0,0,0,0,0,0,0,0,0,0,0,0,0,0,2,0,0,0,0,0,0,0,0,0,0,0,0,2,{  },{  },{  },0,0,0,{  },0,0,0,0,0,{  },{  },{  },0,0,0,0,0,0,0,0,{  },{  },{  },0,0,5,0,0,0,0,3,0,0,2,0,0,0,0,0,0,0,2,{  },{  },{  },0,0,0,0,0,0,0,0,0,0,0,2,{  },{  },{  },0,0,0,0,0,0,0,0,0,0,0,2,{  },{  },{  },0,0,0,0,0,0,0,0,0,0,0,0,0,0,0,0,0,0,2,{  },{  },{  },0,0,0,0,0,0,1,6,12,0,0,0,{  },{  },{  },0,0,0,0,0,0,0,0,0,0,0,2,{  },{  },{  },0,0,0,0,0,0,0,0,0,0,0,2,{  },{  },{  },0,0,0,0,0,0,{  },1,0,0,0,0,0,0,0,0,0,2,{  },{  },{  },0,0,0,{  },{  },{  },{  },1,0,0,0,0,0,0,0,0,2,{  },{  },{  },0,0,0,0,0,0,0,0,0,0,0,0
card/cvc5_mapa/fol_0000017.smt2,sat,0.004,0,0,6,10,0,0,0,0,2,1,2,0,2,0,0,{  },0,0,0,0,0,0,0,0,0,0,3,1,7,1,0,0,0,5,10,{  },{  },{  },,3,0,0,0,0,0,0,0,0,0,0,0,0,0,0,0,0,0,0,0,0,0,0,0,0,0,0,0,0,0,0,0,0,0,0,0,0,0,0,0,0,0,0,0,0,0,0,0,0,0,19,10,1146,1146,"{ ARITH_BB_LEMMA: 1, ARITH_LIA_STAR_NONNEGATIVE: 1, ARITH_LIA_STAR_SPLIT: 1 }","{ ArithPivotStep: 6, BvSatStep: 1, CnfStep: 24, DecisionStep: 7, LemmaStep: 2, PreprocessStep: 19, RewriteStep: 1028, SatConflictStep: 9, TheoryCheckStep: 44, TheoryFullCheckStep: 3 }",17,0,4,0,0,20,0,1,0,0,5,9,15,0,0,0,0,0,0,0,0,0,0,0,0,0,0,0,7,0,0,0,0,0,0,0,0,0,0,0,0,0,0,0,0,0,0,0,0,0,0,0,0,0,6,0,0,0,0,0,0,0,14,2,0,0,0,0,2,0,0,0,2,4,0,1,0,0,0,0,0,0,0,0,0,0,0,1,0,{  },{  },"{ ARITH_BB_LEMMA: 1, ARITH_LIA_STAR_NONNEGATIVE: 1, ARITH_LIA_STAR_SPLIT: 1 }",12,0,0,3,0,2,0,0,0,0,0,0,0,0,0,0,0,0,0,0,0,1,1,0,0,0,0,0,0,0,0,0,2,0,0,0,0,0,0,0,0,0,4,{  },{  },{  },0,0,0,0,0,0,0,1,0,2,0,0,0,0,0.0,0,0,7,0,0,0,0,5,0,0,0,0,0,0,0,0,0,0,0,0,0,0,0,0,0,0,0,0,0,0,0,0,0,0,0,0,0,0,0,0,0,0,0,0,0,0,0,0,0,0,0,0,0,0,0,0,0,0,nan,nan,nan,0,0,0,0,0,2,{  },{  },{  },0,0,0,0,0,0,0,2,0,0,0,0,0,0,0,0,0,0,0,0,0,0,2,0,0,0,0,0,0,0,0,0,0,0,0,2,{  },{  },{  },0,0,0,{  },0,0,0,0,0,{  },{  },{  },0,0,0,0,0,0,0,0,{  },{  },{  },0,0,5,0,0,0,0,3,0,0,2,0,0,0,0,0,0,0,2,{  },{  },{  },0,0,0,0,0,0,0,0,0,0,0,2,{  },{  },{  },0,0,0,0,0,0,0,0,0,0,0,2,{  },{  },{  },0,0,0,0,0,0,0,0,0,0,0,0,0,0,0,0,0,0,2,{  },{  },{  },0,0,0,0,0,0,0,5,10,0,0,0,{  },{  },{  },0,0,0,0,0,0,0,0,0,0,0,2,{  },{  },{  },0,0,0,0,0,0,0,0,0,0,0,2,{  },{  },{  },0,0,0,0,0,0,{  },1,0,0,0,0,0,0,0,0,0,2,{  },{  },{  },0,0,0,{  },{  },{  },{  },1,0,0,0,0,0,0,0,0,2,{  },{  },{  },0,0,0,0,0,0,0,0,0,0,0,0
card/cvc5_mapa/fol_0000018.smt2,sat,0.004,0,0,6,10,0,0,0,0,2,1,2,0,2,0,0,{  },0,0,0,0,0,0,0,0,0,0,3,1,7,1,0,0,0,5,10,{  },{  },{  },,4,0,0,0,0,0,0,0,0,0,0,0,0,0,0,0,0,0,0,0,0,0,0,0,0,0,0,0,0,0,0,0,0,0,0,0,0,0,0,0,0,0,0,0,0,0,0,0,0,0,19,10,1132,1132,"{ ARITH_BB_LEMMA: 1, ARITH_LIA_STAR_NONNEGATIVE: 1, ARITH_LIA_STAR_SPLIT: 1 }","{ ArithPivotStep: 6, BvSatStep: 1, CnfStep: 25, DecisionStep: 7, LemmaStep: 2, PreprocessStep: 19, RewriteStep: 1013, SatConflictStep: 9, TheoryCheckStep: 44, TheoryFullCheckStep: 3 }",17,0,4,0,0,20,0,1,0,0,5,9,15,0,0,0,0,0,0,0,0,0,0,0,0,0,0,0,7,0,0,0,0,0,0,0,0,0,0,0,0,0,0,0,0,0,0,0,0,0,0,0,0,0,6,0,0,0,0,0,0,0,14,2,0,0,0,0,2,0,0,0,2,5,0,1,0,0,0,0,0,0,0,0,0,0,0,1,0,{  },{  },"{ ARITH_BB_LEMMA: 1, ARITH_LIA_STAR_NONNEGATIVE: 1, ARITH_LIA_STAR_SPLIT: 1 }",12,0,0,3,0,2,0,0,0,0,0,0,0,0,0,0,0,0,0,0,0,1,1,0,0,0,0,0,0,0,0,0,2,0,0,0,0,0,0,0,0,0,4,{  },{  },{  },0,0,0,0,0,0,0,1,0,2,0,0,0,0,0.0,0,0,7,0,0,0,0,5,0,0,0,0,0,0,0,0,0,0,0,0,0,0,0,0,0,0,0,0,0,0,0,0,0,0,0,0,0,0,0,0,0,0,0,0,0,0,0,0,0,0,0,0,0,0,0,0,0,0,nan,nan,nan,0,0,0,0,0,2,{  },{  },{  },0,0,0,0,0,0,0,2,0,0,0,0,0,0,0,0,0,0,0,0,0,0,2,0,0,0,0,0,0,0,0,0,0,0,0,2,{  },{  },{  },0,0,0,{  },0,0,0,0,0,{  },{  },{  },0,0,0,0,0,0,0,0,{  },{  },{  },0,0,5,0,0,0,0,3,0,0,2,0,0,0,0,0,0,0,2,{  },{  },{  },0,0,0,0,0,0,0,0,0,0,0,2,{  },{  },{  },0,0,0,0,0,0,0,0,0,0,0,2,{  },{  },{  },0,0,0,0,0,0,0,0,0,0,0,0,0,0,0,0,0,0,2,{  },{  },{  },0,0,0,0,0,0,0,5,10,0,0,0,{  },{  },{  },0,0,0,0,0,0,0,0,0,0,0,2,{  },{  },{  },0,0,0,0,0,0,0,0,0,0,0,2,{  },{  },{  },0,0,0,0,0,0,{  },1,0,0,0,0,0,0,0,0,0,2,{  },{  },{  },0,0,0,{  },{  },{  },{  },1,0,0,0,0,0,0,0,0,2,{  },{  },{  },0,0,0,0,0,0,0,0,0,0,0,0
card/cvc5_mapa/fol_0000019.smt2,sat,0.004,0,0,7,13,0,0,0,0,6,1,2,1,3,3,0,{  },0,0,0,0,0,0,0,0,0,0,5,1,10,1,0,0,0,5,11,{  },{  },{  },,4,0,0,0,0,0,0,0,0,0,0,0,0,0,0,0,0,0,0,0,0,0,0,0,0,0,0,0,0,0,0,0,0,0,0,0,0,0,0,0,0,0,0,0,0,0,0,0,0,0,24,13,1517,1517,"{ ARITH_BB_LEMMA: 1, ARITH_CONF_SIMPLEX: 2, ARITH_DIO_CUT: 2, ARITH_LIA_STAR_NONNEGATIVE: 1, ARITH_LIA_STAR_SPLIT: 1 }","{ ArithPivotStep: 11, BvSatStep: 1, CnfStep: 31, DecisionStep: 11, LemmaStep: 4, PreprocessStep: 22, RewriteStep: 1339, SatConflictStep: 13, TheoryCheckStep: 73, TheoryFullCheckStep: 5 }",19,0,6,0,0,30,0,1,0,0,5,10,15,0,0,0,0,0,0,0,0,0,0,0,0,0,0,0,9,0,0,0,0,0,0,0,0,0,0,0,0,0,0,0,0,0,0,0,0,0,0,0,0,0,7,0,0,0,0,0,0,0,20,6,0,0,2,0,2,0,0,0,2,5,0,3,0,0,2,0,2,0,0,0,2,0,0,1,0,{ ARITH_CONF_SIMPLEX: 2 },{  },"{ ARITH_BB_LEMMA: 1, ARITH_DIO_CUT: 2, ARITH_LIA_STAR_NONNEGATIVE: 1, ARITH_LIA_STAR_SPLIT: 1 }",20,0,0,5,0,2,0,0,0,0,0,0,0,0,0,0,0,0,0,0,0,1,1,0,0,0,0,0,0,0,0,0,2,0,0,0,0,0,0,0,0,0,7,{  },{  },{  },0,0,0,0,0,0,0,1,0,4,0,0,0,0,0.0,2,0,10,0,0,0,0,10,2,2,0,2,0,0,0,0,0,0,0,0,0,0,0,0,0,0,0,0,0,0,0,0,0,0,0,0,0,0,0,0,0,0,0,0,0,0,0,0,0,0,0,0,0,0,0,0,0,0,nan,nan,nan,0,0,0,0,0,2,{  },{  },{  },0,0,0,0,0,0,0,2,0,0,0,0,0,0,0,0,0,0,0,0,0,0,2,0,0,0,0,0,0,0,0,0,0,0,0,2,{  },{  },{  },0,0,0,{  },0,0,0,0,0,{  },{  },{  },0,0,0,0,0,0,0,0,{  },{  },{  },0,0,6,0,0,0,0,5,0,0,2,0,0,0,0,0,0,0,2,{  },{  },{  },0,0,0,0,0,0,0,0,0,0,0,2,{  },{  },{  },0,0,0,0,0,0,0,0,0,0,0,2,{  },{  },{  },0,0,0,0,0,0,0,0,0,0,0,0,0,0,0,0,0,0,2,{  },{  },{  },0,0,0,0,0,0,0,5,11,0,0,0,{  },{  },{  },0,0,0,0,0,0,0,0,0,0,0,2,{  },{  },{  },0,0,0,0,0,0,0,0,0,0,0,2,{  },{  },{  },0,0,0,0,0,0,{  },1,0,0,0,0,0,0,0,0,0,2,{  },{  },{  },0,0,0,{  },{  },{  },{  },1,0,0,0,0,0,0,0,0,2,{  },{  },{  },0,0,0,0,0,0,0,0,0,0,0,0
card/cvc5_mapa/fol_0000020.smt2,sat,0.004,0,0,7,12,0,0,0,0,1,1,2,0,1,0,0,{  },0,0,0,0,0,0,0,0,0,0,2,1,5,1,0,0,1,5,11,{  },{  },{  },,3,0,0,0,0,0,0,0,0,0,0,0,0,0,0,0,0,0,0,0,0,0,0,0,0,0,0,0,0,0,0,0,0,0,0,0,0,0,0,0,0,0,0,0,0,0,0,0,0,0,19,13,1232,1232,"{ ARITH_LIA_STAR_NONNEGATIVE: 1, ARITH_LIA_STAR_SPLIT: 1 }","{ ArithPivotStep: 7, BvSatStep: 1, CnfStep: 29, DecisionStep: 5, LemmaStep: 1, PreprocessStep: 22, RewriteStep: 1126, SatConflictStep: 7, TheoryCheckStep: 30, TheoryFullCheckStep: 2 }",14,0,3,0,0,21,0,1,0,0,4,7,13,0,0,0,0,0,0,0,0,0,0,0,0,0,0,0,9,0,0,0,0,0,0,0,0,0,0,0,0,0,0,0,0,0,0,0,0,0,0,0,0,0,7,0,0,0,0,0,0,0,16,1,0,0,0,0,1,0,0,1,2,6,0,0,0,0,0,0,0,0,0,0,0,0,0,0,0,{  },{  },"{ ARITH_LIA_STAR_NONNEGATIVE: 1, ARITH_LIA_STAR_SPLIT: 1 }",20,0,0,2,0,2,0,0,0,0,0,0,0,0,0,0,0,0,0,0,0,1,1,0,0,0,0,0,0,0,0,0,2,0,0,0,0,0,0,0,0,0,4,{  },{  },{  },0,0,0,0,0,0,0,0,0,1,0,0,0,0,0.0,0,0,5,0,0,0,0,5,0,0,0,0,0,0,0,0,0,0,0,0,0,0,0,0,0,0,0,0,0,0,0,0,0,0,0,0,0,0,0,0,0,0,0,0,0,0,0,0,0,0,0,0,0,0,0,0,0,0,nan,nan,nan,0,0,0,0,0,2,{  },{  },{  },0,0,0,0,0,0,0,2,0,0,0,0,0,0,0,0,0,0,0,0,0,0,2,0,0,0,0,0,0,0,0,0,0,0,0,2,{  },{  },{  },0,0,0,{  },0,0,0,0,0,{  },{  },{  },0,0,0,0,0,0,0,0,{  },{  },{  },0,0,4,0,0,0,0,2,0,0,2,0,0,0,0,0,0,0,2,{  },{  },{  },0,0,0,0,0,0,0,0,0,0,0,2,{  },{  },{  },0,0,0,0,0,0,0,0,0,0,0,2,{  },{  },{  },0,0,0,0,0,0,0,0,0,0,0,0,0,0,0,0,0,0,2,{  },{  },{  },0,0,0,0,0,0,1,5,11,0,0,0,{  },{  },{  },0,0,0,0,0,0,0,0,0,0,0,2,{  },{  },{  },0,0,0,0,0,0,0,0,0,0,0,2,{  },{  },{  },0,0,0,0,0,0,{  },1,0,0,0,0,0,0,0,0,0,2,{  },{  },{  },0,0,0,{  },{  },{  },{  },1,0,0,0,0,0,0,0,0,2,{  },{  },{  },0,0,0,0,0,0,0,0,0,0,0,0
card/cvc5_mapa/fol_0000022.smt2,sat,0.004,0,0,7,12,0,0,0,0,1,1,2,0,1,0,0,{  },0,0,0,0,0,0,0,0,0,0,2,1,5,1,0,0,1,5,11,{  },{  },{  },,3,0,0,0,0,0,0,0,0,0,0,0,0,0,0,0,0,0,0,0,0,0,0,0,0,0,0,0,0,0,0,0,0,0,0,0,0,0,0,0,0,0,0,0,0,0,0,0,0,0,19,13,1216,1216,"{ ARITH_LIA_STAR_NONNEGATIVE: 1, ARITH_LIA_STAR_SPLIT: 1 }","{ ArithPivotStep: 9, BvSatStep: 1, CnfStep: 28, DecisionStep: 5, LemmaStep: 1, PreprocessStep: 22, RewriteStep: 1109, SatConflictStep: 7, TheoryCheckStep: 30, TheoryFullCheckStep: 2 }",14,0,3,0,0,21,0,1,0,0,4,7,13,0,0,0,0,0,0,0,0,0,0,0,0,0,0,0,9,0,0,0,0,0,0,0,0,0,0,0,0,0,0,0,0,0,0,0,0,0,0,0,0,0,7,0,0,0,0,0,0,0,16,1,0,0,0,0,1,0,0,1,2,6,0,0,0,0,0,0,0,0,0,0,0,0,0,0,0,{  },{  },"{ ARITH_LIA_STAR_NONNEGATIVE: 1, ARITH_LIA_STAR_SPLIT: 1 }",20,0,0,2,0,2,0,0,0,0,0,0,0,0,0,0,0,0,0,0,0,1,1,0,0,0,0,0,0,0,0,0,2,0,0,0,0,0,0,0,0,0,5,{  },{  },{  },0,0,0,0,0,0,0,0,0,1,0,0,0,0,0.0,0,0,5,0,0,0,0,6,0,0,0,0,0,0,0,0,0,0,0,0,0,0,0,0,0,0,0,0,0,0,0,0,0,0,0,0,0,0,0,0,0,0,0,0,0,0,0,0,0,0,0,0,0,0,0,0,0,0,nan,nan,nan,0,0,0,0,0,2,{  },{  },{  },0,0,0,0,0,0,0,2,0,0,0,0,0,0,0,0,0,0,0,0,0,0,2,0,0,0,0,0,0,0,0,0,0,0,0,2,{  },{  },{  },0,0,0,{  },0,0,0,0,0,{  },{  },{  },0,0,0,0,0,0,0,0,{  },{  },{  },0,0,4,0,0,0,0,2,0,0,2,0,0,0,0,0,0,0,2,{  },{  },{  },0,0,0,0,0,0,0,0,0,0,0,2,{  },{  },{  },0,0,0,0,0,0,0,0,0,0,0,2,{  },{  },{  },0,0,0,0,0,0,0,0,0,0,0,0,0,0,0,0,0,0,2,{  },{  },{  },0,0,0,0,0,0,1,5,11,0,0,0,{  },{  },{  },0,0,0,0,0,0,0,0,0,0,0,2,{  },{  },{  },0,0,0,0,0,0,0,0,0,0,0,2,{  },{  },{  },0,0,0,0,0,0,{  },1,0,0,0,0,0,0,0,0,0,2,{  },{  },{  },0,0,0,{  },{  },{  },{  },1,0,0,0,0,0,0,0,0,2,{  },{  },{  },0,0,0,0,0,0,0,0,0,0,0,0
card/cvc5_mapa/fol_0000024.smt2,sat,0.005,0,0,7,13,0,0,0,0,12,1,2,3,4,13,0,{  },0,0,0,0,0,0,0,0,0,0,6,1,14,1,0,0,0,7,15,{  },{  },{  },,4,0,0,0,0,0,0,0,0,0,0,0,0,0,0,0,0,0,0,0,0,0,0,0,0,0,0,0,0,0,0,0,0,0,0,0,0,0,0,0,0,0,0,0,0,0,0,0,0,0,25,13,1716,1716,"{ ARITH_BB_LEMMA: 1, ARITH_CONF_SIMPLEX: 6, ARITH_DIO_CUT: 3, ARITH_LIA_STAR_NONNEGATIVE: 1, ARITH_LIA_STAR_SPLIT: 1, ARITH_SPLIT_DEQ: 1 }","{ ArithPivotStep: 19, BvSatStep: 1, CnfStep: 37, DecisionStep: 17, LemmaStep: 9, PreprocessStep: 22, RewriteStep: 1480, SatConflictStep: 19, TheoryCheckStep: 93, TheoryFullCheckStep: 6 }",28,2,11,0,3,39,0,1,3,0,5,10,15,0,0,0,0,0,0,0,0,0,0,0,0,0,0,0,9,0,0,0,0,0,0,0,0,0,0,0,0,0,0,0,0,0,0,0,0,0,0,0,0,0,7,0,0,0,0,0,0,0,25,8,0,0,6,0,4,0,0,0,2,5,0,4,0,0,3,0,3,0,0,0,6,0,0,1,0,{ ARITH_CONF_SIMPLEX: 6 },{  },"{ ARITH_BB_LEMMA: 1, ARITH_DIO_CUT: 3, ARITH_LIA_STAR_NONNEGATIVE: 1, ARITH_LIA_STAR_SPLIT: 1, ARITH_SPLIT_DEQ: 1 }",20,0,0,7,0,2,0,0,0,0,0,0,0,0,0,0,0,0,0,0,0,1,1,0,0,0,0,0,0,0,0,0,2,0,0,0,0,0,0,0,0,0,14,{  },{  },{  },0,0,0,0,0,0,0,1,0,2,0,0,0,0,0.0,6,0,14,0,0,0,0,19,6,4,0,4,0,0,0,0,0,0,0,0,0,0,0,0,0,0,0,0,0,0,0,0,0,0,0,0,0,0,0,0,0,0,0,0,0,0,0,0,0,0,0,0,0,0,0,0,0,0,nan,nan,nan,0,0,0,0,0,2,{  },{  },{  },0,0,0,0,0,0,0,2,0,0,0,0,0,0,0,0,0,0,0,0,0,0,2,0,0,0,0,0,0,0,0,0,0,0,0,2,{  },{  },{  },0,0,0,{  },0,0,0,0,0,{  },{  },{  },0,0,0,0,0,0,0,0,{  },{  },{  },0,0,6,0,0,0,0,6,0,0,2,0,0,0,0,0,0,0,2,{  },{  },{  },0,0,0,0,0,0,0,0,0,0,0,2,{  },{  },{  },0,0,0,0,0,0,0,0,0,0,0,2,{  },{  },{  },0,0,0,0,0,0,0,0,0,0,0,0,0,0,0,0,0,0,2,{  },{  },{  },0,0,0,0,0,0,0,7,15,0,0,0,{  },{  },{  },0,0,0,0,0,0,0,0,0,0,0,2,{  },{  },{  },0,0,0,0,0,0,0,0,0,0,0,2,{  },{  },{  },0,0,0,0,0,0,{  },1,0,0,0,0,0,0,0,0,0,2,{  },{  },{  },0,0,0,{  },{  },{  },{  },1,0,0,0,0,0,0,0,0,2,{  },{  },{  },0,0,0,0,0,0,0,0,0,0,0,0
card/cvc5_mapa/fol_0000025.smt2,sat,0.004,0,0,6,10,0,0,0,0,1,1,2,0,1,0,0,{  },0,0,0,0,0,0,0,0,0,0,2,1,5,1,0,0,1,5,11,{  },{  },{  },,3,0,0,0,0,0,0,0,0,0,0,0,0,0,0,0,0,0,0,0,0,0,0,0,0,0,0,0,0,0,0,0,0,0,0,0,0,0,0,0,0,0,0,0,0,0,0,0,0,0,16,10,1037,1037,"{ ARITH_LIA_STAR_NONNEGATIVE: 1, ARITH_LIA_STAR_SPLIT: 1 }","{ ArithPivotStep: 1, BvSatStep: 1, CnfStep: 25, DecisionStep: 5, LemmaStep: 1, PreprocessStep: 19, RewriteStep: 944, SatConflictStep: 7, TheoryCheckStep: 30, TheoryFullCheckStep: 2 }",14,0,3,0,0,18,0,1,0,0,4,7,13,0,0,0,0,0,0,0,0,0,0,0,0,0,0,0,7,0,0,0,0,0,0,0,0,0,0,0,0,0,0,0,0,0,0,0,0,0,0,0,0,0,6,0,0,0,0,0,0,0,13,1,0,0,0,0,1,0,0,1,2,5,0,0,0,0,0,0,0,0,0,0,0,0,0,0,0,{  },{  },"{ ARITH_LIA_STAR_NONNEGATIVE: 1, ARITH_LIA_STAR_SPLIT: 1 }",13,0,0,2,0,2,0,0,0,0,0,0,0,0,0,0,0,0,0,0,0,1,1,0,0,0,0,0,0,0,0,0,2,0,0,0,0,0,0,0,0,0,1,{  },{  },{  },0,0,0,0,0,0,0,0,0,1,0,0,0,0,0.0,0,0,5,0,0,0,0,2,0,0,0,0,0,0,0,0,0,0,0,0,0,0,0,0,0,0,0,0,0,0,0,0,0,0,0,0,0,0,0,0,0,0,0,0,0,0,0,0,0,0,0,0,0,0,0,0,0,0,nan,nan,nan,0,0,0,0,0,2,{  },{  },{  },0,0,0,0,0,0,0,2,0,0,0,0,0,0,0,0,0,0,0,0,0,0,2,0,0,0,0,0,0,0,0,0,0,0,0,2,{  },{  },{  },0,0,0,{  },0,0,0,0,0,{  },{  },{  },0,0,0,0,0,0,0,0,{  },{  },{  },0,0,4,0,0,0,0,2,0,0,2,0,0,0,0,0,0,0,2,{  },{  },{  },0,0,0,0,0,0,0,0,0,0,0,2,{  },{  },{  },0,0,0,0,0,0,0,0,0,0,0,2,{  },{  },{  },0,0,0,0,0,0,0,0,0,0,0,0,0,0,0,0,0,0,2,{  },{  },{  },0,0,0,0,0,0,1,5,11,0,0,0,{  },{  },{  },0,0,0,0,0,0,0,0,0,0,0,2,{  },{  },{  },0,0,0,0,0,0,0,0,0,0,0,2,{  },{  },{  },0,0,0,0,0,0,{  },1,0,0,0,0,0,0,0,0,0,2,{  },{  },{  },0,0,0,{  },{  },{  },{  },1,0,0,0,0,0,0,0,0,2,{  },{  },{  },0,0,0,0,0,0,0,0,0,0,0,0
card/cvc5_mapa/fol_0000026.smt2,sat,0.004,0,0,6,10,0,0,0,0,1,1,2,0,1,0,0,{  },0,0,0,0,0,0,0,0,0,0,2,1,5,1,0,0,0,4,9,{  },{  },{  },,3,0,0,0,0,0,0,0,0,0,0,0,0,0,0,0,0,0,0,0,0,0,0,0,0,0,0,0,0,0,0,0,0,0,0,0,0,0,0,0,0,0,0,0,0,0,0,0,0,0,16,10,1071,1071,"{ ARITH_LIA_STAR_NONNEGATIVE: 1, ARITH_LIA_STAR_SPLIT: 1 }","{ ArithPivotStep: 1, BvSatStep: 1, CnfStep: 24, DecisionStep: 5, LemmaStep: 1, PreprocessStep: 19, RewriteStep: 979, SatConflictStep: 7, TheoryCheckStep: 30, TheoryFullCheckStep: 2 }",14,0,3,0,0,18,0,1,0,0,4,7,13,0,0,0,0,0,0,0,0,0,0,0,0,0,0,0,7,0,0,0,0,0,0,0,0,0,0,0,0,0,0,0,0,0,0,0,0,0,0,0,0,0,6,0,0,0,0,0,0,0,13,1,0,0,0,0,1,0,0,0,2,4,0,0,0,0,0,0,0,0,0,0,0,0,0,0,0,{  },{  },"{ ARITH_LIA_STAR_NONNEGATIVE: 1, ARITH_LIA_STAR_SPLIT: 1 }",13,0,0,2,0,2,0,0,0,0,0,0,0,0,0,0,0,0,0,0,0,1,1,0,0,0,0,0,0,0,0,0,2,0,0,0,0,0,0,0,0,0,1,{  },{  },{  },0,0,0,0,0,0,0,0,0,1,0,0,0,0,0.0,0,0,5,0,0,0,0,2,0,0,0,0,0,0,0,0,0,0,0,0,0,0,0,0,0,0,0,0,0,0,0,0,0,0,0,0,0,0,0,0,0,0,0,0,0,0,0,0,0,0,0,0,0,0,0,0,0,0,nan,nan,nan,0,0,0,0,0,2,{  },{  },{  },0,0,0,0,0,0,0,2,0,0,0,0,0,0,0,0,0,0,0,0,0,0,2,0,0,0,0,0,0,0,0,0,0,0,0,2,{  },{  },{  },0,0,0,{  },0,0,0,0,0,{  },{  },{  },0,0,0,0,0,0,0,0,{  },{  },{  },0,0,4,0,0,0,0,2,0,0,2,0,0,0,0,0,0,0,2,{  },{  },{  },0,0,0,0,0,0,0,0,0,0,0,2,{  },{  },{  },0,0,0,0,0,0,0,0,0,0,0,2,{  },{  },{  },0,0,0,0,0,0,0,0,0,0,0,0,0,0,0,0,0,0,2,{  },{  },{  },0,0,0,0,0,0,0,4,9,0,0,0,{  },{  },{  },0,0,0,0,0,0,0,0,0,0,0,2,{  },{  },{  },0,0,0,0,0,0,0,0,0,0,0,2,{  },{  },{  },0,0,0,0,0,0,{  },1,0,0,0,0,0,0,0,0,0,2,{  },{  },{  },0,0,0,{  },{  },{  },{  },1,0,0,0,0,0,0,0,0,2,{  },{  },{  },0,0,0,0,0,0,0,0,0,0,0,0
card/cvc5_mapa/fol_0000027.smt2,sat,0.004,0,0,6,10,0,0,0,0,1,1,2,0,1,0,0,{  },0,0,0,0,0,0,0,0,0,0,2,1,5,1,0,0,0,4,9,{  },{  },{  },,3,0,0,0,0,0,0,0,0,0,0,0,0,0,0,0,0,0,0,0,0,0,0,0,0,0,0,0,0,0,0,0,0,0,0,0,0,0,0,0,0,0,0,0,0,0,0,0,0,0,16,10,1063,1063,"{ ARITH_LIA_STAR_NONNEGATIVE: 1, ARITH_LIA_STAR_SPLIT: 1 }","{ ArithPivotStep: 1, BvSatStep: 1, CnfStep: 25, DecisionStep: 5, LemmaStep: 1, PreprocessStep: 19, RewriteStep: 970, SatConflictStep: 7, TheoryCheckStep: 30, TheoryFullCheckStep: 2 }",14,0,3,0,0,18,0,1,0,0,4,7,13,0,0,0,0,0,0,0,0,0,0,0,0,0,0,0,7,0,0,0,0,0,0,0,0,0,0,0,0,0,0,0,0,0,0,0,0,0,0,0,0,0,6,0,0,0,0,0,0,0,13,1,0,0,0,0,1,0,0,0,2,5,0,0,0,0,0,0,0,0,0,0,0,0,0,0,0,{  },{  },"{ ARITH_LIA_STAR_NONNEGATIVE: 1, ARITH_LIA_STAR_SPLIT: 1 }",13,0,0,2,0,2,0,0,0,0,0,0,0,0,0,0,0,0,0,0,0,1,1,0,0,0,0,0,0,0,0,0,2,0,0,0,0,0,0,0,0,0,1,{  },{  },{  },0,0,0,0,0,0,0,0,0,1,0,0,0,0,0.0,0,0,5,0,0,0,0,2,0,0,0,0,0,0,0,0,0,0,0,0,0,0,0,0,0,0,0,0,0,0,0,0,0,0,0,0,0,0,0,0,0,0,0,0,0,0,0,0,0,0,0,0,0,0,0,0,0,0,nan,nan,nan,0,0,0,0,0,2,{  },{  },{  },0,0,0,0,0,0,0,2,0,0,0,0,0,0,0,0,0,0,0,0,0,0,2,0,0,0,0,0,0,0,0,0,0,0,0,2,{  },{  },{  },0,0,0,{  },0,0,0,0,0,{  },{  },{  },0,0,0,0,0,0,0,0,{  },{  },{  },0,0,4,0,0,0,0,2,0,0,2,0,0,0,0,0,0,0,2,{  },{  },{  },0,0,0,0,0,0,0,0,0,0,0,2,{  },{  },{  },0,0,0,0,0,0,0,0,0,0,0,2,{  },{  },{  },0,0,0,0,0,0,0,0,0,0,0,0,0,0,0,0,0,0,2,{  },{  },{  },0,0,0,0,0,0,0,4,9,0,0,0,{  },{  },{  },0,0,0,0,0,0,0,0,0,0,0,2,{  },{  },{  },0,0,0,0,0,0,0,0,0,0,0,2,{  },{  },{  },0,0,0,0,0,0,{  },1,0,0,0,0,0,0,0,0,0,2,{  },{  },{  },0,0,0,{  },{  },{  },{  },1,0,0,0,0,0,0,0,0,2,{  },{  },{  },0,0,0,0,0,0,0,0,0,0,0,0
card/cvc5_mapa/fol_0000029.smt2,sat,0.005,0,0,8,14,0,0,0,0,10,2,2,1,5,5,0,{  },0,0,0,0,0,0,0,0,0,0,6,1,16,1,0,0,1,11,16,{  },{  },{  },,4,0,0,0,0,0,0,0,0,0,0,0,0,0,0,0,0,0,0,0,0,0,0,0,0,0,0,0,0,0,0,0,0,0,0,0,0,0,0,0,0,0,0,0,0,0,0,0,0,0,27,11,1820,1820,"{ ARITH_BB_LEMMA: 1, ARITH_CONF_SIMPLEX: 4, ARITH_DIO_CUT: 3, ARITH_LIA_STAR_NONNEGATIVE: 1, ARITH_LIA_STAR_SPLIT: 1, ARITH_SPLIT_DEQ: 1 }","{ ArithPivotStep: 22, BvSatStep: 1, CnfStep: 36, DecisionStep: 18, LemmaStep: 7, PreprocessStep: 20, RewriteStep: 1586, SatConflictStep: 20, TheoryCheckStep: 93, TheoryFullCheckStep: 6 }",42,1,12,6,5,40,0,1,4,0,8,19,21,0,0,0,0,0,0,0,0,0,0,0,0,0,0,0,10,0,0,0,0,0,0,0,0,0,0,0,0,0,0,0,0,0,0,0,0,0,0,0,0,0,8,0,0,0,0,0,0,0,24,5,1,0,4,0,4,0,0,1,5,5,0,4,0,0,3,0,3,0,0,1,4,0,0,1,0,{ ARITH_CONF_SIMPLEX: 4 },{  },"{ ARITH_BB_LEMMA: 1, ARITH_DIO_CUT: 3, ARITH_LIA_STAR_NONNEGATIVE: 1, ARITH_LIA_STAR_SPLIT: 1, ARITH_SPLIT_DEQ: 1 }",13,0,0,7,0,2,0,0,0,0,0,0,0,0,0,0,0,0,0,0,0,1,1,0,0,0,0,0,0,0,0,0,2,0,0,0,0,0,0,0,0,0,16,{  },{  },{  },0,0,0,0,0,0,0,1,0,3,0,0,0,0,0.0,4,0,16,0,0,0,0,21,4,3,0,4,0,0,0,0,0,0,0,0,0,0,0,0,0,0,0,0,0,0,0,0,0,0,0,0,0,0,0,0,0,0,0,0,0,0,0,0,0,0,0,0,0,0,0,0,0,0,nan,nan,nan,0,0,0,0,0,2,{  },{  },{  },0,0,0,0,0,0,0,2,0,0,0,0,0,0,0,0,0,0,0,0,0,0,2,0,0,0,0,0,0,0,0,0,0,0,0,2,{  },{  },{  },0,0,0,{  },0,0,0,0,0,{  },{  },{  },0,0,0,0,0,0,0,0,{  },{  },{  },0,0,11,0,0,0,0,6,0,0,2,0,0,0,0,0,0,0,2,{  },{  },{  },0,0,0,0,0,0,0,0,0,0,0,2,{  },{  },{  },0,0,0,0,0,0,0,0,0,0,0,2,{  },{  },{  },0,0,0,0,0,0,0,0,0,0,0,0,0,0,0,0,0,0,2,{  },{  },{  },0,0,0,0,0,0,1,11,16,0,0,0,{  },{  },{  },0,0,0,0,0,0,0,0,0,0,0,2,{  },{  },{  },0,0,0,0,0,0,0,0,0,0,0,2,{  },{  },{  },0,0,0,0,0,0,{  },1,0,0,0,0,0,0,0,0,0,2,{  },{  },{  },0,0,0,{  },{  },{  },{  },1,0,0,0,0,0,0,0,0,2,{  },{  },{  },0,0,0,0,0,0,0,0,0,0,0,0
card/cvc5_mapa/fol_0000031.smt2,sat,0.004,0,0,7,12,0,0,0,0,1,1,2,0,1,0,0,{  },0,0,0,0,0,0,0,0,0,0,2,1,5,1,0,0,1,5,11,{  },{  },{  },,3,0,0,0,0,0,0,0,0,0,0,0,0,0,0,0,0,0,0,0,0,0,0,0,0,0,0,0,0,0,0,0,0,0,0,0,0,0,0,0,0,0,0,0,0,0,0,0,0,0,19,13,1175,1175,"{ ARITH_LIA_STAR_NONNEGATIVE: 1, ARITH_LIA_STAR_SPLIT: 1 }","{ ArithPivotStep: 5, BvSatStep: 1, CnfStep: 28, DecisionStep: 5, LemmaStep: 1, PreprocessStep: 22, RewriteStep: 1072, SatConflictStep: 7, TheoryCheckStep: 30, TheoryFullCheckStep: 2 }",14,0,3,0,0,21,0,1,0,0,4,7,13,0,0,0,0,0,0,0,0,0,0,0,0,0,0,0,8,0,0,0,0,0,0,0,0,0,0,0,0,0,0,0,0,0,0,0,0,0,0,0,0,0,7,0,0,0,0,0,0,0,16,1,0,0,0,0,1,0,0,1,2,6,0,0,0,0,0,0,0,0,0,0,0,0,0,0,0,{  },{  },"{ ARITH_LIA_STAR_NONNEGATIVE: 1, ARITH_LIA_STAR_SPLIT: 1 }",16,0,0,2,0,2,0,0,0,0,0,0,0,0,0,0,0,0,0,0,0,1,1,0,0,0,0,0,0,0,0,0,2,0,0,0,0,0,0,0,0,0,3,{  },{  },{  },0,0,0,0,0,0,0,0,0,1,0,0,0,0,0.0,0,0,5,0,0,0,0,5,0,0,0,0,0,0,0,0,0,0,0,0,0,0,0,0,0,0,0,0,0,0,0,0,0,0,0,0,0,0,0,0,0,0,0,0,0,0,0,0,0,0,0,0,0,0,0,0,0,0,nan,nan,nan,0,0,0,0,0,2,{  },{  },{  },0,0,0,0,0,0,0,2,0,0,0,0,0,0,0,0,0,0,0,0,0,0,2,0,0,0,0,0,0,0,0,0,0,0,0,2,{  },{  },{  },0,0,0,{  },0,0,0,0,0,{  },{  },{  },0,0,0,0,0,0,0,0,{  },{  },{  },0,0,4,0,0,0,0,2,0,0,2,0,0,0,0,0,0,0,2,{  },{  },{  },0,0,0,0,0,0,0,0,0,0,0,2,{  },{  },{  },0,0,0,0,0,0,0,0,0,0,0,2,{  },{  },{  },0,0,0,0,0,0,0,0,0,0,0,0,0,0,0,0,0,0,2,{  },{  },{  },0,0,0,0,0,0,1,5,11,0,0,0,{  },{  },{  },0,0,0,0,0,0,0,0,0,0,0,2,{  },{  },{  },0,0,0,0,0,0,0,0,0,0,0,2,{  },{  },{  },0,0,0,0,0,0,{  },1,0,0,0,0,0,0,0,0,0,2,{  },{  },{  },0,0,0,{  },{  },{  },{  },1,0,0,0,0,0,0,0,0,2,{  },{  },{  },0,0,0,0,0,0,0,0,0,0,0,0
card/cvc5_mapa/fol_0000033.smt2,sat,0.004,0,0,7,12,0,0,0,0,2,1,2,0,2,0,0,{  },0,0,0,0,0,0,0,0,0,0,3,1,7,1,0,0,0,5,10,{  },{  },{  },,4,0,0,0,0,0,0,0,0,0,0,0,0,0,0,0,0,0,0,0,0,0,0,0,0,0,0,0,0,0,0,0,0,0,0,0,0,0,0,0,0,0,0,0,0,0,0,0,0,0,22,13,1340,1340,"{ ARITH_BB_LEMMA: 1, ARITH_LIA_STAR_NONNEGATIVE: 1, ARITH_LIA_STAR_SPLIT: 1 }","{ ArithPivotStep: 6, BvSatStep: 1, CnfStep: 27, DecisionStep: 7, LemmaStep: 2, PreprocessStep: 22, RewriteStep: 1216, SatConflictStep: 9, TheoryCheckStep: 44, TheoryFullCheckStep: 3 }",17,0,4,0,0,23,0,1,0,0,5,9,15,0,0,0,0,0,0,0,0,0,0,0,0,0,0,0,8,0,0,0,0,0,0,0,0,0,0,0,0,0,0,0,0,0,0,0,0,0,0,0,0,0,7,0,0,0,0,0,0,0,17,2,0,0,0,0,2,0,0,0,2,5,0,1,0,0,0,0,0,0,0,0,0,0,0,1,0,{  },{  },"{ ARITH_BB_LEMMA: 1, ARITH_LIA_STAR_NONNEGATIVE: 1, ARITH_LIA_STAR_SPLIT: 1 }",16,0,0,3,0,2,0,0,0,0,0,0,0,0,0,0,0,0,0,0,0,1,1,0,0,0,0,0,0,0,0,0,2,0,0,0,0,0,0,0,0,0,4,{  },{  },{  },0,0,0,0,0,0,0,1,0,2,0,0,0,0,0.0,0,0,7,0,0,0,0,6,0,0,0,0,0,0,0,0,0,0,0,0,0,0,0,0,0,0,0,0,0,0,0,0,0,0,0,0,0,0,0,0,0,0,0,0,0,0,0,0,0,0,0,0,0,0,0,0,0,0,nan,nan,nan,0,0,0,0,0,2,{  },{  },{  },0,0,0,0,0,0,0,2,0,0,0,0,0,0,0,0,0,0,0,0,0,0,2,0,0,0,0,0,0,0,0,0,0,0,0,2,{  },{  },{  },0,0,0,{  },0,0,0,0,0,{  },{  },{  },0,0,0,0,0,0,0,0,{  },{  },{  },0,0,5,0,0,0,0,3,0,0,2,0,0,0,0,0,0,0,2,{  },{  },{  },0,0,0,0,0,0,0,0,0,0,0,2,{  },{  },{  },0,0,0,0,0,0,0,0,0,0,0,2,{  },{  },{  },0,0,0,0,0,0,0,0,0,0,0,0,0,0,0,0,0,0,2,{  },{  },{  },0,0,0,0,0,0,0,5,10,0,0,0,{  },{  },{  },0,0,0,0,0,0,0,0,0,0,0,2,{  },{  },{  },0,0,0,0,0,0,0,0,0,0,0,2,{  },{  },{  },0,0,0,0,0,0,{  },1,0,0,0,0,0,0,0,0,0,2,{  },{  },{  },0,0,0,{  },{  },{  },{  },1,0,0,0,0,0,0,0,0,2,{  },{  },{  },0,0,0,0,0,0,0,0,0,0,0,0
card/cvc5_mapa/fol_0000035.smt2,sat,0.004,0,0,7,12,0,0,0,0,1,1,2,0,1,0,0,{  },0,0,0,0,0,0,0,0,0,0,2,1,5,1,0,0,0,4,9,{  },{  },{  },,3,0,0,0,0,0,0,0,0,0,0,0,0,0,0,0,0,0,0,0,0,0,0,0,0,0,0,0,0,0,0,0,0,0,0,0,0,0,0,0,0,0,0,0,0,0,0,0,0,0,19,13,1239,1239,"{ ARITH_LIA_STAR_NONNEGATIVE: 1, ARITH_LIA_STAR_SPLIT: 1 }","{ ArithPivotStep: 5, BvSatStep: 1, CnfStep: 28, DecisionStep: 5, LemmaStep: 1, PreprocessStep: 22, RewriteStep: 1136, SatConflictStep: 7, TheoryCheckStep: 30, TheoryFullCheckStep: 2 }",14,0,3,0,0,21,0,1,0,0,4,7,13,0,0,0,0,0,0,0,0,0,0,0,0,0,0,0,8,0,0,0,0,0,0,0,0,0,0,0,0,0,0,0,0,0,0,0,0,0,0,0,0,0,7,0,0,0,0,0,0,0,16,1,0,0,0,0,1,0,0,0,2,6,0,0,0,0,0,0,0,0,0,0,0,0,0,0,0,{  },{  },"{ ARITH_LIA_STAR_NONNEGATIVE: 1, ARITH_LIA_STAR_SPLIT: 1 }",16,0,0,2,0,2,0,0,0,0,0,0,0,0,0,0,0,0,0,0,0,1,1,0,0,0,0,0,0,0,0,0,2,0,0,0,0,0,0,0,0,0,3,{  },{  },{  },0,0,0,0,0,0,0,0,0,1,0,0,0,0,0.0,0,0,5,0,0,0,0,5,0,0,0,0,0,0,0,0,0,0,0,0,0,0,0,0,0,0,0,0,0,0,0,0,0,0,0,0,0,0,0,0,0,0,0,0,0,0,0,0,0,0,0,0,0,0,0,0,0,0,nan,nan,nan,0,0,0,0,0,2,{  },{  },{  },0,0,0,0,0,0,0,2,0,0,0,0,0,0,0,0,0,0,0,0,0,0,2,0,0,0,0,0,0,0,0,0,0,0,0,2,{  },{  },{  },0,0,0,{  },0,0,0,0,0,{  },{  },{  },0,0,0,0,0,0,0,0,{  },{  },{  },0,0,4,0,0,0,0,2,0,0,2,0,0,0,0,0,0,0,2,{  },{  },{  },0,0,0,0,0,0,0,0,0,0,0,2,{  },{  },{  },0,0,0,0,0,0,0,0,0,0,0,2,{  },{  },{  },0,0,0,0,0,0,0,0,0,0,0,0,0,0,0,0,0,0,2,{  },{  },{  },0,0,0,0,0,0,0,4,9,0,0,0,{  },{  },{  },0,0,0,0,0,0,0,0,0,0,0,2,{  },{  },{  },0,0,0,0,0,0,0,0,0,0,0,2,{  },{  },{  },0,0,0,0,0,0,{  },1,0,0,0,0,0,0,0,0,0,2,{  },{  },{  },0,0,0,{  },{  },{  },{  },1,0,0,0,0,0,0,0,0,2,{  },{  },{  },0,0,0,0,0,0,0,0,0,0,0,0
card/cvc5_mapa/fol_0000036.smt2,sat,0.003,0,0,6,10,0,0,0,0,1,1,2,0,1,0,0,{  },0,0,0,0,0,0,0,0,0,0,2,1,5,1,0,0,0,5,9,{  },{  },{  },,3,0,0,0,0,0,0,0,0,0,0,0,0,0,0,0,0,0,0,0,0,0,0,0,0,0,0,0,0,0,0,0,0,0,0,0,0,0,0,0,0,0,0,0,0,0,0,0,0,0,15,9,983,983,"{ ARITH_LIA_STAR_NONNEGATIVE: 1, ARITH_LIA_STAR_SPLIT: 1 }","{ ArithPivotStep: 1, BvSatStep: 1, CnfStep: 24, DecisionStep: 5, LemmaStep: 1, PreprocessStep: 19, RewriteStep: 891, SatConflictStep: 7, TheoryCheckStep: 30, TheoryFullCheckStep: 2 }",14,0,3,0,0,17,0,1,0,0,4,7,13,0,0,0,0,0,0,0,0,0,0,0,0,0,0,0,5,0,0,0,0,0,0,0,0,0,0,0,0,0,0,0,0,0,0,0,0,0,0,0,0,0,6,0,0,0,0,0,0,0,12,1,0,0,0,0,2,0,0,0,2,4,0,0,0,0,0,0,0,0,0,0,0,0,0,0,0,{  },{  },"{ ARITH_LIA_STAR_NONNEGATIVE: 1, ARITH_LIA_STAR_SPLIT: 1 }",6,0,0,2,0,2,0,0,0,0,0,0,0,0,0,0,0,0,0,0,0,1,1,0,0,0,0,0,0,0,0,0,2,0,0,0,0,0,0,0,0,0,1,{  },{  },{  },0,0,0,0,0,0,0,0,0,1,0,0,0,0,0.0,0,0,5,0,0,0,0,2,0,0,0,0,0,0,0,0,0,0,0,0,0,0,0,0,0,0,0,0,0,0,0,0,0,0,0,0,0,0,0,0,0,0,0,0,0,0,0,0,0,0,0,0,0,0,0,0,0,0,nan,nan,nan,0,0,0,0,0,2,{  },{  },{  },0,0,0,0,0,0,0,2,0,0,0,0,0,0,0,0,0,0,0,0,0,0,2,0,0,0,0,0,0,0,0,0,0,0,0,2,{  },{  },{  },0,0,0,{  },0,0,0,0,0,{  },{  },{  },0,0,0,0,0,0,0,0,{  },{  },{  },0,0,4,0,0,0,0,2,0,0,2,0,0,0,0,0,0,0,2,{  },{  },{  },0,0,0,0,0,0,0,0,0,0,0,2,{  },{  },{  },0,0,0,0,0,0,0,0,0,0,0,2,{  },{  },{  },0,0,0,0,0,0,0,0,0,0,0,0,0,0,0,0,0,0,2,{  },{  },{  },0,0,0,0,0,0,0,5,9,0,0,0,{  },{  },{  },0,0,0,0,0,0,0,0,0,0,0,2,{  },{  },{  },0,0,0,0,0,0,0,0,0,0,0,2,{  },{  },{  },0,0,0,0,0,0,{  },1,0,0,0,0,0,0,0,0,0,2,{  },{  },{  },0,0,0,{  },{  },{  },{  },1,0,0,0,0,0,0,0,0,2,{  },{  },{  },0,0,0,0,0,0,0,0,0,0,0,0
card/cvc5_mapa/fol_0000037.smt2,sat,0.004,0,0,7,13,0,0,0,0,1,1,2,0,1,0,0,{  },0,0,0,0,0,0,0,0,0,0,2,1,5,1,0,0,1,5,11,{  },{  },{  },,3,0,0,0,0,0,0,0,0,0,0,0,0,0,0,0,0,0,0,0,0,0,0,0,0,0,0,0,0,0,0,0,0,0,0,0,0,0,0,0,0,0,0,0,0,0,0,0,0,0,18,12,1155,1155,"{ ARITH_LIA_STAR_NONNEGATIVE: 1, ARITH_LIA_STAR_SPLIT: 1 }","{ ArithPivotStep: 7, BvSatStep: 1, CnfStep: 26, DecisionStep: 5, LemmaStep: 1, PreprocessStep: 22, RewriteStep: 1052, SatConflictStep: 7, TheoryCheckStep: 30, TheoryFullCheckStep: 2 }",14,0,3,0,0,20,0,1,0,0,4,7,13,0,0,0,0,0,0,0,0,0,0,0,0,0,0,0,7,0,0,0,0,0,0,0,0,0,0,0,0,0,0,0,0,0,0,0,0,0,0,0,0,0,7,0,0,0,0,0,0,0,15,1,0,0,0,0,1,0,0,1,2,5,0,0,0,0,0,0,0,0,0,0,0,0,0,0,0,{  },{  },"{ ARITH_LIA_STAR_NONNEGATIVE: 1, ARITH_LIA_STAR_SPLIT: 1 }",13,0,0,2,0,2,0,0,0,0,0,0,0,0,0,0,0,0,0,0,0,1,1,0,0,0,0,0,0,0,0,0,2,0,0,0,0,0,0,0,0,0,4,{  },{  },{  },0,0,0,0,0,0,0,0,0,1,0,0,0,0,0.0,0,0,5,0,0,0,0,5,0,0,0,0,0,0,0,0,0,0,0,0,0,0,0,0,0,0,0,0,0,0,0,0,0,0,0,0,0,0,0,0,0,0,0,0,0,0,0,0,0,0,0,0,0,0,0,0,0,0,nan,nan,nan,0,0,0,0,0,2,{  },{  },{  },0,0,0,0,0,0,0,2,0,0,0,0,0,0,0,0,0,0,0,0,0,0,2,0,0,0,0,0,0,0,0,0,0,0,0,2,{  },{  },{  },0,0,0,{  },0,0,0,0,0,{  },{  },{  },0,0,0,0,0,0,0,0,{  },{  },{  },0,0,4,0,0,0,0,2,0,0,2,0,0,0,0,0,0,0,2,{  },{  },{  },0,0,0,0,0,0,0,0,0,0,0,2,{  },{  },{  },0,0,0,0,0,0,0,0,0,0,0,2,{  },{  },{  },0,0,0,0,0,0,0,0,0,0,0,0,0,0,0,0,0,0,2,{  },{  },{  },0,0,0,0,0,0,1,5,11,0,0,0,{  },{  },{  },0,0,0,0,0,0,0,0,0,0,0,2,{  },{  },{  },0,0,0,0,0,0,0,0,0,0,0,2,{  },{  },{  },0,0,0,0,0,0,{  },1,0,0,0,0,0,0,0,0,0,2,{  },{  },{  },0,0,0,{  },{  },{  },{  },1,0,0,0,0,0,0,0,0,2,{  },{  },{  },0,0,0,0,0,0,0,0,0,0,0,0
card/cvc5_mapa/fol_0000039.smt2,sat,0.004,0,0,7,12,0,0,0,0,1,1,2,0,1,0,0,{  },0,0,0,0,0,0,0,0,0,0,2,1,5,1,0,0,1,5,11,{  },{  },{  },,3,0,0,0,0,0,0,0,0,0,0,0,0,0,0,0,0,0,0,0,0,0,0,0,0,0,0,0,0,0,0,0,0,0,0,0,0,0,0,0,0,0,0,0,0,0,0,0,0,0,18,12,1177,1177,"{ ARITH_LIA_STAR_NONNEGATIVE: 1, ARITH_LIA_STAR_SPLIT: 1 }","{ ArithPivotStep: 7, BvSatStep: 1, CnfStep: 29, DecisionStep: 5, LemmaStep: 1, PreprocessStep: 22, RewriteStep: 1071, SatConflictStep: 7, TheoryCheckStep: 30, TheoryFullCheckStep: 2 }",14,0,3,0,0,20,0,1,0,0,4,7,13,0,0,0,0,0,0,0,0,0,0,0,0,0,0,0,7,0,0,0,0,0,0,0,0,0,0,0,0,0,0,0,0,0,0,0,0,0,0,0,0,0,7,0,0,0,0,0,0,0,15,1,0,0,0,0,1,0,0,1,2,5,0,0,0,0,0,0,0,0,0,0,0,0,0,0,0,{  },{  },"{ ARITH_LIA_STAR_NONNEGATIVE: 1, ARITH_LIA_STAR_SPLIT: 1 }",13,0,0,2,0,2,0,0,0,0,0,0,0,0,0,0,0,0,0,0,0,1,1,0,0,0,0,0,0,0,0,0,2,0,0,0,0,0,0,0,0,0,4,{  },{  },{  },0,0,0,0,0,0,0,0,0,1,0,0,0,0,0.0,0,0,5,0,0,0,0,5,0,0,0,0,0,0,0,0,0,0,0,0,0,0,0,0,0,0,0,0,0,0,0,0,0,0,0,0,0,0,0,0,0,0,0,0,0,0,0,0,0,0,0,0,0,0,0,0,0,0,nan,nan,nan,0,0,0,0,0,2,{  },{  },{  },0,0,0,0,0,0,0,2,0,0,0,0,0,0,0,0,0,0,0,0,0,0,2,0,0,0,0,0,0,0,0,0,0,0,0,2,{  },{  },{  },0,0,0,{  },0,0,0,0,0,{  },{  },{  },0,0,0,0,0,0,0,0,{  },{  },{  },0,0,4,0,0,0,0,2,0,0,2,0,0,0,0,0,0,0,2,{  },{  },{  },0,0,0,0,0,0,0,0,0,0,0,2,{  },{  },{  },0,0,0,0,0,0,0,0,0,0,0,2,{  },{  },{  },0,0,0,0,0,0,0,0,0,0,0,0,0,0,0,0,0,0,2,{  },{  },{  },0,0,0,0,0,0,1,5,11,0,0,0,{  },{  },{  },0,0,0,0,0,0,0,0,0,0,0,2,{  },{  },{  },0,0,0,0,0,0,0,0,0,0,0,2,{  },{  },{  },0,0,0,0,0,0,{  },1,0,0,0,0,0,0,0,0,0,2,{  },{  },{  },0,0,0,{  },{  },{  },{  },1,0,0,0,0,0,0,0,0,2,{  },{  },{  },0,0,0,0,0,0,0,0,0,0,0,0
card/cvc5_mapa/fol_0000041.smt2,sat,0.004,0,0,7,12,0,0,0,0,2,1,2,0,2,0,0,{  },0,0,0,0,0,0,0,0,0,0,3,1,7,1,0,0,1,6,12,{  },{  },{  },,3,0,0,0,0,0,0,0,0,0,0,0,0,0,0,0,0,0,0,0,0,0,0,0,0,0,0,0,0,0,0,0,0,0,0,0,0,0,0,0,0,0,0,0,0,0,0,0,0,0,21,12,1257,1257,"{ ARITH_BB_LEMMA: 1, ARITH_LIA_STAR_NONNEGATIVE: 1, ARITH_LIA_STAR_SPLIT: 1 }","{ ArithPivotStep: 8, BvSatStep: 1, CnfStep: 27, DecisionStep: 7, LemmaStep: 2, PreprocessStep: 22, RewriteStep: 1131, SatConflictStep: 9, TheoryCheckStep: 44, TheoryFullCheckStep: 3 }",17,0,4,0,0,22,0,1,0,0,5,9,15,0,0,0,0,0,0,0,0,0,0,0,0,0,0,0,7,0,0,0,0,0,0,0,0,0,0,0,0,0,0,0,0,0,0,0,0,0,0,0,0,0,7,0,0,0,0,0,0,0,16,2,0,0,0,0,2,0,0,1,2,5,0,1,0,0,0,0,0,0,0,0,0,0,0,1,0,{  },{  },"{ ARITH_BB_LEMMA: 1, ARITH_LIA_STAR_NONNEGATIVE: 1, ARITH_LIA_STAR_SPLIT: 1 }",13,0,0,3,0,2,0,0,0,0,0,0,0,0,0,0,0,0,0,0,0,1,1,0,0,0,0,0,0,0,0,0,2,0,0,0,0,0,0,0,0,0,5,{  },{  },{  },0,0,0,0,0,0,0,1,0,2,0,0,0,0,0.0,0,0,7,0,0,0,0,6,0,0,0,0,0,0,0,0,0,0,0,0,0,0,0,0,0,0,0,0,0,0,0,0,0,0,0,0,0,0,0,0,0,0,0,0,0,0,0,0,0,0,0,0,0,0,0,0,0,0,nan,nan,nan,0,0,0,0,0,2,{  },{  },{  },0,0,0,0,0,0,0,2,0,0,0,0,0,0,0,0,0,0,0,0,0,0,2,0,0,0,0,0,0,0,0,0,0,0,0,2,{  },{  },{  },0,0,0,{  },0,0,0,0,0,{  },{  },{  },0,0,0,0,0,0,0,0,{  },{  },{  },0,0,5,0,0,0,0,3,0,0,2,0,0,0,0,0,0,0,2,{  },{  },{  },0,0,0,0,0,0,0,0,0,0,0,2,{  },{  },{  },0,0,0,0,0,0,0,0,0,0,0,2,{  },{  },{  },0,0,0,0,0,0,0,0,0,0,0,0,0,0,0,0,0,0,2,{  },{  },{  },0,0,0,0,0,0,1,6,12,0,0,0,{  },{  },{  },0,0,0,0,0,0,0,0,0,0,0,2,{  },{  },{  },0,0,0,0,0,0,0,0,0,0,0,2,{  },{  },{  },0,0,0,0,0,0,{  },1,0,0,0,0,0,0,0,0,0,2,{  },{  },{  },0,0,0,{  },{  },{  },{  },1,0,0,0,0,0,0,0,0,2,{  },{  },{  },0,0,0,0,0,0,0,0,0,0,0,0
card/cvc5_mapa/fol_0000042.smt2,sat,0.004,0,0,6,10,0,0,0,0,1,1,2,0,1,0,0,{  },0,0,0,0,0,0,0,0,0,0,2,1,5,1,0,0,1,5,10,{  },{  },{  },,3,0,0,0,0,0,0,0,0,0,0,0,0,0,0,0,0,0,0,0,0,0,0,0,0,0,0,0,0,0,0,0,0,0,0,0,0,0,0,0,0,0,0,0,0,0,0,0,0,0,15,9,997,997,"{ ARITH_LIA_STAR_NONNEGATIVE: 1, ARITH_LIA_STAR_SPLIT: 1 }","{ ArithPivotStep: 1, BvSatStep: 1, CnfStep: 24, DecisionStep: 5, LemmaStep: 1, PreprocessStep: 19, RewriteStep: 905, SatConflictStep: 7, TheoryCheckStep: 30, TheoryFullCheckStep: 2 }",14,0,3,0,0,17,0,1,0,0,4,7,13,0,0,0,0,0,0,0,0,0,0,0,0,0,0,0,6,0,0,0,0,0,0,0,0,0,0,0,0,0,0,0,0,0,0,0,0,0,0,0,0,0,6,0,0,0,0,0,0,0,12,1,0,0,0,0,1,0,0,1,2,5,0,0,0,0,0,0,0,0,0,0,0,0,0,0,0,{  },{  },"{ ARITH_LIA_STAR_NONNEGATIVE: 1, ARITH_LIA_STAR_SPLIT: 1 }",9,0,0,2,0,2,0,0,0,0,0,0,0,0,0,0,0,0,0,0,0,1,1,0,0,0,0,0,0,0,0,0,2,0,0,0,0,0,0,0,0,0,1,{  },{  },{  },0,0,0,0,0,0,0,0,0,1,0,0,0,0,0.0,0,0,5,0,0,0,0,2,0,0,0,0,0,0,0,0,0,0,0,0,0,0,0,0,0,0,0,0,0,0,0,0,0,0,0,0,0,0,0,0,0,0,0,0,0,0,0,0,0,0,0,0,0,0,0,0,0,0,nan,nan,nan,0,0,0,0,0,2,{  },{  },{  },0,0,0,0,0,0,0,2,0,0,0,0,0,0,0,0,0,0,0,0,0,0,2,0,0,0,0,0,0,0,0,0,0,0,0,2,{  },{  },{  },0,0,0,{  },0,0,0,0,0,{  },{  },{  },0,0,0,0,0,0,0,0,{  },{  },{  },0,0,4,0,0,0,0,2,0,0,2,0,0,0,0,0,0,0,2,{  },{  },{  },0,0,0,0,0,0,0,0,0,0,0,2,{  },{  },{  },0,0,0,0,0,0,0,0,0,0,0,2,{  },{  },{  },0,0,0,0,0,0,0,0,0,0,0,0,0,0,0,0,0,0,2,{  },{  },{  },0,0,0,0,0,0,1,5,10,0,0,0,{  },{  },{  },0,0,0,0,0,0,0,0,0,0,0,2,{  },{  },{  },0,0,0,0,0,0,0,0,0,0,0,2,{  },{  },{  },0,0,0,0,0,0,{  },1,0,0,0,0,0,0,0,0,0,2,{  },{  },{  },0,0,0,{  },{  },{  },{  },1,0,0,0,0,0,0,0,0,2,{  },{  },{  },0,0,0,0,0,0,0,0,0,0,0,0
card/cvc5_mapa/fol_0000043.smt2,sat,0.004,0,0,8,14,0,0,0,0,2,2,2,0,1,1,0,{  },0,0,0,0,0,0,0,0,0,0,2,1,8,1,0,0,2,11,15,{  },{  },{  },,3,0,0,0,0,0,0,0,0,0,0,0,0,0,0,0,0,0,0,0,0,0,0,0,0,0,0,0,0,0,0,0,0,0,0,0,0,0,0,0,0,0,0,0,0,0,0,0,0,0,20,10,1371,1371,"{ ARITH_CONF_SIMPLEX: 1, ARITH_LIA_STAR_NONNEGATIVE: 1, ARITH_LIA_STAR_SPLIT: 1 }","{ ArithPivotStep: 11, BvSatStep: 1, CnfStep: 28, DecisionStep: 8, LemmaStep: 2, PreprocessStep: 20, RewriteStep: 1252, SatConflictStep: 10, TheoryCheckStep: 34, TheoryFullCheckStep: 2 }",24,0,6,0,0,25,0,1,0,0,7,15,19,0,0,0,0,0,0,0,0,0,0,0,0,0,0,0,8,0,0,0,0,0,0,0,0,0,0,0,0,0,0,0,0,0,0,0,0,0,0,0,0,0,8,0,0,0,0,0,0,0,17,1,0,0,1,0,3,0,0,2,5,6,0,0,0,0,0,0,0,0,0,3,1,0,0,0,0,{ ARITH_CONF_SIMPLEX: 1 },{  },"{ ARITH_LIA_STAR_NONNEGATIVE: 1, ARITH_LIA_STAR_SPLIT: 1 }",9,0,0,2,0,2,0,0,0,0,0,0,0,0,0,0,0,0,0,0,0,1,1,0,0,0,0,0,0,0,0,0,2,0,0,0,0,0,0,0,0,0,8,{  },{  },{  },0,0,0,0,0,0,0,0,0,1,0,0,0,0,0.0,1,0,8,0,0,0,0,10,1,1,0,1,0,0,0,0,0,0,0,0,0,0,0,0,0,0,0,0,0,0,0,0,0,0,0,0,0,0,0,0,0,0,0,0,0,0,0,0,0,0,0,0,0,0,0,0,0,0,nan,nan,nan,0,0,0,0,0,2,{  },{  },{  },0,0,0,0,0,0,0,2,0,0,0,0,0,0,0,0,0,0,0,0,0,0,2,0,0,0,0,0,0,0,0,0,0,0,0,2,{  },{  },{  },0,0,0,{  },0,0,0,0,0,{  },{  },{  },0,0,0,0,0,0,0,0,{  },{  },{  },0,0,8,0,0,0,0,2,0,0,2,0,0,0,0,0,0,0,2,{  },{  },{  },0,0,0,0,0,0,0,0,0,0,0,2,{  },{  },{  },0,0,0,0,0,0,0,0,0,0,0,2,{  },{  },{  },0,0,0,0,0,0,0,0,0,0,0,0,0,0,0,0,0,0,2,{  },{  },{  },0,0,0,0,0,0,2,11,15,0,0,0,{  },{  },{  },0,0,0,0,0,0,0,0,0,0,0,2,{  },{  },{  },0,0,0,0,0,0,0,0,0,0,0,2,{  },{  },{  },0,0,0,0,0,0,{  },1,0,0,0,0,0,0,0,0,0,2,{  },{  },{  },0,0,0,{  },{  },{  },{  },1,0,0,0,0,0,0,0,0,2,{  },{  },{  },0,0,0,0,0,0,0,0,0,0,0,0
card/cvc5_mapa/fol_0000044.smt2,sat,0.004,0,0,7,12,0,0,0,0,1,1,2,0,1,0,0,{  },0,0,0,0,0,0,0,0,0,0,2,1,5,1,0,0,1,5,11,{  },{  },{  },,3,0,0,0,0,0,0,0,0,0,0,0,0,0,0,0,0,0,0,0,0,0,0,0,0,0,0,0,0,0,0,0,0,0,0,0,0,0,0,0,0,0,0,0,0,0,0,0,0,0,18,12,1122,1122,"{ ARITH_LIA_STAR_NONNEGATIVE: 1, ARITH_LIA_STAR_SPLIT: 1 }","{ ArithPivotStep: 3, BvSatStep: 1, CnfStep: 26, DecisionStep: 5, LemmaStep: 1, PreprocessStep: 22, RewriteStep: 1023, SatConflictStep: 7, TheoryCheckStep: 30, TheoryFullCheckStep: 2 }",14,0,3,0,0,20,0,1,0,0,4,7,13,0,0,0,0,0,0,0,0,0,0,0,0,0,0,0,6,0,0,0,0,0,0,0,0,0,0,0,0,0,0,0,0,0,0,0,0,0,0,0,0,0,7,0,0,0,0,0,0,0,15,1,0,0,0,0,1,0,0,1,2,5,0,0,0,0,0,0,0,0,0,0,0,0,0,0,0,{  },{  },"{ ARITH_LIA_STAR_NONNEGATIVE: 1, ARITH_LIA_STAR_SPLIT: 1 }",9,0,0,2,0,2,0,0,0,0,0,0,0,0,0,0,0,0,0,0,0,1,1,0,0,0,0,0,0,0,0,0,2,0,0,0,0,0,0,0,0,0,2,{  },{  },{  },0,0,0,0,0,0,0,0,0,1,0,0,0,0,0.0,0,0,5,0,0,0,0,4,0,0,0,0,0,0,0,0,0,0,0,0,0,0,0,0,0,0,0,0,0,0,0,0,0,0,0,0,0,0,0,0,0,0,0,0,0,0,0,0,0,0,0,0,0,0,0,0,0,0,nan,nan,nan,0,0,0,0,0,2,{  },{  },{  },0,0,0,0,0,0,0,2,0,0,0,0,0,0,0,0,0,0,0,0,0,0,2,0,0,0,0,0,0,0,0,0,0,0,0,2,{  },{  },{  },0,0,0,{  },0,0,0,0,0,{  },{  },{  },0,0,0,0,0,0,0,0,{  },{  },{  },0,0,4,0,0,0,0,2,0,0,2,0,0,0,0,0,0,0,2,{  },{  },{  },0,0,0,0,0,0,0,0,0,0,0,2,{  },{  },{  },0,0,0,0,0,0,0,0,0,0,0,2,{  },{  },{  },0,0,0,0,0,0,0,0,0,0,0,0,0,0,0,0,0,0,2,{  },{  },{  },0,0,0,0,0,0,1,5,11,0,0,0,{  },{  },{  },0,0,0,0,0,0,0,0,0,0,0,2,{  },{  },{  },0,0,0,0,0,0,0,0,0,0,0,2,{  },{  },{  },0,0,0,0,0,0,{  },1,0,0,0,0,0,0,0,0,0,2,{  },{  },{  },0,0,0,{  },{  },{  },{  },1,0,0,0,0,0,0,0,0,2,{  },{  },{  },0,0,0,0,0,0,0,0,0,0,0,0
card/cvc5_mapa/fol_0000046.smt2,sat,0.288,0,0,176,185,0,0,0,0,82,6,3,18,42,363,0,{  },0,0,0,0,0,0,0,0,0,0,4,1,477,1,0,0,48,318,369,{  },{  },{  },,287,0,0,0,0,0,0,0,0,0,0,0,0,0,0,0,0,0,0,0,0,0,0,0,0,0,0,0,0,0,0,0,0,0,0,0,0,0,0,0,0,0,0,0,0,0,0,0,0,4,540,16,30234,30234,"{ ARITH_BB_LEMMA: 1, ARITH_CONF_SIMPLEX: 45, ARITH_LIA_STAR_EXISTS: 1, ARITH_LIA_STAR_NONNEGATIVE: 1, ARITH_LIA_STAR_SPLIT: 1, ARITH_SPLIT_DEQ: 34 }","{ ArithPivotStep: 124, BvSatStep: 1, CnfStep: 125, DecisionStep: 276, LemmaStep: 36, PreprocessStep: 29, RewriteStep: 28720, SatConflictStep: 278, TheoryCheckStep: 558, TheoryFullCheckStep: 4 }",2045,3,272,22,20,1093,0,1,19,0,363,737,721,0,0,0,0,0,0,0,0,0,0,0,0,0,0,0,32,0,0,0,0,0,0,0,0,0,0,0,0,0,0,0,0,0,0,0,0,0,0,0,0,0,176,0,0,0,0,0,0,0,675,116,275,0,45,0,209,0,0,68,60,15,0,1,0,0,0,0,0,0,0,0,45,10,0,1,0,{ ARITH_CONF_SIMPLEX: 45 },{  },"{ ARITH_BB_LEMMA: 1, ARITH_LIA_STAR_EXISTS: 1, ARITH_LIA_STAR_NONNEGATIVE: 1, ARITH_LIA_STAR_SPLIT: 1, ARITH_SPLIT_DEQ: 34 }",18,0,0,38,260,3,0,30,195,12,106,196,1,30,30,47,3,0,5,118,8,2,0,0,2,32,30,39,3,0,0,0,3,1,237,131,196,0,106,196,0,10,121,{  },{  },{  },0,0,0,0,0,0,0,1,0,203,0,0,0,0,0.0,32,0,477,0,0,0,0,188,45,24,0,29,0,0,0,0,0,0,0,0,0,0,0,0,0,0,0,0,0,0,0,0,0,0,0,0,0,0,0,0,0,0,0,0,0,0,0,0,0,0,0,0,0,0,0,0,11,0,nan,nan,nan,0,0,0,0,0,2,{  },{  },{  },0,0,0,0,0,0,0,2,0,0,0,0,0,0,0,0,0,0,0,0,0,0,2,0,0,0,0,0,0,0,0,0,0,0,0,2,{  },{  },{  },0,0,0,{  },0,0,0,0,0,{  },{  },{  },0,0,0,0,0,0,0,0,{  },{  },{  },0,0,470,0,0,0,0,4,0,0,2,0,0,0,0,0,0,0,2,{  },{  },{  },0,0,0,0,0,0,0,0,0,0,0,2,{  },{  },{  },0,0,0,0,0,0,0,0,0,0,0,2,{  },{  },{  },0,0,0,0,0,0,0,0,0,0,0,0,0,0,0,0,0,0,2,{  },{  },{  },0,0,0,0,0,0,48,318,369,0,0,0,{  },{  },{  },0,0,0,0,0,0,0,0,0,0,0,2,{  },{  },{  },0,0,0,0,0,0,0,0,0,0,0,2,{  },{  },{  },0,0,0,0,0,0,{  },1,0,0,0,0,0,0,0,0,0,2,{  },{  },{  },0,0,0,{  },{  },{  },{  },1,0,0,0,0,0,0,0,0,2,{  },{  },{  },0,0,0,0,0,0,0,0,0,0,0,0
card/cvc5_mapa/fol_0000050.smt2,sat,0.015,0,0,17,22,0,0,0,0,7,7,2,0,1,6,0,{  },0,0,0,0,0,0,0,0,0,0,2,1,28,1,0,0,9,37,45,{  },{  },{  },,15,0,0,0,0,0,0,0,0,0,0,0,0,0,0,0,0,0,0,0,0,0,0,0,0,0,0,0,0,0,0,0,0,0,0,0,0,0,0,0,0,0,0,0,0,0,0,0,0,0,45,16,3172,3172,"{ ARITH_CONF_SIMPLEX: 5, ARITH_LIA_STAR_NONNEGATIVE: 1, ARITH_LIA_STAR_SPLIT: 1, ARITH_SPLIT_DEQ: 1 }","{ ArithPivotStep: 30, BvSatStep: 1, CnfStep: 51, DecisionStep: 22, LemmaStep: 6, PreprocessStep: 29, RewriteStep: 2941, SatConflictStep: 24, TheoryCheckStep: 58, TheoryFullCheckStep: 2 }",87,3,20,26,17,75,0,1,15,0,19,59,40,0,0,0,0,0,0,0,0,0,0,0,0,0,0,0,23,0,0,0,0,0,0,0,0,0,0,0,0,0,0,0,0,0,0,0,0,0,0,0,0,0,17,0,0,0,0,0,0,0,49,9,1,0,5,0,9,0,0,9,18,18,0,0,0,0,0,0,0,0,0,4,5,0,0,0,0,{ ARITH_CONF_SIMPLEX: 5 },{  },"{ ARITH_LIA_STAR_NONNEGATIVE: 1, ARITH_LIA_STAR_SPLIT: 1, ARITH_SPLIT_DEQ: 1 }",18,0,0,3,0,2,0,0,0,0,0,0,0,0,0,0,0,0,0,0,0,1,1,0,0,0,0,0,0,0,0,0,2,0,0,0,0,0,0,0,0,0,23,{  },{  },{  },0,0,0,0,0,0,0,0,0,7,0,0,0,0,0.0,5,0,28,0,0,0,0,28,5,5,0,7,0,0,0,0,0,0,0,0,0,0,0,0,0,0,0,0,0,0,0,0,0,0,0,0,0,0,0,0,0,0,0,0,0,0,0,0,0,0,0,0,0,0,0,0,0,0,nan,nan,nan,0,0,0,0,0,2,{  },{  },{  },0,0,0,0,0,0,0,2,0,0,0,0,0,0,0,0,0,0,0,0,0,0,2,0,0,0,0,0,0,0,0,0,0,0,0,2,{  },{  },{  },0,0,0,{  },0,0,0,0,0,{  },{  },{  },0,0,0,0,0,0,0,0,{  },{  },{  },0,0,33,0,0,0,0,2,0,0,2,0,0,0,0,0,0,0,2,{  },{  },{  },0,0,0,0,0,0,0,0,0,0,0,2,{  },{  },{  },0,0,0,0,0,0,0,0,0,0,0,2,{  },{  },{  },0,0,0,0,0,0,0,0,0,0,0,0,0,0,0,0,0,0,2,{  },{  },{  },0,0,0,0,0,0,9,37,45,0,0,0,{  },{  },{  },0,0,0,0,0,0,0,0,0,0,0,2,{  },{  },{  },0,0,0,0,0,0,0,0,0,0,0,2,{  },{  },{  },0,0,0,0,0,0,{  },1,0,0,0,0,0,0,0,0,0,2,{  },{  },{  },0,0,0,{  },{  },{  },{  },1,0,0,0,0,0,0,0,0,2,{  },{  },{  },0,0,0,0,0,0,0,0,0,0,0,0
card/cvc5_mapa/fol_0000051.smt2,sat,0.012,0,0,16,21,0,0,0,0,7,6,2,0,2,5,0,{  },0,0,0,0,0,0,0,0,0,0,2,1,25,1,0,0,6,29,37,{  },{  },{  },,11,0,0,0,0,0,0,0,0,0,0,0,0,0,0,0,0,0,0,0,0,0,0,0,0,0,0,0,0,0,0,0,0,0,0,0,0,0,0,0,0,0,0,0,0,0,0,0,0,0,44,16,2900,2900,"{ ARITH_CONF_SIMPLEX: 4, ARITH_LIA_STAR_NONNEGATIVE: 1, ARITH_LIA_STAR_SPLIT: 1, ARITH_SPLIT_DEQ: 2 }","{ ArithPivotStep: 24, BvSatStep: 1, CnfStep: 50, DecisionStep: 20, LemmaStep: 6, PreprocessStep: 29, RewriteStep: 2684, SatConflictStep: 22, TheoryCheckStep: 54, TheoryFullCheckStep: 2 }",68,0,18,0,0,66,0,1,0,0,17,50,37,0,0,0,0,0,0,0,0,0,0,0,0,0,0,0,20,0,0,0,0,0,0,0,0,0,0,0,0,0,0,0,0,0,0,0,0,0,0,0,0,0,16,0,0,0,0,0,0,0,44,9,1,0,4,0,8,0,0,8,14,15,0,0,0,0,0,0,0,0,0,0,4,0,0,0,0,{ ARITH_CONF_SIMPLEX: 4 },{  },"{ ARITH_LIA_STAR_NONNEGATIVE: 1, ARITH_LIA_STAR_SPLIT: 1, ARITH_SPLIT_DEQ: 2 }",18,0,0,4,0,2,0,0,0,0,0,0,0,0,0,0,0,0,0,0,0,1,1,0,0,0,0,0,0,0,0,0,2,0,0,0,0,0,0,0,0,0,21,{  },{  },{  },0,0,0,0,0,0,0,0,0,6,0,0,0,0,0.0,4,0,25,0,0,0,0,23,4,4,0,4,0,0,0,0,0,0,0,0,0,0,0,0,0,0,0,0,0,0,0,0,0,0,0,0,0,0,0,0,0,0,0,0,0,0,0,0,0,0,0,0,0,0,0,0,0,0,nan,nan,nan,0,0,0,0,0,2,{  },{  },{  },0,0,0,0,0,0,0,2,0,0,0,0,0,0,0,0,0,0,0,0,0,0,2,0,0,0,0,0,0,0,0,0,0,0,0,2,{  },{  },{  },0,0,0,{  },0,0,0,0,0,{  },{  },{  },0,0,0,0,0,0,0,0,{  },{  },{  },0,0,29,0,0,0,0,2,0,0,2,0,0,0,0,0,0,0,2,{  },{  },{  },0,0,0,0,0,0,0,0,0,0,0,2,{  },{  },{  },0,0,0,0,0,0,0,0,0,0,0,2,{  },{  },{  },0,0,0,0,0,0,0,0,0,0,0,0,0,0,0,0,0,0,2,{  },{  },{  },0,0,0,0,0,0,6,29,37,0,0,0,{  },{  },{  },0,0,0,0,0,0,0,0,0,0,0,2,{  },{  },{  },0,0,0,0,0,0,0,0,0,0,0,2,{  },{  },{  },0,0,0,0,0,0,{  },1,0,0,0,0,0,0,0,0,0,2,{  },{  },{  },0,0,0,{  },{  },{  },{  },1,0,0,0,0,0,0,0,0,2,{  },{  },{  },0,0,0,0,0,0,0,0,0,0,0,0
card/cvc5_mapa/fol_0000052.smt2,sat,0.291,0,0,176,185,0,0,0,0,82,6,3,18,61,173,0,{  },0,0,0,0,0,0,0,0,0,0,5,1,451,1,0,0,30,372,423,{  },{  },{  },,290,0,0,0,0,0,0,0,0,0,0,0,0,0,0,0,0,0,0,0,0,0,0,0,0,0,0,0,0,0,0,0,0,0,0,0,0,0,0,0,0,0,0,0,0,0,0,0,0,4,540,16,30880,30880,"{ ARITH_BB_LEMMA: 1, ARITH_CONF_SIMPLEX: 44, ARITH_DIO_CUT: 1, ARITH_LIA_STAR_EXISTS: 1, ARITH_LIA_STAR_NONNEGATIVE: 1, ARITH_LIA_STAR_SPLIT: 1, ARITH_ROW_IMPL: 1, ARITH_SPLIT_DEQ: 33 }","{ ArithPivotStep: 137, BvSatStep: 1, CnfStep: 125, DecisionStep: 262, LemmaStep: 36, PreprocessStep: 29, RewriteStep: 29395, SatConflictStep: 264, TheoryCheckStep: 543, TheoryFullCheckStep: 5 }",2002,2,257,19,15,1142,0,1,13,0,379,855,751,0,0,0,0,0,0,0,0,0,0,0,0,0,0,0,32,0,0,0,0,0,0,0,0,0,0,0,0,0,0,0,0,0,0,0,0,0,0,0,0,0,176,1,0,0,0,0,0,0,740,166,278,0,44,0,285,0,0,53,56,15,0,2,0,0,1,0,1,0,0,0,44,18,0,1,0,{ ARITH_CONF_SIMPLEX: 44 },{  },"{ ARITH_BB_LEMMA: 1, ARITH_DIO_CUT: 1, ARITH_LIA_STAR_EXISTS: 1, ARITH_LIA_STAR_NONNEGATIVE: 1, ARITH_LIA_STAR_SPLIT: 1, ARITH_ROW_IMPL: 1, ARITH_SPLIT_DEQ: 33 }",18,0,0,39,255,3,0,30,190,12,106,191,1,30,30,48,3,0,5,118,8,2,0,0,2,32,30,40,3,0,0,0,3,1,237,131,191,0,106,191,0,18,132,{  },{  },{  },0,0,0,0,0,0,0,1,0,189,0,0,0,0,0.0,31,0,451,0,0,0,0,210,44,16,0,18,0,0,0,0,0,0,0,0,0,0,0,0,0,0,0,0,0,0,0,0,0,0,0,0,0,0,0,0,0,0,0,0,0,0,0,0,0,0,0,0,0,0,0,0,18,0,nan,nan,nan,0,0,0,0,0,2,{  },{  },{  },0,0,0,0,0,0,0,2,0,0,0,0,0,0,0,0,0,0,0,0,0,0,2,0,0,0,0,0,0,0,0,0,0,0,0,2,{  },{  },{  },0,0,0,{  },0,0,0,0,0,{  },{  },{  },0,0,0,0,0,0,0,0,{  },{  },{  },0,0,514,0,0,0,0,5,0,0,2,0,0,0,0,0,0,0,2,{  },{  },{  },0,0,0,0,0,0,0,0,0,0,0,2,{  },{  },{  },0,0,0,0,0,0,0,0,0,0,0,2,{  },{  },{  },0,0,0,0,0,0,0,0,0,0,0,0,0,0,0,0,0,0,2,{  },{  },{  },0,0,0,0,0,0,30,372,423,0,0,0,{  },{  },{  },0,0,0,0,0,0,0,0,0,0,0,2,{  },{  },{  },0,0,0,0,0,0,0,0,0,0,0,2,{  },{  },{  },0,0,0,0,0,0,{  },1,0,0,0,0,0,0,0,0,0,2,{  },{  },{  },0,0,0,{  },{  },{  },{  },1,0,0,0,0,0,0,0,0,2,{  },{  },{  },0,0,0,0,0,0,0,0,0,0,0,0
card/cvc5_mapa/fol_0000053.smt2,sat,0.015,0,0,16,22,0,0,0,0,9,6,2,1,2,7,0,{  },0,0,0,0,0,0,0,0,0,0,4,1,21,1,0,0,1,14,22,{  },{  },{  },,15,0,0,0,0,0,0,0,0,0,0,0,0,0,0,0,0,0,0,0,0,0,0,0,0,0,0,0,0,0,0,0,0,0,0,0,0,0,0,0,0,0,0,0,0,0,0,0,0,0,44,16,2964,2964,"{ ARITH_BB_LEMMA: 1, ARITH_CONF_SIMPLEX: 4, ARITH_DIO_CUT: 1, ARITH_LIA_STAR_NONNEGATIVE: 1, ARITH_LIA_STAR_SPLIT: 1, ARITH_ROW_IMPL: 1, ARITH_SPLIT_DEQ: 1 }","{ ArithPivotStep: 28, BvSatStep: 1, CnfStep: 52, DecisionStep: 18, LemmaStep: 7, PreprocessStep: 29, RewriteStep: 2722, SatConflictStep: 20, TheoryCheckStep: 73, TheoryFullCheckStep: 4 }",81,1,14,6,6,50,0,1,6,0,18,29,39,0,0,0,0,0,0,0,0,0,0,0,0,0,0,0,20,0,0,0,0,0,0,0,0,0,0,0,0,0,0,0,0,0,0,0,0,0,0,0,0,0,16,0,0,0,0,0,0,0,36,7,1,0,4,0,5,0,0,1,7,15,0,2,0,0,1,0,1,0,0,0,4,0,0,1,0,{ ARITH_CONF_SIMPLEX: 4 },{  },"{ ARITH_BB_LEMMA: 1, ARITH_DIO_CUT: 1, ARITH_LIA_STAR_NONNEGATIVE: 1, ARITH_LIA_STAR_SPLIT: 1, ARITH_ROW_IMPL: 1, ARITH_SPLIT_DEQ: 1 }",18,0,0,6,0,2,0,0,0,0,0,0,0,0,0,0,0,0,0,0,0,1,1,0,0,0,0,0,0,0,0,0,2,0,0,0,0,0,0,0,0,0,19,{  },{  },{  },0,0,0,0,0,0,0,1,0,5,0,0,0,0,0.0,3,0,21,0,0,0,0,24,4,3,0,3,0,0,0,0,0,0,0,0,0,0,0,0,0,0,0,0,0,0,0,0,0,0,0,0,0,0,0,0,0,0,0,0,0,0,0,0,0,0,0,0,0,0,0,0,0,0,nan,nan,nan,0,0,0,0,0,2,{  },{  },{  },0,0,0,0,0,0,0,2,0,0,0,0,0,0,0,0,0,0,0,0,0,0,2,0,0,0,0,0,0,0,0,0,0,0,0,2,{  },{  },{  },0,0,0,{  },0,0,0,0,0,{  },{  },{  },0,0,0,0,0,0,0,0,{  },{  },{  },0,0,17,0,0,0,0,4,0,0,2,0,0,0,0,0,0,0,2,{  },{  },{  },0,0,0,0,0,0,0,0,0,0,0,2,{  },{  },{  },0,0,0,0,0,0,0,0,0,0,0,2,{  },{  },{  },0,0,0,0,0,0,0,0,0,0,0,0,0,0,0,0,0,0,2,{  },{  },{  },0,0,0,0,0,0,1,14,22,0,0,0,{  },{  },{  },0,0,0,0,0,0,0,0,0,0,0,2,{  },{  },{  },0,0,0,0,0,0,0,0,0,0,0,2,{  },{  },{  },0,0,0,0,0,0,{  },1,0,0,0,0,0,0,0,0,0,2,{  },{  },{  },0,0,0,{  },{  },{  },{  },1,0,0,0,0,0,0,0,0,2,{  },{  },{  },0,0,0,0,0,0,0,0,0,0,0,0
card/cvc5_mapa/fol_0000054.smt2,sat,0.283,0,0,176,187,0,0,0,0,112,6,3,20,41,223,0,{  },0,0,0,0,0,0,0,0,0,0,4,1,438,1,0,0,9,510,527,{  },{  },{  },,283,0,0,0,0,0,0,0,0,0,0,0,0,0,0,0,0,0,0,0,0,0,0,0,0,0,0,0,0,0,0,0,0,0,0,0,0,0,0,0,0,0,0,0,0,0,0,0,0,4,542,16,39402,39402,"{ ARITH_BB_LEMMA: 1, ARITH_CONF_SIMPLEX: 73, ARITH_LIA_STAR_EXISTS: 1, ARITH_LIA_STAR_NONNEGATIVE: 1, ARITH_LIA_STAR_SPLIT: 1, ARITH_SPLIT_DEQ: 36 }","{ ArithPivotStep: 87, BvSatStep: 1, CnfStep: 155, DecisionStep: 233, LemmaStep: 45, PreprocessStep: 29, RewriteStep: 37973, SatConflictStep: 235, TheoryCheckStep: 527, TheoryFullCheckStep: 4 }",2682,2,229,13,20,1254,0,1,10,0,363,1137,721,0,0,0,0,0,0,0,0,0,0,0,0,0,0,0,32,0,0,0,0,0,0,0,0,0,0,0,0,0,0,0,0,0,0,0,0,0,0,0,0,0,176,0,0,0,0,0,0,1,830,195,269,0,73,0,442,0,0,31,58,15,0,1,0,0,0,0,0,0,0,0,73,7,0,1,0,{ ARITH_CONF_SIMPLEX: 73 },{  },"{ ARITH_BB_LEMMA: 1, ARITH_LIA_STAR_EXISTS: 1, ARITH_LIA_STAR_NONNEGATIVE: 1, ARITH_LIA_STAR_SPLIT: 1, ARITH_SPLIT_DEQ: 36 }",18,0,0,40,256,3,0,30,192,12,106,192,1,30,30,47,3,0,5,118,8,2,0,0,2,32,30,39,3,0,0,0,3,1,237,131,192,0,106,192,0,7,84,{  },{  },{  },0,0,0,0,0,0,0,1,0,222,0,0,0,0,0.0,40,0,438,0,0,0,0,164,73,44,0,59,0,0,0,0,0,0,0,0,0,0,0,0,0,0,0,0,0,0,0,0,0,0,0,0,0,0,0,0,0,0,0,0,0,0,0,0,0,0,0,0,0,0,0,0,8,0,nan,nan,nan,0,0,0,0,0,2,{  },{  },{  },0,0,0,0,0,0,0,2,0,0,0,0,0,0,0,0,0,0,0,0,0,0,2,0,0,0,0,0,0,0,0,0,0,0,0,2,{  },{  },{  },0,0,0,{  },0,0,0,0,0,{  },{  },{  },0,0,0,0,0,0,0,0,{  },{  },{  },0,0,639,0,0,0,0,4,0,0,2,0,0,0,0,0,0,0,2,{  },{  },{  },0,0,0,0,0,0,0,0,0,0,0,2,{  },{  },{  },0,0,0,0,0,0,0,0,0,0,0,2,{  },{  },{  },0,0,0,0,0,0,0,0,0,0,0,0,0,0,0,0,0,0,2,{  },{  },{  },0,0,0,0,0,0,9,510,527,0,0,0,{  },{  },{  },0,0,0,0,0,0,0,0,0,0,0,2,{  },{  },{  },0,0,0,0,0,0,0,0,0,0,0,2,{  },{  },{  },0,0,0,0,0,0,{  },1,0,0,0,0,0,0,0,0,0,2,{  },{  },{  },0,0,0,{  },{  },{  },{  },1,0,0,0,0,0,0,0,0,2,{  },{  },{  },0,0,0,0,0,0,0,0,0,0,0,0
card/cvc5_mapa/fol_0000056.smt2,sat,0.014,0,0,19,25,0,0,0,0,1,7,2,0,1,0,0,{  },0,0,0,0,0,0,0,0,0,0,2,1,18,1,0,0,3,17,26,{  },{  },{  },,14,0,0,0,0,0,0,0,0,0,0,0,0,0,0,0,0,0,0,0,0,0,0,0,0,0,0,0,0,0,0,0,0,0,0,0,0,0,0,0,0,0,0,0,0,0,0,0,0,0,47,19,3071,3071,"{ ARITH_LIA_STAR_NONNEGATIVE: 1, ARITH_LIA_STAR_SPLIT: 1 }","{ ArithPivotStep: 23, BvSatStep: 1, CnfStep: 51, DecisionStep: 15, LemmaStep: 1, PreprocessStep: 34, RewriteStep: 2882, SatConflictStep: 17, TheoryCheckStep: 43, TheoryFullCheckStep: 2 }",59,0,13,0,0,46,0,1,0,0,20,30,43,0,0,0,0,0,0,0,0,0,0,0,0,0,0,0,23,0,0,0,0,0,0,0,0,0,0,0,0,0,0,0,0,0,0,0,0,0,0,0,0,0,19,0,0,0,0,0,0,0,38,4,1,0,0,0,5,0,0,3,8,18,0,0,0,0,0,0,0,0,0,5,0,0,0,0,0,{  },{  },"{ ARITH_LIA_STAR_NONNEGATIVE: 1, ARITH_LIA_STAR_SPLIT: 1 }",18,0,0,2,0,2,0,0,0,0,0,0,0,0,0,0,0,0,0,0,0,1,1,0,0,0,0,0,0,0,0,0,2,0,0,0,0,0,0,0,0,0,14,{  },{  },{  },0,0,0,0,0,0,0,0,0,4,0,0,0,0,0.0,0,0,18,0,0,0,0,16,0,0,0,0,0,0,0,0,0,0,0,0,0,0,0,0,0,0,0,0,0,0,0,0,0,0,0,0,0,0,0,0,0,0,0,0,0,0,0,0,0,0,0,0,0,0,0,0,0,0,nan,nan,nan,0,0,0,0,0,2,{  },{  },{  },0,0,0,0,0,0,0,2,0,0,0,0,0,0,0,0,0,0,0,0,0,0,2,0,0,0,0,0,0,0,0,0,0,0,0,2,{  },{  },{  },0,0,0,{  },0,0,0,0,0,{  },{  },{  },0,0,0,0,0,0,0,0,{  },{  },{  },0,0,17,0,0,0,0,2,0,0,2,0,0,0,0,0,0,0,2,{  },{  },{  },0,0,0,0,0,0,0,0,0,0,0,2,{  },{  },{  },0,0,0,0,0,0,0,0,0,0,0,2,{  },{  },{  },0,0,0,0,0,0,0,0,0,0,0,0,0,0,0,0,0,0,2,{  },{  },{  },0,0,0,0,0,0,3,17,26,0,0,0,{  },{  },{  },0,0,0,0,0,0,0,0,0,0,0,2,{  },{  },{  },0,0,0,0,0,0,0,0,0,0,0,2,{  },{  },{  },0,0,0,0,0,0,{  },1,0,0,0,0,0,0,0,0,0,2,{  },{  },{  },0,0,0,{  },{  },{  },{  },1,0,0,0,0,0,0,0,0,2,{  },{  },{  },0,0,0,0,0,0,0,0,0,0,0,0
card/cvc5_mapa/fol_0000057.smt2,sat,0.050,0,0,38,45,0,0,0,0,19,4,3,4,2,47,0,{  },0,0,0,0,0,0,0,0,0,0,3,1,63,1,0,0,7,63,78,{  },{  },{  },,49,0,0,0,0,0,0,0,0,0,0,0,0,0,0,0,0,0,0,0,0,0,0,0,0,0,0,0,0,0,0,0,0,0,0,0,0,0,0,0,0,0,0,0,0,0,0,0,0,1,121,13,5927,5927,"{ ARITH_CONF_SIMPLEX: 8, ARITH_LIA_STAR_EXISTS: 1, ARITH_LIA_STAR_NONNEGATIVE: 1, ARITH_LIA_STAR_SPLIT: 1, ARITH_ROW_IMPL: 1, ARITH_SPLIT_DEQ: 8 }","{ ArithPivotStep: 22, BvSatStep: 1, CnfStep: 53, DecisionStep: 38, LemmaStep: 11, PreprocessStep: 24, RewriteStep: 5608, SatConflictStep: 40, TheoryCheckStep: 107, TheoryFullCheckStep: 3 }",351,1,35,0,5,194,0,1,4,0,82,135,162,0,0,0,0,0,0,0,0,0,0,0,0,0,0,0,23,0,0,0,0,0,0,0,0,0,0,0,0,0,0,0,0,0,0,0,0,0,0,0,0,0,38,0,0,0,0,0,0,0,121,25,39,0,8,0,37,0,0,13,18,10,0,0,0,0,0,0,0,0,0,0,8,0,0,0,0,{ ARITH_CONF_SIMPLEX: 8 },{  },"{ ARITH_LIA_STAR_EXISTS: 1, ARITH_LIA_STAR_NONNEGATIVE: 1, ARITH_LIA_STAR_SPLIT: 1, ARITH_ROW_IMPL: 1, ARITH_SPLIT_DEQ: 8 }",14,0,0,12,38,3,0,7,28,9,10,28,1,7,7,7,0,0,3,19,5,2,0,0,1,7,7,6,0,0,0,0,3,1,46,36,28,0,10,28,0,0,20,{  },{  },{  },0,0,0,0,0,0,0,0,0,26,0,0,0,0,0.0,7,0,63,0,0,0,0,31,8,3,0,3,0,0,0,0,0,0,0,0,0,0,0,0,0,0,0,0,0,0,0,0,0,0,0,0,0,0,0,0,0,0,0,0,0,0,0,0,0,0,0,0,0,0,0,0,0,0,nan,nan,nan,0,0,0,0,0,2,{  },{  },{  },0,0,0,0,0,0,0,2,0,0,0,0,0,0,0,0,0,0,0,0,0,0,2,0,0,0,0,0,0,0,0,0,0,0,0,2,{  },{  },{  },0,0,0,{  },0,0,0,0,0,{  },{  },{  },0,0,0,0,0,0,0,0,{  },{  },{  },0,0,81,0,0,0,0,3,0,0,2,0,0,0,0,0,0,0,2,{  },{  },{  },0,0,0,0,0,0,0,0,0,0,0,2,{  },{  },{  },0,0,0,0,0,0,0,0,0,0,0,2,{  },{  },{  },0,0,0,0,0,0,0,0,0,0,0,0,0,0,0,0,0,0,2,{  },{  },{  },0,0,0,0,0,0,7,63,78,0,0,0,{  },{  },{  },0,0,0,0,0,0,0,0,0,0,0,2,{  },{  },{  },0,0,0,0,0,0,0,0,0,0,0,2,{  },{  },{  },0,0,0,0,0,0,{  },1,0,0,0,0,0,0,0,0,0,2,{  },{  },{  },0,0,0,{  },{  },{  },{  },1,0,0,0,0,0,0,0,0,2,{  },{  },{  },0,0,0,0,0,0,0,0,0,0,0,0
card/cvc5_mapa/fol_0000062.smt2,sat,0.052,0,0,38,45,0,0,0,0,20,4,3,4,18,32,0,{  },0,0,0,0,0,0,0,0,0,0,5,1,86,1,0,0,12,70,92,{  },{  },{  },,52,0,0,0,0,0,0,0,0,0,0,0,0,0,0,0,0,0,0,0,0,0,0,0,0,0,0,0,0,0,0,0,0,0,0,0,0,0,0,0,0,0,0,0,0,0,0,0,0,1,124,13,6088,6088,"{ ARITH_BB_LEMMA: 1, ARITH_CONF_SIMPLEX: 9, ARITH_DIO_CUT: 1, ARITH_LIA_STAR_EXISTS: 1, ARITH_LIA_STAR_NONNEGATIVE: 1, ARITH_LIA_STAR_SPLIT: 1, ARITH_SPLIT_DEQ: 7 }","{ ArithPivotStep: 40, BvSatStep: 1, CnfStep: 54, DecisionStep: 54, LemmaStep: 11, PreprocessStep: 24, RewriteStep: 5668, SatConflictStep: 56, TheoryCheckStep: 154, TheoryFullCheckStep: 5 }",356,2,49,18,14,216,0,1,12,0,95,145,187,0,0,0,0,0,0,0,0,0,0,0,0,0,0,0,23,0,0,0,0,0,0,0,0,0,0,0,0,0,0,0,0,0,0,0,0,0,0,0,0,0,38,0,0,0,0,0,0,0,137,25,41,0,9,0,41,0,0,20,16,10,0,2,0,0,1,0,1,0,0,0,9,0,0,1,0,{ ARITH_CONF_SIMPLEX: 9 },{  },"{ ARITH_BB_LEMMA: 1, ARITH_DIO_CUT: 1, ARITH_LIA_STAR_EXISTS: 1, ARITH_LIA_STAR_NONNEGATIVE: 1, ARITH_LIA_STAR_SPLIT: 1, ARITH_SPLIT_DEQ: 7 }",14,0,0,12,39,3,0,7,29,9,10,29,1,7,7,7,0,0,3,19,5,2,0,0,1,7,7,6,0,0,0,0,3,1,46,36,29,0,10,29,0,0,36,{  },{  },{  },0,0,0,0,0,0,0,1,0,34,0,0,0,0,0.0,7,0,86,0,0,0,0,46,9,4,0,5,0,0,0,0,0,0,0,0,0,0,0,0,0,0,0,0,0,0,0,0,0,0,0,0,0,0,0,0,0,0,0,0,0,0,0,0,0,0,0,0,0,0,0,0,1,0,nan,nan,nan,0,0,0,0,0,2,{  },{  },{  },0,0,0,0,0,0,0,2,0,0,0,0,0,0,0,0,0,0,0,0,0,0,2,0,0,0,0,0,0,0,0,0,0,0,0,2,{  },{  },{  },0,0,0,{  },0,0,0,0,0,{  },{  },{  },0,0,0,0,0,0,0,0,{  },{  },{  },0,0,88,0,0,0,0,5,0,0,2,0,0,0,0,0,0,0,2,{  },{  },{  },0,0,0,0,0,0,0,0,0,0,0,2,{  },{  },{  },0,0,0,0,0,0,0,0,0,0,0,2,{  },{  },{  },0,0,0,0,0,0,0,0,0,0,0,0,0,0,0,0,0,0,2,{  },{  },{  },0,0,0,0,0,0,12,70,92,0,0,0,{  },{  },{  },0,0,0,0,0,0,0,0,0,0,0,2,{  },{  },{  },0,0,0,0,0,0,0,0,0,0,0,2,{  },{  },{  },0,0,0,0,0,0,{  },1,0,0,0,0,0,0,0,0,0,2,{  },{  },{  },0,0,0,{  },{  },{  },{  },1,0,0,0,0,0,0,0,0,2,{  },{  },{  },0,0,0,0,0,0,0,0,0,0,0,0
card/cvc5_mapa/fol_0000069.smt2,sat,0.303,0,0,175,185,0,0,0,0,96,6,3,21,3,422,0,{  },0,0,0,0,0,0,0,0,0,0,3,1,278,1,0,0,32,262,296,{  },{  },{  },,302,0,0,0,0,0,0,0,0,0,0,0,0,0,0,0,0,0,0,0,0,0,0,0,0,0,0,0,0,0,0,0,0,0,0,0,0,0,0,0,0,0,0,0,0,0,0,0,0,4,535,14,29385,29385,"{ ARITH_CONF_SIMPLEX: 59, ARITH_LIA_STAR_EXISTS: 1, ARITH_LIA_STAR_NONNEGATIVE: 1, ARITH_LIA_STAR_SPLIT: 1, ARITH_ROW_IMPL: 1, ARITH_SPLIT_DEQ: 34 }","{ ArithPivotStep: 172, BvSatStep: 1, CnfStep: 137, DecisionStep: 175, LemmaStep: 33, PreprocessStep: 29, RewriteStep: 28217, SatConflictStep: 177, TheoryCheckStep: 344, TheoryFullCheckStep: 3 }",1940,4,172,20,18,914,0,1,16,0,361,595,716,0,0,0,0,0,0,0,0,0,0,0,0,0,0,0,30,0,0,0,0,0,0,0,0,0,0,0,0,0,0,0,0,0,0,0,0,0,0,0,0,0,175,1,0,0,0,0,0,0,564,107,287,0,59,0,164,0,0,33,66,14,0,0,0,0,0,0,0,0,0,0,59,25,0,0,0,{ ARITH_CONF_SIMPLEX: 59 },{  },"{ ARITH_LIA_STAR_EXISTS: 1, ARITH_LIA_STAR_NONNEGATIVE: 1, ARITH_LIA_STAR_SPLIT: 1, ARITH_ROW_IMPL: 1, ARITH_SPLIT_DEQ: 34 }",14,0,0,38,258,3,0,30,192,12,106,193,1,30,30,48,3,0,5,118,8,2,0,0,2,32,30,40,3,0,0,0,3,1,237,131,193,0,106,193,0,25,169,{  },{  },{  },0,0,0,0,0,0,0,0,0,101,0,0,0,0,0.0,29,0,278,0,0,0,0,236,59,22,0,28,0,0,0,0,0,0,0,0,0,0,0,0,0,0,0,0,0,0,0,0,0,0,0,0,0,0,0,0,0,0,0,0,0,0,0,0,0,0,0,0,0,0,0,0,25,0,nan,nan,nan,0,0,0,0,0,2,{  },{  },{  },0,0,0,0,0,0,0,2,0,0,0,0,0,0,0,0,0,0,0,0,0,0,2,0,0,0,0,0,0,0,0,0,0,0,0,2,{  },{  },{  },0,0,0,{  },0,0,0,0,0,{  },{  },{  },0,0,0,0,0,0,0,0,{  },{  },{  },0,0,368,0,0,0,0,3,0,0,2,0,0,0,0,0,0,0,2,{  },{  },{  },0,0,0,0,0,0,0,0,0,0,0,2,{  },{  },{  },0,0,0,0,0,0,0,0,0,0,0,2,{  },{  },{  },0,0,0,0,0,0,0,0,0,0,0,0,0,0,0,0,0,0,2,{  },{  },{  },0,0,0,0,0,0,32,262,296,0,0,0,{  },{  },{  },0,0,0,0,0,0,0,0,0,0,0,2,{  },{  },{  },0,0,0,0,0,0,0,0,0,0,0,2,{  },{  },{  },0,0,0,0,0,0,{  },1,0,0,0,0,0,0,0,0,0,2,{  },{  },{  },0,0,0,{  },{  },{  },{  },1,0,0,0,0,0,0,0,0,2,{  },{  },{  },0,0,0,0,0,0,0,0,0,0,0,0
card/cvc5_mapa/fol_0000071.smt2,sat,64.987,0,0,14775,14787,0,0,0,0,3608,8,3,1115,3,13647,1893,{  },0,0,0,0,0,0,0,0,0,0,3,1,1109513,1,0,0,2247,16268,17399,{  },{  },{  },,64987,0,0,0,0,0,0,0,0,0,0,0,0,0,0,0,0,0,0,0,0,0,0,0,0,0,0,0,0,0,0,0,0,0,0,0,0,0,0,0,0,0,0,0,0,0,0,0,0,559,44338,17,7748824,7748824,"{ ARITH_CONF_SIMPLEX: 1499, ARITH_LIA_STAR_EXISTS: 1, ARITH_LIA_STAR_NONNEGATIVE: 1, ARITH_LIA_STAR_SPLIT: 1, ARITH_SPLIT_DEQ: 2107 }","{ ArithPivotStep: 4438, BvSatStep: 1, CnfStep: 3658, DecisionStep: 556439, LemmaStep: 1128, PreprocessStep: 34, RewriteStep: 5512398, SatConflictStep: 556441, TheoryCheckStep: 1110675, TheoryFullCheckStep: 3 }",170974,5,556436,36,32,1157657,0,1,27,0,29564,583343,59119,0,0,0,0,0,0,0,0,0,0,0,0,0,0,0,39,0,0,0,0,0,0,0,0,0,0,0,0,0,0,0,0,0,0,0,0,0,0,0,0,0,14775,22,0,0,0,0,0,2521,585212,8942,57996,0,1499,0,10643,0,0,2247,3378,19,0,0,0,0,0,0,0,0,79,0,1499,31148,0,0,0,{ ARITH_CONF_SIMPLEX: 1499 },{  },"{ ARITH_LIA_STAR_EXISTS: 1, ARITH_LIA_STAR_NONNEGATIVE: 1, ARITH_LIA_STAR_SPLIT: 1, ARITH_SPLIT_DEQ: 2107 }",18,0,0,2110,23969,3,0,1417,18408,15,13927,18487,1,1417,1417,3596,405,52,9,8179,13,2,0,0,4,2104,1417,2930,283,0,0,0,3,1,20061,6134,18480,0,13927,18487,20,30824,4434,{  },{  },{  },1,0,0,0,0,0,0,0,0,552003,0,0,0,0,0.0,1125,0,1109513,0,0,0,0,9581,1499,11,74,17,0,0,0,0,0,0,0,0,0,0,0,0,0,0,0,0,0,0,0,0,0,0,0,0,0,0,0,0,0,0,0,0,0,0,0,0,0,0,0,0,0,0,0,0,31900,0,nan,nan,nan,0,0,0,0,0,2,{  },{  },{  },0,0,0,0,0,0,0,2,0,0,0,0,0,0,0,0,0,0,0,0,0,0,2,0,0,0,0,0,0,0,0,0,0,0,0,2,{  },{  },{  },0,0,0,{  },0,0,0,0,0,{  },{  },{  },0,0,0,0,0,0,0,0,{  },{  },{  },0,0,569324,0,0,0,0,3,0,0,2,0,0,0,0,0,0,0,2,{  },{  },{  },0,0,0,0,0,0,0,0,0,0,0,2,{  },{  },{  },0,0,0,0,0,0,0,0,0,0,0,2,{  },{  },{  },0,0,0,0,0,0,0,0,0,0,0,0,0,0,0,0,0,0,2,{  },{  },{  },0,0,0,0,0,0,2247,16268,17399,0,0,0,{  },{  },{  },0,0,0,0,0,0,0,0,0,0,0,2,{  },{  },{  },0,0,0,0,0,0,0,0,0,0,0,2,{  },{  },{  },0,0,0,0,0,0,{  },1,0,0,0,0,0,0,0,0,0,2,{  },{  },{  },0,0,0,{  },{  },{  },{  },1,0,0,0,0,0,0,0,0,2,{  },{  },{  },0,0,0,0,0,0,0,0,0,0,0,0
card/cvc5_mapa/fol_0000072.smt2,sat,65.068,0,0,14775,14787,0,0,0,0,3610,8,3,1115,3,13649,1922,{  },0,0,0,0,0,0,0,0,0,0,3,1,1099082,1,0,0,1129,15153,16282,{  },{  },{  },,65067,0,0,0,0,0,0,0,0,0,0,0,0,0,0,0,0,0,0,0,0,0,0,0,0,0,0,0,0,0,0,0,0,0,0,0,0,0,0,0,0,0,0,0,0,0,0,0,0,557,44338,17,7697087,7697087,"{ ARITH_CONF_SIMPLEX: 1500, ARITH_LIA_STAR_EXISTS: 1, ARITH_LIA_STAR_NONNEGATIVE: 1, ARITH_LIA_STAR_SPLIT: 1, ARITH_ROW_IMPL: 1, ARITH_SPLIT_DEQ: 2107 }","{ ArithPivotStep: 3522, BvSatStep: 1, CnfStep: 3660, DecisionStep: 551224, LemmaStep: 1129, PreprocessStep: 34, RewriteStep: 5482433, SatConflictStep: 551226, TheoryCheckStep: 1100244, TheoryFullCheckStep: 3 }",170980,6,551221,32,28,1147233,0,1,24,0,29564,578134,59119,0,0,0,0,0,0,0,0,0,0,0,0,0,0,0,39,0,0,0,0,0,0,0,0,0,0,0,0,0,0,0,0,0,0,0,0,0,0,0,0,0,14775,21,0,0,0,0,0,2324,580001,8945,58269,0,1500,0,10646,0,0,1130,3378,19,0,0,0,0,0,0,0,0,77,0,1500,31929,0,0,0,{ ARITH_CONF_SIMPLEX: 1500 },{  },"{ ARITH_LIA_STAR_EXISTS: 1, ARITH_LIA_STAR_NONNEGATIVE: 1, ARITH_LIA_STAR_SPLIT: 1, ARITH_ROW_IMPL: 1, ARITH_SPLIT_DEQ: 2107 }",18,0,0,2111,23451,3,0,1417,17910,15,13927,17992,1,1417,1417,3577,403,51,9,8179,13,2,0,0,4,2104,1417,2923,276,0,0,0,3,1,20061,6134,17986,0,13927,17992,20,31585,3518,{  },{  },{  },1,0,0,0,0,0,0,0,0,546741,0,0,0,0,0.0,1125,0,1099082,0,0,0,0,7773,1500,12,73,20,0,0,0,0,0,0,0,0,0,0,0,0,0,0,0,0,0,0,0,0,0,0,0,0,0,0,0,0,0,0,0,0,0,0,0,0,0,0,0,0,0,0,0,0,32723,0,nan,nan,nan,0,0,0,0,0,2,{  },{  },{  },0,0,0,0,0,0,0,2,0,0,0,0,0,0,0,0,0,0,0,0,0,0,2,0,0,0,0,0,0,0,0,0,0,0,0,2,{  },{  },{  },0,0,0,{  },0,0,0,0,0,{  },{  },{  },0,0,0,0,0,0,0,0,{  },{  },{  },0,0,564112,0,0,0,0,3,0,0,2,0,0,0,0,0,0,0,2,{  },{  },{  },0,0,0,0,0,0,0,0,0,0,0,2,{  },{  },{  },0,0,0,0,0,0,0,0,0,0,0,2,{  },{  },{  },0,0,0,0,0,0,0,0,0,0,0,0,0,0,0,0,0,0,2,{  },{  },{  },0,0,0,0,0,0,1129,15153,16282,0,0,0,{  },{  },{  },0,0,0,0,0,0,0,0,0,0,0,2,{  },{  },{  },0,0,0,0,0,0,0,0,0,0,0,2,{  },{  },{  },0,0,0,0,0,0,{  },1,0,0,0,0,0,0,0,0,0,2,{  },{  },{  },0,0,0,{  },{  },{  },{  },1,0,0,0,0,0,0,0,0,2,{  },{  },{  },0,0,0,0,0,0,0,0,0,0,0,0
card/cvc5_mapa/fol_0000073.smt2,sat,0.016,0,0,16,21,0,0,0,0,19,7,2,1,3,16,0,{  },0,0,0,0,0,0,0,0,0,0,5,1,40,1,0,0,9,43,52,{  },{  },{  },,16,0,0,0,0,0,0,0,0,0,0,0,0,0,0,0,0,0,0,0,0,0,0,0,0,0,0,0,0,0,0,0,0,0,0,0,0,0,0,0,0,0,0,0,0,0,0,0,0,0,46,14,3540,3540,"{ ARITH_BB_LEMMA: 1, ARITH_CONF_SIMPLEX: 14, ARITH_DIO_CUT: 2, ARITH_LIA_STAR_NONNEGATIVE: 1, ARITH_LIA_STAR_SPLIT: 1, ARITH_ROW_IMPL: 1 }","{ ArithPivotStep: 30, BvSatStep: 1, CnfStep: 61, DecisionStep: 33, LemmaStep: 9, PreprocessStep: 29, RewriteStep: 3210, SatConflictStep: 35, TheoryCheckStep: 107, TheoryFullCheckStep: 5 }",121,2,28,23,11,89,0,1,11,0,20,75,41,0,0,0,0,0,0,0,0,0,0,0,0,0,0,0,21,0,0,0,0,0,0,0,0,0,0,0,0,0,0,0,0,0,0,0,0,0,0,0,0,0,16,0,0,0,0,0,0,0,59,11,2,0,14,0,15,0,0,9,20,17,0,3,0,0,2,0,2,0,0,0,14,0,0,1,0,{ ARITH_CONF_SIMPLEX: 14 },{  },"{ ARITH_BB_LEMMA: 1, ARITH_DIO_CUT: 2, ARITH_LIA_STAR_NONNEGATIVE: 1, ARITH_LIA_STAR_SPLIT: 1, ARITH_ROW_IMPL: 1 }",14,0,0,6,0,2,0,0,0,0,0,0,0,0,0,0,0,0,0,0,0,1,1,0,0,0,0,0,0,0,0,0,2,0,0,0,0,0,0,0,0,0,23,{  },{  },{  },0,0,0,0,0,0,0,1,0,9,0,0,0,0,0.0,6,0,40,0,0,0,0,30,14,12,0,15,0,0,0,0,0,0,0,0,0,0,0,0,0,0,0,0,0,0,0,0,0,0,0,0,0,0,0,0,0,0,0,0,0,0,0,0,0,0,0,0,0,0,0,0,0,0,nan,nan,nan,0,0,0,0,0,2,{  },{  },{  },0,0,0,0,0,0,0,2,0,0,0,0,0,0,0,0,0,0,0,0,0,0,2,0,0,0,0,0,0,0,0,0,0,0,0,2,{  },{  },{  },0,0,0,{  },0,0,0,0,0,{  },{  },{  },0,0,0,0,0,0,0,0,{  },{  },{  },0,0,43,0,0,0,0,5,0,0,2,0,0,0,0,0,0,0,2,{  },{  },{  },0,0,0,0,0,0,0,0,0,0,0,2,{  },{  },{  },0,0,0,0,0,0,0,0,0,0,0,2,{  },{  },{  },0,0,0,0,0,0,0,0,0,0,0,0,0,0,0,0,0,0,2,{  },{  },{  },0,0,0,0,0,0,9,43,52,0,0,0,{  },{  },{  },0,0,0,0,0,0,0,0,0,0,0,2,{  },{  },{  },0,0,0,0,0,0,0,0,0,0,0,2,{  },{  },{  },0,0,0,0,0,0,{  },1,0,0,0,0,0,0,0,0,0,2,{  },{  },{  },0,0,0,{  },{  },{  },{  },1,0,0,0,0,0,0,0,0,2,{  },{  },{  },0,0,0,0,0,0,0,0,0,0,0,0
card/cvc5_mapa/fol_0000074.smt2,sat,0.012,0,0,16,21,0,0,0,0,13,6,2,0,1,12,0,{  },0,0,0,0,0,0,0,0,0,0,2,1,25,1,0,0,6,28,37,{  },{  },{  },,12,0,0,0,0,0,0,0,0,0,0,0,0,0,0,0,0,0,0,0,0,0,0,0,0,0,0,0,0,0,0,0,0,0,0,0,0,0,0,0,0,0,0,0,0,0,0,0,0,0,44,16,3125,3125,"{ ARITH_CONF_SIMPLEX: 9, ARITH_LIA_STAR_NONNEGATIVE: 1, ARITH_LIA_STAR_SPLIT: 1, ARITH_ROW_IMPL: 1, ARITH_SPLIT_DEQ: 2 }","{ ArithPivotStep: 31, BvSatStep: 1, CnfStep: 56, DecisionStep: 19, LemmaStep: 4, PreprocessStep: 29, RewriteStep: 2896, SatConflictStep: 21, TheoryCheckStep: 52, TheoryFullCheckStep: 2 }",93,0,17,0,0,62,0,1,0,0,17,47,37,0,0,0,0,0,0,0,0,0,0,0,0,0,0,0,20,0,0,0,0,0,0,0,0,0,0,0,0,0,0,0,0,0,0,0,0,0,0,0,0,0,16,0,0,0,0,0,0,0,44,7,1,0,9,0,8,0,0,7,13,15,0,0,0,0,0,0,0,0,0,3,9,0,0,0,0,{ ARITH_CONF_SIMPLEX: 9 },{  },"{ ARITH_LIA_STAR_NONNEGATIVE: 1, ARITH_LIA_STAR_SPLIT: 1, ARITH_ROW_IMPL: 1, ARITH_SPLIT_DEQ: 2 }",18,0,0,5,0,2,0,0,0,0,0,0,0,0,0,0,0,0,0,0,0,1,1,0,0,0,0,0,0,0,0,0,2,0,0,0,0,0,0,0,0,0,25,{  },{  },{  },0,0,0,0,0,0,0,0,0,6,0,0,0,0,0.0,2,0,25,0,0,0,0,28,9,9,0,9,0,0,0,0,0,0,0,0,0,0,0,0,0,0,0,0,0,0,0,0,0,0,0,0,0,0,0,0,0,0,0,0,0,0,0,0,0,0,0,0,0,0,0,0,0,0,nan,nan,nan,0,0,0,0,0,2,{  },{  },{  },0,0,0,0,0,0,0,2,0,0,0,0,0,0,0,0,0,0,0,0,0,0,2,0,0,0,0,0,0,0,0,0,0,0,0,2,{  },{  },{  },0,0,0,{  },0,0,0,0,0,{  },{  },{  },0,0,0,0,0,0,0,0,{  },{  },{  },0,0,27,0,0,0,0,2,0,0,2,0,0,0,0,0,0,0,2,{  },{  },{  },0,0,0,0,0,0,0,0,0,0,0,2,{  },{  },{  },0,0,0,0,0,0,0,0,0,0,0,2,{  },{  },{  },0,0,0,0,0,0,0,0,0,0,0,0,0,0,0,0,0,0,2,{  },{  },{  },0,0,0,0,0,0,6,28,37,0,0,0,{  },{  },{  },0,0,0,0,0,0,0,0,0,0,0,2,{  },{  },{  },0,0,0,0,0,0,0,0,0,0,0,2,{  },{  },{  },0,0,0,0,0,0,{  },1,0,0,0,0,0,0,0,0,0,2,{  },{  },{  },0,0,0,{  },{  },{  },{  },1,0,0,0,0,0,0,0,0,2,{  },{  },{  },0,0,0,0,0,0,0,0,0,0,0,0
card/cvc5_mapa/fol_0000075.smt2,sat,0.285,0,0,175,184,0,0,0,0,80,6,3,21,3,229,0,{  },0,0,0,0,0,0,0,0,0,0,3,1,341,1,0,0,8,233,268,{  },{  },{  },,285,0,0,0,0,0,0,0,0,0,0,0,0,0,0,0,0,0,0,0,0,0,0,0,0,0,0,0,0,0,0,0,0,0,0,0,0,0,0,0,0,0,0,0,0,0,0,0,0,4,535,14,28326,28326,"{ ARITH_CONF_SIMPLEX: 44, ARITH_LIA_STAR_EXISTS: 1, ARITH_LIA_STAR_NONNEGATIVE: 1, ARITH_LIA_STAR_SPLIT: 1, ARITH_SPLIT_DEQ: 34 }","{ ArithPivotStep: 114, BvSatStep: 1, CnfStep: 121, DecisionStep: 191, LemmaStep: 31, PreprocessStep: 29, RewriteStep: 27156, SatConflictStep: 193, TheoryCheckStep: 406, TheoryFullCheckStep: 3 }",1887,3,188,11,10,984,0,1,9,0,361,625,716,0,0,0,0,0,0,0,0,0,0,0,0,0,0,0,30,0,0,0,0,0,0,0,0,0,0,0,0,0,0,0,0,0,0,0,0,0,0,0,0,0,175,0,0,0,0,0,0,0,574,163,273,0,44,0,160,0,0,9,65,14,0,0,0,0,0,0,0,0,0,0,44,14,0,0,0,{ ARITH_CONF_SIMPLEX: 44 },{  },"{ ARITH_LIA_STAR_EXISTS: 1, ARITH_LIA_STAR_NONNEGATIVE: 1, ARITH_LIA_STAR_SPLIT: 1, ARITH_SPLIT_DEQ: 34 }",14,0,0,37,255,3,0,30,190,12,106,191,1,30,30,47,3,0,5,118,8,2,0,0,2,32,30,39,3,0,0,0,3,1,237,131,190,0,106,191,0,14,111,{  },{  },{  },0,0,0,0,0,0,0,0,0,128,0,0,0,0,0.0,28,0,341,0,0,0,0,180,44,9,0,13,0,0,0,0,0,0,0,0,0,0,0,0,0,0,0,0,0,0,0,0,0,0,0,0,0,0,0,0,0,0,0,0,0,0,0,0,0,0,0,0,0,0,0,0,15,0,nan,nan,nan,0,0,0,0,0,2,{  },{  },{  },0,0,0,0,0,0,0,2,0,0,0,0,0,0,0,0,0,0,0,0,0,0,2,0,0,0,0,0,0,0,0,0,0,0,0,2,{  },{  },{  },0,0,0,{  },0,0,0,0,0,{  },{  },{  },0,0,0,0,0,0,0,0,{  },{  },{  },0,0,402,0,0,0,0,3,0,0,2,0,0,0,0,0,0,0,2,{  },{  },{  },0,0,0,0,0,0,0,0,0,0,0,2,{  },{  },{  },0,0,0,0,0,0,0,0,0,0,0,2,{  },{  },{  },0,0,0,0,0,0,0,0,0,0,0,0,0,0,0,0,0,0,2,{  },{  },{  },0,0,0,0,0,0,8,233,268,0,0,0,{  },{  },{  },0,0,0,0,0,0,0,0,0,0,0,2,{  },{  },{  },0,0,0,0,0,0,0,0,0,0,0,2,{  },{  },{  },0,0,0,0,0,0,{  },1,0,0,0,0,0,0,0,0,0,2,{  },{  },{  },0,0,0,{  },{  },{  },{  },1,0,0,0,0,0,0,0,0,2,{  },{  },{  },0,0,0,0,0,0,0,0,0,0,0,0
card/cvc5_mapa/fol_0000076.smt2,sat,0.015,0,0,16,22,0,0,0,0,7,6,2,1,4,3,0,{  },0,0,0,0,0,0,0,0,0,0,6,1,22,1,0,0,1,14,22,{  },{  },{  },,15,0,0,0,0,0,0,0,0,0,0,0,0,0,0,0,0,0,0,0,0,0,0,0,0,0,0,0,0,0,0,0,0,0,0,0,0,0,0,0,0,0,0,0,0,0,0,0,0,0,46,16,2880,2880,"{ ARITH_BB_LEMMA: 1, ARITH_CONF_SIMPLEX: 2, ARITH_DIO_CUT: 3, ARITH_LIA_STAR_NONNEGATIVE: 1, ARITH_LIA_STAR_SPLIT: 1 }","{ ArithPivotStep: 29, BvSatStep: 1, CnfStep: 50, DecisionStep: 21, LemmaStep: 4, PreprocessStep: 29, RewriteStep: 2612, SatConflictStep: 23, TheoryCheckStep: 97, TheoryFullCheckStep: 6 }",60,0,15,0,0,50,0,1,0,0,18,29,39,0,0,0,0,0,0,0,0,0,0,0,0,0,0,0,20,0,0,0,0,0,0,0,0,0,0,0,0,0,0,0,0,0,0,0,0,0,0,0,0,0,16,0,0,0,0,0,0,0,37,9,1,0,2,0,5,0,0,1,7,15,0,4,0,0,3,0,3,0,0,1,2,0,0,1,0,{ ARITH_CONF_SIMPLEX: 2 },{  },"{ ARITH_BB_LEMMA: 1, ARITH_DIO_CUT: 3, ARITH_LIA_STAR_NONNEGATIVE: 1, ARITH_LIA_STAR_SPLIT: 1 }",18,0,0,6,0,2,0,0,0,0,0,0,0,0,0,0,0,0,0,0,0,1,1,0,0,0,0,0,0,0,0,0,2,0,0,0,0,0,0,0,0,0,18,{  },{  },{  },0,0,0,0,0,0,0,1,0,7,0,0,0,0,0.0,2,0,22,0,0,0,0,21,2,2,0,3,0,0,0,0,0,0,0,0,0,0,0,0,0,0,0,0,0,0,0,0,0,0,0,0,0,0,0,0,0,0,0,0,0,0,0,0,0,0,0,0,0,0,0,0,0,0,nan,nan,nan,0,0,0,0,0,2,{  },{  },{  },0,0,0,0,0,0,0,2,0,0,0,0,0,0,0,0,0,0,0,0,0,0,2,0,0,0,0,0,0,0,0,0,0,0,0,2,{  },{  },{  },0,0,0,{  },0,0,0,0,0,{  },{  },{  },0,0,0,0,0,0,0,0,{  },{  },{  },0,0,17,0,0,0,0,6,0,0,2,0,0,0,0,0,0,0,2,{  },{  },{  },0,0,0,0,0,0,0,0,0,0,0,2,{  },{  },{  },0,0,0,0,0,0,0,0,0,0,0,2,{  },{  },{  },0,0,0,0,0,0,0,0,0,0,0,0,0,0,0,0,0,0,2,{  },{  },{  },0,0,0,0,0,0,1,14,22,0,0,0,{  },{  },{  },0,0,0,0,0,0,0,0,0,0,0,2,{  },{  },{  },0,0,0,0,0,0,0,0,0,0,0,2,{  },{  },{  },0,0,0,0,0,0,{  },1,0,0,0,0,0,0,0,0,0,2,{  },{  },{  },0,0,0,{  },{  },{  },{  },1,0,0,0,0,0,0,0,0,2,{  },{  },{  },0,0,0,0,0,0,0,0,0,0,0,0
card/cvc5_mapa/fol_0000077.smt2,sat,0.291,0,0,176,185,0,0,0,0,88,6,3,26,77,219,0,{  },0,0,0,0,0,0,0,0,0,0,5,1,553,1,0,0,80,455,514,{  },{  },{  },,291,0,0,0,0,0,0,0,0,0,0,0,0,0,0,0,0,0,0,0,0,0,0,0,0,0,0,0,0,0,0,0,0,0,0,0,0,0,0,0,0,0,0,0,0,0,0,0,0,4,543,16,32268,32268,"{ ARITH_BB_LEMMA: 1, ARITH_CONF_SIMPLEX: 47, ARITH_DIO_CUT: 1, ARITH_LIA_STAR_EXISTS: 1, ARITH_LIA_STAR_NONNEGATIVE: 1, ARITH_LIA_STAR_SPLIT: 1, ARITH_ROW_IMPL: 2, ARITH_SPLIT_DEQ: 35 }","{ ArithPivotStep: 127, BvSatStep: 1, CnfStep: 131, DecisionStep: 298, LemmaStep: 38, PreprocessStep: 29, RewriteStep: 30604, SatConflictStep: 300, TheoryCheckStep: 646, TheoryFullCheckStep: 5 }",2010,2,293,19,15,1341,0,1,13,0,379,964,751,0,0,0,0,0,0,0,0,0,0,0,0,0,0,0,32,0,0,0,0,0,0,0,0,0,0,0,0,0,0,0,0,0,0,0,0,0,0,0,0,0,176,0,0,0,0,0,0,0,847,209,278,0,47,0,302,0,0,127,72,15,0,2,0,0,1,0,1,0,0,0,47,16,0,1,0,{ ARITH_CONF_SIMPLEX: 47 },{  },"{ ARITH_BB_LEMMA: 1, ARITH_DIO_CUT: 1, ARITH_LIA_STAR_EXISTS: 1, ARITH_LIA_STAR_NONNEGATIVE: 1, ARITH_LIA_STAR_SPLIT: 1, ARITH_ROW_IMPL: 2, ARITH_SPLIT_DEQ: 35 }",18,0,0,42,257,3,0,30,193,12,106,193,1,30,30,47,3,0,5,118,8,2,0,0,2,32,30,39,3,0,0,0,3,1,237,131,193,0,106,194,0,15,122,{  },{  },{  },0,0,0,0,0,0,0,1,0,266,0,0,0,0,0.0,32,0,553,0,0,0,0,198,47,19,0,22,0,0,0,0,0,0,0,0,0,0,0,0,0,0,0,0,0,0,0,0,0,0,0,0,0,0,0,0,0,0,0,0,0,0,0,0,0,0,0,0,0,0,0,0,16,0,nan,nan,nan,0,0,0,0,0,2,{  },{  },{  },0,0,0,0,0,0,0,2,0,0,0,0,0,0,0,0,0,0,0,0,0,0,2,0,0,0,0,0,0,0,0,0,0,0,0,2,{  },{  },{  },0,0,0,{  },0,0,0,0,0,{  },{  },{  },0,0,0,0,0,0,0,0,{  },{  },{  },0,0,590,0,0,0,0,5,0,0,2,0,0,0,0,0,0,0,2,{  },{  },{  },0,0,0,0,0,0,0,0,0,0,0,2,{  },{  },{  },0,0,0,0,0,0,0,0,0,0,0,2,{  },{  },{  },0,0,0,0,0,0,0,0,0,0,0,0,0,0,0,0,0,0,2,{  },{  },{  },0,0,0,0,0,0,80,455,514,0,0,0,{  },{  },{  },0,0,0,0,0,0,0,0,0,0,0,2,{  },{  },{  },0,0,0,0,0,0,0,0,0,0,0,2,{  },{  },{  },0,0,0,0,0,0,{  },1,0,0,0,0,0,0,0,0,0,2,{  },{  },{  },0,0,0,{  },{  },{  },{  },1,0,0,0,0,0,0,0,0,2,{  },{  },{  },0,0,0,0,0,0,0,0,0,0,0,0
card/cvc5_mapa/fol_0000079.smt2,sat,0.015,0,0,19,25,0,0,0,0,1,7,2,0,1,0,0,{  },0,0,0,0,0,0,0,0,0,0,2,1,18,1,0,0,2,16,25,{  },{  },{  },,14,0,0,0,0,0,0,0,0,0,0,0,0,0,0,0,0,0,0,0,0,0,0,0,0,0,0,0,0,0,0,0,0,0,0,0,0,0,0,0,0,0,0,0,0,0,0,0,0,0,47,19,3111,3111,"{ ARITH_LIA_STAR_NONNEGATIVE: 1, ARITH_LIA_STAR_SPLIT: 1 }","{ ArithPivotStep: 25, BvSatStep: 1, CnfStep: 51, DecisionStep: 15, LemmaStep: 1, PreprocessStep: 34, RewriteStep: 2920, SatConflictStep: 17, TheoryCheckStep: 43, TheoryFullCheckStep: 2 }",59,0,13,0,0,46,0,1,0,0,20,30,43,0,0,0,0,0,0,0,0,0,0,0,0,0,0,0,23,0,0,0,0,0,0,0,0,0,0,0,0,0,0,0,0,0,0,0,0,0,0,0,0,0,19,0,0,0,0,0,0,0,38,4,1,0,0,0,5,0,0,2,8,18,0,0,0,0,0,0,0,0,0,6,0,0,0,0,0,{  },{  },"{ ARITH_LIA_STAR_NONNEGATIVE: 1, ARITH_LIA_STAR_SPLIT: 1 }",18,0,0,2,0,2,0,0,0,0,0,0,0,0,0,0,0,0,0,0,0,1,1,0,0,0,0,0,0,0,0,0,2,0,0,0,0,0,0,0,0,0,15,{  },{  },{  },0,0,0,0,0,0,0,0,0,4,0,0,0,0,0.0,0,0,18,0,0,0,0,17,0,0,0,0,0,0,0,0,0,0,0,0,0,0,0,0,0,0,0,0,0,0,0,0,0,0,0,0,0,0,0,0,0,0,0,0,0,0,0,0,0,0,0,0,0,0,0,0,0,0,nan,nan,nan,0,0,0,0,0,2,{  },{  },{  },0,0,0,0,0,0,0,2,0,0,0,0,0,0,0,0,0,0,0,0,0,0,2,0,0,0,0,0,0,0,0,0,0,0,0,2,{  },{  },{  },0,0,0,{  },0,0,0,0,0,{  },{  },{  },0,0,0,0,0,0,0,0,{  },{  },{  },0,0,17,0,0,0,0,2,0,0,2,0,0,0,0,0,0,0,2,{  },{  },{  },0,0,0,0,0,0,0,0,0,0,0,2,{  },{  },{  },0,0,0,0,0,0,0,0,0,0,0,2,{  },{  },{  },0,0,0,0,0,0,0,0,0,0,0,0,0,0,0,0,0,0,2,{  },{  },{  },0,0,0,0,0,0,2,16,25,0,0,0,{  },{  },{  },0,0,0,0,0,0,0,0,0,0,0,2,{  },{  },{  },0,0,0,0,0,0,0,0,0,0,0,2,{  },{  },{  },0,0,0,0,0,0,{  },1,0,0,0,0,0,0,0,0,0,2,{  },{  },{  },0,0,0,{  },{  },{  },{  },1,0,0,0,0,0,0,0,0,2,{  },{  },{  },0,0,0,0,0,0,0,0,0,0,0,0
card/cvc5_mapa/fol_0000080.smt2,sat,0.079,0,0,87,95,0,0,0,0,37,4,3,10,2,90,0,{  },0,0,0,0,0,0,0,0,0,0,3,1,145,1,0,0,16,136,139,{  },{  },{  },,78,0,0,0,0,0,0,0,0,0,0,0,0,0,0,0,0,0,0,0,0,0,0,0,0,0,0,0,0,0,0,0,0,0,0,0,0,0,0,0,0,0,0,0,0,0,0,0,0,2,269,16,13926,13926,"{ ARITH_CONF_SIMPLEX: 20, ARITH_LIA_STAR_EXISTS: 1, ARITH_LIA_STAR_NONNEGATIVE: 1, ARITH_LIA_STAR_SPLIT: 1, ARITH_ROW_IMPL: 1, ARITH_SPLIT_DEQ: 14 }","{ ArithPivotStep: 109, BvSatStep: 1, CnfStep: 78, DecisionStep: 80, LemmaStep: 16, PreprocessStep: 29, RewriteStep: 13296, SatConflictStep: 82, TheoryCheckStep: 194, TheoryFullCheckStep: 3 }",910,1,77,0,3,440,0,1,3,0,183,301,362,0,0,0,0,0,0,0,0,0,0,0,0,0,0,0,28,0,0,0,0,0,0,0,0,0,0,0,0,0,0,0,0,0,0,0,0,0,0,0,0,0,87,0,0,0,0,0,0,0,279,66,67,0,20,0,96,0,0,28,23,12,0,0,0,0,0,0,0,0,0,0,20,7,0,0,0,{ ARITH_CONF_SIMPLEX: 20 },{  },"{ ARITH_LIA_STAR_EXISTS: 1, ARITH_LIA_STAR_NONNEGATIVE: 1, ARITH_LIA_STAR_SPLIT: 1, ARITH_ROW_IMPL: 1, ARITH_SPLIT_DEQ: 14 }",18,0,0,18,58,3,0,12,32,12,4,32,1,12,12,17,1,0,6,54,4,2,0,0,2,13,12,14,1,0,0,0,3,1,50,46,32,0,4,32,0,7,105,{  },{  },{  },0,0,0,0,0,0,0,0,0,66,0,0,0,0,0.0,12,0,145,0,0,0,0,129,20,2,0,2,0,0,0,0,0,0,0,0,0,0,0,0,0,0,0,0,0,0,0,0,0,0,0,0,0,0,0,0,0,0,0,0,0,0,0,0,0,0,0,0,0,0,0,0,7,0,nan,nan,nan,0,0,0,0,0,2,{  },{  },{  },0,0,0,0,0,0,0,2,0,0,0,0,0,0,0,0,0,0,0,0,0,0,2,0,0,0,0,0,0,0,0,0,0,0,0,2,{  },{  },{  },0,0,0,{  },0,0,0,0,0,{  },{  },{  },0,0,0,0,0,0,0,0,{  },{  },{  },0,0,182,0,0,0,0,3,0,0,2,0,0,0,0,0,0,0,2,{  },{  },{  },0,0,0,0,0,0,0,0,0,0,0,2,{  },{  },{  },0,0,0,0,0,0,0,0,0,0,0,2,{  },{  },{  },0,0,0,0,0,0,0,0,0,0,0,0,0,0,0,0,0,0,2,{  },{  },{  },0,0,0,0,0,0,16,136,139,0,0,0,{  },{  },{  },0,0,0,0,0,0,0,0,0,0,0,2,{  },{  },{  },0,0,0,0,0,0,0,0,0,0,0,2,{  },{  },{  },0,0,0,0,0,0,{  },1,0,0,0,0,0,0,0,0,0,2,{  },{  },{  },0,0,0,{  },{  },{  },{  },1,0,0,0,0,0,0,0,0,2,{  },{  },{  },0,0,0,0,0,0,0,0,0,0,0,0
card/cvc5_mapa/fol_0000082.smt2,sat,0.089,0,0,87,96,0,0,0,0,40,4,3,10,4,91,0,{  },0,0,0,0,0,0,0,0,0,0,5,1,161,1,0,0,4,125,128,{  },{  },{  },,89,0,0,0,0,0,0,0,0,0,0,0,0,0,0,0,0,0,0,0,0,0,0,0,0,0,0,0,0,0,0,0,0,0,0,0,0,0,0,0,0,0,0,0,0,0,0,0,0,2,274,16,14101,14101,"{ ARITH_BB_LEMMA: 1, ARITH_CONF_SIMPLEX: 20, ARITH_DIO_CUT: 1, ARITH_LIA_STAR_EXISTS: 1, ARITH_LIA_STAR_NONNEGATIVE: 1, ARITH_LIA_STAR_SPLIT: 1, ARITH_ROW_IMPL: 1, ARITH_SPLIT_DEQ: 15 }","{ ArithPivotStep: 43, BvSatStep: 1, CnfStep: 81, DecisionStep: 87, LemmaStep: 17, PreprocessStep: 29, RewriteStep: 13474, SatConflictStep: 89, TheoryCheckStep: 234, TheoryFullCheckStep: 5 }",913,1,82,0,3,456,0,1,3,0,184,306,364,0,0,0,0,0,0,0,0,0,0,0,0,0,0,0,29,0,0,0,0,0,0,0,0,0,0,0,0,0,0,0,0,0,0,0,0,0,0,0,0,0,87,0,0,0,0,0,0,0,284,67,75,0,20,0,97,0,0,16,23,12,0,2,3,0,1,6,1,0,0,1,20,2,0,1,0,{ ARITH_CONF_SIMPLEX: 20 },{  },"{ ARITH_BB_LEMMA: 1, ARITH_DIO_CUT: 1, ARITH_LIA_STAR_EXISTS: 1, ARITH_LIA_STAR_NONNEGATIVE: 1, ARITH_LIA_STAR_SPLIT: 1, ARITH_ROW_IMPL: 1, ARITH_SPLIT_DEQ: 15 }",18,0,0,21,59,3,0,12,33,12,4,33,1,12,12,18,1,0,6,54,4,2,0,0,2,13,12,15,1,0,0,0,3,1,50,46,33,0,4,33,0,2,38,{  },{  },{  },0,0,0,0,0,0,0,1,0,77,0,0,0,0,0.0,12,0,161,0,0,0,0,62,20,2,0,2,0,0,0,0,0,0,0,0,0,0,0,0,0,0,0,0,0,0,0,0,0,0,0,0,0,0,0,0,0,0,0,0,0,0,0,0,0,0,0,0,0,0,0,0,2,0,nan,nan,nan,0,0,0,0,0,2,{  },{  },{  },0,0,0,0,0,0,0,2,0,0,0,0,0,0,0,0,0,0,0,0,0,0,2,0,0,0,0,0,0,0,0,0,0,0,0,2,{  },{  },{  },0,0,0,{  },0,0,0,0,0,{  },{  },{  },0,0,0,0,0,0,0,0,{  },{  },{  },0,0,186,0,0,0,0,5,0,0,2,0,0,0,0,0,0,0,2,{  },{  },{  },0,0,0,0,0,0,0,0,0,0,0,2,{  },{  },{  },0,0,0,0,0,0,0,0,0,0,0,2,{  },{  },{  },0,0,0,0,0,0,0,0,0,0,0,0,0,0,0,0,0,0,2,{  },{  },{  },0,0,0,0,0,0,4,125,128,0,0,0,{  },{  },{  },0,0,0,0,0,0,0,0,0,0,0,2,{  },{  },{  },0,0,0,0,0,0,0,0,0,0,0,2,{  },{  },{  },0,0,0,0,0,0,{  },1,0,0,0,0,0,0,0,0,0,2,{  },{  },{  },0,0,0,{  },{  },{  },{  },1,0,0,0,0,0,0,0,0,2,{  },{  },{  },0,0,0,0,0,0,0,0,0,0,0,0
card/cvc5_mapa/fol_0000084.smt2,sat,0.296,0,0,175,185,0,0,0,0,96,6,3,21,3,422,0,{  },0,0,0,0,0,0,0,0,0,0,3,1,290,1,0,0,32,262,296,{  },{  },{  },,295,0,0,0,0,0,0,0,0,0,0,0,0,0,0,0,0,0,0,0,0,0,0,0,0,0,0,0,0,0,0,0,0,0,0,0,0,0,0,0,0,0,0,0,0,0,0,0,0,4,535,14,29376,29376,"{ ARITH_CONF_SIMPLEX: 59, ARITH_LIA_STAR_EXISTS: 1, ARITH_LIA_STAR_NONNEGATIVE: 1, ARITH_LIA_STAR_SPLIT: 1, ARITH_ROW_IMPL: 1, ARITH_SPLIT_DEQ: 34 }","{ ArithPivotStep: 165, BvSatStep: 1, CnfStep: 137, DecisionStep: 180, LemmaStep: 33, PreprocessStep: 29, RewriteStep: 28193, SatConflictStep: 182, TheoryCheckStep: 356, TheoryFullCheckStep: 3 }",1940,4,177,20,18,926,0,1,16,0,361,601,716,0,0,0,0,0,0,0,0,0,0,0,0,0,0,0,30,0,0,0,0,0,0,0,0,0,0,0,0,0,0,0,0,0,0,0,0,0,0,0,0,0,175,1,0,0,0,0,0,0,570,107,280,0,59,0,164,0,0,33,66,14,0,0,0,0,0,0,0,0,0,0,59,24,0,0,0,{ ARITH_CONF_SIMPLEX: 59 },{  },"{ ARITH_LIA_STAR_EXISTS: 1, ARITH_LIA_STAR_NONNEGATIVE: 1, ARITH_LIA_STAR_SPLIT: 1, ARITH_ROW_IMPL: 1, ARITH_SPLIT_DEQ: 34 }",14,0,0,38,252,3,0,30,188,12,106,189,1,30,30,47,3,0,5,118,8,2,0,0,2,32,30,39,3,0,0,0,3,1,237,131,188,0,106,189,0,23,162,{  },{  },{  },0,0,0,0,0,0,0,0,0,108,0,0,0,0,0.0,29,0,290,0,0,0,0,231,59,22,0,28,0,0,0,0,0,0,0,0,0,0,0,0,0,0,0,0,0,0,0,0,0,0,0,0,0,0,0,0,0,0,0,0,0,0,0,0,0,0,0,0,0,0,0,0,24,0,nan,nan,nan,0,0,0,0,0,2,{  },{  },{  },0,0,0,0,0,0,0,2,0,0,0,0,0,0,0,0,0,0,0,0,0,0,2,0,0,0,0,0,0,0,0,0,0,0,0,2,{  },{  },{  },0,0,0,{  },0,0,0,0,0,{  },{  },{  },0,0,0,0,0,0,0,0,{  },{  },{  },0,0,374,0,0,0,0,3,0,0,2,0,0,0,0,0,0,0,2,{  },{  },{  },0,0,0,0,0,0,0,0,0,0,0,2,{  },{  },{  },0,0,0,0,0,0,0,0,0,0,0,2,{  },{  },{  },0,0,0,0,0,0,0,0,0,0,0,0,0,0,0,0,0,0,2,{  },{  },{  },0,0,0,0,0,0,32,262,296,0,0,0,{  },{  },{  },0,0,0,0,0,0,0,0,0,0,0,2,{  },{  },{  },0,0,0,0,0,0,0,0,0,0,0,2,{  },{  },{  },0,0,0,0,0,0,{  },1,0,0,0,0,0,0,0,0,0,2,{  },{  },{  },0,0,0,{  },{  },{  },{  },1,0,0,0,0,0,0,0,0,2,{  },{  },{  },0,0,0,0,0,0,0,0,0,0,0,0
card/cvc5_mapa/fol_0000090.smt2,sat,0.078,0,0,86,94,0,0,0,0,45,4,3,10,12,88,0,{  },0,0,0,0,0,0,0,0,0,0,4,1,153,1,0,0,14,183,193,{  },{  },{  },,77,0,0,0,0,0,0,0,0,0,0,0,0,0,0,0,0,0,0,0,0,0,0,0,0,0,0,0,0,0,0,0,0,0,0,0,0,0,0,0,0,0,0,0,0,0,0,0,0,2,268,14,15067,15067,"{ ARITH_BB_LEMMA: 1, ARITH_CONF_SIMPLEX: 28, ARITH_LIA_STAR_EXISTS: 1, ARITH_LIA_STAR_NONNEGATIVE: 1, ARITH_LIA_STAR_SPLIT: 1, ARITH_ROW_IMPL: 1, ARITH_SPLIT_DEQ: 13 }","{ ArithPivotStep: 69, BvSatStep: 1, CnfStep: 84, DecisionStep: 91, LemmaStep: 18, PreprocessStep: 29, RewriteStep: 14417, SatConflictStep: 93, TheoryCheckStep: 215, TheoryFullCheckStep: 4 }",940,1,87,0,3,489,0,1,3,0,185,399,365,0,0,0,0,0,0,0,0,0,0,0,0,0,0,0,26,0,0,0,0,0,0,0,0,0,0,0,0,0,0,0,0,0,0,0,0,0,0,0,0,0,86,0,0,0,0,0,0,0,325,76,63,0,28,0,146,0,0,14,22,11,0,1,0,0,0,0,0,0,0,0,28,2,0,1,0,{ ARITH_CONF_SIMPLEX: 28 },{  },"{ ARITH_BB_LEMMA: 1, ARITH_LIA_STAR_EXISTS: 1, ARITH_LIA_STAR_NONNEGATIVE: 1, ARITH_LIA_STAR_SPLIT: 1, ARITH_ROW_IMPL: 1, ARITH_SPLIT_DEQ: 13 }",14,0,0,18,59,3,0,12,33,12,4,33,1,12,12,18,1,0,6,54,4,2,0,0,2,13,12,15,1,0,0,0,3,1,50,46,33,0,4,33,0,2,66,{  },{  },{  },0,0,0,0,0,0,0,1,0,68,0,0,0,0,0.0,13,0,153,0,0,0,0,91,28,6,0,9,0,0,0,0,0,0,0,0,0,0,0,0,0,0,0,0,0,0,0,0,0,0,0,0,0,0,0,0,0,0,0,0,0,0,0,0,0,0,0,0,0,0,0,0,2,0,nan,nan,nan,0,0,0,0,0,2,{  },{  },{  },0,0,0,0,0,0,0,2,0,0,0,0,0,0,0,0,0,0,0,0,0,0,2,0,0,0,0,0,0,0,0,0,0,0,0,2,{  },{  },{  },0,0,0,{  },0,0,0,0,0,{  },{  },{  },0,0,0,0,0,0,0,0,{  },{  },{  },0,0,231,0,0,0,0,4,0,0,2,0,0,0,0,0,0,0,2,{  },{  },{  },0,0,0,0,0,0,0,0,0,0,0,2,{  },{  },{  },0,0,0,0,0,0,0,0,0,0,0,2,{  },{  },{  },0,0,0,0,0,0,0,0,0,0,0,0,0,0,0,0,0,0,2,{  },{  },{  },0,0,0,0,0,0,14,183,193,0,0,0,{  },{  },{  },0,0,0,0,0,0,0,0,0,0,0,2,{  },{  },{  },0,0,0,0,0,0,0,0,0,0,0,2,{  },{  },{  },0,0,0,0,0,0,{  },1,0,0,0,0,0,0,0,0,0,2,{  },{  },{  },0,0,0,{  },{  },{  },{  },1,0,0,0,0,0,0,0,0,2,{  },{  },{  },0,0,0,0,0,0,0,0,0,0,0,0
card/cvc5_mapa/fol_0000096.smt2,sat,35.092,0,0,14775,14787,0,0,0,0,3609,8,3,1115,2,21461,1518,{  },0,0,0,0,0,0,0,0,0,0,3,1,1098957,1,0,0,1124,15138,16268,{  },{  },{  },,35092,0,0,0,0,0,0,0,0,0,0,0,0,0,0,0,0,0,0,0,0,0,0,0,0,0,0,0,0,0,0,0,0,0,0,0,0,0,0,0,0,0,0,0,0,0,0,0,0,514,44336,17,7574790,7574790,"{ ARITH_CONF_SIMPLEX: 1501, ARITH_LIA_STAR_EXISTS: 1, ARITH_LIA_STAR_NONNEGATIVE: 1, ARITH_LIA_STAR_SPLIT: 1, ARITH_SPLIT_DEQ: 2106 }","{ ArithPivotStep: 1340, BvSatStep: 1, CnfStep: 3659, DecisionStep: 551217, LemmaStep: 1123, PreprocessStep: 34, RewriteStep: 5362470, SatConflictStep: 551219, TheoryCheckStep: 1100114, TheoryFullCheckStep: 3 }",170991,2,551214,22,17,1147087,0,1,16,0,29564,578109,59119,0,0,0,0,0,0,0,0,0,0,0,0,0,0,0,39,0,0,0,0,0,0,0,0,0,0,0,0,0,0,0,0,0,0,0,0,0,0,0,0,0,14775,6,0,0,0,0,0,1460,579986,8939,30012,0,1501,0,10643,0,0,1124,3371,19,0,0,0,0,0,0,0,0,48,0,1501,4608,0,0,0,{ ARITH_CONF_SIMPLEX: 1501 },{  },"{ ARITH_LIA_STAR_EXISTS: 1, ARITH_LIA_STAR_NONNEGATIVE: 1, ARITH_LIA_STAR_SPLIT: 1, ARITH_SPLIT_DEQ: 2106 }",18,0,0,2109,23231,3,0,1417,17685,15,13927,17762,1,1417,1417,3592,404,51,9,8179,13,2,0,0,4,2104,1417,2926,282,0,0,0,3,1,20061,6134,17756,0,13927,17762,19,4547,1336,{  },{  },{  },1,0,0,0,0,0,0,0,0,546623,0,0,0,0,0.0,1120,0,1098957,0,0,0,0,5203,1501,13,46,19,0,0,0,0,0,0,0,0,0,0,0,0,0,0,0,0,0,0,0,0,0,0,0,0,0,0,0,0,0,0,0,0,0,0,0,0,0,0,0,0,0,0,0,0,5178,0,nan,nan,nan,0,0,0,0,0,2,{  },{  },{  },0,0,0,0,0,0,0,2,0,0,0,0,0,0,0,0,0,0,0,0,0,0,2,0,0,0,0,0,0,0,0,0,0,0,0,2,{  },{  },{  },0,0,0,{  },0,0,0,0,0,{  },{  },{  },0,0,0,0,0,0,0,0,{  },{  },{  },0,0,564097,0,0,0,0,3,0,0,2,0,0,0,0,0,0,0,2,{  },{  },{  },0,0,0,0,0,0,0,0,0,0,0,2,{  },{  },{  },0,0,0,0,0,0,0,0,0,0,0,2,{  },{  },{  },0,0,0,0,0,0,0,0,0,0,0,0,0,0,0,0,0,0,2,{  },{  },{  },0,0,0,0,0,0,1124,15138,16268,0,0,0,{  },{  },{  },0,0,0,0,0,0,0,0,0,0,0,2,{  },{  },{  },0,0,0,0,0,0,0,0,0,0,0,2,{  },{  },{  },0,0,0,0,0,0,{  },1,0,0,0,0,0,0,0,0,0,2,{  },{  },{  },0,0,0,{  },{  },{  },{  },1,0,0,0,0,0,0,0,0,2,{  },{  },{  },0,0,0,0,0,0,0,0,0,0,0,0
card/cvc5_mapa/fol_0000101.smt2,sat,0.018,0,0,24,29,0,0,0,0,17,11,2,0,1,16,0,{  },0,0,0,0,0,0,0,0,0,0,2,1,58,1,0,0,13,64,78,{  },{  },{  },,17,0,0,0,0,0,0,0,0,0,0,0,0,0,0,0,0,0,0,0,0,0,0,0,0,0,0,0,0,0,0,0,0,0,0,0,0,0,0,0,0,0,0,0,0,0,0,0,0,0,63,20,4932,4932,"{ ARITH_CONF_SIMPLEX: 15, ARITH_LIA_STAR_NONNEGATIVE: 1, ARITH_LIA_STAR_SPLIT: 1, ARITH_SPLIT_DEQ: 1 }","{ ArithPivotStep: 56, BvSatStep: 1, CnfStep: 77, DecisionStep: 43, LemmaStep: 8, PreprocessStep: 39, RewriteStep: 4553, SatConflictStep: 45, TheoryCheckStep: 90, TheoryFullCheckStep: 2 }",176,5,41,67,53,126,0,1,46,0,29,115,57,0,0,0,0,0,0,0,0,0,0,0,0,0,0,0,33,0,0,0,0,0,0,0,0,0,0,0,0,0,0,0,0,0,0,0,0,0,0,0,0,0,24,0,0,0,0,0,0,0,87,18,3,0,15,0,20,0,0,13,32,27,0,0,0,0,0,0,0,0,0,8,15,1,0,0,0,{ ARITH_CONF_SIMPLEX: 15 },{  },"{ ARITH_LIA_STAR_NONNEGATIVE: 1, ARITH_LIA_STAR_SPLIT: 1, ARITH_SPLIT_DEQ: 1 }",22,0,0,3,0,2,0,0,0,0,0,0,0,0,0,0,0,0,0,0,0,1,1,0,0,0,0,0,0,0,0,0,2,0,0,0,0,0,0,0,0,1,43,{  },{  },{  },0,0,0,0,0,0,0,0,0,15,0,0,0,0,0.0,7,0,58,0,0,0,0,52,15,15,0,19,0,0,0,0,0,0,0,0,0,0,0,0,0,0,0,0,0,0,0,0,0,0,0,0,0,0,0,0,0,0,0,0,0,0,0,0,0,0,0,0,0,0,0,0,1,0,nan,nan,nan,0,0,0,0,0,2,{  },{  },{  },0,0,0,0,0,0,0,2,0,0,0,0,0,0,0,0,0,0,0,0,0,0,2,0,0,0,0,0,0,0,0,0,0,0,0,2,{  },{  },{  },0,0,0,{  },0,0,0,0,0,{  },{  },{  },0,0,0,0,0,0,0,0,{  },{  },{  },0,0,66,0,0,0,0,2,0,0,2,0,0,0,0,0,0,0,2,{  },{  },{  },0,0,0,0,0,0,0,0,0,0,0,2,{  },{  },{  },0,0,0,0,0,0,0,0,0,0,0,2,{  },{  },{  },0,0,0,0,0,0,0,0,0,0,0,0,0,0,0,0,0,0,2,{  },{  },{  },0,0,0,0,0,0,13,64,78,0,0,0,{  },{  },{  },0,0,0,0,0,0,0,0,0,0,0,2,{  },{  },{  },0,0,0,0,0,0,0,0,0,0,0,2,{  },{  },{  },0,0,0,0,0,0,{  },1,0,0,0,0,0,0,0,0,0,2,{  },{  },{  },0,0,0,{  },{  },{  },{  },1,0,0,0,0,0,0,0,0,2,{  },{  },{  },0,0,0,0,0,0,0,0,0,0,0,0
card/cvc5_mapa/fol_0000103.smt2,sat,0.013,0,0,24,29,0,0,0,0,4,10,2,0,2,2,0,{  },0,0,0,0,0,0,0,0,0,0,2,1,40,1,0,0,7,39,53,{  },{  },{  },,12,0,0,0,0,0,0,0,0,0,0,0,0,0,0,0,0,0,0,0,0,0,0,0,0,0,0,0,0,0,0,0,0,0,0,0,0,0,0,0,0,0,0,0,0,0,0,0,0,0,62,22,4139,4139,"{ ARITH_CONF_SIMPLEX: 2, ARITH_LIA_STAR_NONNEGATIVE: 1, ARITH_LIA_STAR_SPLIT: 1, ARITH_SPLIT_DEQ: 1 }","{ ArithPivotStep: 28, BvSatStep: 1, CnfStep: 65, DecisionStep: 31, LemmaStep: 4, PreprocessStep: 39, RewriteStep: 3864, SatConflictStep: 33, TheoryCheckStep: 67, TheoryFullCheckStep: 2 }",87,0,29,0,0,86,0,1,0,0,27,70,55,0,0,0,0,0,0,0,0,0,0,0,0,0,0,0,32,0,0,0,0,0,0,0,0,0,0,0,0,0,0,0,0,0,0,0,0,0,0,0,0,0,24,0,0,0,0,0,0,0,67,9,1,0,2,0,11,0,0,8,20,25,0,0,0,0,0,0,0,0,0,0,2,0,0,0,0,{ ARITH_CONF_SIMPLEX: 2 },{  },"{ ARITH_LIA_STAR_NONNEGATIVE: 1, ARITH_LIA_STAR_SPLIT: 1, ARITH_SPLIT_DEQ: 1 }",26,0,0,3,0,2,0,0,0,0,0,0,0,0,0,0,0,0,0,0,0,1,1,0,0,0,0,0,0,0,0,0,2,0,0,0,0,0,0,0,0,0,23,{  },{  },{  },0,0,0,0,0,0,0,0,0,10,0,0,0,0,0.0,2,0,40,0,0,0,0,26,2,2,0,2,0,0,0,0,0,0,0,0,0,0,0,0,0,0,0,0,0,0,0,0,0,0,0,0,0,0,0,0,0,0,0,0,0,0,0,0,0,0,0,0,0,0,0,0,0,0,nan,nan,nan,0,0,0,0,0,2,{  },{  },{  },0,0,0,0,0,0,0,2,0,0,0,0,0,0,0,0,0,0,0,0,0,0,2,0,0,0,0,0,0,0,0,0,0,0,0,2,{  },{  },{  },0,0,0,{  },0,0,0,0,0,{  },{  },{  },0,0,0,0,0,0,0,0,{  },{  },{  },0,0,40,0,0,0,0,2,0,0,2,0,0,0,0,0,0,0,2,{  },{  },{  },0,0,0,0,0,0,0,0,0,0,0,2,{  },{  },{  },0,0,0,0,0,0,0,0,0,0,0,2,{  },{  },{  },0,0,0,0,0,0,0,0,0,0,0,0,0,0,0,0,0,0,2,{  },{  },{  },0,0,0,0,0,0,7,39,53,0,0,0,{  },{  },{  },0,0,0,0,0,0,0,0,0,0,0,2,{  },{  },{  },0,0,0,0,0,0,0,0,0,0,0,2,{  },{  },{  },0,0,0,0,0,0,{  },1,0,0,0,0,0,0,0,0,0,2,{  },{  },{  },0,0,0,{  },{  },{  },{  },1,0,0,0,0,0,0,0,0,2,{  },{  },{  },0,0,0,0,0,0,0,0,0,0,0,0
card/cvc5_mapa/fol_0000105.smt2,sat,0.014,0,0,24,31,0,0,0,0,12,10,2,2,4,8,0,{  },0,0,0,0,0,0,0,0,0,0,6,1,48,1,0,0,6,38,52,{  },{  },{  },,13,0,0,0,0,0,0,0,0,0,0,0,0,0,0,0,0,0,0,0,0,0,0,0,0,0,0,0,0,0,0,0,0,0,0,0,0,0,0,0,0,0,0,0,0,0,0,0,0,0,66,22,4547,4547,"{ ARITH_BB_LEMMA: 1, ARITH_CONF_SIMPLEX: 6, ARITH_DIO_CUT: 3, ARITH_LIA_STAR_NONNEGATIVE: 1, ARITH_LIA_STAR_SPLIT: 1, ARITH_SPLIT_DEQ: 1 }","{ ArithPivotStep: 43, BvSatStep: 1, CnfStep: 73, DecisionStep: 41, LemmaStep: 9, PreprocessStep: 39, RewriteStep: 4152, SatConflictStep: 43, TheoryCheckStep: 127, TheoryFullCheckStep: 6 }",119,1,35,13,9,99,0,1,8,0,28,72,57,0,0,0,0,0,0,0,0,0,0,0,0,0,0,0,33,0,0,0,0,0,0,0,0,0,0,0,0,0,0,0,0,0,0,0,0,0,0,0,0,0,24,0,0,0,0,0,0,0,72,14,3,0,6,0,12,0,0,6,19,26,0,4,0,0,3,0,3,0,0,0,6,1,0,1,0,{ ARITH_CONF_SIMPLEX: 6 },{  },"{ ARITH_BB_LEMMA: 1, ARITH_DIO_CUT: 3, ARITH_LIA_STAR_NONNEGATIVE: 1, ARITH_LIA_STAR_SPLIT: 1, ARITH_SPLIT_DEQ: 1 }",26,0,0,7,0,2,0,0,0,0,0,0,0,0,0,0,0,0,0,0,0,1,1,0,0,0,0,0,0,0,0,0,2,0,0,0,0,0,0,0,0,1,35,{  },{  },{  },0,0,0,0,0,0,0,1,0,12,0,0,0,0,0.0,6,0,48,0,0,0,0,43,6,5,0,9,0,0,0,0,0,0,0,0,0,0,0,0,0,0,0,0,0,0,0,0,0,0,0,0,0,0,0,0,0,0,0,0,0,0,0,0,0,0,0,0,0,0,0,0,1,0,nan,nan,nan,0,0,0,0,0,2,{  },{  },{  },0,0,0,0,0,0,0,2,0,0,0,0,0,0,0,0,0,0,0,0,0,0,2,0,0,0,0,0,0,0,0,0,0,0,0,2,{  },{  },{  },0,0,0,{  },0,0,0,0,0,{  },{  },{  },0,0,0,0,0,0,0,0,{  },{  },{  },0,0,42,0,0,0,0,6,0,0,2,0,0,0,0,0,0,0,2,{  },{  },{  },0,0,0,0,0,0,0,0,0,0,0,2,{  },{  },{  },0,0,0,0,0,0,0,0,0,0,0,2,{  },{  },{  },0,0,0,0,0,0,0,0,0,0,0,0,0,0,0,0,0,0,2,{  },{  },{  },0,0,0,0,0,0,6,38,52,0,0,0,{  },{  },{  },0,0,0,0,0,0,0,0,0,0,0,2,{  },{  },{  },0,0,0,0,0,0,0,0,0,0,0,2,{  },{  },{  },0,0,0,0,0,0,{  },1,0,0,0,0,0,0,0,0,0,2,{  },{  },{  },0,0,0,{  },{  },{  },{  },1,0,0,0,0,0,0,0,0,2,{  },{  },{  },0,0,0,0,0,0,0,0,0,0,0,0
card/cvc5_mapa/fol_0000108.smt2,sat,0.011,0,0,27,33,0,0,0,0,1,11,2,0,1,0,0,{  },0,0,0,0,0,0,0,0,0,0,2,1,26,1,0,0,4,24,35,{  },{  },{  },,11,0,0,0,0,0,0,0,0,0,0,0,0,0,0,0,0,0,0,0,0,0,0,0,0,0,0,0,0,0,0,0,0,0,0,0,0,0,0,0,0,0,0,0,0,0,0,0,0,0,67,25,4320,4320,"{ ARITH_LIA_STAR_NONNEGATIVE: 1, ARITH_LIA_STAR_SPLIT: 1 }","{ ArithPivotStep: 33, BvSatStep: 1, CnfStep: 69, DecisionStep: 21, LemmaStep: 1, PreprocessStep: 44, RewriteStep: 4073, SatConflictStep: 23, TheoryCheckStep: 51, TheoryFullCheckStep: 2 }",87,0,19,0,0,64,0,1,0,0,30,44,61,0,0,0,0,0,0,0,0,0,0,0,0,0,0,0,35,0,0,0,0,0,0,0,0,0,0,0,0,0,0,0,0,0,0,0,0,0,0,0,0,0,27,0,0,0,0,0,0,0,54,6,1,0,0,0,7,0,0,4,12,28,0,0,0,0,0,0,0,0,0,7,0,0,0,0,0,{  },{  },"{ ARITH_LIA_STAR_NONNEGATIVE: 1, ARITH_LIA_STAR_SPLIT: 1 }",26,0,0,2,0,2,0,0,0,0,0,0,0,0,0,0,0,0,0,0,0,1,1,0,0,0,0,0,0,0,0,0,2,0,0,0,0,0,0,0,0,0,20,{  },{  },{  },0,0,0,0,0,0,0,0,0,6,0,0,0,0,0.0,0,0,26,0,0,0,0,22,0,0,0,0,0,0,0,0,0,0,0,0,0,0,0,0,0,0,0,0,0,0,0,0,0,0,0,0,0,0,0,0,0,0,0,0,0,0,0,0,0,0,0,0,0,0,0,0,0,0,nan,nan,nan,0,0,0,0,0,2,{  },{  },{  },0,0,0,0,0,0,0,2,0,0,0,0,0,0,0,0,0,0,0,0,0,0,2,0,0,0,0,0,0,0,0,0,0,0,0,2,{  },{  },{  },0,0,0,{  },0,0,0,0,0,{  },{  },{  },0,0,0,0,0,0,0,0,{  },{  },{  },0,0,25,0,0,0,0,2,0,0,2,0,0,0,0,0,0,0,2,{  },{  },{  },0,0,0,0,0,0,0,0,0,0,0,2,{  },{  },{  },0,0,0,0,0,0,0,0,0,0,0,2,{  },{  },{  },0,0,0,0,0,0,0,0,0,0,0,0,0,0,0,0,0,0,2,{  },{  },{  },0,0,0,0,0,0,4,24,35,0,0,0,{  },{  },{  },0,0,0,0,0,0,0,0,0,0,0,2,{  },{  },{  },0,0,0,0,0,0,0,0,0,0,0,2,{  },{  },{  },0,0,0,0,0,0,{  },1,0,0,0,0,0,0,0,0,0,2,{  },{  },{  },0,0,0,{  },{  },{  },{  },1,0,0,0,0,0,0,0,0,2,{  },{  },{  },0,0,0,0,0,0,0,0,0,0,0,0
card/cvc5_mapa/fol_0000109.smt2,sat,0.283,0,0,176,185,0,0,0,0,82,6,3,18,42,363,0,{  },0,0,0,0,0,0,0,0,0,0,4,1,477,1,0,0,48,318,369,{  },{  },{  },,282,0,0,0,0,0,0,0,0,0,0,0,0,0,0,0,0,0,0,0,0,0,0,0,0,0,0,0,0,0,0,0,0,0,0,0,0,0,0,0,0,0,0,0,0,0,0,0,0,4,540,16,30234,30234,"{ ARITH_BB_LEMMA: 1, ARITH_CONF_SIMPLEX: 45, ARITH_LIA_STAR_EXISTS: 1, ARITH_LIA_STAR_NONNEGATIVE: 1, ARITH_LIA_STAR_SPLIT: 1, ARITH_SPLIT_DEQ: 34 }","{ ArithPivotStep: 124, BvSatStep: 1, CnfStep: 125, DecisionStep: 276, LemmaStep: 36, PreprocessStep: 29, RewriteStep: 28720, SatConflictStep: 278, TheoryCheckStep: 558, TheoryFullCheckStep: 4 }",2045,3,272,22,20,1093,0,1,19,0,363,737,721,0,0,0,0,0,0,0,0,0,0,0,0,0,0,0,32,0,0,0,0,0,0,0,0,0,0,0,0,0,0,0,0,0,0,0,0,0,0,0,0,0,176,0,0,0,0,0,0,0,675,116,271,0,45,0,209,0,0,68,60,15,0,1,0,0,0,0,0,0,0,0,45,10,0,1,0,{ ARITH_CONF_SIMPLEX: 45 },{  },"{ ARITH_BB_LEMMA: 1, ARITH_LIA_STAR_EXISTS: 1, ARITH_LIA_STAR_NONNEGATIVE: 1, ARITH_LIA_STAR_SPLIT: 1, ARITH_SPLIT_DEQ: 34 }",18,0,0,38,257,3,0,30,192,12,106,192,1,30,30,47,3,0,5,118,8,2,0,0,2,32,30,39,3,0,0,0,3,1,237,131,192,0,106,193,0,10,121,{  },{  },{  },0,0,0,0,0,0,0,1,0,203,0,0,0,0,0.0,32,0,477,0,0,0,0,188,45,24,0,29,0,0,0,0,0,0,0,0,0,0,0,0,0,0,0,0,0,0,0,0,0,0,0,0,0,0,0,0,0,0,0,0,0,0,0,0,0,0,0,0,0,0,0,0,11,0,nan,nan,nan,0,0,0,0,0,2,{  },{  },{  },0,0,0,0,0,0,0,2,0,0,0,0,0,0,0,0,0,0,0,0,0,0,2,0,0,0,0,0,0,0,0,0,0,0,0,2,{  },{  },{  },0,0,0,{  },0,0,0,0,0,{  },{  },{  },0,0,0,0,0,0,0,0,{  },{  },{  },0,0,470,0,0,0,0,4,0,0,2,0,0,0,0,0,0,0,2,{  },{  },{  },0,0,0,0,0,0,0,0,0,0,0,2,{  },{  },{  },0,0,0,0,0,0,0,0,0,0,0,2,{  },{  },{  },0,0,0,0,0,0,0,0,0,0,0,0,0,0,0,0,0,0,2,{  },{  },{  },0,0,0,0,0,0,48,318,369,0,0,0,{  },{  },{  },0,0,0,0,0,0,0,0,0,0,0,2,{  },{  },{  },0,0,0,0,0,0,0,0,0,0,0,2,{  },{  },{  },0,0,0,0,0,0,{  },1,0,0,0,0,0,0,0,0,0,2,{  },{  },{  },0,0,0,{  },{  },{  },{  },1,0,0,0,0,0,0,0,0,2,{  },{  },{  },0,0,0,0,0,0,0,0,0,0,0,0
card/cvc5_mapa/fol_0000113.smt2,sat,0.394,0,0,422,433,0,0,0,0,169,6,3,45,3,442,1,{  },0,0,0,0,0,0,0,0,0,0,3,1,1100,1,0,0,51,665,677,{  },{  },{  },,393,0,0,0,0,0,0,0,0,0,0,0,0,0,0,0,0,0,0,0,0,0,0,0,0,0,0,0,0,0,0,0,0,0,0,0,0,0,0,0,0,0,0,0,0,0,0,0,0,12,1278,17,83303,83303,"{ ARITH_CONF_SIMPLEX: 110, ARITH_LIA_STAR_EXISTS: 1, ARITH_LIA_STAR_NONNEGATIVE: 1, ARITH_LIA_STAR_SPLIT: 1, ARITH_SPLIT_DEQ: 57 }","{ ArithPivotStep: 203, BvSatStep: 1, CnfStep: 217, DecisionStep: 593, LemmaStep: 52, PreprocessStep: 34, RewriteStep: 80249, SatConflictStep: 595, TheoryCheckStep: 1186, TheoryFullCheckStep: 3 }",4854,2,590,15,12,2718,0,1,12,0,858,1762,1708,0,0,0,0,0,0,0,0,0,0,0,0,0,0,0,35,0,0,0,0,0,0,0,0,0,0,0,0,0,0,0,0,0,0,0,0,0,0,0,0,0,422,1,0,0,0,0,0,0,1615,447,376,0,110,0,505,0,0,51,108,16,0,0,0,0,0,0,0,0,0,0,110,55,0,0,0,{ ARITH_CONF_SIMPLEX: 110 },{  },"{ ARITH_LIA_STAR_EXISTS: 1, ARITH_LIA_STAR_NONNEGATIVE: 1, ARITH_LIA_STAR_SPLIT: 1, ARITH_SPLIT_DEQ: 57 }",18,0,0,60,313,3,0,46,160,15,37,160,1,46,46,105,10,1,10,275,7,2,0,0,4,55,46,88,6,0,0,0,3,1,183,146,160,0,37,160,0,55,199,{  },{  },{  },0,0,0,0,0,0,0,0,0,518,0,0,0,0,0.0,49,0,1100,0,0,0,0,315,110,7,0,10,0,0,0,0,0,0,0,0,0,0,0,0,0,0,0,0,0,0,0,0,0,0,0,0,0,0,0,0,0,0,0,0,0,0,0,0,0,0,0,0,0,0,0,0,56,0,nan,nan,nan,0,0,0,0,0,2,{  },{  },{  },0,0,0,0,0,0,0,2,0,0,0,0,0,0,0,0,0,0,0,0,0,0,2,0,0,0,0,0,0,0,0,0,0,0,0,2,{  },{  },{  },0,0,0,{  },0,0,0,0,0,{  },{  },{  },0,0,0,0,0,0,0,0,{  },{  },{  },0,0,1149,0,0,0,0,3,0,0,2,0,0,0,0,0,0,0,2,{  },{  },{  },0,0,0,0,0,0,0,0,0,0,0,2,{  },{  },{  },0,0,0,0,0,0,0,0,0,0,0,2,{  },{  },{  },0,0,0,0,0,0,0,0,0,0,0,0,0,0,0,0,0,0,2,{  },{  },{  },0,0,0,0,0,0,51,665,677,0,0,0,{  },{  },{  },0,0,0,0,0,0,0,0,0,0,0,2,{  },{  },{  },0,0,0,0,0,0,0,0,0,0,0,2,{  },{  },{  },0,0,0,0,0,0,{  },1,0,0,0,0,0,0,0,0,0,2,{  },{  },{  },0,0,0,{  },{  },{  },{  },1,0,0,0,0,0,0,0,0,2,{  },{  },{  },0,0,0,0,0,0,0,0,0,0,0,0
card/cvc5_mapa/fol_0000117.smt2,sat,0.370,0,0,422,433,0,0,0,0,178,6,3,45,3,819,1,{  },0,0,0,0,0,0,0,0,0,0,3,1,1088,1,0,0,51,665,677,{  },{  },{  },,369,0,0,0,0,0,0,0,0,0,0,0,0,0,0,0,0,0,0,0,0,0,0,0,0,0,0,0,0,0,0,0,0,0,0,0,0,0,0,0,0,0,0,0,0,0,0,0,0,12,1279,17,83455,83455,"{ ARITH_CONF_SIMPLEX: 118, ARITH_LIA_STAR_EXISTS: 1, ARITH_LIA_STAR_NONNEGATIVE: 1, ARITH_LIA_STAR_SPLIT: 1, ARITH_SPLIT_DEQ: 58 }","{ ArithPivotStep: 148, BvSatStep: 1, CnfStep: 226, DecisionStep: 573, LemmaStep: 52, PreprocessStep: 34, RewriteStep: 80490, SatConflictStep: 575, TheoryCheckStep: 1174, TheoryFullCheckStep: 3 }",4894,2,570,15,12,2706,0,1,12,0,858,1742,1708,0,0,0,0,0,0,0,0,0,0,0,0,0,0,0,35,0,0,0,0,0,0,0,0,0,0,0,0,0,0,0,0,0,0,0,0,0,0,0,0,0,422,1,0,0,0,0,0,0,1595,447,352,0,118,0,505,0,0,51,108,16,0,0,0,0,0,0,0,0,0,0,118,37,0,0,0,{ ARITH_CONF_SIMPLEX: 118 },{  },"{ ARITH_LIA_STAR_EXISTS: 1, ARITH_LIA_STAR_NONNEGATIVE: 1, ARITH_LIA_STAR_SPLIT: 1, ARITH_SPLIT_DEQ: 58 }",18,0,0,61,307,3,0,46,155,15,37,155,1,46,46,105,10,1,10,275,7,2,0,0,4,55,46,88,6,0,0,0,3,1,183,146,155,0,37,156,0,37,144,{  },{  },{  },0,0,0,0,0,0,0,0,0,526,0,0,0,0,0.0,49,0,1088,0,0,0,0,260,118,13,0,16,0,0,0,0,0,0,0,0,0,0,0,0,0,0,0,0,0,0,0,0,0,0,0,0,0,0,0,0,0,0,0,0,0,0,0,0,0,0,0,0,0,0,0,0,38,0,nan,nan,nan,0,0,0,0,0,2,{  },{  },{  },0,0,0,0,0,0,0,2,0,0,0,0,0,0,0,0,0,0,0,0,0,0,2,0,0,0,0,0,0,0,0,0,0,0,0,2,{  },{  },{  },0,0,0,{  },0,0,0,0,0,{  },{  },{  },0,0,0,0,0,0,0,0,{  },{  },{  },0,0,1129,0,0,0,0,3,0,0,2,0,0,0,0,0,0,0,2,{  },{  },{  },0,0,0,0,0,0,0,0,0,0,0,2,{  },{  },{  },0,0,0,0,0,0,0,0,0,0,0,2,{  },{  },{  },0,0,0,0,0,0,0,0,0,0,0,0,0,0,0,0,0,0,2,{  },{  },{  },0,0,0,0,0,0,51,665,677,0,0,0,{  },{  },{  },0,0,0,0,0,0,0,0,0,0,0,2,{  },{  },{  },0,0,0,0,0,0,0,0,0,0,0,2,{  },{  },{  },0,0,0,0,0,0,{  },1,0,0,0,0,0,0,0,0,0,2,{  },{  },{  },0,0,0,{  },{  },{  },{  },1,0,0,0,0,0,0,0,0,2,{  },{  },{  },0,0,0,0,0,0,0,0,0,0,0,0
card/cvc5_mapa/fol_0000118.smt2,sat,35.889,0,0,14775,14787,0,0,0,0,3609,8,3,1115,2,21461,1524,{  },0,0,0,0,0,0,0,0,0,0,3,1,1102513,1,0,0,1124,14500,15630,{  },{  },{  },,35889,0,0,0,0,0,0,0,0,0,0,0,0,0,0,0,0,0,0,0,0,0,0,0,0,0,0,0,0,0,0,0,0,0,0,0,0,0,0,0,0,0,0,0,0,0,0,0,0,516,44336,17,7581283,7581283,"{ ARITH_CONF_SIMPLEX: 1501, ARITH_LIA_STAR_EXISTS: 1, ARITH_LIA_STAR_NONNEGATIVE: 1, ARITH_LIA_STAR_SPLIT: 1, ARITH_SPLIT_DEQ: 2106 }","{ ArithPivotStep: 1356, BvSatStep: 1, CnfStep: 3659, DecisionStep: 552678, LemmaStep: 1123, PreprocessStep: 34, RewriteStep: 5362469, SatConflictStep: 552680, TheoryCheckStep: 1103670, TheoryFullCheckStep: 3 }",170991,2,552675,19,17,1149368,0,1,16,0,29564,578295,59119,0,0,0,0,0,0,0,0,0,0,0,0,0,0,0,39,0,0,0,0,0,0,0,0,0,0,0,0,0,0,0,0,0,0,0,0,0,0,0,0,0,14775,6,0,0,0,0,0,1441,580810,8939,30833,0,1501,0,10005,0,0,1124,3371,19,0,0,0,0,0,0,0,0,49,0,1501,4282,0,0,0,{ ARITH_CONF_SIMPLEX: 1501 },{  },"{ ARITH_LIA_STAR_EXISTS: 1, ARITH_LIA_STAR_NONNEGATIVE: 1, ARITH_LIA_STAR_SPLIT: 1, ARITH_SPLIT_DEQ: 2106 }",18,0,0,2109,24372,3,0,1417,18845,15,13927,18927,1,1417,1417,3567,405,51,9,8179,13,2,0,0,4,2104,1417,2915,276,0,0,0,3,1,20061,6134,18921,0,13927,18927,19,4222,1352,{  },{  },{  },1,0,0,0,0,0,0,0,0,548720,0,0,0,0,0.0,1120,0,1102513,0,0,0,0,5254,1501,13,47,18,0,0,0,0,0,0,0,0,0,0,0,0,0,0,0,0,0,0,0,0,0,0,0,0,0,0,0,0,0,0,0,0,0,0,0,0,0,0,0,0,0,0,0,0,4848,0,nan,nan,nan,0,0,0,0,0,2,{  },{  },{  },0,0,0,0,0,0,0,2,0,0,0,0,0,0,0,0,0,0,0,0,0,0,2,0,0,0,0,0,0,0,0,0,0,0,0,2,{  },{  },{  },0,0,0,{  },0,0,0,0,0,{  },{  },{  },0,0,0,0,0,0,0,0,{  },{  },{  },0,0,564921,0,0,0,0,3,0,0,2,0,0,0,0,0,0,0,2,{  },{  },{  },0,0,0,0,0,0,0,0,0,0,0,2,{  },{  },{  },0,0,0,0,0,0,0,0,0,0,0,2,{  },{  },{  },0,0,0,0,0,0,0,0,0,0,0,0,0,0,0,0,0,0,2,{  },{  },{  },0,0,0,0,0,0,1124,14500,15630,0,0,0,{  },{  },{  },0,0,0,0,0,0,0,0,0,0,0,2,{  },{  },{  },0,0,0,0,0,0,0,0,0,0,0,2,{  },{  },{  },0,0,0,0,0,0,{  },1,0,0,0,0,0,0,0,0,0,2,{  },{  },{  },0,0,0,{  },{  },{  },{  },1,0,0,0,0,0,0,0,0,2,{  },{  },{  },0,0,0,0,0,0,0,0,0,0,0,0
sql/linear/calcite-query059-call-0.smt2,sat,0.013,0,0,28,33,0,0,0,0,7,6,2,0,5,7,0,{  },0,0,0,0,0,0,0,0,0,0,2,1,40,1,0,0,4,37,56,{  },{  },{  },,12,0,0,0,0,0,0,0,0,0,0,0,0,0,0,0,0,0,0,0,0,0,0,0,0,0,0,0,0,0,0,0,0,0,0,0,0,0,0,0,0,0,0,0,0,0,0,0,0,0,62,21,2468,2468,"{ ARITH_LIA_STAR_NONNEGATIVE: 1, ARITH_LIA_STAR_SPLIT: 1, ARITH_ROW_IMPL: 1, ARITH_SPLIT_DEQ: 4 }","{ ArithPivotStep: 4, BvSatStep: 1, CnfStep: 36, DecisionStep: 30, LemmaStep: 7, PreprocessStep: 8, RewriteStep: 2276, SatConflictStep: 32, TheoryCheckStep: 65, TheoryFullCheckStep: 2 }",144,2,28,15,11,99,0,1,11,0,46,92,92,0,0,0,0,0,0,0,0,0,0,0,0,0,0,0,18,0,0,0,0,0,0,0,0,0,0,0,0,0,0,0,0,0,0,0,0,0,0,0,0,0,28,0,0,0,0,0,0,0,62,2,0,0,0,0,15,0,0,7,18,16,0,0,0,0,0,0,0,0,0,0,0,0,0,0,0,{  },{  },"{ ARITH_LIA_STAR_NONNEGATIVE: 1, ARITH_LIA_STAR_SPLIT: 1, ARITH_ROW_IMPL: 1, ARITH_SPLIT_DEQ: 4 }",21,4,0,7,0,2,0,0,0,0,0,0,0,0,0,0,0,0,0,0,0,1,1,0,0,0,0,0,0,0,0,0,2,0,0,0,0,0,0,0,0,0,4,{  },{  },{  },0,0,0,0,0,0,0,0,0,6,0,0,0,0,0.0,0,0,40,0,0,0,0,9,0,0,0,0,0,0,0,0,0,0,0,0,0,0,0,0,0,0,0,0,0,0,0,0,0,0,0,0,0,0,0,0,0,0,0,0,0,0,0,0,0,0,0,0,0,0,0,0,0,0,nan,nan,nan,0,0,0,0,0,2,{  },{  },{  },0,0,0,0,0,0,0,2,0,0,0,0,0,0,0,0,0,0,0,0,0,0,2,0,0,0,0,0,0,0,0,0,0,0,0,2,{  },{  },{  },0,0,0,{  },0,0,0,0,0,{  },{  },{  },0,0,0,0,0,0,0,0,{  },{  },{  },0,0,57,0,0,0,0,2,0,0,2,0,0,0,0,0,0,0,2,{  },{  },{  },0,0,0,0,0,0,0,0,0,0,0,2,{  },{  },{  },0,0,0,0,0,0,0,0,0,0,0,2,{  },{  },{  },0,0,0,0,0,0,0,0,0,0,0,0,0,0,0,0,0,0,2,{  },{  },{  },0,0,0,0,0,0,4,37,56,0,0,0,{  },{  },{  },0,0,0,0,0,0,0,0,0,0,0,2,{  },{  },{  },0,0,0,0,0,0,0,0,0,0,0,2,{  },{  },{  },0,0,0,0,0,0,{  },1,0,0,0,0,0,0,0,0,0,2,{  },{  },{  },0,0,0,{  },{  },{  },{  },1,0,0,0,0,0,0,0,0,2,{  },{  },{  },0,0,0,0,0,0,0,0,0,0,0,0
sql/linear/calcite-query126-call-0.smt2,sat,0.041,0,0,46,51,0,0,0,0,43,9,3,13,129,178,0,{  },0,0,0,0,0,0,0,0,0,0,12,1,380,1,0,0,8,507,541,{  },{  },{  },,40,0,0,0,0,0,0,0,0,0,0,0,0,0,0,0,0,0,0,0,0,0,0,0,0,0,0,0,0,0,0,0,0,0,0,0,0,0,0,0,0,0,0,0,0,0,0,0,0,1,170,67,7148,7148,"{ ARITH_CONF_SIMPLEX: 9, ARITH_LIA_STAR_EXISTS: 5, ARITH_LIA_STAR_NONNEGATIVE: 6, ARITH_LIA_STAR_SPLIT: 6, ARITH_ROW_IMPL: 2, ARITH_SPLIT_DEQ: 13 }","{ ArithPivotStep: 41, BvSatStep: 1, CnfStep: 87, DecisionStep: 291, LemmaStep: 39, PreprocessStep: 16, RewriteStep: 5793, SatConflictStep: 293, TheoryCheckStep: 534, TheoryFullCheckStep: 12 }",531,21,279,134,94,1151,0,1,82,0,166,1155,277,0,0,0,0,0,0,0,0,0,0,0,0,0,0,0,33,0,0,0,0,0,0,0,0,0,0,0,0,0,0,0,0,0,0,0,0,0,0,0,0,0,51,0,0,0,0,0,0,0,657,61,27,0,9,0,404,0,0,30,125,25,0,0,0,0,0,0,0,0,0,0,9,0,0,0,0,{ ARITH_CONF_SIMPLEX: 9 },{  },"{ ARITH_LIA_STAR_EXISTS: 5, ARITH_LIA_STAR_NONNEGATIVE: 6, ARITH_LIA_STAR_SPLIT: 6, ARITH_ROW_IMPL: 2, ARITH_SPLIT_DEQ: 13 }",64,0,0,32,25,12,0,9,20,4,10,20,5,9,2,2,0,0,1,4,6,16,11,0,1,4,9,2,0,0,0,0,42,5,49,39,20,0,10,20,0,0,41,{  },{  },{  },0,0,0,0,0,0,0,0,0,62,0,0,0,0,0.0,9,0,380,0,0,0,0,62,9,5,0,6,0,0,0,0,0,0,0,0,0,0,0,0,0,0,0,0,0,0,0,0,0,0,0,0,0,0,0,0,0,0,0,0,0,0,0,0,0,0,0,0,0,0,0,0,0,0,nan,nan,nan,0,0,0,0,0,2,{  },{  },{  },0,0,0,0,0,0,0,2,0,0,0,0,0,0,0,0,0,0,0,0,0,0,2,0,0,0,0,0,0,0,0,0,0,0,0,2,{  },{  },{  },0,0,0,{  },0,0,0,0,0,{  },{  },{  },0,0,0,0,0,0,0,0,{  },{  },{  },0,0,651,0,0,0,0,12,0,0,2,0,0,0,0,0,0,0,2,{  },{  },{  },0,0,0,0,0,0,0,0,0,0,0,2,{  },{  },{  },0,0,0,0,0,0,0,0,0,0,0,2,{  },{  },{  },0,0,0,0,0,0,0,0,0,0,0,0,0,0,0,0,0,0,2,{  },{  },{  },0,0,0,0,0,0,8,507,541,0,0,0,{  },{  },{  },0,0,0,0,0,0,0,0,0,0,0,2,{  },{  },{  },0,0,0,0,0,0,0,0,0,0,0,2,{  },{  },{  },0,0,0,0,0,0,{  },1,0,0,0,0,0,0,0,0,0,2,{  },{  },{  },0,0,0,{  },{  },{  },{  },1,0,0,0,0,0,0,0,0,2,{  },{  },{  },0,0,0,0,0,0,0,0,0,0,0,0
sql/linear/calcite-query126-call-4.smt2,sat,0.020,0,0,37,42,0,0,0,0,49,4,2,13,129,211,0,{  },0,0,0,0,0,0,0,0,0,0,12,1,362,1,0,0,9,452,486,{  },{  },{  },,20,0,0,0,0,0,0,0,0,0,0,0,0,0,0,0,0,0,0,0,0,0,0,0,0,0,0,0,0,0,0,0,0,0,0,0,0,0,0,0,0,0,0,0,0,0,0,0,0,1,141,67,6533,6533,"{ ARITH_CONF_SIMPLEX: 13, ARITH_LIA_STAR_EXISTS: 5, ARITH_LIA_STAR_NONNEGATIVE: 6, ARITH_LIA_STAR_SPLIT: 6, ARITH_ROW_IMPL: 3, ARITH_SPLIT_DEQ: 14 }","{ ArithPivotStep: 48, BvSatStep: 1, CnfStep: 88, DecisionStep: 299, LemmaStep: 41, PreprocessStep: 16, RewriteStep: 5164, SatConflictStep: 301, TheoryCheckStep: 516, TheoryFullCheckStep: 12 }",518,21,287,122,92,1021,0,1,82,0,104,998,171,0,0,0,0,0,0,0,0,0,0,0,0,0,0,0,33,0,0,0,0,0,0,0,0,0,0,0,0,0,0,0,0,0,0,0,0,0,0,0,0,0,42,0,0,0,0,0,0,0,558,58,7,0,13,0,302,0,0,32,152,29,0,0,0,0,0,0,0,0,0,1,13,0,0,0,0,{ ARITH_CONF_SIMPLEX: 13 },{  },"{ ARITH_LIA_STAR_EXISTS: 5, ARITH_LIA_STAR_NONNEGATIVE: 6, ARITH_LIA_STAR_SPLIT: 6, ARITH_ROW_IMPL: 3, ARITH_SPLIT_DEQ: 14 }",64,0,0,34,5,12,0,5,2,4,0,2,5,5,1,1,0,0,1,4,0,16,11,0,0,0,5,1,0,0,0,0,42,5,5,5,2,0,0,2,0,0,47,{  },{  },{  },0,0,0,0,0,0,0,0,0,73,0,0,0,0,0.0,9,0,362,0,0,0,0,72,13,6,0,6,0,0,0,0,0,0,0,0,0,0,0,0,0,0,0,0,0,0,0,0,0,0,0,0,0,0,0,0,0,0,0,0,0,0,0,0,0,0,0,0,0,0,0,0,0,0,nan,nan,nan,0,0,0,0,0,2,{  },{  },{  },0,0,0,0,0,0,0,2,0,0,0,0,0,0,0,0,0,0,0,0,0,0,2,0,0,0,0,0,0,0,0,0,0,0,0,2,{  },{  },{  },0,0,0,{  },0,0,0,0,0,{  },{  },{  },0,0,0,0,0,0,0,0,{  },{  },{  },0,0,547,0,0,0,0,12,0,0,2,0,0,0,0,0,0,0,2,{  },{  },{  },0,0,0,0,0,0,0,0,0,0,0,2,{  },{  },{  },0,0,0,0,0,0,0,0,0,0,0,2,{  },{  },{  },0,0,0,0,0,0,0,0,0,0,0,0,0,0,0,0,0,0,2,{  },{  },{  },0,0,0,0,0,0,9,452,486,0,0,0,{  },{  },{  },0,0,0,0,0,0,0,0,0,0,0,2,{  },{  },{  },0,0,0,0,0,0,0,0,0,0,0,2,{  },{  },{  },0,0,0,0,0,0,{  },1,0,0,0,0,0,0,0,0,0,2,{  },{  },{  },0,0,0,{  },{  },{  },{  },1,0,0,0,0,0,0,0,0,2,{  },{  },{  },0,0,0,0,0,0,0,0,0,0,0,0
sql/linear/calcite-query193-call-0.smt2,sat,0.010,0,0,12,17,0,0,0,0,14,5,2,0,4,14,0,{  },0,0,0,0,0,0,0,0,0,0,2,1,36,1,0,0,1,25,25,{  },{  },{  },,10,0,0,0,0,0,0,0,0,0,0,0,0,0,0,0,0,0,0,0,0,0,0,0,0,0,0,0,0,0,0,0,0,0,0,0,0,0,0,0,0,0,0,0,0,0,0,0,0,0,48,12,1959,1959,"{ ARITH_CONF_SIMPLEX: 4, ARITH_LIA_STAR_NONNEGATIVE: 1, ARITH_LIA_STAR_SPLIT: 1, ARITH_ROW_IMPL: 1, ARITH_SPLIT_DEQ: 7 }","{ ArithPivotStep: 7, BvSatStep: 1, CnfStep: 36, DecisionStep: 22, LemmaStep: 13, PreprocessStep: 8, RewriteStep: 1767, SatConflictStep: 24, TheoryCheckStep: 65, TheoryFullCheckStep: 2 }",95,2,20,16,14,95,0,1,11,0,31,71,57,0,0,0,0,0,0,0,0,0,0,0,0,0,0,0,6,0,0,0,0,0,0,0,0,0,0,0,0,0,0,0,0,0,0,0,0,0,0,0,0,0,12,0,0,0,0,0,0,0,41,15,0,0,4,0,18,0,0,3,5,5,0,0,0,0,0,0,0,0,0,0,4,0,0,0,0,{ ARITH_CONF_SIMPLEX: 4 },{  },"{ ARITH_LIA_STAR_NONNEGATIVE: 1, ARITH_LIA_STAR_SPLIT: 1, ARITH_ROW_IMPL: 1, ARITH_SPLIT_DEQ: 7 }",10,4,0,10,0,2,0,0,0,0,0,0,0,0,0,0,0,0,0,0,0,1,1,0,0,0,0,0,0,0,0,0,2,0,0,0,0,0,0,0,0,0,7,{  },{  },{  },0,0,0,0,0,0,0,0,0,21,0,0,0,0,0.0,4,0,36,0,0,0,0,22,4,4,0,6,0,0,0,0,0,0,0,0,0,0,0,0,0,0,0,0,0,0,0,0,0,0,0,0,0,0,0,0,0,0,0,0,0,0,0,0,0,0,0,0,0,0,0,0,0,0,nan,nan,nan,0,0,0,0,0,2,{  },{  },{  },0,0,0,0,0,0,0,2,0,0,0,0,0,0,0,0,0,0,0,0,0,0,2,0,0,0,0,0,0,0,0,0,0,0,0,2,{  },{  },{  },0,0,0,{  },0,0,0,0,0,{  },{  },{  },0,0,0,0,0,0,0,0,{  },{  },{  },0,0,49,0,0,0,0,2,0,0,2,0,0,0,0,0,0,0,2,{  },{  },{  },0,0,0,0,0,0,0,0,0,0,0,2,{  },{  },{  },0,0,0,0,0,0,0,0,0,0,0,2,{  },{  },{  },0,0,0,0,0,0,0,0,0,0,0,0,0,0,0,0,0,0,2,{  },{  },{  },0,0,0,0,0,0,1,25,25,0,0,0,{  },{  },{  },0,0,0,0,0,0,0,0,0,0,0,2,{  },{  },{  },0,0,0,0,0,0,0,0,0,0,0,2,{  },{  },{  },0,0,0,0,0,0,{  },1,0,0,0,0,0,0,0,0,0,2,{  },{  },{  },0,0,0,{  },{  },{  },{  },1,0,0,0,0,0,0,0,0,2,{  },{  },{  },0,0,0,0,0,0,0,0,0,0,0,0
sql/linear/calcite-query193-call-4.smt2,sat,0.010,0,0,12,17,0,0,0,0,13,5,2,0,4,13,0,{  },0,0,0,0,0,0,0,0,0,0,2,1,22,1,0,0,3,20,26,{  },{  },{  },,10,0,0,0,0,0,0,0,0,0,0,0,0,0,0,0,0,0,0,0,0,0,0,0,0,0,0,0,0,0,0,0,0,0,0,0,0,0,0,0,0,0,0,0,0,0,0,0,0,0,43,12,1902,1902,"{ ARITH_CONF_SIMPLEX: 2, ARITH_LIA_STAR_NONNEGATIVE: 1, ARITH_LIA_STAR_SPLIT: 1, ARITH_ROW_IMPL: 3, ARITH_SPLIT_DEQ: 6 }","{ ArithPivotStep: 10, BvSatStep: 1, CnfStep: 35, DecisionStep: 14, LemmaStep: 9, PreprocessStep: 8, RewriteStep: 1745, SatConflictStep: 16, TheoryCheckStep: 49, TheoryFullCheckStep: 2 }",70,0,12,2,0,61,0,1,0,0,29,52,55,0,0,0,0,0,0,0,0,0,0,0,0,0,0,0,9,0,0,0,0,0,0,0,0,0,0,0,0,0,0,0,0,0,0,0,0,0,0,0,0,0,12,0,0,0,0,0,0,0,35,3,0,0,2,0,8,0,0,7,8,8,0,0,0,0,0,0,0,0,0,0,2,0,0,0,0,{ ARITH_CONF_SIMPLEX: 2 },{  },"{ ARITH_LIA_STAR_NONNEGATIVE: 1, ARITH_LIA_STAR_SPLIT: 1, ARITH_ROW_IMPL: 3, ARITH_SPLIT_DEQ: 6 }",10,4,0,11,0,2,0,0,0,0,0,0,0,0,0,0,0,0,0,0,0,1,1,0,0,0,0,0,0,0,0,0,2,0,0,0,0,0,0,0,0,0,10,{  },{  },{  },0,0,0,0,0,0,0,0,0,7,0,0,0,0,0.0,2,0,22,0,0,0,0,16,2,2,0,2,0,0,0,0,0,0,0,0,0,0,0,0,0,0,0,0,0,0,0,0,0,0,0,0,0,0,0,0,0,0,0,0,0,0,0,0,0,0,0,0,0,0,0,0,0,0,nan,nan,nan,0,0,0,0,0,2,{  },{  },{  },0,0,0,0,0,0,0,2,0,0,0,0,0,0,0,0,0,0,0,0,0,0,2,0,0,0,0,0,0,0,0,0,0,0,0,2,{  },{  },{  },0,0,0,{  },0,0,0,0,0,{  },{  },{  },0,0,0,0,0,0,0,0,{  },{  },{  },0,0,34,0,0,0,0,2,0,0,2,0,0,0,0,0,0,0,2,{  },{  },{  },0,0,0,0,0,0,0,0,0,0,0,2,{  },{  },{  },0,0,0,0,0,0,0,0,0,0,0,2,{  },{  },{  },0,0,0,0,0,0,0,0,0,0,0,0,0,0,0,0,0,0,2,{  },{  },{  },0,0,0,0,0,0,3,20,26,0,0,0,{  },{  },{  },0,0,0,0,0,0,0,0,0,0,0,2,{  },{  },{  },0,0,0,0,0,0,0,0,0,0,0,2,{  },{  },{  },0,0,0,0,0,0,{  },1,0,0,0,0,0,0,0,0,0,2,{  },{  },{  },0,0,0,{  },{  },{  },{  },1,0,0,0,0,0,0,0,0,2,{  },{  },{  },0,0,0,0,0,0,0,0,0,0,0,0
sql/linear/calcite-query222-call-0.smt2,sat,0.011,0,0,18,24,0,0,0,0,20,11,2,0,2,18,0,{  },0,0,0,0,0,0,0,0,0,0,1,1,32,1,0,0,1,29,41,{  },{  },{  },,11,0,0,0,0,0,0,0,0,0,0,0,0,0,0,0,0,0,0,0,0,0,0,0,0,0,0,0,0,0,0,0,0,0,0,0,0,0,0,0,0,0,0,0,0,0,0,0,0,0,88,77,3495,3495,"{ ARITH_ROW_IMPL: 2, ARITH_SPLIT_DEQ: 6 }","{ ArithPivotStep: 5, BvSatStep: 1, CnfStep: 57, DecisionStep: 19, LemmaStep: 8, PreprocessStep: 11, RewriteStep: 3319, SatConflictStep: 21, TheoryCheckStep: 45, TheoryFullCheckStep: 1 }",156,8,18,32,27,162,0,1,18,0,34,110,61,0,0,0,0,0,0,0,0,0,0,0,0,0,0,0,14,0,0,0,0,0,0,0,0,0,0,0,0,0,0,0,0,0,0,0,0,0,0,0,0,0,21,0,0,0,0,0,0,0,63,21,0,0,0,0,17,0,0,10,13,14,0,0,0,0,0,0,0,0,0,0,0,0,0,0,0,{  },{  },"{ ARITH_ROW_IMPL: 2, ARITH_SPLIT_DEQ: 6 }",42,22,0,8,0,1,0,0,0,0,0,0,0,0,0,0,0,0,0,0,0,0,0,0,0,0,0,0,0,0,0,0,0,0,0,0,0,0,0,0,0,0,5,{  },{  },{  },0,0,0,0,0,0,0,0,0,12,0,0,0,0,0.0,0,0,32,0,0,0,0,15,0,0,0,0,0,0,0,0,0,0,0,0,0,0,0,0,0,0,0,0,0,0,0,0,0,0,0,0,0,0,0,0,0,0,0,0,0,0,0,0,0,0,0,0,0,0,0,0,0,0,nan,nan,nan,0,0,0,0,0,2,{  },{  },{  },0,0,0,0,0,0,0,2,0,0,0,0,0,0,0,0,0,0,0,0,0,0,2,0,0,0,0,0,0,0,0,0,0,0,0,2,{  },{  },{  },0,0,0,{  },0,0,0,0,0,{  },{  },{  },0,0,0,0,0,0,0,0,{  },{  },{  },0,0,77,0,0,0,0,1,0,0,2,0,0,0,0,0,0,0,2,{  },{  },{  },0,0,0,0,0,0,0,0,0,0,0,2,{  },{  },{  },0,0,0,0,0,0,0,0,0,0,0,2,{  },{  },{  },0,0,0,0,0,0,0,0,0,0,0,0,0,0,0,0,0,0,2,{  },{  },{  },0,0,0,0,0,0,1,29,41,0,0,0,{  },{  },{  },0,0,0,0,0,0,0,0,0,0,0,2,{  },{  },{  },0,0,0,0,0,0,0,0,0,0,0,2,{  },{  },{  },0,0,0,0,0,0,{  },1,0,0,0,0,0,0,0,0,0,2,{  },{  },{  },0,0,0,{  },{  },{  },{  },1,0,0,0,0,0,0,0,0,2,{  },{  },{  },0,0,0,0,0,0,0,0,0,0,0,0
sql/linear/calcite-query222-call-2.smt2,sat,0.012,0,0,32,39,0,0,0,0,24,19,2,0,6,35,0,{  },0,0,0,0,0,0,0,0,0,0,2,1,47,1,0,0,5,55,71,{  },{  },{  },,11,0,0,0,0,0,0,0,0,0,0,0,0,0,0,0,0,0,0,0,0,0,0,0,0,0,0,0,0,0,0,0,0,0,0,0,0,0,0,0,0,0,0,0,0,0,0,0,0,0,128,84,4965,4965,"{ ARITH_BLACK_BOX: 1, ARITH_CONF_SIMPLEX: 1, ARITH_LIA_STAR_NONNEGATIVE: 1, ARITH_LIA_STAR_SPLIT: 1, ARITH_SPLIT_DEQ: 9 }","{ ArithPivotStep: 10, BvSatStep: 1, CnfStep: 84, DecisionStep: 26, LemmaStep: 12, PreprocessStep: 8, RewriteStep: 4707, SatConflictStep: 28, TheoryCheckStep: 74, TheoryFullCheckStep: 2 }",231,3,24,29,17,218,0,1,12,0,67,166,115,0,0,0,0,0,0,1,0,0,0,0,0,0,0,0,20,0,0,0,0,0,0,0,0,0,0,0,0,0,0,0,0,0,0,0,0,0,0,0,0,0,32,0,0,0,0,0,0,0,105,26,1,0,2,1,35,0,1,21,17,20,0,0,0,0,0,0,0,0,0,0,1,0,0,0,0,"{ ARITH_BLACK_BOX: 1, ARITH_CONF_SIMPLEX: 1 }",{  },"{ ARITH_LIA_STAR_NONNEGATIVE: 1, ARITH_LIA_STAR_SPLIT: 1, ARITH_SPLIT_DEQ: 9 }",39,28,0,11,0,2,0,0,0,0,0,0,0,0,0,0,0,0,0,0,0,1,1,0,0,0,0,0,0,0,0,0,2,0,0,0,0,0,0,0,0,0,10,{  },{  },{  },0,0,0,0,0,0,0,0,0,16,0,0,0,0,0.0,2,0,47,0,0,0,0,28,1,1,0,1,0,0,0,0,0,0,0,0,0,0,0,0,0,0,0,0,0,0,0,0,0,0,0,0,0,0,0,0,0,0,0,0,0,0,0,0,0,0,0,0,0,0,0,0,0,0,nan,nan,nan,0,0,0,0,0,2,{  },{  },{  },0,0,0,0,0,0,0,2,0,0,0,0,0,0,0,0,0,0,0,0,0,0,2,0,0,0,0,0,0,0,0,0,0,0,0,2,{  },{  },{  },0,0,0,{  },0,0,0,0,0,{  },{  },{  },0,0,0,0,0,0,0,0,{  },{  },{  },0,0,115,0,0,0,0,2,0,0,2,0,0,0,0,0,0,0,2,{  },{  },{  },0,0,0,0,0,0,0,0,0,0,0,2,{  },{  },{  },0,0,0,0,0,0,0,0,0,0,0,2,{  },{  },{  },0,0,0,0,0,0,0,0,0,0,0,0,0,0,0,0,0,0,2,{  },{  },{  },0,0,0,0,0,0,5,55,71,0,0,0,{  },{  },{  },0,0,0,0,0,0,0,0,0,0,0,2,{  },{  },{  },0,0,0,0,0,0,0,0,0,0,0,2,{  },{  },{  },0,0,0,0,0,0,{  },1,0,0,0,0,0,0,0,0,0,2,{  },{  },{  },0,0,0,{  },{  },{  },{  },1,0,0,0,0,0,0,0,0,2,{  },{  },{  },0,0,0,0,0,0,0,0,0,0,0,0
sql/linear/spark-query054-call-0.smt2,sat,0.017,0,0,17,22,0,0,0,0,16,0,2,1,30,30,0,{  },0,0,0,0,0,0,0,0,0,0,5,1,67,1,0,0,8,54,72,{  },{  },{  },,16,0,0,0,0,0,0,0,0,0,0,0,0,0,0,0,0,0,0,0,0,0,0,0,0,0,0,0,0,0,0,0,0,0,0,0,0,0,0,0,0,0,0,0,0,0,0,0,0,0,52,31,2073,2073,"{ ARITH_CONF_SIMPLEX: 2, ARITH_LIA_STAR_EXISTS: 2, ARITH_LIA_STAR_NONNEGATIVE: 2, ARITH_LIA_STAR_SPLIT: 2, ARITH_SPLIT_DEQ: 6 }","{ ArithPivotStep: 11, BvSatStep: 1, CnfStep: 28, DecisionStep: 53, LemmaStep: 9, PreprocessStep: 13, RewriteStep: 1754, SatConflictStep: 55, TheoryCheckStep: 130, TheoryFullCheckStep: 5 }",132,3,48,8,10,133,0,1,10,0,27,95,56,0,0,0,0,0,0,0,0,0,0,0,0,0,0,0,14,0,0,0,0,0,0,0,0,0,0,0,0,0,0,0,0,0,0,0,0,0,0,0,0,0,21,0,0,0,0,0,0,0,80,4,7,0,2,0,34,0,0,22,7,12,0,0,0,0,0,0,0,0,0,0,2,0,0,0,0,{ ARITH_CONF_SIMPLEX: 2 },{  },"{ ARITH_LIA_STAR_EXISTS: 2, ARITH_LIA_STAR_NONNEGATIVE: 2, ARITH_LIA_STAR_SPLIT: 2, ARITH_SPLIT_DEQ: 6 }",39,0,0,12,6,5,1,2,5,3,5,5,2,3,2,0,0,0,1,1,2,6,4,0,0,0,3,0,0,0,0,0,8,2,11,6,5,0,5,5,0,0,11,{  },{  },{  },0,0,0,0,0,0,0,0,0,16,0,0,0,0,0.0,2,0,67,0,0,0,0,15,2,0,0,0,0,0,0,0,0,0,0,0,0,0,0,0,0,0,0,0,0,0,0,0,0,0,0,0,0,0,0,0,0,0,0,0,0,0,0,0,0,0,0,0,0,0,0,0,0,0,nan,nan,nan,0,0,0,0,0,2,{  },{  },{  },0,0,0,0,0,0,0,2,0,0,0,0,0,0,0,0,0,0,0,0,0,0,2,0,0,0,0,0,0,0,0,0,0,0,0,2,{  },{  },{  },0,0,0,{  },0,0,0,0,0,{  },{  },{  },0,0,0,0,0,0,0,0,{  },{  },{  },0,0,54,0,0,0,0,5,0,0,2,0,0,0,0,0,0,0,2,{  },{  },{  },0,0,0,0,0,0,0,0,0,0,0,2,{  },{  },{  },0,0,0,0,0,0,0,0,0,0,0,2,{  },{  },{  },0,0,0,0,0,0,0,0,0,0,0,0,0,0,0,0,0,0,2,{  },{  },{  },0,0,0,0,0,0,8,54,72,0,0,0,{  },{  },{  },0,0,0,0,0,0,0,0,0,0,0,2,{  },{  },{  },0,0,0,0,0,0,0,0,0,0,0,2,{  },{  },{  },0,0,0,0,0,0,{  },1,0,0,0,0,0,0,0,0,0,2,{  },{  },{  },0,0,0,{  },{  },{  },{  },1,0,0,0,0,0,0,0,0,2,{  },{  },{  },0,0,0,0,0,0,0,0,0,0,0,0
